# OBJ generated by ONSHAPE BY PTC INC, 1.211 Units = meters
mtllib lidar.mtl
g 47065T225_T-Slotted Framing
v 0.026 -9.49518e-17 0.00415 
v 0.026 0.00168796 0.00379121 
v 0.03 0.00165956 0.00372743 
v 0.026 0.00308405 0.00277689 
v 0.03 0.00303216 0.00273017 
v 0.026 0.00394688 0.00128242 
v 0.03 0.00388048 0.00126084 
v 0.026 0.00412727 -0.000433793 
v 0.03 0.00405783 -0.000426495 
v 0.026 0.00359401 -0.002075 
v 0.03 0.00353354 -0.00204009 
v 0.026 0.00243931 -0.00335742 
v 0.03 0.00239827 -0.00330093 
v 0.026 0.000862834 -0.00405931 
v 0.03 0.000848317 -0.00399102 
v 0.026 -0.000862834 -0.00405931 
v 0.03 -0.000848317 -0.00399102 
v 0.026 -0.00243931 -0.00335742 
v 0.03 -0.00239827 -0.00330093 
v 0.026 -0.00359401 -0.002075 
v 0.03 -0.00353354 -0.00204009 
v 0.026 -0.00412727 -0.000433793 
v 0.03 -0.00405783 -0.000426495 
v 0.026 -0.00394688 0.00128242 
v 0.03 -0.00388048 0.00126084 
v 0.026 -0.00308405 0.00277689 
v 0.03 -0.00303216 0.00273017 
v 0.026 -0.00168796 0.00379121 
v 0.03 -0.00165956 0.00372743 
v 0.03 -1.06547e-16 0.00408018 
v 0.026 0.00713018 -0.00411661 
v 0.026 -6.15954e-17 -0.00823322 
v 0.026 0.00713018 0.00411661 
v 0.026 -0.00713018 -0.00411661 
v 0.026 -0.00713018 0.00411661 
v 0.026 -1.04419e-16 0.00823322 
v 0.022 0.0072 -0.00415692 
v 0.022 -4.87651e-17 -0.00831384 
v 0.022 0.0072 0.00415692 
v 0.022 -9.16788e-17 0.00831384 
v 0.022 -0.0072 0.00415692 
v 0.022 -0.0072 -0.00415692 
v 0.022 -0.017 -0.02 
v 0.022 -0.0138402 -0.0179452 
v 0.022 -0.0138028 -0.0179373 
v 0.022 0.017 -0.02 
v 0.022 0.0139333 -0.0179934 
v 0.022 0.0141598 -0.0179452 
v 0.022 -0.0133943 -0.0177535 
v 0.022 -0.0132066 -0.0176432 
v 0.022 -0.0136467 -0.0179017 
v 0.022 -0.0134358 -0.0177778 
v 0.022 -0.0140977 -0.018 
v 0.022 -0.0140667 -0.0179934 
v 0.022 -0.017713 -0.0177837 
v 0.022 -0.0165022 -0.018 
v 0.022 0.015 -0.0175218 
v 0.022 0.0181481 -0.0197716 
v 0.022 0.0145642 -0.0177778 
v 0.022 0.0146057 -0.0177535 
v 0.022 0.014347 -0.0179054 
v 0.022 0.0143533 -0.0179017 
v 0.022 0.0139023 -0.018 
v 0.022 -0.013 -0.0175218 
v 0.022 0.010287 -0.0177837 
v 0.022 -0.0130669 -0.0175611 
v 0.022 -0.013653 -0.0179054 
v 0.022 -0.0181481 -0.0197716 
v 0.022 0.0147934 -0.0176432 
v 0.022 0.0149331 -0.0175611 
v 0.022 0.0141972 -0.0179373 
v 0.022 0.0114978 -0.018 
v 0.022 -0.0191213 -0.0191213 
v 0.022 -0.0197716 -0.0181481 
v 0.022 0.02 -0.017 
v 0.022 0.0197716 -0.0181481 
v 0.022 -0.0189757 -0.0169748 
v 0.022 -0.02 -0.017 
v 0.022 0.0191213 -0.0191213 
v 0.022 0.015 0.0175218 
v 0.022 0.02 0.017 
v 0.022 0.0191213 0.0191213 
v 0.022 0.0197716 0.0181481 
v 0.022 0.00902432 -0.0169748 
v 0.022 -0.02 -0.0144992 
v 0.022 -0.0197838 -0.0157111 
v 0.022 0.008 0.0144992 
v 0.022 0.008 0.008 
v 0.022 0.008 -0.008 
v 0.022 0.0181481 0.0197716 
v 0.022 0.0082662 0.0158391 
v 0.022 0.008 -0.0144992 
v 0.022 -0.017 0.02 
v 0.022 -0.0138511 0.0179655 
v 0.022 -0.0140678 0.0179958 
v 0.022 0.017 0.02 
v 0.022 -0.0138188 0.0179609 
v 0.022 0.00902432 0.0169748 
v 0.022 0.00821615 -0.0157111 
v 0.022 -0.0134294 0.0177521 
v 0.022 -0.0136392 0.0178646 
v 0.022 -0.013 0.0175218 
v 0.022 -0.0132031 0.0176308 
v 0.022 0.0143608 0.0178646 
v 0.022 0.0142809 0.0179075 
v 0.022 0.0147969 0.0176308 
v 0.022 0.0146655 0.0177012 
v 0.022 0.0114978 0.018 
v 0.022 -0.0189757 0.0169748 
v 0.022 -0.0197338 0.0158391 
v 0.022 -0.02 0.017 
v 0.022 -0.017841 0.0177336 
v 0.022 -0.0197716 0.0181481 
v 0.022 -0.0181481 0.0197716 
v 0.022 -0.0140977 0.018 
v 0.022 -0.0137191 0.0179075 
v 0.022 -0.0133345 0.0177012 
v 0.022 0.0141489 0.0179655 
v 0.022 0.0139322 0.0179958 
v 0.022 0.0145706 0.0177521 
v 0.022 0.010159 0.0177336 
v 0.022 0.0139023 0.018 
v 0.022 -0.0191213 0.0191213 
v 0.022 -0.0165022 0.018 
v 0.022 0.0141812 0.0179609 
v 0.022 -0.02 0.0144992 
v 0.023 0.017 -0.02 
v 0.023 -0.017 -0.02 
v 0.023 0.02 0.017 
v 0.023 0.02 -0.017 
v 0.023001 0.0199999 -0.0170291 
v 0.0230633 0.0197637 -0.0181599 
v 0.023063 0.0197716 -0.0181481 
v 0.0230855 0.0191213 -0.0191213 
v 0.0230635 0.0181615 -0.019766 
v 0.0230628 0.0181475 -0.0197689 
v 0.023001 0.0170291 -0.0199999 
v 0.03 0.0171866 -0.0187912 
v 0.03 0.0160454 -0.0190162 
v 0.03 0.0181495 -0.0181495 
v 0.03 0.0187912 -0.0171866 
v 0.03 0.0190162 -0.0160454 
v 0.03 -0.00454009 -0.0190162 
v 0.03 -0.0160454 -0.0190162 
v 0.023001 -0.0170291 -0.0199999 
v 0.03 0.0190162 0.0160454 
v 0.03 0.0190162 -0.00454009 
v 0.023001 0.0199999 0.0170291 
v 0.0230635 -0.0181615 -0.019766 
v 0.0230628 -0.0181475 -0.0197689 
v 0.0230855 -0.0191213 -0.0191213 
v 0.0230633 -0.0197637 -0.0181599 
v 0.023063 -0.0197716 -0.0181481 
v 0.023001 -0.0199999 -0.0170291 
v 0.023 -0.02 -0.017 
v 0.03 -0.0187912 -0.0171866 
v 0.03 -0.0190162 -0.0160454 
v 0.03 -0.0181495 -0.0181495 
v 0.03 -0.0171866 -0.0187912 
v 0.023 -0.02 0.017 
v 0.03 -0.0190162 -0.00454009 
v 0.03 -0.0190162 0.0160454 
v 0.023001 -0.0199999 0.0170291 
v 0.023001 0.0170291 0.0199999 
v 0.023 0.017 0.02 
v 0.0230633 0.0181599 0.0197637 
v 0.023063 0.0181481 0.0197716 
v 0.0230855 0.0191213 0.0191213 
v 0.0230635 0.019766 0.0181615 
v 0.0230628 0.0197689 0.0181475 
v 0.023 -0.017 0.02 
v 0.03 -0.00454009 0.0190162 
v 0.03 0.0160454 0.0190162 
v 0.03 -0.0160454 0.0190162 
v 0.023001 -0.0170291 0.0199999 
v 0.0230635 -0.019766 0.0181615 
v 0.0230628 -0.0197689 0.0181475 
v 0.0230855 -0.0191213 0.0191213 
v 0.0230633 -0.0181599 0.0197637 
v 0.023063 -0.0181481 0.0197716 
v 0.03 0.0187912 0.0171866 
v 0.03 0.0181495 0.0181495 
v 0.03 0.0171866 0.0187912 
v 0.03 -0.0171866 0.0187912 
v 0.03 -0.0181495 0.0181495 
v 0.03 -0.0187912 0.0171866 
v -0.000761315 0.00983522 -0.0162333 
v -0.000756234 0.00942153 -0.015958 
v -0.00077031 0.0105676 -0.0167207 
v -0.000713667 0.00862438 -0.014694 
v -0.000716391 0.00863686 -0.0147598 
v -0.000756234 0.00942151 -0.015958 
v -0.000709606 0.00860578 -0.0145958 
v -0.00066371 0.0083956 -0.0134865 
v -0.000768806 0.010742 -0.0167551 
v -0.000759977 0.0117658 -0.0169575 
v -0.000769266 0.0106887 -0.0167446 
v -0.000758862 0.0118951 -0.0169831 
v -0.000718807 0.00866276 0.014824 
v -0.00066371 0.0083956 0.0134865 
v -0.000756235 0.00942153 0.015958 
v -0.000755762 0.00941194 0.0159437 
v -0.000763493 0.0100073 0.0163493 
v -0.000770299 0.0105565 0.0167161 
v -0.000764223 0.0112677 0.0168579 
v -0.000758862 0.0118951 0.0169831 
v -0.0148052 0.00889334 -4.65909e-16 
v -0.0149076 0.00891576 -4.66476e-16 
v -0.0159823 0.00965731 -4.99805e-16 
v -0.0146539 0.00886018 -4.65071e-16 
v -0.0167502 0.0108404 -5.21889e-16 
v -0.0159964 0.00966698 -5.0024e-16 
v -0.0169762 0.0119915 -5.66903e-16 
v -0.00514977 0.0119554 -0.0159164 
v -0.00598314 0.0119669 -0.0157139 
v -0.0112439 0.0120402 -0.0124964 
v -0.00711723 0.0119824 -0.0154384 
v -0.0122743 0.0120547 -0.0117618 
v -0.013498 0.0120716 -0.00984042 
v -0.0154029 0.0120978 -0.00684953 
v -0.016003 0.0121061 -0.00532576 
v -0.0158489 0.012104 -0.00614918 
v -0.00546441 0.00847939 -0.0123715 
v -0.00482364 0.00846821 -0.0125203 
v -0.00834614 0.00852969 -0.0103585 
v -0.00981776 0.00855538 -0.00933045 
v -0.0126615 0.00860502 -0.00484569 
v -0.0127756 0.00860701 -0.00423062 
v -0.0135611 0.00862072 -4.59016e-16 
v -0.017 0.0121202 -5.72005e-16 
v -0.016769 0.0108697 -5.22429e-16 
v -0.00555531 0.0091302 -0.0145203 
v -0.00973191 0.00919943 -0.0121338 
v -0.00523838 0.008657 -0.0136626 
v -0.0126005 0.00924699 -0.00912916 
v -0.00916951 0.00872465 -0.0114186 
v -0.0147785 0.00928309 -0.00488421 
v -0.0118701 0.00877112 -0.00859185 
v -0.0139209 0.00880641 -0.00459705 
v -0.00581361 0.00987964 -0.0152359 
v -0.0101958 0.00994825 -0.0127315 
v -0.0132054 0.00999538 -0.00957861 
v -0.0154904 0.0100312 -0.00512459 
v -0.00597522 0.0108126 -0.0157051 
v -0.0104934 0.010879 -0.0131248 
v -0.0135969 0.0109246 -0.00987523 
v -0.0159536 0.0109592 -0.00528355 
v -0.00602831 0.0118347 -0.0158922 
v -0.0106027 0.0118985 -0.0132841 
v -0.013746 0.0119423 -0.0099966 
v -0.0161335 0.0119755 -0.0053491 
v -0.0140175 0.0120787 0.00903226 
v -0.00518026 0.0119558 0.0160251 
v -0.00633873 0.0119717 0.015774 
v -0.00694824 0.0119802 0.0153616 
v -0.0112284 0.0120401 0.0124652 
v -0.0158403 0.0121039 0.00617138 
v -0.0154067 0.0120979 0.00685192 
v -0.0164044 0.0121118 0.00316956 
v -0.0127279 0.00860618 0.00466921 
v -0.00981776 0.00855538 0.00933045 
v -0.00575543 0.00848447 0.0122403 
v -0.00563642 0.0084824 0.0122694 
v -0.0122862 0.0120548 0.0117495 
v -0.0137494 0.00885618 0.00549344 
v -0.0107212 0.00880429 0.0101986 
v -0.0134462 0.00961372 0.00863457 
v -0.0115683 0.00958344 0.0110217 
v -0.00376537 0.00945764 0.0155164 
v -0.00350009 0.00868056 0.014354 
v -0.0140913 0.0107971 0.00906346 
v -0.0121197 0.0107678 0.0115687 
v -0.0122493 0.0114184 0.0117036 
v -0.00701284 0.0113437 0.0154217 
v -0.0148393 0.00963618 0.00593618 
v -0.0156945 0.00964997 0.00302266 
v -0.00927068 0.00954639 0.0130088 
v -0.00859452 0.00876785 0.0120364 
v -0.00615858 0.00872611 0.0134395 
v -0.00663851 0.00950396 0.0145265 
v -0.00694453 0.0106911 0.0152461 
v -0.00681887 0.0100636 0.0149452 
v -0.0118909 0.0101421 0.0113395 
v -0.016452 0.0108321 0.00317293 
v -0.015554 0.0108188 0.0062312 
v 0.0209777 0.0135 0.0179543 
v 0.021527 0.0136042 0.0179789 
v 0.0210875 0.0135208 0.0179592 
v 0.0219024 0.0138408 0.0179956 
v -0.000758862 0.0135 0.0169831 
v 0.0219145 0.0145954 0.0175148 
v 0.021941 0.0147137 0.017517 
v 0.0219281 0.0146561 0.0175159 
v 0.0218096 0.0144467 0.0175075 
v 0.021703 0.0142958 0.0175001 
v 0.0216876 0.0142739 0.017499 
v 0.0216163 0.0142273 0.0174944 
v 0.0213882 0.0140784 0.0174799 
v 0.0213445 0.0140696 0.0174771 
v 0.0209935 0.0139741 0.0175999 
v 0.0210729 0.0140147 0.0174595 
v 0.0209923 0.0139691 0.0176277 
v 0.0209842 0.0138536 0.017808 
v 0.0209825 0.0137949 0.0178456 
v 0.0209778 0.0135198 0.0179508 
v 0.0219997 0.0149755 0.0175218 
v 0.0209791 0.0136731 0.0179234 
v 0.021 0.014 0.0174548 
v 0.0218411 0.0144203 0.0176529 
v 0.0219765 0.0147022 0.0176612 
v 0.0216324 0.0141971 0.01764 
v 0.0210705 0.0139796 0.0176052 
v 0.0213646 0.0140457 0.0176234 
v 0.0216725 0.0141385 0.0177861 
v 0.0218968 0.0143778 0.0177983 
v 0.0213849 0.0139766 0.0177705 
v 0.0210695 0.0139064 0.0177532 
v 0.0219697 0.0143093 0.0178761 
v 0.0214177 0.0138805 0.0178752 
v 0.021732 0.0140579 0.0178907 
v 0.0210726 0.0138032 0.0178583 
v 0.0214606 0.0137621 0.0179442 
v 0.0218075 0.0139591 0.0179602 
v 0.0210791 0.0136757 0.0179267 
v 0.0215135 0.0136221 0.0179776 
v 0.021899 0.0138421 0.0179948 
v 0.0210891 0.0135246 0.0179586 
v 0.0209777 0.0135 -0.0179543 
v 0.0214271 0.0135853 -0.0179744 
v -0.000758862 0.0135 -0.0169831 
v 0.021527 0.0136042 -0.0179789 
v 0.0218296 0.013795 -0.0179924 
v 0.0209935 0.0139741 -0.0175999 
v 0.021 0.014 -0.0174548 
v 0.0213011 0.0140489 -0.0174743 
v 0.0213431 0.014067 -0.017477 
v 0.0213164 0.0140514 -0.0174753 
v 0.0215677 0.0141983 -0.0174913 
v 0.0216714 0.0142589 -0.0174979 
v 0.0219141 0.0145945 -0.0175147 
v 0.0216998 0.0142982 -0.0174999 
v 0.0209842 0.0138536 -0.017808 
v 0.0209923 0.0139691 -0.0176277 
v 0.0209825 0.0137949 -0.0178456 
v 0.0209791 0.0136731 -0.0179234 
v 0.0209778 0.0135198 -0.0179508 
v 0.0219272 0.0146562 -0.0175158 
v 0.0219872 0.0149395 -0.0175208 
v 0.0219267 0.014654 -0.0175158 
v 0.0215849 0.0141621 -0.017637 
v 0.0213023 0.014024 -0.0176196 
v 0.0219561 0.0146422 -0.0176599 
v 0.0218065 0.0143727 -0.0176507 
v 0.021318 0.0139535 -0.0177668 
v 0.0216214 0.0141011 -0.0177834 
v 0.0213445 0.013855 -0.0178716 
v 0.0216762 0.0140168 -0.0178879 
v 0.0218596 0.0143267 -0.0177963 
v 0.0213797 0.0137338 -0.0179405 
v 0.0214236 0.0135903 -0.0179736 
v 0.021746 0.0139136 -0.0179574 
v 0.0219365 0.0142638 -0.0179007 
v -0.00511479 0.0135 -0.0158118 
v -0.0111017 0.0135 -0.0123507 
v -0.00786072 0.0135 -0.0150735 
v -0.0134915 0.0135 -0.010343 
v -0.0151619 0.0135 -0.00675809 
v -0.0165976 0.0135 -5.55002e-16 
v -0.0165976 0.0135 -0.00367705 
v -0.0165976 0.0135 0.00367705 
v -0.0151619 0.0135 0.00675809 
v -0.0111017 0.0135 0.0123507 
v -0.0134915 0.0135 0.010343 
v -0.00786072 0.0135 0.0150735 
v -0.00511479 0.0135 0.0158118 
v -0.000761315 -0.0181648 -0.0162333 
v -0.000756234 -0.0185785 -0.015958 
v -0.00077031 -0.0174324 -0.0167207 
v -0.000716391 -0.0193631 -0.0147598 
v -0.000756234 -0.0185785 -0.015958 
v -0.000713667 -0.0193756 -0.014694 
v -0.000709606 -0.0193942 -0.0145958 
v -0.00066371 -0.0196044 -0.0134865 
v -0.000768806 -0.017258 -0.0167551 
v -0.000759977 -0.0162342 -0.0169575 
v -0.000769266 -0.0173113 -0.0167446 
v -0.000758862 -0.0161049 -0.0169831 
v -0.000718807 -0.0193372 0.014824 
v -0.00066371 -0.0196044 0.0134865 
v -0.000756235 -0.0185785 0.015958 
v -0.000755762 -0.0185881 0.0159437 
v -0.000763493 -0.0179927 0.0163493 
v -0.000770299 -0.0174435 0.0167161 
v -0.000764223 -0.0167323 0.0168579 
v -0.000758862 -0.0161049 0.0169831 
v -0.00705342 -0.0194929 0.0097082 
v -0.00563642 -0.0195176 0.0122694 
v -0.00575543 -0.0195155 0.0122403 
v -0.00249494 -0.0195724 0.0117378 
v 3.56316e-16 -0.019616 -0.012 
v -0.00488084 -0.0195308 -0.0109625 
v -0.00482364 -0.0195318 -0.0125203 
v 0.00249494 -0.0196595 0.0117378 
v -0.0135611 -0.0193793 -5.31752e-16 
v -0.0127756 -0.019393 -0.00423062 
v -0.0114127 -0.0194168 -0.0037082 
v -0.00546441 -0.0195206 -0.0123715 
v 0.00488084 -0.0197012 -0.0109625 
v -0.00981776 -0.0194446 0.00933045 
v -0.0127279 -0.0193938 0.00466921 
v -0.0119343 -0.0194077 0.00125434 
v -0.012 -0.0194065 -4.76405e-16 
v -0.0126615 -0.019395 -0.00484569 
v -0.00981776 -0.0194446 -0.00933045 
v -0.00891774 -0.0194603 -0.00802957 
v -0.00834614 -0.0194703 -0.0103585 
v -0.0103923 -0.0194346 0.006 
v 0.00891774 -0.0197716 -0.00802957 
v 0.00705342 -0.0197391 0.0097082 
v 0.0103923 -0.0197974 0.006 
v 0.0114127 -0.0198152 -0.0037082 
v 0.0119343 -0.0198243 0.00125434 
v -0.0148052 -0.0191067 -5.38645e-16 
v -0.0149076 -0.0190842 -5.39212e-16 
v -0.0159823 -0.0183427 -5.72541e-16 
v -0.0146539 -0.0191398 -5.37806e-16 
v -0.0167502 -0.0171596 -5.94624e-16 
v -0.0159964 -0.018333 -5.72975e-16 
v -0.0169762 -0.0160085 -6.39638e-16 
v -0.00514977 -0.0160446 -0.0159164 
v -0.00598314 -0.0160331 -0.0157139 
v -0.0112439 -0.0159598 -0.0124964 
v -0.00711723 -0.0160176 -0.0154384 
v -0.0122743 -0.0159453 -0.0117618 
v -0.013498 -0.0159284 -0.00984042 
v -0.0154029 -0.0159022 -0.00684953 
v -0.016003 -0.0158939 -0.00532576 
v -0.0158489 -0.015896 -0.00614918 
v -0.017 -0.0158798 -6.4474e-16 
v -0.016769 -0.0171303 -5.95164e-16 
v -0.00555531 -0.0188698 -0.0145203 
v -0.00973191 -0.0188006 -0.0121338 
v -0.00523838 -0.019343 -0.0136626 
v -0.0126005 -0.018753 -0.00912916 
v -0.00916951 -0.0192753 -0.0114186 
v -0.0147785 -0.0187169 -0.00488421 
v -0.0118701 -0.0192289 -0.00859185 
v -0.0139209 -0.0191936 -0.00459705 
v -0.00581361 -0.0181204 -0.0152359 
v -0.0101958 -0.0180517 -0.0127315 
v -0.0132054 -0.0180046 -0.00957861 
v -0.0154904 -0.0179688 -0.00512459 
v -0.00597522 -0.0171874 -0.0157051 
v -0.0104934 -0.017121 -0.0131248 
v -0.0135969 -0.0170754 -0.00987523 
v -0.0159536 -0.0170408 -0.00528355 
v -0.00602831 -0.0161653 -0.0158922 
v -0.0106027 -0.0161015 -0.0132841 
v -0.013746 -0.0160577 -0.0099966 
v -0.0161335 -0.0160245 -0.0053491 
v -0.0140175 -0.0159213 0.00903226 
v -0.00518026 -0.0160442 0.0160251 
v -0.00633873 -0.0160283 0.015774 
v -0.00694824 -0.0160198 0.0153616 
v -0.0112284 -0.0159599 0.0124652 
v -0.0158403 -0.0158961 0.00617138 
v -0.0154067 -0.0159021 0.00685192 
v -0.0164044 -0.0158882 0.00316956 
v -0.0122862 -0.0159452 0.0117495 
v -0.0137494 -0.0191438 0.00549344 
v -0.0107212 -0.0191957 0.0101986 
v -0.0134462 -0.0183863 0.00863457 
v -0.0115683 -0.0184166 0.0110217 
v -0.00376537 -0.0185424 0.0155164 
v -0.00350009 -0.0193194 0.014354 
v -0.0140913 -0.0172029 0.00906346 
v -0.0121197 -0.0172322 0.0115687 
v -0.0122493 -0.0165816 0.0117036 
v -0.00701284 -0.0166563 0.0154217 
v -0.0148393 -0.0183638 0.00593618 
v -0.0156945 -0.01835 0.00302266 
v -0.00927068 -0.0184536 0.0130088 
v -0.00859452 -0.0192321 0.0120364 
v -0.00615858 -0.0192739 0.0134395 
v -0.00663851 -0.018496 0.0145265 
v -0.00694453 -0.0173089 0.0152461 
v -0.00681887 -0.0179364 0.0149452 
v -0.0118909 -0.0178579 0.0113395 
v -0.016452 -0.0171679 0.00317293 
v -0.015554 -0.0171812 0.0062312 
v -0.00511479 -0.0145 -0.0158118 
v -0.0111017 -0.0145 -0.0123507 
v -0.00786072 -0.0145 -0.0150735 
v -0.0134915 -0.0145 -0.010343 
v -0.0151619 -0.0145 -0.00675809 
v -0.0165976 -0.0145 -6.27737e-16 
v -0.0165976 -0.0145 -0.00367705 
v -0.0165976 -0.0145 0.00367705 
v -0.0151619 -0.0145 0.00675809 
v -0.0111017 -0.0145 0.0123507 
v -0.0134915 -0.0145 0.010343 
v -0.00786072 -0.0145 0.0150735 
v -0.00511479 -0.0145 0.0158118 
v -0.000758862 -0.0145 0.0169831 
v -0.000758862 -0.0145 -0.0169831 
v 0.0209777 -0.0145 0.0179543 
v 0.021527 -0.0143958 0.0179789 
v 0.0210875 -0.0144792 0.0179592 
v 0.0219024 -0.0141592 0.0179956 
v 0.0219145 -0.0134046 0.0175148 
v 0.021941 -0.0132863 0.017517 
v 0.0219281 -0.0133439 0.0175159 
v 0.0218096 -0.0135533 0.0175075 
v 0.021703 -0.0137042 0.0175001 
v 0.0216876 -0.0137261 0.017499 
v 0.0216163 -0.0137727 0.0174944 
v 0.0213882 -0.0139216 0.0174799 
v 0.0213445 -0.0139304 0.0174771 
v 0.0209935 -0.0140259 0.0175999 
v 0.0210729 -0.0139853 0.0174595 
v 0.0209923 -0.0140309 0.0176277 
v 0.0209842 -0.0141464 0.017808 
v 0.0209825 -0.0142051 0.0178456 
v 0.0209778 -0.0144802 0.0179508 
v 0.0219997 -0.0130245 0.0175218 
v 0.0209791 -0.0143269 0.0179234 
v 0.021 -0.014 0.0174548 
v 0.0218411 -0.0135797 0.0176529 
v 0.0219765 -0.0132978 0.0176612 
v 0.0216324 -0.0138029 0.01764 
v 0.0210705 -0.0140204 0.0176052 
v 0.0213646 -0.0139543 0.0176234 
v 0.0216725 -0.0138615 0.0177861 
v 0.0218968 -0.0136222 0.0177983 
v 0.0213849 -0.0140234 0.0177705 
v 0.0210695 -0.0140936 0.0177532 
v 0.0219697 -0.0136907 0.0178761 
v 0.0214177 -0.0141195 0.0178752 
v 0.021732 -0.0139421 0.0178907 
v 0.0210726 -0.0141968 0.0178583 
v 0.0214606 -0.0142379 0.0179442 
v 0.0218075 -0.0140409 0.0179602 
v 0.0210791 -0.0143243 0.0179267 
v 0.0215135 -0.0143779 0.0179776 
v 0.021899 -0.0141579 0.0179948 
v 0.0210891 -0.0144754 0.0179586 
v 0.0209777 -0.0145 -0.0179543 
v 0.0214271 -0.0144147 -0.0179744 
v 0.021527 -0.0143958 -0.0179789 
v 0.0218296 -0.014205 -0.0179924 
v 0.0209935 -0.0140289 -0.0175993 
v 0.021 -0.014 -0.0174548 
v 0.0213011 -0.0139511 -0.0174743 
v 0.0213431 -0.013933 -0.017477 
v 0.0213164 -0.0139486 -0.0174753 
v 0.0215677 -0.0138017 -0.0174913 
v 0.0216714 -0.0137411 -0.0174979 
v 0.0219141 -0.0134055 -0.0175147 
v 0.0216998 -0.0137018 -0.0174999 
v 0.0209917 -0.014037 -0.0176399 
v 0.0209923 -0.0140344 -0.017627 
v 0.0209842 -0.0141465 -0.017808 
v 0.0209796 -0.0143004 -0.0179111 
v 0.0209779 -0.0144805 -0.0179501 
v 0.0209793 -0.0143283 -0.0179172 
v 0.0219272 -0.0133438 -0.0175158 
v 0.0219872 -0.0130605 -0.0175208 
v 0.0219267 -0.013346 -0.0175158 
v 0.0215849 -0.0138379 -0.017637 
v 0.0213023 -0.013976 -0.0176196 
v 0.0219561 -0.0133578 -0.0176599 
v 0.0218065 -0.0136273 -0.0176507 
v 0.021318 -0.0140465 -0.0177668 
v 0.0216214 -0.0138989 -0.0177834 
v 0.0213445 -0.014145 -0.0178716 
v 0.0216762 -0.0139832 -0.0178879 
v 0.0218596 -0.0136733 -0.0177963 
v 0.0213797 -0.0142662 -0.0179405 
v 0.0214236 -0.0144097 -0.0179736 
v 0.021746 -0.0140864 -0.0179574 
v 0.0219365 -0.0137362 -0.0179007 
v -0.000744238 -0.0140343 0.0166558 
v -0.000745084 -0.0140381 0.0166747 
v -0.000757164 -0.0143087 0.016945 
v -0.000752325 -0.0141464 0.0168368 
v -0.000757332 -0.0143276 0.0169488 
v -0.000736543 -0.014 0.0164836 
v -0.00762952 -0.014 0.0146301 
v -0.0130947 -0.014 0.0100388 
v -0.0161094 -0.014 0.0035689 
v -0.0161094 -0.014 -0.0035689 
v -0.0130947 -0.014 -0.0100388 
v -0.00762952 -0.014 -0.0146301 
v -0.000744238 -0.0140343 -0.0166558 
v -0.000736543 -0.014 -0.0164836 
v -0.000745084 -0.0140381 -0.0166747 
v -0.000752325 -0.0141464 -0.0168368 
v -0.000757164 -0.0143087 -0.016945 
v -0.000757332 -0.0143276 -0.0169488 
v -0.00771799 -0.0140381 0.0147998 
v -0.0132466 -0.0140381 0.0101553 
v -0.0162962 -0.0140381 0.00361029 
v -0.0162962 -0.0140381 -0.00361029 
v -0.0132466 -0.0140381 -0.0101553 
v -0.00771799 -0.0140381 -0.0147998 
v -0.007793 -0.0141464 0.0149436 
v -0.0133753 -0.0141464 0.0102539 
v -0.0164546 -0.0141464 0.00364538 
v -0.0164546 -0.0141464 -0.00364538 
v -0.0133753 -0.0141464 -0.0102539 
v -0.007793 -0.0141464 -0.0149436 
v -0.00784312 -0.0143087 0.0150397 
v -0.0134613 -0.0143087 0.0103199 
v -0.0165604 -0.0143087 0.00366882 
v -0.0165604 -0.0143087 -0.00366882 
v -0.0134613 -0.0143087 -0.0103199 
v -0.00784312 -0.0143087 -0.0150397 
v -0.0038206 -0.014 0.00525861 
v -0.00135143 -0.014 0.00635796 
v 0.0038206 -0.014 0.00525861 
v 0.00135143 -0.014 0.00635796 
v 0.0065 -0.014 1.97164e-16 
v 1.8597e-16 -0.014 -0.0065 
v 0.00264379 -0.014 -0.00593805 
v -0.00264379 -0.014 -0.00593805 
v -0.00562917 -0.014 0.00325 
v 0.00618187 -0.014 -0.00200861 
v -0.00483044 -0.014 -0.00434935 
v -0.00618187 -0.014 -0.00200861 
v -0.00646439 -0.014 0.000679435 
v 0.00562917 -0.014 0.00325 
v 0.00646439 -0.014 0.000679435 
v 0.00483044 -0.014 -0.00434935 
v -0.000744238 0.0139657 0.0166558 
v -0.000745084 0.0139619 0.0166747 
v -0.000757164 0.0136913 0.016945 
v -0.000752325 0.0138536 0.0168368 
v -0.000757332 0.0136724 0.0169488 
v -0.000736543 0.014 0.0164836 
v -0.00762952 0.014 0.0146301 
v -0.0130947 0.014 0.0100388 
v -0.0161094 0.014 0.0035689 
v -0.0161094 0.014 -0.0035689 
v -0.0130947 0.014 -0.0100388 
v -0.00762952 0.014 -0.0146301 
v -0.000744238 0.0139657 -0.0166558 
v -0.000736543 0.014 -0.0164836 
v -0.000745084 0.0139619 -0.0166747 
v -0.000752325 0.0138536 -0.0168368 
v -0.000757164 0.0136913 -0.016945 
v -0.000757332 0.0136724 -0.0169488 
v -0.00771799 0.0139619 0.0147998 
v -0.0132466 0.0139619 0.0101553 
v -0.0162962 0.0139619 0.00361029 
v -0.0162962 0.0139619 -0.00361029 
v -0.0132466 0.0139619 -0.0101553 
v -0.00771799 0.0139619 -0.0147998 
v -0.007793 0.0138536 0.0149436 
v -0.0133753 0.0138536 0.0102539 
v -0.0164546 0.0138536 0.00364538 
v -0.0164546 0.0138536 -0.00364538 
v -0.0133753 0.0138536 -0.0102539 
v -0.007793 0.0138536 -0.0149436 
v -0.00784312 0.0136913 0.0150397 
v -0.0134613 0.0136913 0.0103199 
v -0.0165604 0.0136913 0.00366882 
v -0.0165604 0.0136913 -0.00366882 
v -0.0134613 0.0136913 -0.0103199 
v -0.00784312 0.0136913 -0.0150397 
v -0.00167283 0.014 0.00185786 
v -0.00228386 0.014 0.00101684 
v -0.000772542 0.014 0.00237764 
v -0.00228386 0.014 -0.00101684 
v -0.0025 0.014 -5.29931e-17 
v 0.00244537 0.014 -0.000519779 
v -0.000772542 0.014 -0.00237764 
v -0.00167283 0.014 -0.00185786 
v 0.00244537 0.014 0.000519779 
v 0.00125 0.014 -0.00216506 
v 0.00202254 0.014 -0.00146946 
v 0.000261321 0.014 0.0024863 
v 0.00125 0.014 0.00216506 
v 0.00202254 0.014 0.00146946 
v 0.000261321 0.014 -0.0024863 
v -0.0025 0.008 -6.79669e-17 
v -0.00228386 0.008 -0.00101684 
v -0.00167283 0.008 -0.00185786 
v -0.000772542 0.008 -0.00237764 
v 0.000261321 0.008 -0.0024863 
v 0.00125 0.008 -0.00216506 
v 0.00202254 0.008 -0.00146946 
v 0.00244537 0.008 -0.000519779 
v 0.00244537 0.008 0.000519779 
v 0.00202254 0.008 0.00146946 
v 0.00125 0.008 0.00216506 
v 0.000261321 0.008 0.0024863 
v -0.000772542 0.008 0.00237764 
v -0.00167283 0.008 0.00185786 
v -0.00228386 0.008 0.00101684 
v -0.00891774 -0.0149 -0.00802957 
v -0.0114127 -0.0149 -0.0037082 
v -0.00488084 -0.0149 -0.0109625 
v 3.77716e-16 -0.0149 -0.012 
v 0.00488084 -0.0149 -0.0109625 
v 0.00891774 -0.0149 -0.00802957 
v 0.0114127 -0.0149 -0.0037082 
v 0.0119343 -0.0149 0.00125434 
v 0.0103923 -0.0149 0.006 
v 0.00705342 -0.0149 0.0097082 
v 0.00249494 -0.0149 0.0117378 
v -0.00249494 -0.0149 0.0117378 
v -0.00705342 -0.0149 0.0097082 
v -0.0103923 -0.0149 0.006 
v -0.0119343 -0.0149 0.00125434 
v 3.64382e-16 -0.0144 -0.0115 
v -0.00467747 -0.0144 -0.0105058 
v -0.00854617 -0.0144 -0.007695 
v -0.0109371 -0.0144 -0.0035537 
v -0.011437 -0.0144 0.00120208 
v -0.00995929 -0.0144 0.00575 
v -0.00675953 -0.0144 0.0093037 
v -0.00239098 -0.0144 0.0112487 
v 0.00239098 -0.0144 0.0112487 
v 0.00675953 -0.0144 0.0093037 
v 0.00995929 -0.0144 0.00575 
v 0.011437 -0.0144 0.00120208 
v 0.0109371 -0.0144 -0.0035537 
v 0.00854617 -0.0144 -0.007695 
v 0.00467747 -0.0144 -0.0105058 
v -0.0047553 -0.0144381 -0.0106806 
v -0.00868836 -0.0144381 -0.00782303 
v -0.0111191 -0.0144381 -0.00361282 
v -0.0116273 -0.0144381 0.00122208 
v -0.010125 -0.0144381 0.00584567 
v -0.006872 -0.0144381 0.00945849 
v -0.00243077 -0.0144381 0.0114359 
v 0.00243077 -0.0144381 0.0114359 
v 0.006872 -0.0144381 0.00945849 
v 0.010125 -0.0144381 0.00584567 
v 0.0116273 -0.0144381 0.00122208 
v 0.0111191 -0.0144381 -0.00361282 
v 0.00868836 -0.0144381 -0.00782303 
v 0.0047553 -0.0144381 -0.0106806 
v 3.68236e-16 -0.0144381 -0.0116913 
v -0.00482127 -0.0145464 -0.0108288 
v -0.00880891 -0.0145464 -0.00793158 
v -0.0112734 -0.0145464 -0.00366295 
v -0.0117886 -0.0145464 0.00123903 
v -0.0102655 -0.0145464 0.00592678 
v -0.00696734 -0.0145464 0.00958973 
v -0.00246449 -0.0145464 0.0115945 
v 0.00246449 -0.0145464 0.0115945 
v 0.00696734 -0.0145464 0.00958973 
v 0.0102655 -0.0145464 0.00592678 
v 0.0117886 -0.0145464 0.00123903 
v 0.0112734 -0.0145464 -0.00366295 
v 0.00880891 -0.0145464 -0.00793158 
v 0.00482127 -0.0145464 -0.0108288 
v 3.73648e-16 -0.0145464 -0.0118536 
v -0.00486536 -0.0147087 -0.0109278 
v -0.00888945 -0.0147087 -0.0080041 
v -0.0113765 -0.0147087 -0.00369644 
v -0.0118964 -0.0147087 0.00125036 
v -0.0103593 -0.0147087 0.00598097 
v -0.00703105 -0.0147087 0.00967741 
v -0.00248703 -0.0147087 0.0117005 
v 0.00248703 -0.0147087 0.0117005 
v 0.00703105 -0.0147087 0.00967741 
v 0.0103593 -0.0147087 0.00598097 
v 0.0118964 -0.0147087 0.00125036 
v 0.0113765 -0.0147087 -0.00369644 
v 0.00888945 -0.0147087 -0.0080041 
v 0.00486536 -0.0147087 -0.0109278 
v 3.76977e-16 -0.0147087 -0.0119619 
v 1.84691e-16 -0.0144 -0.0065 
v 0.00264379 -0.0144 -0.00593805 
v 0.00483044 -0.0144 -0.00434935 
v 0.00618187 -0.0144 -0.00200861 
v 0.00646439 -0.0144 0.000679435 
v 0.00562917 -0.0144 0.00325 
v 0.0038206 -0.0144 0.00525861 
v 0.00135143 -0.0144 0.00635796 
v -0.00135143 -0.0144 0.00635796 
v -0.0038206 -0.0144 0.00525861 
v -0.00562917 -0.0144 0.00325 
v -0.00646439 -0.0144 0.000679435 
v -0.00618187 -0.0144 -0.00200861 
v -0.00483044 -0.0144 -0.00434935 
v -0.00264379 -0.0144 -0.00593805 
v 3.11296e-16 0.00838401 -0.008 
v -0.00306147 0.00843745 -0.00739104 
v -2.56694e-16 0.00838401 0.008 
v -0.00306147 0.00843745 0.00739104 
v -0.00565685 0.00848275 0.00565685 
v -0.00565685 0.00848275 -0.00565685 
v -0.00739104 0.00851302 0.00306147 
v -0.00739104 0.00851302 -0.00306147 
v -0.008 0.00852365 -2.61853e-16 
v -2.57413e-16 0.008 0.008 
v -0.00306147 0.008 0.00739104 
v -0.00565685 0.008 0.00565685 
v -0.00739104 0.008 0.00306147 
v -0.008 0.008 -2.65173e-16 
v -0.00739104 0.008 -0.00306147 
v -0.00306147 0.008 -0.00739104 
v 3.10577e-16 0.008 -0.008 
v -0.00565685 0.008 -0.00565685 
v 0.03 -0.0155 -0.005 
v 0.03 -0.0185 -0.005 
v 0.03 -0.005 -0.0185 
v 0.03 -0.005 -0.0155 
v 0.03 -0.00454009 -0.0185 
v 0.03 -0.0155 -0.00454009 
v 0.03 -0.0185 -0.00454009 
v 0.03 0.005 -0.0155 
v 0.03 0.005 -0.0185 
v 0.03 0.0185 -0.005 
v 0.03 0.0155 -0.005 
v 0.03 0.0185 -0.00454009 
v 0.03 -0.00454009 -0.0155 
v 0.03 -0.00454009 0.0155 
v 0.03 0.0155 -0.00454009 
v 0.03 0.0155 0.005 
v 0.03 0.005 0.0155 
v 0.03 0.0185 0.005 
v 0.03 0.005 0.0185 
v 0.03 -0.00454009 0.0185 
v 0.03 -0.0155 0.005 
v 0.03 -0.005 0.0155 
v 0.03 -0.005 0.0185 
v 0.03 -0.0185 0.005 
v 0.03 -0.00454009 -0.00454009 
v 0.029 -0.005 0.0185 
v 0.029 -0.005 0.0155 
v 0.029 0.005 0.0185 
v 0.029 0.005 0.0155 
v 0.029 -0.0185 0.005 
v 0.029 -0.0185 -0.005 
v 0.029 -0.0155 0.005 
v 0.029 -0.0155 -0.005 
v 0.029 0.0155 0.005 
v 0.029 0.0155 -0.005 
v 0.029 0.0185 0.005 
v 0.029 0.0185 -0.005 
v 0.029 -0.005 -0.0155 
v 0.029 -0.005 -0.0185 
v 0.029 0.005 -0.0155 
v 0.029 0.005 -0.0185 
v 0.029 0.0041 -0.0175 
v 0.029 0.0041 -0.0165 
v 0.029 -0.0041 -0.0165 
v 0.029 -0.0041 -0.0175 
v 0.032 -0.00389022 -0.0172902 
v 0.032 -0.00389022 -0.0167098 
v 0.032 0.00389022 -0.0172902 
v 0.032 0.00389022 -0.0167098 
v 0.029 0.0175 -0.0041 
v 0.029 0.0165 -0.0041 
v 0.029 0.0175 0.0041 
v 0.029 0.0165 0.0041 
v 0.032 0.0167098 -0.00389022 
v 0.032 0.0167098 0.00389022 
v 0.032 0.0172902 -0.00389022 
v 0.032 0.0172902 0.00389022 
v 0.029 -0.0165 -0.0041 
v 0.029 -0.0165 0.0041 
v 0.029 -0.0175 0.0041 
v 0.029 -0.0175 -0.0041 
v 0.032 -0.0172902 -0.00389022 
v 0.032 -0.0172902 0.00389022 
v 0.032 -0.0167098 -0.00389022 
v 0.032 -0.0167098 0.00389022 
v 0.029 0.0041 0.0165 
v 0.029 0.0041 0.0175 
v 0.029 -0.0041 0.0175 
v 0.029 -0.0041 0.0165 
v 0.032 -0.00389022 0.0167098 
v 0.032 -0.00389022 0.0172902 
v 0.032 0.00389022 0.0167098 
v 0.032 0.00389022 0.0172902 
vn -0.0174524 2.65312e-15 -0.999848 
vn -0.0174524 -0.406675 -0.913406 
vn -0.0174524 -0.743032 -0.669029 
vn -0.0174524 -0.950912 -0.30897 
vn -0.0174524 -0.99437 0.104513 
vn -0.0174524 -0.865894 0.499924 
vn -0.0174524 -0.587696 0.808894 
vn -0.0174524 -0.20788 0.977999 
vn -0.0174524 0.20788 0.977999 
vn -0.0174524 0.587696 0.808894 
vn -0.0174524 0.865894 0.499924 
vn -0.0174524 0.99437 0.104513 
vn -0.0174524 0.950912 -0.30897 
vn -0.0174524 0.743032 -0.669029 
vn -0.0174524 0.406675 -0.913406 
vn -0.0174524 2.65312e-15 -0.999848 
vn -1 3.19827e-15 -3.54994e-14 
vn -0.0174524 -0.499924 0.865894 
vn -0.0174524 -0.999848 -3.00822e-15 
vn -0.0174524 -0.499924 -0.865894 
vn -0.0174524 0.499924 -0.865894 
vn -0.0174524 0.999848 1.76913e-15 
vn -0.0174524 0.499924 0.865894 
vn -1 3.19827e-15 -3.54994e-14 
vn 3.54994e-14 2.68443e-15 -1 
vn 3.19827e-15 1 2.51096e-15 
vn 1.65398e-14 0.92388 -0.382683 
vn 3.54193e-15 0.999953 -0.00968503 
vn 3.19827e-15 1 2.59769e-15 
vn 2.73634e-14 0.707107 -0.707107 
vn 1.66869e-14 0.922084 -0.386989 
vn 1.65398e-14 0.92388 -0.382683 
vn 2.73634e-14 0.707107 -0.707107 
vn 3.39692e-14 0.387153 -0.922016 
vn 3.40211e-14 0.382683 -0.92388 
vn 3.40192e-14 0.382843 -0.923813 
vn 3.55287e-14 0.00968503 -0.999953 
vn 3.54994e-14 2.59769e-15 -1 
vn 0.139173 -3.63574e-14 -0.990268 
vn 0.180115 0.370309 -0.911279 
vn 0.180462 0.374595 -0.909457 
vn 0.139173 -4.03734e-14 -0.990268 
vn 0.194942 0.693541 -0.693541 
vn 0.180449 0.909527 -0.374432 
vn 0.180462 0.909457 -0.374595 
vn 0.139173 0.990268 4.59954e-14 
vn 0.180103 0.911346 -0.37015 
vn 0.139173 2.21319e-15 -0.990268 
vn 0.139173 0.990268 7.42708e-15 
vn 3.15732e-14 -0.382683 -0.92388 
vn 3.54994e-14 2.59769e-15 -1 
vn 3.54667e-14 -0.00968503 -0.999953 
vn 2.28403e-14 -0.707107 -0.707107 
vn 3.14928e-14 -0.387153 -0.922016 
vn 3.15704e-14 -0.382843 -0.923813 
vn 2.28403e-14 -0.707107 -0.707107 
vn 1.07888e-14 -0.922084 -0.386989 
vn 1.06302e-14 -0.92388 -0.382683 
vn -2.85431e-15 -0.999953 -0.00968503 
vn -3.19827e-15 -1 -2.59769e-15 
vn 0.139173 -0.990268 4.14988e-14 
vn 0.180103 -0.911346 -0.37015 
vn 0.180462 -0.909457 -0.374595 
vn 0.139173 -0.990268 4.55194e-14 
vn 0.180449 -0.909527 -0.374432 
vn 0.194942 -0.693541 -0.693541 
vn 0.180462 -0.374595 -0.909457 
vn 0.180115 -0.370309 -0.911279 
vn 0.139173 1.17406e-14 -0.990268 
vn 0.139173 -0.990268 2.45404e-15 
vn -3.15732e-14 0.382683 0.92388 
vn -3.54994e-14 -2.59769e-15 1 
vn -3.54667e-14 0.00968503 0.999953 
vn -2.28403e-14 0.707107 0.707107 
vn -3.14957e-14 0.386989 0.922084 
vn -3.15732e-14 0.382683 0.92388 
vn -2.28403e-14 0.707107 0.707107 
vn -1.07948e-14 0.922016 0.387153 
vn -1.06302e-14 0.92388 0.382683 
vn -1.06361e-14 0.923813 0.382843 
vn 2.85431e-15 0.999953 0.00968503 
vn 3.19827e-15 1 2.59769e-15 
vn 0.139173 -2.75985e-15 0.990268 
vn -1.65398e-14 -0.92388 0.382683 
vn -3.19827e-15 -1 -2.59769e-15 
vn -3.54193e-15 -0.999953 0.00968503 
vn -2.73634e-14 -0.707107 0.707107 
vn -1.66925e-14 -0.922016 0.387153 
vn -1.65453e-14 -0.923813 0.382843 
vn -2.73634e-14 -0.707107 0.707107 
vn -3.39711e-14 -0.386989 0.922084 
vn -3.40211e-14 -0.382683 0.92388 
vn -3.55287e-14 -0.00968503 0.999953 
vn -3.54994e-14 -2.59769e-15 1 
vn 0.139173 0.990268 6.52816e-15 
vn 0.180115 0.911279 0.370309 
vn 0.180462 0.909457 0.374595 
vn 0.139173 0.990268 -2.10029e-15 
vn 0.194942 0.693541 0.693541 
vn 0.180449 0.374432 0.909527 
vn 0.180462 0.374595 0.909457 
vn 0.139173 -3.75268e-14 0.990268 
vn 0.180103 0.37015 0.911346 
vn 0.180103 -0.37015 0.911346 
vn 0.180462 -0.374595 0.909457 
vn 0.139173 6.59573e-15 0.990268 
vn 0.180449 -0.374432 0.909527 
vn 0.194942 -0.693541 0.693541 
vn 0.180462 -0.909457 0.374595 
vn 0.180115 -0.911279 0.370309 
vn 0.139173 -0.990268 -4.07831e-14 
vn -3.19827e-15 -1 -2.51096e-15 
vn -0.0479083 -0.3459 -0.937047 
vn -0.0438881 -0.706724 -0.706127 
vn -0.0461712 -0.59932 -0.799177 
vn -0.0438881 -0.706724 -0.706127 
vn -0.0479097 -0.379279 -0.924041 
vn -0.031813 -0.93784 -0.345608 
vn -0.0318334 -0.937642 -0.346142 
vn -0.0325043 -0.930916 -0.363784 
vn -0.043888 -0.70673 -0.70612 
vn -0.0308038 -0.94712 -0.319397 
vn -0.0174524 -0.999848 8.72143e-16 
vn -0.044639 2.92373e-15 -0.999003 
vn -0.0478903 -0.332304 -0.941956 
vn -0.0452556 -0.0371684 -0.998284 
vn -0.0479092 -0.346839 -0.9367 
vn -0.044639 -1.59414e-14 -0.999003 
vn -0.0331946 -0.923515 0.382122 
vn -0.0174524 -0.999848 1.33869e-14 
vn -0.0438881 -0.706724 0.706127 
vn -0.0437946 -0.710138 0.702699 
vn -0.0331946 -0.923515 0.382122 
vn -0.0479067 -0.382445 0.922735 
vn -0.0468607 -0.549909 0.833909 
vn -0.044639 -1.49204e-15 0.999003 
vn -0.0470706 -0.182752 0.982032 
vn -0.21928 -0.811513 -0.54163 
vn -0.0318067 -0.937895 -0.345459 
vn -0.0306953 -0.948048 -0.316643 
vn -0.0438919 -0.706599 -0.706251 
vn -0.0325091 -0.930868 -0.363907 
vn -0.374343 -0.809839 -0.451695 
vn -0.128444 -0.946657 -0.295538 
vn -0.480639 -0.808697 -0.339109 
vn -0.213034 -0.945452 -0.246447 
vn -0.560891 -0.807846 -0.181069 
vn -0.271013 -0.944629 -0.18501 
vn -0.375014 -0.927019 1.43245e-07 
vn -0.403079 -0.915165 1.58945e-07 
vn -0.709887 -0.704315 2.6201e-07 
vn -0.31478 -0.944011 -0.098782 
vn -0.33055 -0.943788 1.18271e-07 
vn -0.293481 -0.595925 -0.74749 
vn -0.0438921 -0.706593 -0.706258 
vn -0.0461987 -0.597638 -0.800434 
vn -0.507689 -0.594437 -0.623616 
vn -0.654628 -0.593423 -0.468307 
vn -0.765626 -0.592674 -0.250109 
vn -0.339403 -0.32954 -0.881027 
vn -0.0479083 -0.379645 -0.923891 
vn -0.04791 -0.346424 -0.936854 
vn -0.047889 -0.33052 -0.942583 
vn -0.592346 -0.328682 -0.735591 
vn -0.766086 -0.328096 -0.552689 
vn -0.897459 -0.327671 -0.295296 
vn -0.930468 -0.366374 1.30335e-07 
vn -0.71337 -0.700788 2.61836e-07 
vn -0.354482 -0.0389119 -0.934253 
vn -0.0452817 -0.0390174 -0.998212 
vn -0.623427 -0.0388099 -0.780918 
vn -0.808513 -0.0387353 -0.587202 
vn -0.94866 -0.0386912 -0.313921 
vn -0.999252 -0.0386782 2.1143e-09 
vn -0.307477 -0.000541886 -0.951556 
vn -0.354158 -6.08277e-06 -0.935185 
vn -0.668542 -0.000598784 -0.743674 
vn -0.41872 1.06478e-06 -0.908115 
vn -0.722011 -1.43951e-07 -0.691881 
vn -0.808888 8.62394e-06 -0.587963 
vn -0.913596 -0.000626874 -0.406622 
vn -0.949305 4.31159e-06 -0.314357 
vn -0.932332 8.62852e-07 -0.361603 
vn -0.017806 -0.99981 -0.00793133 
vn -0.0206516 -0.99976 -0.00733175 
vn -0.0202812 -0.999766 -0.00747384 
vn -0.0224099 -0.99973 -0.00621936 
vn -0.0231828 -0.999716 -0.00548236 
vn -0.0248249 -0.999688 -0.00283509 
vn -0.0249465 -0.999686 -0.00248261 
vn -0.0253215 -0.999679 8.92392e-13 
vn -1 3.19827e-15 -3.54994e-14 
vn -0.044639 8.41616e-14 -0.999003 
vn -0.934063 -0.357108 1.25389e-07 
vn -0.348609 -0.927732 0.133363 
vn -0.275573 -0.92873 0.248032 
vn -0.599464 -0.705383 0.378257 
vn -0.517603 -0.706117 0.483204 
vn -0.176157 -0.709086 0.682763 
vn -0.100361 -0.931122 0.350628 
vn -0.0331946 -0.923515 0.382122 
vn -0.783775 -0.367288 0.500796 
vn -0.67514 -0.367717 0.639508 
vn -0.712183 -0.181834 0.678035 
vn -0.840656 -5.29872e-06 0.54157 
vn -0.40911 -0.182357 0.894078 
vn -0.307226 -0.000375092 0.951636 
vn -0.37254 -5.56401e-06 0.928016 
vn -0.0470727 -0.182985 0.981988 
vn -0.044639 2.59707e-15 0.999003 
vn -0.660019 -0.704874 0.25986 
vn -0.402167 -0.915566 -1.58595e-07 
vn -0.374113 -0.927383 -1.42741e-07 
vn -0.697237 -0.704531 0.132278 
vn -0.709763 -0.704441 -2.62015e-07 
vn -0.417346 -0.706974 0.570973 
vn -0.224147 -0.929426 0.293129 
vn -0.165036 -0.930242 0.327738 
vn -0.30216 -0.708001 0.638305 
vn -0.389591 -0.368807 0.843919 
vn -0.353689 -0.548101 0.75795 
vn -0.0468595 -0.550011 0.833842 
vn -0.413404 5.83254e-15 0.910548 
vn -0.668957 -0.000676117 0.743301 
vn -0.609777 -0.546513 0.574016 
vn -0.0438881 -0.706724 0.706127 
vn -0.043791 -0.710267 0.702569 
vn -0.913653 -0.366796 0.175212 
vn -0.864218 -0.366998 0.34415 
vn -0.93182 6.10126e-07 0.362922 
vn -0.913581 -0.000591571 0.406657 
vn -0.981857 -6.64754e-06 0.18962 
vn -0.999315 -0.0369956 -1.93496e-09 
vn -0.933993 -0.357292 -1.25436e-07 
vn -1 -1.448e-14 -3.54994e-14 
vn -0.930321 -0.366747 -1.30534e-07 
vn -0.713244 -0.700916 -2.61834e-07 
vn -0.017467 -0.999847 5.37172e-06 
vn -0.0174524 -0.999848 -6.38826e-15 
vn -0.33367 -0.94269 -1.19623e-07 
vn -0.0174532 -0.999848 1.70283e-06 
vn -0.0174532 -0.999848 1.66983e-06 
vn -0.0174524 -0.999848 -2.47762e-15 
vn -0.0479067 -0.382445 0.922735 
vn -0.722717 2.16344e-15 0.691144 
vn -0.044639 -2.45234e-15 0.999003 
vn -0.796085 0.530954 0.290408 
vn -0.916541 0.276036 0.289408 
vn -0.914813 0.403877 -0.000323337 
vn -0.956367 0.292168 -0.000244198 
vn -0.937428 0.34818 -0.000293641 
vn -0.827559 0.561378 -0.00025654 
vn -0.706314 0.707899 6.30051e-06 
vn -0.600878 0.744005 0.292236 
vn -0.686545 0.727088 4.2785e-05 
vn -0.61982 0.784744 9.53615e-05 
vn -0.388092 0.92162 -0.000152435 
vn -0.0879422 0.951089 0.296133 
vn -0.358538 0.886096 0.293743 
vn -0.348249 0.937402 -0.000204943 
vn -0.0134854 0.954821 0.296874 
vn -0.0780141 0.996952 -0.000146286 
vn -0.523811 0.630948 0.572299 
vn -0.688285 0.449536 0.569369 
vn -0.319046 0.753139 0.575318 
vn -0.08929 0.810092 0.579464 
vn -0.0156617 0.937742 0.346979 
vn -0.0315438 0.707479 0.706031 
vn -0.516858 0.326465 0.791378 
vn -0.249265 0.547987 0.798484 
vn -0.39775 0.45853 0.794699 
vn -0.0822093 0.589953 0.803242 
vn -0.165696 0.317972 0.933509 
vn -0.251696 0.265897 0.930563 
vn -0.0687966 0.342446 0.937015 
vn -0.0360553 0.592775 0.804561 
vn -0.0636401 0.049014 0.996769 
vn -0.076852 0.0409347 0.996202 
vn -0.0487115 0.0528505 0.997414 
vn -0.044583 0.053127 0.997592 
vn -0.0805293 0.0375678 0.996044 
vn -0.337594 0.236505 0.911096 
vn -0.444853 0.275786 0.852084 
vn -0.301904 0.214931 0.928794 
vn -0.535539 0.296312 0.79082 
vn -0.769856 0.29128 0.567872 
vn -0.853725 0.254669 0.454201 
vn -0.94117 0.174518 0.289382 
vn -1 0.000442189 -2.76768e-07 
vn -0.999664 0.0259174 -5.52678e-06 
vn -0.0446377 0.00958162 0.998957 
vn -0.0453307 0.00886964 0.998933 
vn -0.0469097 0.0057734 0.998882 
vn -0.0499794 0.0067763 0.998727 
vn -0.050929 0.0067914 0.998679 
vn -0.0420132 0.344946 0.937682 
vn 3.19827e-15 1 2.59769e-15 
vn -0.044639 2.73787e-15 -0.999003 
vn -0.0134854 0.954822 -0.296874 
vn 3.19827e-15 1 2.59769e-15 
vn -0.303666 0.952778 0.0002464 
vn -0.557171 0.777172 -0.292512 
vn -0.302378 0.906662 -0.294162 
vn -0.346164 0.938174 0.000207113 
vn -0.318144 0.948042 0.000234129 
vn -0.573397 0.819278 -8.33546e-05 
vn -0.669717 0.742616 -6.49586e-05 
vn -0.914428 0.404748 0.000323627 
vn -0.898517 0.329945 -0.289488 
vn -0.764518 0.575306 -0.29075 
vn -0.705875 0.708337 -7.02605e-06 
vn -0.271453 0.770978 -0.576113 
vn -0.0315437 0.707479 -0.70603 
vn -0.0156618 0.937742 -0.346979 
vn -0.486951 0.659355 -0.572826 
vn -0.214688 0.561084 -0.799433 
vn -0.0360553 0.592775 -0.804561 
vn -0.371055 0.479287 -0.795363 
vn -0.661706 0.487198 -0.569898 
vn -0.0420132 0.344943 -0.937683 
vn -0.145645 0.325603 -0.934222 
vn -0.044583 0.0531254 -0.997592 
vn -0.0605534 0.0502023 -0.996902 
vn -0.236249 0.277969 -0.931085 
vn -0.93734 0.348417 0.000293832 
vn -0.997854 0.0654826 2.36011e-05 
vn -0.992794 0.0648636 -0.100761 
vn -0.939575 0.182918 -0.289379 
vn -0.937052 0.34919 0.000293943 
vn -0.803601 0.290847 -0.519262 
vn -0.76455 0.304783 -0.567952 
vn -0.52762 0.309593 -0.791056 
vn -0.4976 0.353841 -0.791954 
vn -0.520161 0.308253 -0.796501 
vn -0.345284 0.23321 -0.909061 
vn -0.305138 0.210839 -0.928675 
vn -0.0805986 0.037496 -0.996041 
vn -0.0493184 0.00670077 -0.998761 
vn -0.0469139 0.00578411 -0.998882 
vn -0.0446377 0.00959299 -0.998957 
vn -0.0467083 0.00650715 -0.998887 
vn -0.0509366 0.00679958 -0.998679 
vn -1 0.000442189 2.76767e-07 
vn -0.044639 2.73787e-15 -0.999003 
vn -0.307839 3.4561e-15 -0.951438 
vn -0.307777 3.45595e-15 -0.951458 
vn -0.66887 4.0703e-15 -0.743379 
vn -0.668502 4.06998e-15 -0.743711 
vn -0.462395 3.78217e-15 -0.886674 
vn -0.355833 3.56572e-15 -0.934549 
vn -0.41866 3.69807e-15 -0.908143 
vn -0.79362 4.11868e-15 -0.608414 
vn -0.72202 4.10649e-15 -0.691872 
vn -0.913376 3.97879e-15 -0.407117 
vn -0.808062 4.11469e-15 -0.589098 
vn -0.913728 3.97786e-15 -0.406327 
vn -0.932288 3.92134e-15 -0.361716 
vn -0.948836 3.8549e-15 -0.31577 
vn -1 3.19827e-15 -3.55606e-14 
vn -0.976328 3.68443e-15 -0.216297 
vn -0.981841 2.64739e-15 0.189706 
vn -0.976328 2.56068e-15 0.216297 
vn -0.93178 2.03706e-15 0.363023 
vn -0.913376 1.86366e-15 0.407117 
vn -0.913712 1.86669e-15 0.406362 
vn -0.840604 1.28144e-15 0.54165 
vn -0.722717 5.1606e-16 0.691144 
vn -0.668502 2.06115e-16 0.743711 
vn -0.79362 9.57733e-16 0.608414 
vn -0.669285 2.10451e-16 0.743006 
vn -0.412116 -1.04878e-15 0.911131 
vn -0.462395 -8.24444e-16 0.886674 
vn -0.372866 -1.21784e-15 0.927885 
vn -0.307777 -1.48724e-15 0.951458 
vn -0.044639 -2.45234e-15 0.999003 
vn -0.307588 -1.48801e-15 0.95152 
vn -0.044639 2.73787e-15 -0.999003 
vn -0.0479083 -0.3459 -0.937047 
vn -0.0438881 -0.706724 -0.706127 
vn -0.0461712 -0.59932 -0.799177 
vn -0.0438881 -0.706724 -0.706127 
vn -0.0479097 -0.379279 -0.924041 
vn -0.0325043 -0.930916 -0.363784 
vn -0.043888 -0.70673 -0.70612 
vn -0.031813 -0.93784 -0.345608 
vn -0.0318334 -0.937642 -0.346142 
vn -0.0308038 -0.94712 -0.319397 
vn -0.0174524 -0.999848 8.72143e-16 
vn -0.044639 -2.78057e-14 -0.999003 
vn -0.0478903 -0.332304 -0.941956 
vn -0.0452556 -0.0371684 -0.998284 
vn -0.0479092 -0.346839 -0.9367 
vn -0.044639 -1.74283e-14 -0.999003 
vn -0.0331946 -0.923515 0.382122 
vn -0.0174524 -0.999848 1.34179e-14 
vn -0.0438881 -0.706724 0.706127 
vn -0.0437946 -0.710138 0.702699 
vn -0.0331946 -0.923515 0.382122 
vn -0.0479067 -0.382445 0.922735 
vn -0.0468607 -0.549909 0.833909 
vn -0.044639 -3.07345e-14 0.999003 
vn -0.0470706 -0.182752 0.982032 
vn -0.0174524 -0.999848 -3.21685e-15 
vn -0.21928 -0.811513 -0.54163 
vn -0.0318067 -0.937895 -0.345459 
vn -0.0306953 -0.948048 -0.316643 
vn -0.0438919 -0.706599 -0.706251 
vn -0.0325091 -0.930868 -0.363907 
vn -0.374343 -0.809839 -0.451695 
vn -0.128444 -0.946657 -0.295538 
vn -0.480639 -0.808697 -0.339109 
vn -0.213034 -0.945452 -0.246447 
vn -0.560891 -0.807846 -0.181069 
vn -0.271013 -0.944629 -0.18501 
vn -0.375014 -0.927019 1.43242e-07 
vn -0.403079 -0.915165 1.58942e-07 
vn -0.709887 -0.704315 2.62008e-07 
vn -0.31478 -0.944011 -0.098782 
vn -0.33055 -0.943788 1.18269e-07 
vn -0.293481 -0.595925 -0.74749 
vn -0.0438921 -0.706593 -0.706258 
vn -0.0461987 -0.597638 -0.800434 
vn -0.507689 -0.594437 -0.623616 
vn -0.654628 -0.593423 -0.468307 
vn -0.765626 -0.592674 -0.250109 
vn -0.339403 -0.32954 -0.881027 
vn -0.0479083 -0.379645 -0.923891 
vn -0.04791 -0.346424 -0.936854 
vn -0.047889 -0.33052 -0.942583 
vn -0.592346 -0.328682 -0.735591 
vn -0.766086 -0.328096 -0.552689 
vn -0.897459 -0.327671 -0.295296 
vn -0.930468 -0.366374 1.30334e-07 
vn -0.71337 -0.700788 2.61834e-07 
vn -0.354482 -0.0389119 -0.934253 
vn -0.0452817 -0.0390174 -0.998212 
vn -0.623427 -0.0388099 -0.780918 
vn -0.808513 -0.0387353 -0.587202 
vn -0.94866 -0.0386912 -0.313921 
vn -0.999252 -0.0386782 2.11426e-09 
vn -0.307477 -0.000541886 -0.951556 
vn -0.354158 -6.08277e-06 -0.935185 
vn -0.668542 -0.000598784 -0.743674 
vn -0.41872 1.06478e-06 -0.908115 
vn -0.722011 -1.43951e-07 -0.691881 
vn -0.808888 8.62394e-06 -0.587963 
vn -0.913596 -0.000626874 -0.406622 
vn -0.949305 4.31159e-06 -0.314357 
vn -0.932332 8.62852e-07 -0.361603 
vn -0.017806 -0.99981 -0.00793133 
vn -0.0206516 -0.99976 -0.00733175 
vn -0.0202812 -0.999766 -0.00747384 
vn -0.0224099 -0.99973 -0.00621936 
vn -0.0231828 -0.999716 -0.00548236 
vn -0.0248249 -0.999688 -0.00283509 
vn -0.0249465 -0.999686 -0.00248261 
vn -0.0253215 -0.999679 9.00881e-13 
vn -1 3.19827e-15 -3.54994e-14 
vn -0.044639 8.41474e-14 -0.999003 
vn -0.934063 -0.357108 1.25388e-07 
vn -0.348609 -0.927732 0.133363 
vn -0.275573 -0.92873 0.248032 
vn -0.599464 -0.705383 0.378257 
vn -0.517603 -0.706117 0.483204 
vn -0.176157 -0.709086 0.682763 
vn -0.100361 -0.931122 0.350628 
vn -0.0331946 -0.923515 0.382122 
vn -0.783775 -0.367288 0.500796 
vn -0.67514 -0.367717 0.639508 
vn -0.712183 -0.181834 0.678035 
vn -0.840656 -5.29872e-06 0.54157 
vn -0.40911 -0.182357 0.894078 
vn -0.307226 -0.000375092 0.951636 
vn -0.37254 -5.56401e-06 0.928016 
vn -0.0470727 -0.182985 0.981988 
vn -0.044639 2.58999e-15 0.999003 
vn -0.660019 -0.704874 0.25986 
vn -0.402167 -0.915566 -1.58592e-07 
vn -0.374113 -0.927383 -1.42738e-07 
vn -0.697237 -0.704531 0.132278 
vn -0.709763 -0.704441 -2.62012e-07 
vn -0.417346 -0.706974 0.570973 
vn -0.224147 -0.929426 0.293129 
vn -0.165036 -0.930242 0.327738 
vn -0.30216 -0.708001 0.638305 
vn -0.389591 -0.368807 0.843919 
vn -0.353689 -0.548101 0.75795 
vn -0.0468595 -0.550011 0.833842 
vn -0.413404 6.32754e-15 0.910548 
vn -0.668957 -0.000676117 0.743301 
vn -0.609777 -0.546513 0.574016 
vn -0.0438881 -0.706724 0.706127 
vn -0.043791 -0.710267 0.702569 
vn -0.913653 -0.366796 0.175212 
vn -0.864218 -0.366998 0.34415 
vn -0.93182 6.10126e-07 0.362922 
vn -0.913581 -0.000591571 0.406657 
vn -0.981857 -6.64754e-06 0.18962 
vn -0.999315 -0.0369956 -1.93493e-09 
vn -0.933993 -0.357292 -1.25435e-07 
vn -1 -1.448e-14 -3.54994e-14 
vn -0.930321 -0.366747 -1.30533e-07 
vn -0.713244 -0.700916 -2.61831e-07 
vn -0.017467 -0.999847 5.37172e-06 
vn -0.0174524 -0.999848 -1.48932e-14 
vn -0.33367 -0.94269 -1.1962e-07 
vn -0.0174532 -0.999848 1.70283e-06 
vn -0.0174532 -0.999848 1.66983e-06 
vn -0.0174524 -0.999848 -9.1181e-15 
vn -0.0479067 -0.382445 0.922735 
vn -0.722717 -1.64668e-15 0.691144 
vn -0.044639 2.73787e-15 -0.999003 
vn -0.307839 3.4561e-15 -0.951438 
vn -0.307777 3.45595e-15 -0.951458 
vn -0.66887 4.0703e-15 -0.743379 
vn -0.668502 4.06998e-15 -0.743711 
vn -0.462395 3.78217e-15 -0.886674 
vn -0.355833 3.56572e-15 -0.934549 
vn -0.41866 3.69807e-15 -0.908143 
vn -0.79362 4.11868e-15 -0.608414 
vn -0.72202 4.10649e-15 -0.691872 
vn -0.913376 3.97879e-15 -0.407117 
vn -0.808062 4.11469e-15 -0.589098 
vn -0.913728 3.97786e-15 -0.406327 
vn -1 3.19827e-15 -3.55606e-14 
vn -0.976328 3.68443e-15 -0.216297 
vn -0.948836 3.8549e-15 -0.31577 
vn -0.932288 3.92134e-15 -0.361716 
vn -0.976328 2.56068e-15 0.216297 
vn -0.981841 2.64739e-15 0.189706 
vn -0.93178 2.03706e-15 0.363023 
vn -0.913376 1.86366e-15 0.407117 
vn -0.913712 1.86669e-15 0.406362 
vn -0.840604 1.28144e-15 0.54165 
vn -0.722717 5.1606e-16 0.691144 
vn -0.668502 2.06115e-16 0.743711 
vn -0.79362 9.57733e-16 0.608414 
vn -0.669285 2.10451e-16 0.743006 
vn -0.412116 -1.04878e-15 0.911131 
vn -0.462395 -8.24444e-16 0.886674 
vn -0.372866 -1.21784e-15 0.927885 
vn -0.307777 -1.48724e-15 0.951458 
vn -0.044639 -2.45234e-15 0.999003 
vn -0.307588 -1.48801e-15 0.95152 
vn -0.044639 2.73787e-15 -0.999003 
vn -0.044639 -2.45234e-15 0.999003 
vn -0.796085 0.530954 0.290408 
vn -0.916541 0.276036 0.289408 
vn -0.914813 0.403877 -0.000323337 
vn -0.956367 0.292168 -0.000244198 
vn -0.937428 0.34818 -0.000293641 
vn -0.827559 0.561378 -0.00025654 
vn -0.706314 0.707899 6.30051e-06 
vn -0.600878 0.744005 0.292236 
vn -0.686545 0.727088 4.2785e-05 
vn -0.61982 0.784744 9.53615e-05 
vn -0.388092 0.92162 -0.000152435 
vn -0.0879422 0.951089 0.296133 
vn -0.358538 0.886096 0.293743 
vn -0.348249 0.937402 -0.000204943 
vn -0.0134854 0.954821 0.296874 
vn -0.0780141 0.996952 -0.000146286 
vn -0.523811 0.630948 0.572299 
vn -0.688285 0.449536 0.569369 
vn -0.319046 0.753139 0.575318 
vn -0.08929 0.810092 0.579464 
vn -0.0156617 0.937742 0.346979 
vn -0.0315438 0.707479 0.706031 
vn -0.516858 0.326465 0.791378 
vn -0.249265 0.547987 0.798484 
vn -0.39775 0.45853 0.794699 
vn -0.0822093 0.589953 0.803242 
vn -0.165696 0.317972 0.933509 
vn -0.251696 0.265897 0.930563 
vn -0.0687966 0.342446 0.937015 
vn -0.0360553 0.592775 0.804561 
vn -0.0636401 0.049014 0.996769 
vn -0.076852 0.0409347 0.996202 
vn -0.0487115 0.0528505 0.997414 
vn -0.044583 0.053127 0.997592 
vn -0.0805293 0.0375678 0.996044 
vn -0.337594 0.236505 0.911096 
vn -0.444853 0.275786 0.852084 
vn -0.301904 0.214931 0.928794 
vn -0.535539 0.296312 0.79082 
vn -0.769856 0.29128 0.567872 
vn -0.853725 0.254669 0.454201 
vn -0.94117 0.174518 0.289382 
vn -1 0.000442189 -2.76768e-07 
vn -0.999664 0.0259174 -5.52678e-06 
vn -0.0446377 0.00958162 0.998957 
vn -0.0453307 0.00886964 0.998933 
vn -0.0469097 0.0057734 0.998882 
vn -0.0499794 0.0067763 0.998727 
vn -0.050929 0.0067914 0.998679 
vn -0.0420132 0.344946 0.937682 
vn 3.19827e-15 1 2.59769e-15 
vn -0.044639 2.73787e-15 -0.999003 
vn -0.0134854 0.954822 -0.296874 
vn 3.19827e-15 1 2.59769e-15 
vn -0.303666 0.952778 0.0002464 
vn -0.557171 0.777172 -0.292512 
vn -0.302378 0.906662 -0.294162 
vn -0.346164 0.938174 0.000207113 
vn -0.318144 0.948042 0.000234129 
vn -0.573397 0.819278 -8.33546e-05 
vn -0.669717 0.742616 -6.49586e-05 
vn -0.914428 0.404748 0.000323627 
vn -0.898517 0.329945 -0.289488 
vn -0.764518 0.575306 -0.29075 
vn -0.705875 0.708337 -7.02605e-06 
vn -0.016683 0.928664 -0.370547 
vn -0.0157046 0.937375 -0.347969 
vn -0.271453 0.770978 -0.576113 
vn -0.0315442 0.70747 -0.706039 
vn -0.486951 0.659355 -0.572826 
vn -0.214688 0.561084 -0.799433 
vn -0.371055 0.479287 -0.795363 
vn -0.661706 0.487198 -0.569898 
vn -0.0411277 0.395506 -0.917542 
vn -0.145645 0.325603 -0.934222 
vn -0.044583 0.0531254 -0.997592 
vn -0.041988 0.346506 -0.937108 
vn -0.0605534 0.0502023 -0.996902 
vn -0.236249 0.277969 -0.931085 
vn -0.93734 0.348417 0.000293832 
vn -0.997854 0.0654826 2.36011e-05 
vn -0.992794 0.0648636 -0.100761 
vn -0.939575 0.182918 -0.289379 
vn -0.937052 0.34919 0.000293943 
vn -0.803601 0.290847 -0.519262 
vn -0.76455 0.304783 -0.567952 
vn -0.52762 0.309593 -0.791056 
vn -0.4976 0.353841 -0.791954 
vn -0.520161 0.308253 -0.796501 
vn -0.345284 0.23321 -0.909061 
vn -0.305138 0.210839 -0.928675 
vn -0.0805986 0.037496 -0.996041 
vn -0.0493184 0.00670077 -0.998761 
vn -0.0469139 0.00578411 -0.998882 
vn -0.0446377 0.00959299 -0.998957 
vn -0.0467083 0.00650715 -0.998887 
vn -0.0509366 0.00679958 -0.998679 
vn -1 0.000442189 2.76767e-07 
vn -0.0738025 0.997273 -2.93354e-17 
vn -0.316448 0.94861 -8.76952e-15 
vn -0.301831 0.953361 -8.23829e-15 
vn -0.345132 0.938554 -9.8139e-15 
vn 3.19827e-15 1 2.59769e-15 
vn -0.347271 0.937765 -9.89187e-15 
vn -0.706086 0.708126 -2.32261e-14 
vn -0.623543 0.781789 -2.01045e-14 
vn -0.687618 0.726073 -2.25239e-14 
vn -0.38824 0.921558 -1.13884e-14 
vn -0.671383 0.74111 -2.19085e-14 
vn -0.577895 0.816111 -1.83949e-14 
vn -0.706504 0.707709 -2.32421e-14 
vn -0.937622 0.347657 -3.23819e-14 
vn -0.8256 0.564255 -2.78425e-14 
vn -0.914506 0.404572 -3.14135e-14 
vn -0.936822 0.349806 -3.23479e-14 
vn -0.914111 0.405465 -3.13971e-14 
vn -1 3.19827e-15 -3.54994e-14 
vn -0.956698 0.291081 -3.32061e-14 
vn -0.999701 0.024461 -3.54252e-14 
vn -0.998126 0.0611885 -3.52739e-14 
vn -0.937712 0.347414 -3.23857e-14 
vn -1 3.19827e-15 -3.54994e-14 
vn 3.19827e-15 1 2.59769e-15 
vn -0.0154503 0.938191 0.345772 
vn -0.0154958 0.937814 0.346791 
vn -0.0170826 0.92388 0.382302 
vn -0.0315645 0.707107 0.706402 
vn -0.041241 0.382683 0.922959 
vn -0.0418799 0.346117 0.937256 
vn -0.0356446 0.601984 0.797712 
vn -0.0315645 0.707107 0.706402 
vn -0.0418631 0.347137 0.93688 
vn -0.013078 0.956121 0.292681 
vn 4.48316e-14 1 -1.22736e-13 
vn -0.044639 -4.64144e-15 0.999003 
vn -0.0446036 0.0397746 0.998213 
vn 1.4474e-14 1 -1.34337e-13 
vn -0.176951 0.92388 0.339315 
vn -0.0170826 0.92388 0.382302 
vn -0.0154958 0.937814 0.346791 
vn 3.21535e-15 1 2.65023e-15 
vn -0.303705 0.92388 0.23283 
vn -0.373624 0.92388 0.0827734 
vn 3.1849e-15 1 2.58488e-15 
vn -0.373624 0.92388 -0.0827734 
vn -0.303705 0.92388 -0.23283 
vn 3.21535e-15 1 2.54516e-15 
vn -0.0154958 0.937814 -0.346791 
vn -0.176951 0.92388 -0.339315 
vn -2.0059e-15 1 -1.15364e-13 
vn -0.0315645 0.707107 0.706402 
vn -0.326963 0.707107 0.626973 
vn -0.561174 0.707107 0.430214 
vn -0.690368 0.707107 0.152945 
vn -0.690368 0.707107 -0.152945 
vn -0.561174 0.707107 -0.430214 
vn -0.326963 0.707107 -0.626973 
vn -0.0170826 0.92388 -0.382302 
vn -0.041241 0.382683 0.922959 
vn -0.427197 0.382683 0.81918 
vn -0.733209 0.382683 0.562102 
vn -0.902009 0.382683 0.199833 
vn -0.902009 0.382683 -0.199833 
vn -0.733209 0.382683 -0.562102 
vn -0.427197 0.382683 -0.81918 
vn -0.0315645 0.707107 -0.706402 
vn -0.307777 -1.93901e-15 0.951458 
vn -0.044639 -2.51786e-15 0.999003 
vn -0.0418631 0.347137 0.93688 
vn -0.462395 -2.318e-15 0.886674 
vn -0.668502 -4.24459e-15 0.743711 
vn -0.79362 -5.20566e-16 0.608414 
vn -0.913376 -6.41593e-15 0.407117 
vn -0.976328 1.09127e-15 0.216297 
vn -1 -5.20847e-15 -3.53769e-14 
vn -0.976328 2.21588e-15 -0.216297 
vn -0.79362 2.6428e-15 -0.608414 
vn -0.913376 -4.3008e-15 -0.407117 
vn -0.462395 2.29213e-15 -0.886674 
vn -0.668502 -3.80723e-16 -0.743711 
vn -0.041241 0.382683 -0.922959 
vn -0.0418631 0.347137 -0.93688 
vn -0.307777 3.00418e-15 -0.951458 
vn -0.044639 2.67235e-15 -0.999003 
vn -2.0059e-15 1 1.20559e-13 
vn -0.0154958 0.937814 -0.346791 
vn -0.0154974 0.937801 -0.346827 
vn -0.0165805 0.928458 -0.371066 
vn -0.0315649 0.707098 -0.70641 
vn -0.0315645 0.707107 -0.706402 
vn -0.0170826 0.92388 -0.382302 
vn -0.0409043 0.400411 -0.915422 
vn -0.0418518 0.347821 -0.936626 
vn -0.0418631 0.347137 -0.93688 
vn -0.041241 0.382683 -0.922959 
vn 3.78927e-14 1 5.9193e-14 
vn -0.0130988 0.955978 -0.293147 
vn -0.0446045 0.0392997 -0.998231 
vn -0.044639 1.02053e-15 -0.999003 
vn 3.24275e-15 1 2.59769e-15 
vn -0.0738025 0.997273 -2.93354e-17 
vn -0.316448 0.94861 -8.76952e-15 
vn -0.301831 0.953361 -8.23829e-15 
vn -0.345132 0.938554 -9.8139e-15 
vn 3.19827e-15 1 2.59769e-15 
vn -0.347271 0.937765 -9.89187e-15 
vn -0.706086 0.708126 -2.32261e-14 
vn -0.623543 0.781789 -2.01045e-14 
vn -0.687618 0.726073 -2.25239e-14 
vn -0.38824 0.921558 -1.13884e-14 
vn -0.671383 0.74111 -2.19085e-14 
vn -0.577895 0.816111 -1.83949e-14 
vn -0.706504 0.707709 -2.32421e-14 
vn -0.936822 0.349806 -3.23479e-14 
vn -0.914111 0.405465 -3.13971e-14 
vn -0.937622 0.347657 -3.23819e-14 
vn -0.8256 0.564255 -2.78425e-14 
vn -0.914506 0.404572 -3.14135e-14 
vn -0.937712 0.347414 -3.23857e-14 
vn -1 3.19827e-15 -3.54994e-14 
vn -0.956698 0.291081 -3.32061e-14 
vn -0.999701 0.024461 -3.54252e-14 
vn -0.998126 0.0611885 -3.52739e-14 
vn -1 3.19827e-15 -3.54994e-14 
vn 3.19827e-15 1 2.59769e-15 
vn -0.0154503 0.938191 0.345772 
vn -0.0154958 0.937814 0.346791 
vn -0.0170826 0.92388 0.382302 
vn -0.0315645 0.707107 0.706402 
vn -0.041241 0.382683 0.922959 
vn -0.0418799 0.346117 0.937256 
vn -0.0356446 0.601984 0.797712 
vn -0.0315645 0.707107 0.706402 
vn -0.0418631 0.347137 0.93688 
vn -0.013078 0.956121 0.292681 
vn 4.48316e-14 1 -1.22736e-13 
vn -0.044639 -2.45234e-15 0.999003 
vn -0.0446036 0.0397746 0.998213 
vn 1.4474e-14 1 -1.34337e-13 
vn -0.176951 0.92388 0.339315 
vn -0.0170826 0.92388 0.382302 
vn -0.0154958 0.937814 0.346791 
vn 3.16995e-15 1 2.65199e-15 
vn -0.303705 0.92388 0.23283 
vn -0.373624 0.92388 0.0827734 
vn 3.13848e-15 1 2.58445e-15 
vn -0.373624 0.92388 -0.0827734 
vn -0.303705 0.92388 -0.23283 
vn 3.16995e-15 1 2.5434e-15 
vn -0.0154958 0.937814 -0.346791 
vn -0.176951 0.92388 -0.339315 
vn -2.0059e-15 1 -1.15364e-13 
vn -0.0315645 0.707107 0.706402 
vn -0.326963 0.707107 0.626973 
vn -0.561174 0.707107 0.430214 
vn -0.690368 0.707107 0.152945 
vn -0.690368 0.707107 -0.152945 
vn -0.561174 0.707107 -0.430214 
vn -0.326963 0.707107 -0.626973 
vn -0.0170826 0.92388 -0.382302 
vn -0.041241 0.382683 0.922959 
vn -0.427197 0.382683 0.81918 
vn -0.733209 0.382683 0.562102 
vn -0.902009 0.382683 0.199833 
vn -0.902009 0.382683 -0.199833 
vn -0.733209 0.382683 -0.562102 
vn -0.427197 0.382683 -0.81918 
vn -0.0315645 0.707107 -0.706402 
vn -0.307777 -1.5365e-14 0.951458 
vn -0.044639 -2.45234e-15 0.999003 
vn -0.0418631 0.347137 0.93688 
vn -0.462395 -8.24444e-16 0.886674 
vn -0.668502 -1.71411e-14 0.743711 
vn -0.79362 9.57733e-16 0.608414 
vn -0.913376 -1.54836e-14 0.407117 
vn -0.976328 2.56068e-15 0.216297 
vn -0.976328 3.68443e-15 -0.216297 
vn -1 -1.4149e-14 -3.56602e-14 
vn -0.79362 4.11868e-15 -0.608414 
vn -0.913376 -1.33684e-14 -0.407117 
vn -0.462395 3.78217e-15 -0.886674 
vn -0.668502 -1.32773e-14 -0.743711 
vn -0.041241 0.382683 -0.922959 
vn -0.0418631 0.347137 -0.93688 
vn -0.307777 -1.04218e-14 -0.951458 
vn -0.044639 2.73787e-15 -0.999003 
vn -2.0059e-15 1 1.20559e-13 
vn -0.0315645 0.707107 -0.706402 
vn -0.0170826 0.92388 -0.382302 
vn -0.0154503 0.938191 -0.345772 
vn -0.0356446 0.601985 -0.797712 
vn -0.0418631 0.347137 -0.93688 
vn -0.041241 0.382683 -0.922959 
vn -0.0418799 0.346117 -0.937256 
vn -0.0446037 0.0397655 -0.998213 
vn -0.044639 2.73787e-15 -0.999003 
vn 3.78927e-14 1 5.9193e-14 
vn -0.013078 0.956121 -0.29268 
vn -0.0154958 0.937814 -0.346791 
vn -0.044639 2.73787e-15 -0.999003 
vn 3.19827e-15 1 2.59769e-15 
vn 0.913545 -3.97834e-15 0.406737 
vn 1 -3.19827e-15 3.54994e-14 
vn 0.669131 -4.07052e-15 0.743145 
vn 0.913545 -3.97834e-15 0.406737 
vn 0.309017 -3.45887e-15 0.951057 
vn 0.669131 -4.07052e-15 0.743145 
vn -0.104528 -2.24915e-15 0.994522 
vn 0.309017 -3.45887e-15 0.951057 
vn -0.5 -6.50535e-16 0.866025 
vn -0.104528 -2.24915e-15 0.994522 
vn -0.809017 1.06057e-15 0.587785 
vn -0.5 -6.50535e-16 0.866025 
vn -0.978148 2.58829e-15 0.207912 
vn -0.809017 1.06057e-15 0.587785 
vn -0.978148 3.66847e-15 -0.207912 
vn -0.978148 2.58829e-15 0.207912 
vn -0.809017 4.11434e-15 -0.587785 
vn -0.978148 3.66847e-15 -0.207912 
vn -0.5 3.8488e-15 -0.866025 
vn -0.809017 4.11434e-15 -0.587785 
vn -0.104528 2.91777e-15 -0.994522 
vn -0.5 3.8488e-15 -0.866025 
vn 0.309017 1.48223e-15 -0.951057 
vn -0.104528 2.91777e-15 -0.994522 
vn 0.669131 -2.09596e-16 -0.743145 
vn 0.309017 1.48223e-15 -0.951057 
vn 0.913545 -1.86519e-15 -0.406737 
vn 0.669131 -2.09596e-16 -0.743145 
vn 0.743145 -4.11497e-15 0.669131 
vn 0.951057 -3.84446e-15 0.309017 
vn 0.406737 -3.67396e-15 0.913545 
vn 0.743145 -4.11497e-15 0.669131 
vn -3.5479e-14 -2.59769e-15 1 
vn 0.406737 -3.67396e-15 0.913545 
vn -0.406737 -1.07226e-15 0.913545 
vn -3.54994e-14 -2.59769e-15 1 
vn -0.743145 6.3858e-16 0.669131 
vn -0.406737 -1.07226e-15 0.913545 
vn -0.951057 2.239e-15 0.309017 
vn -0.743145 6.3858e-16 0.669131 
vn -0.994522 3.45228e-15 -0.104528 
vn -0.951057 2.239e-15 0.309017 
vn -0.866025 4.06863e-15 -0.5 
vn -0.587785 3.98147e-15 -0.809017 
vn -0.207912 3.20589e-15 -0.978148 
vn 0.207912 1.87597e-15 -0.978148 
vn 0.587785 2.21684e-16 -0.809017 
vn 0.866025 -1.47093e-15 -0.5 
vn 0.994522 -2.90921e-15 -0.104528 
vn 1 -3.19827e-15 3.55606e-14 
vn -3.19827e-15 -1 -2.59769e-15 
vn 0.155651 -0.92388 0.349599 
vn 0.284389 -0.92388 0.256065 
vn -3.14003e-15 -1 -2.57877e-15 
vn 0.363954 -0.92388 0.118256 
vn 0.380587 -0.92388 -0.0400013 
vn -3.14524e-15 -1 -2.62831e-15 
vn 0.331414 -0.92388 -0.191342 
vn 0.224936 -0.92388 -0.309597 
vn -3.18554e-15 -1 -2.65759e-15 
vn 0.0795644 -0.92388 -0.374321 
vn -0.0795644 -0.92388 -0.374321 
vn -3.23426e-15 -1 -2.64723e-15 
vn -0.224936 -0.92388 -0.309597 
vn -0.331414 -0.92388 -0.191342 
vn -3.25916e-15 -1 -2.60409e-15 
vn -0.380587 -0.92388 -0.0400013 
vn -0.363954 -0.92388 0.118256 
vn -3.24377e-15 -1 -2.55672e-15 
vn -0.284389 -0.92388 0.256065 
vn -0.155651 -0.92388 0.349599 
vn -1.65398e-14 -0.92388 0.382683 
vn 0.287606 -0.707107 0.645974 
vn 0.525483 -0.707107 0.473147 
vn 0.672499 -0.707107 0.218508 
vn 0.703233 -0.707107 -0.0739128 
vn 0.612372 -0.707107 -0.353553 
vn 0.415627 -0.707107 -0.572061 
vn 0.147016 -0.707107 -0.691655 
vn -0.147016 -0.707107 -0.691655 
vn -0.415627 -0.707107 -0.572061 
vn -0.612372 -0.707107 -0.353553 
vn -0.703233 -0.707107 -0.0739128 
vn -0.672499 -0.707107 0.218508 
vn -0.525483 -0.707107 0.473147 
vn -0.287606 -0.707107 0.645974 
vn -2.73634e-14 -0.707107 0.707107 
vn 0.375776 -0.382683 0.844006 
vn 0.686576 -0.382683 0.618196 
vn 0.878662 -0.382683 0.285494 
vn 0.918818 -0.382683 -0.0965717 
vn 0.800103 -0.382683 -0.46194 
vn 0.543043 -0.382683 -0.747434 
vn 0.192085 -0.382683 -0.903691 
vn -0.192085 -0.382683 -0.903691 
vn -0.543043 -0.382683 -0.747434 
vn -0.800103 -0.382683 -0.46194 
vn -0.918818 -0.382683 -0.0965717 
vn -0.878662 -0.382683 0.285494 
vn -0.686576 -0.382683 0.618196 
vn -0.375776 -0.382683 0.844006 
vn -3.40211e-14 -0.382683 0.92388 
vn 0.406737 -3.67396e-15 0.913545 
vn 0.743145 -4.11497e-15 0.669131 
vn 0.951057 -3.84446e-15 0.309017 
vn 0.994522 -2.90921e-15 -0.104528 
vn 0.866025 -1.47093e-15 -0.5 
vn 0.587785 2.21684e-16 -0.809017 
vn 0.207912 1.87597e-15 -0.978148 
vn -0.207912 3.20589e-15 -0.978148 
vn -0.587785 3.98147e-15 -0.809017 
vn -0.866025 4.06863e-15 -0.5 
vn -0.994522 3.45228e-15 -0.104528 
vn -0.951057 2.239e-15 0.309017 
vn -0.743145 6.3858e-16 0.669131 
vn -0.406737 -1.07226e-15 0.913545 
vn -3.54994e-14 -2.59769e-15 1 
vn -0.743145 6.3858e-16 0.669131 
vn -0.406737 -1.07226e-15 0.913545 
vn -0.951057 2.239e-15 0.309017 
vn -0.743145 6.3858e-16 0.669131 
vn -0.994522 3.45228e-15 -0.104528 
vn -1 3.19827e-15 -3.56831e-14 
vn -0.866025 4.06863e-15 -0.5 
vn -0.587785 3.98147e-15 -0.809017 
vn -0.207912 3.20589e-15 -0.978148 
vn 0.207912 1.87597e-15 -0.978148 
vn 0.587785 2.21684e-16 -0.809017 
vn 0.866025 -1.47093e-15 -0.5 
vn 0.994522 -2.90921e-15 -0.104528 
vn 0.951057 -3.84446e-15 0.309017 
vn 0.743145 -4.11497e-15 0.669131 
vn 0.406737 -3.67396e-15 0.913545 
vn -3.19827e-15 -1 -2.59769e-15 
vn -0.0174524 -0.999848 -3.21685e-15 
vn -0.382683 -1.17603e-15 0.92388 
vn -3.53386e-14 -2.59769e-15 1 
vn -0.707107 4.2467e-16 0.707107 
vn -0.382683 -1.17603e-15 0.92388 
vn -0.92388 1.96072e-15 0.382683 
vn -0.707107 4.2467e-16 0.707107 
vn -1 3.19827e-15 -3.57443e-14 
vn -0.92388 1.96072e-15 0.382683 
vn -0.92388 3.94891e-15 -0.382683 
vn -0.707107 4.09836e-15 -0.707107 
vn -0.382683 3.62388e-15 -0.92388 
vn 3.56831e-14 2.59769e-15 -1 
vn -3.53417e-14 -2.59769e-15 1 
vn 1 -3.19827e-15 3.54994e-14 
vn 3.19827e-15 1 2.59769e-15 
vn 3.54994e-14 2.59769e-15 -1 
vn -3.19827e-15 -1 -3.17593e-15 
vn -3.54994e-14 -2.77117e-15 1 
vn 3.19827e-15 1 2.59769e-15 
vn 3.54994e-14 2.88681e-15 -1 
vn -3.19827e-15 -1 -2.59769e-15 
vn -3.54994e-14 -2.30857e-15 1 
vn 3.19827e-15 1 2.59769e-15 
vn 3.54994e-14 2.88681e-15 -1 
vn -3.19827e-15 -1 -2.59769e-15 
vn -3.54994e-14 -2.30857e-15 1 
vn 3.19827e-15 1 2.59769e-15 
vn 3.54994e-14 2.77117e-15 -1 
vn -3.19827e-15 -1 -3.17593e-15 
vn -3.54994e-14 -2.59769e-15 1 
vn 1 -3.19827e-15 3.54994e-14 
vn 0.0697565 -0.997564 -4.4413e-15 
vn 0.0697565 2.36827e-15 -0.997564 
vn 0.0697565 0.997564 -3.58481e-15 
vn 0.0697565 -2.81447e-15 0.997564 
vn 1 -3.19827e-15 3.54994e-14 
vn 0.0697565 -0.997564 -1.15054e-16 
vn 0.0697565 2.36827e-15 -0.997564 
vn 0.0697565 0.997564 5.06768e-15 
vn 0.0697565 -4.54496e-15 0.997564 
vn 1 -3.19827e-15 3.54994e-14 
vn 0.0697565 -0.997564 -1.15054e-16 
vn 0.0697565 2.36827e-15 -0.997564 
vn 0.0697565 0.997564 5.06768e-15 
vn 0.0697565 -4.54496e-15 0.997564 
vn 1 -3.19827e-15 3.54994e-14 
vn 0.0697565 -0.997564 -4.4413e-15 
vn 0.0697565 2.36827e-15 -0.997564 
vn 0.0697565 0.997564 -3.58481e-15 
vn 0.0697565 -2.81447e-15 0.997564 
vn 1 -3.19827e-15 3.54994e-14 
usemtl 0.776471_0.756863_0.737255_0.000000_0.000000
o mesh0
f 1//1 2//2 3//2 
f 2//2 4//3 5//3 
f 4//3 6//4 7//4 
f 6//4 8//5 9//5 
f 8//5 10//6 11//6 
f 10//6 12//7 13//7 
f 12//7 14//8 15//8 
f 14//8 16//9 17//9 
f 16//9 18//10 19//10 
f 18//10 20//11 21//11 
f 20//11 22//12 23//12 
f 22//12 24//13 25//13 
f 24//13 26//14 27//14 
f 26//14 28//15 29//15 
f 28//15 1//1 30//16 
f 30//16 29//15 28//15 
f 29//15 27//14 26//14 
f 27//14 25//13 24//13 
f 25//13 23//12 22//12 
f 23//12 21//11 20//11 
f 21//11 19//10 18//10 
f 19//10 17//9 16//9 
f 17//9 15//8 14//8 
f 15//8 13//7 12//7 
f 13//7 11//6 10//6 
f 11//6 9//5 8//5 
f 9//5 7//4 6//4 
f 7//4 5//3 4//3 
f 5//3 3//2 2//2 
f 3//2 30//16 1//1 
o mesh1
f 31//17 12//17 10//17 
f 32//17 14//17 12//17 
f 12//17 31//17 32//17 
f 33//17 4//17 2//17 
f 32//17 16//17 14//17 
f 32//17 34//17 18//17 
f 35//17 36//17 28//17 
f 2//17 36//17 33//17 
f 18//17 16//17 32//17 
f 34//17 22//17 20//17 
f 35//17 24//17 22//17 
f 28//17 26//17 35//17 
f 33//17 6//17 4//17 
f 33//17 31//17 8//17 
f 20//17 18//17 34//17 
f 26//17 24//17 35//17 
f 8//17 6//17 33//17 
f 22//17 34//17 35//17 
f 10//17 8//17 31//17 
f 36//17 1//17 28//17 
f 2//17 1//17 36//17 
o mesh2
f 37//18 38//18 32//18 
f 32//18 31//18 37//18 
o mesh3
f 39//19 37//19 31//19 
f 31//19 33//19 39//19 
o mesh4
f 39//20 33//20 36//20 
f 36//20 40//20 39//20 
o mesh5
f 41//21 40//21 36//21 
f 36//21 35//21 41//21 
o mesh6
f 42//22 41//22 35//22 
f 35//22 34//22 42//22 
o mesh7
f 42//23 34//23 32//23 
f 32//23 38//23 42//23 
o mesh8
f 43//24 44//24 45//24 
f 46//24 47//24 48//24 
f 46//24 49//24 50//24 
f 46//24 51//24 52//24 
f 45//24 46//24 43//24 
f 43//24 53//24 54//24 
f 55//24 56//24 43//24 
f 57//24 58//24 46//24 
f 46//24 59//24 60//24 
f 46//24 61//24 62//24 
f 46//24 63//24 47//24 
f 46//24 64//24 65//24 
f 50//24 66//24 46//24 
f 46//24 67//24 51//24 
f 54//24 44//24 43//24 
f 43//24 68//24 55//24 
f 46//24 69//24 70//24 
f 62//24 59//24 46//24 
f 48//24 71//24 46//24 
f 65//24 72//24 46//24 
f 52//24 49//24 46//24 
f 56//24 53//24 43//24 
f 55//24 73//24 74//24 
f 57//24 75//24 76//24 
f 60//24 69//24 46//24 
f 72//24 63//24 46//24 
f 64//24 42//24 38//24 
f 45//24 67//24 46//24 
f 55//24 68//24 73//24 
f 77//24 74//24 78//24 
f 76//24 79//24 57//24 
f 57//24 80//24 81//24 
f 80//24 82//24 83//24 
f 71//24 61//24 46//24 
f 38//24 84//24 64//24 
f 74//24 77//24 55//24 
f 78//24 85//24 86//24 
f 40//24 87//24 88//24 
f 38//24 37//24 89//24 
f 81//24 75//24 57//24 
f 80//24 90//24 82//24 
f 84//24 65//24 64//24 
f 78//24 86//24 77//24 
f 40//24 91//24 87//24 
f 89//24 92//24 38//24 
f 83//24 81//24 80//24 
f 66//24 64//24 46//24 
f 93//24 94//24 95//24 
f 93//24 96//24 97//24 
f 40//24 98//24 91//24 
f 88//24 89//24 37//24 
f 92//24 99//24 38//24 
f 46//24 70//24 57//24 
f 97//24 94//24 93//24 
f 96//24 100//24 101//24 
f 96//24 102//24 103//24 
f 96//24 104//24 105//24 
f 96//24 106//24 107//24 
f 80//24 106//24 96//24 
f 37//24 39//24 88//24 
f 79//24 58//24 57//24 
f 102//24 98//24 40//24 
f 102//24 96//24 108//24 
f 109//24 110//24 111//24 
f 112//24 109//24 113//24 
f 112//24 114//24 93//24 
f 95//24 115//24 93//24 
f 101//24 116//24 96//24 
f 103//24 117//24 96//24 
f 96//24 118//24 119//24 
f 96//24 120//24 104//24 
f 96//24 90//24 80//24 
f 99//24 84//24 38//24 
f 64//24 102//24 41//24 
f 102//24 121//24 98//24 
f 96//24 122//24 108//24 
f 111//24 113//24 109//24 
f 113//24 123//24 112//24 
f 115//24 124//24 93//24 
f 117//24 100//24 96//24 
f 96//24 125//24 118//24 
f 107//24 120//24 96//24 
f 41//24 42//24 64//24 
f 108//24 121//24 102//24 
f 123//24 114//24 112//24 
f 116//24 97//24 96//24 
f 105//24 125//24 96//24 
f 40//24 41//24 102//24 
f 93//24 124//24 112//24 
f 88//24 39//24 40//24 
f 119//24 122//24 96//24 
f 110//24 126//24 111//24 
o mesh9
f 46//25 127//25 128//25 
f 128//25 43//25 46//25 
o mesh10
f 81//26 129//26 130//26 
f 130//26 75//26 81//26 
o mesh11
f 76//27 75//26 131//28 
f 75//26 130//29 131//28 
f 79//30 76//27 132//31 
f 76//27 133//32 132//31 
f 79//30 134//33 135//34 
f 135//34 58//35 79//30 
f 58//35 136//36 137//37 
f 137//37 46//38 58//35 
f 137//37 127//38 46//38 
f 135//34 136//36 58//35 
f 132//31 134//33 79//30 
f 131//28 133//32 76//27 
o mesh12
f 137//39 136//40 138//41 
f 138//41 139//42 137//39 
f 135//41 134//43 140//43 
f 132//44 141//45 140//43 
f 131//46 142//46 141//45 
f 141//45 132//44 133//47 
f 141//45 133//47 131//46 
f 140//43 134//43 132//44 
f 140//43 138//41 135//41 
f 136//40 135//41 138//41 
o mesh13
f 127//48 139//48 143//48 
f 144//48 145//48 128//48 
f 143//48 128//48 127//48 
f 127//48 137//48 139//48 
f 128//48 143//48 144//48 
o mesh14
f 129//49 146//49 147//49 
f 142//49 131//49 130//49 
f 147//49 130//49 129//49 
f 129//49 148//49 146//49 
f 130//49 147//49 142//49 
o mesh15
f 68//50 43//51 145//52 
f 43//51 128//51 145//52 
f 73//53 68//50 149//54 
f 68//50 150//55 149//54 
f 73//53 151//56 152//57 
f 152//57 74//58 73//53 
f 74//58 153//58 154//59 
f 154//59 78//60 74//58 
f 154//59 155//60 78//60 
f 152//57 153//58 74//58 
f 149//54 151//56 73//53 
f 145//52 150//55 68//50 
o mesh16
f 154//61 153//62 156//63 
f 156//63 157//64 154//61 
f 152//65 151//66 158//66 
f 149//67 159//67 158//66 
f 159//67 149//67 150//68 
f 150//68 144//69 159//67 
f 150//68 145//69 144//69 
f 158//66 151//66 149//67 
f 158//66 156//63 152//65 
f 153//62 152//65 156//63 
o mesh17
f 160//70 155//70 161//70 
f 162//70 163//70 160//70 
f 157//70 161//70 155//70 
f 155//70 154//70 157//70 
f 161//70 162//70 160//70 
o mesh18
f 90//71 96//72 164//73 
f 96//72 165//72 164//73 
f 82//74 90//71 166//75 
f 90//71 167//76 166//75 
f 82//74 168//77 169//78 
f 169//78 83//79 82//74 
f 83//79 170//80 148//81 
f 148//81 81//82 83//79 
f 148//81 129//82 81//82 
f 169//78 170//80 83//79 
f 166//75 168//77 82//74 
f 164//73 167//76 90//71 
o mesh19
f 165//83 171//83 172//83 
f 173//83 164//83 165//83 
f 174//83 172//83 171//83 
f 171//83 175//83 174//83 
f 172//83 173//83 165//83 
o mesh20
f 113//84 111//85 163//86 
f 111//85 160//85 163//86 
f 123//87 113//84 176//88 
f 113//84 177//89 176//88 
f 123//87 178//90 179//91 
f 179//91 114//92 123//87 
f 114//92 180//92 175//93 
f 175//93 93//94 114//92 
f 175//93 171//94 93//94 
f 179//91 180//92 114//92 
f 176//88 178//90 123//87 
f 163//86 177//89 113//84 
o mesh21
f 93//94 171//94 165//94 
f 165//94 96//94 93//94 
o mesh22
f 148//95 170//96 181//97 
f 181//97 146//98 148//95 
f 169//97 168//99 182//99 
f 166//100 183//101 182//99 
f 164//102 173//102 183//101 
f 183//101 166//100 167//103 
f 183//101 167//103 164//102 
f 182//99 168//99 166//100 
f 182//99 181//97 169//97 
f 170//96 169//97 181//97 
o mesh23
f 175//102 180//104 184//105 
f 184//105 174//106 175//102 
f 179//107 178//108 185//108 
f 176//109 186//109 185//108 
f 186//109 176//109 177//110 
f 177//110 162//111 186//109 
f 177//110 163//111 162//111 
f 185//108 178//108 176//109 
f 185//108 184//105 179//107 
f 180//104 179//107 184//105 
o mesh24
f 155//112 160//112 126//112 
f 126//112 85//112 155//112 
f 160//112 111//112 126//112 
f 85//112 78//112 155//112 
o mesh25
f 65//113 84//114 187//115 
f 84//114 188//116 187//115 
f 187//115 189//117 65//113 
f 99//118 190//119 191//120 
f 191//120 84//114 99//118 
f 191//120 192//121 84//114 
f 193//122 99//118 92//123 
f 92//123 194//123 193//122 
f 72//124 195//125 196//126 
f 65//113 197//127 195//125 
f 195//125 72//124 65//113 
f 196//126 198//128 72//124 
f 193//122 190//119 99//118 
f 192//121 188//116 84//114 
f 189//117 197//127 65//113 
o mesh26
f 199//129 200//130 87//130 
f 98//131 201//131 202//132 
f 202//132 91//133 98//131 
f 98//131 121//134 203//135 
f 121//134 204//134 203//135 
f 121//134 108//136 205//137 
f 108//136 206//136 205//137 
f 205//137 204//134 121//134 
f 203//135 201//131 98//131 
f 202//132 199//129 91//133 
f 87//130 91//133 199//129 
o mesh27
f 232//138 190//139 193//140 
f 232//138 192//141 191//142 
f 191//142 190//139 232//138 
f 233//143 232//138 234//144 
f 235//145 233//143 236//146 
f 237//147 235//145 238//148 
f 237//147 207//149 208//150 
f 208//150 209//151 237//147 
f 237//147 239//152 210//153 
f 210//153 207//149 237//147 
f 240//154 188//155 192//141 
f 240//154 187//156 188//155 
f 241//157 240//154 232//138 
f 242//158 241//157 233//143 
f 243//159 242//158 235//145 
f 244//160 189//161 187//156 
f 244//160 197//162 189//161 
f 244//160 195//163 197//162 
f 245//164 244//160 240//154 
f 246//165 245//164 241//157 
f 247//166 246//165 242//158 
f 211//167 247//166 243//159 
f 243//159 212//168 211//167 
f 248//169 196//170 195//163 
f 249//171 248//169 244//160 
f 250//172 249//171 245//164 
f 251//173 250//172 246//165 
f 213//174 251//173 247//166 
f 196//170 248//169 214//175 
f 248//169 215//176 214//175 
f 249//171 216//177 217//178 
f 217//178 248//169 249//171 
f 249//171 218//179 216//177 
f 250//172 219//180 218//179 
f 250//172 251//173 220//181 
f 251//173 221//182 222//183 
f 222//183 220//181 251//173 
f 221//182 251//173 213//174 
f 234//144 193//140 194//184 
f 236//146 234//144 223//185 
f 234//144 224//186 223//185 
f 236//146 225//187 226//188 
f 227//189 239//152 238//148 
f 238//148 226//188 227//189 
f 239//152 228//190 229//191 
f 229//191 210//153 239//152 
f 227//189 228//190 239//152 
f 226//188 238//148 236//146 
f 223//185 225//187 236//146 
f 194//184 224//186 234//144 
f 213//174 230//192 221//182 
f 220//181 219//180 250//172 
f 218//179 249//171 250//172 
f 217//178 215//176 248//169 
f 214//175 198//193 196//170 
f 247//166 231//194 213//174 
f 246//165 247//166 251//173 
f 245//164 246//165 250//172 
f 244//160 245//164 249//171 
f 195//163 244//160 248//169 
f 211//167 231//194 247//166 
f 242//158 243//159 247//166 
f 241//157 242//158 246//165 
f 240//154 241//157 245//164 
f 187//156 240//154 244//160 
f 212//168 243//159 237//147 
f 235//145 237//147 243//159 
f 233//143 235//145 242//158 
f 232//138 233//143 241//157 
f 192//141 232//138 240//154 
f 209//151 212//168 237//147 
f 238//148 239//152 237//147 
f 236//146 238//148 235//145 
f 234//144 236//146 233//143 
f 193//140 234//144 232//138 
o mesh28
f 265//195 266//196 267//197 
f 266//196 268//198 267//197 
f 269//199 270//200 199//201 
f 271//202 272//203 273//204 
f 273//204 252//205 271//202 
f 274//206 253//207 254//208 
f 205//209 206//210 253//207 
f 253//207 274//206 205//209 
f 275//211 208//212 207//213 
f 208//212 275//211 276//214 
f 276//214 209//215 208//212 
f 277//216 278//217 279//218 
f 280//219 279//218 270//200 
f 268//198 266//196 278//217 
f 281//220 282//221 203//222 
f 274//206 255//223 256//224 
f 256//224 273//204 274//206 
f 205//209 274//206 281//220 
f 273//204 272//203 281//220 
f 272//203 283//225 282//221 
f 201//226 282//221 269//199 
f 269//199 202//227 201//226 
f 282//221 280//219 269//199 
f 283//225 268//198 277//216 
f 277//216 282//221 283//225 
f 284//228 285//229 257//230 
f 267//197 268//198 283//225 
f 283//225 271//202 267//197 
f 271//202 252//205 258//231 
f 258//231 285//229 271//202 
f 285//229 275//211 267//197 
f 284//228 276//214 275//211 
f 259//232 213//233 231//234 
f 231//234 284//228 259//232 
f 259//232 230//235 213//233 
f 284//228 211//236 212//237 
f 212//237 276//214 284//228 
f 265//195 260//238 261//239 
f 210//240 229//239 260//238 
f 265//195 207//213 210//240 
f 260//238 265//195 210//240 
f 261//239 262//241 278//217 
f 262//241 279//218 278//217 
f 278//217 266//196 261//239 
f 263//242 200//243 270//200 
f 200//243 199//201 270//200 
f 270//200 279//218 263//242 
f 262//241 263//242 279//218 
f 261//239 266//196 265//195 
f 212//237 209//215 276//214 
f 231//234 211//236 284//228 
f 275//211 285//229 284//228 
f 267//197 271//202 285//229 
f 258//231 257//230 285//229 
f 283//225 272//203 271//202 
f 257//230 259//232 284//228 
f 277//216 280//219 282//221 
f 201//226 203//222 282//221 
f 282//221 281//220 272//203 
f 281//220 274//206 273//204 
f 281//220 204//244 205//209 
f 256//224 264//245 273//204 
f 203//222 204//244 281//220 
f 278//217 277//216 268//198 
f 270//200 269//199 280//219 
f 279//218 280//219 277//216 
f 207//213 265//195 275//211 
f 254//208 255//223 274//206 
f 273//204 264//245 252//205 
f 199//201 202//227 269//199 
f 267//197 275//211 265//195 
o mesh29
f 206//246 108//246 286//246 
f 108//246 287//246 288//246 
f 288//246 286//246 108//246 
f 108//246 122//246 289//246 
f 289//246 287//246 108//246 
f 286//246 290//246 206//246 
o mesh30
f 309//247 310//248 291//249 
f 310//248 292//250 293//251 
f 293//251 291//249 310//248 
f 309//247 294//252 295//253 
f 295//253 311//254 309//247 
f 295//253 296//255 311//254 
f 311//254 297//256 298//257 
f 312//258 313//259 299//260 
f 313//259 298//257 299//260 
f 300//261 312//258 301//262 
f 314//263 315//264 309//247 
f 316//265 314//263 311//254 
f 317//266 316//265 313//259 
f 302//267 303//268 317//266 
f 312//258 300//261 302//267 
f 318//269 315//264 314//263 
f 319//270 320//271 314//263 
f 321//272 319//270 316//265 
f 321//272 317//266 303//268 
f 322//273 323//274 320//271 
f 324//275 322//273 319//270 
f 324//275 321//272 304//276 
f 325//277 326//278 323//274 
f 327//279 325//277 322//273 
f 305//280 327//279 324//275 
f 323//274 326//278 119//281 
f 320//271 125//282 105//283 
f 320//271 323//274 118//284 
f 118//284 125//282 320//271 
f 315//264 318//269 104//285 
f 309//247 120//286 107//287 
f 309//247 315//264 120//286 
f 292//250 310//248 106//288 
f 106//288 80//289 306//290 
f 305//280 286//291 288//292 
f 287//293 325//277 327//279 
f 287//293 289//294 326//278 
f 119//281 326//278 289//294 
f 289//294 122//295 119//281 
f 326//278 325//277 287//293 
f 327//279 288//292 287//293 
f 288//292 327//279 305//280 
f 106//288 306//290 292//250 
f 106//288 310//248 107//287 
f 107//287 310//248 309//247 
f 104//285 120//286 315//264 
f 104//285 318//269 105//283 
f 105//283 318//269 320//271 
f 119//281 118//284 323//274 
f 324//275 307//296 305//280 
f 322//273 324//275 327//279 
f 323//274 322//273 325//277 
f 304//276 307//296 324//275 
f 319//270 321//272 324//275 
f 320//271 319//270 322//273 
f 303//268 304//276 321//272 
f 316//265 317//266 321//272 
f 314//263 316//265 319//270 
f 314//263 320//271 318//269 
f 317//266 312//258 302//267 
f 313//259 312//258 317//266 
f 311//254 313//259 316//265 
f 309//247 311//254 314//263 
f 301//262 308//297 300//261 
f 299//260 301//262 312//258 
f 298//257 313//259 311//254 
f 296//255 297//256 311//254 
f 291//249 294//252 309//247 
o mesh31
f 72//298 328//298 329//298 
f 198//298 330//298 328//298 
f 72//298 331//298 332//298 
f 328//298 72//298 198//298 
f 329//298 331//298 72//298 
f 332//298 63//298 72//298 
o mesh32
f 333//299 334//300 335//301 
f 350//302 351//303 336//304 
f 351//303 337//305 336//304 
f 351//303 335//301 337//305 
f 350//302 338//306 339//307 
f 340//308 352//309 353//310 
f 353//310 339//307 341//311 
f 353//310 341//311 340//308 
f 354//312 342//313 343//314 
f 343//314 351//303 354//312 
f 354//312 351//303 350//302 
f 355//315 350//302 353//310 
f 356//316 344//317 342//313 
f 356//316 354//312 355//315 
f 357//318 355//315 358//319 
f 345//320 344//317 356//316 
f 359//321 356//316 357//318 
f 346//322 345//320 359//321 
f 360//323 359//321 361//324 
f 347//325 348//326 70//327 
f 70//327 69//328 347//325 
f 352//309 349//329 347//325 
f 353//310 352//309 60//330 
f 60//330 59//331 353//310 
f 358//319 59//331 62//332 
f 362//333 62//332 61//334 
f 357//318 71//335 48//336 
f 357//318 362//333 71//335 
f 361//324 48//336 47//337 
f 360//323 332//338 331//339 
f 328//340 346//322 360//323 
f 360//323 329//341 328//340 
f 331//339 329//341 360//323 
f 332//338 47//337 63//342 
f 47//337 332//338 361//324 
f 48//336 361//324 357//318 
f 61//334 71//335 362//333 
f 62//332 362//333 358//319 
f 59//331 358//319 353//310 
f 60//330 352//309 69//328 
f 69//328 352//309 347//325 
f 70//327 348//326 57//343 
f 361//324 332//338 360//323 
f 359//321 360//323 346//322 
f 357//318 361//324 359//321 
f 356//316 359//321 345//320 
f 358//319 362//333 357//318 
f 355//315 357//318 356//316 
f 342//313 354//312 356//316 
f 353//310 358//319 355//315 
f 350//302 355//315 354//312 
f 343//314 333//299 351//303 
f 340//308 349//329 352//309 
f 339//307 353//310 350//302 
f 336//304 338//306 350//302 
f 335//301 351//303 333//299 
o mesh33
f 198//344 214//345 363//346 
f 216//347 364//348 365//349 
f 363//346 215//350 217//351 
f 363//346 214//345 215//350 
f 217//351 365//349 363//346 
f 366//352 364//348 218//353 
f 367//354 366//352 219//355 
f 219//355 220//356 367//354 
f 364//348 216//347 218//353 
f 367//354 222//357 221//358 
f 230//359 368//359 369//360 
f 369//360 221//358 230//359 
f 367//354 220//356 222//357 
f 368//359 230//359 259//361 
f 370//362 259//361 257//363 
f 257//363 371//364 370//362 
f 259//361 370//362 368//359 
f 371//364 258//365 252//366 
f 264//367 372//368 373//369 
f 373//369 252//366 264//367 
f 252//366 373//369 371//364 
f 256//370 255//371 374//372 
f 374//372 255//371 254//373 
f 254//373 375//374 374//372 
f 374//372 372//368 256//370 
f 206//375 290//375 375//374 
f 375//374 253//376 206//375 
f 254//373 253//376 375//374 
f 264//367 256//370 372//368 
f 257//363 258//365 371//364 
f 221//358 369//360 367//354 
f 218//353 219//355 366//352 
f 365//349 217//351 216//347 
f 363//346 330//377 198//344 
o mesh34
f 55//378 77//379 376//380 
f 77//379 377//381 376//380 
f 376//380 378//382 55//378 
f 77//379 379//383 380//384 
f 86//385 381//386 379//383 
f 379//383 77//379 86//385 
f 382//387 86//385 85//388 
f 85//388 383//388 382//387 
f 56//389 384//390 385//391 
f 55//378 386//392 384//390 
f 384//390 56//389 55//378 
f 385//391 387//393 56//389 
f 382//387 381//386 86//385 
f 380//384 377//381 77//379 
f 378//382 386//392 55//378 
o mesh35
f 388//394 389//395 126//395 
f 109//396 390//396 391//397 
f 391//397 110//398 109//396 
f 109//396 112//399 392//400 
f 112//399 393//399 392//400 
f 112//399 124//401 394//402 
f 124//401 395//401 394//402 
f 394//402 393//399 112//399 
f 392//400 390//396 109//396 
f 391//397 388//394 110//398 
f 126//395 110//398 388//394 
o mesh36
f 396//403 397//403 398//403 
f 397//403 396//403 399//403 
f 400//403 401//403 402//403 
f 389//403 399//403 403//403 
f 399//403 389//403 397//403 
f 404//403 405//403 406//403 
f 401//403 407//403 402//403 
f 383//403 85//403 408//403 
f 398//403 409//403 396//403 
f 410//403 404//403 411//403 
f 406//403 412//403 404//403 
f 413//403 414//403 415//403 
f 401//403 415//403 416//403 
f 408//403 400//403 383//403 
f 403//403 126//403 389//403 
f 409//403 410//403 417//403 
f 412//403 411//403 404//403 
f 406//403 405//403 413//403 
f 415//403 414//403 416//403 
f 85//403 418//403 408//403 
f 417//403 396//403 409//403 
f 415//403 406//403 413//403 
f 402//403 383//403 400//403 
f 403//403 419//403 126//403 
f 416//403 407//403 401//403 
f 419//403 420//403 126//403 
f 85//403 421//403 418//403 
f 411//403 417//403 410//403 
f 85//403 126//403 422//403 
f 422//403 421//403 85//403 
f 420//403 422//403 126//403 
o mesh37
f 441//404 381//405 382//406 
f 441//404 380//407 379//408 
f 379//408 381//405 441//404 
f 442//409 441//404 443//410 
f 444//411 442//409 445//412 
f 446//413 444//411 447//414 
f 446//413 423//415 424//416 
f 424//416 425//417 446//413 
f 446//413 448//418 426//419 
f 426//419 423//415 446//413 
f 449//420 377//421 380//407 
f 449//420 376//422 377//421 
f 450//423 449//420 441//404 
f 451//424 450//423 442//409 
f 452//425 451//424 444//411 
f 453//426 378//427 376//422 
f 453//426 386//428 378//427 
f 453//426 384//429 386//428 
f 454//430 453//426 449//420 
f 455//431 454//430 450//423 
f 456//432 455//431 451//424 
f 427//433 456//432 452//425 
f 452//425 428//434 427//433 
f 457//435 385//436 384//429 
f 458//437 457//435 453//426 
f 459//438 458//437 454//430 
f 460//439 459//438 455//431 
f 429//440 460//439 456//432 
f 385//436 457//435 430//441 
f 457//435 431//442 430//441 
f 458//437 432//443 433//444 
f 433//444 457//435 458//437 
f 458//437 434//445 432//443 
f 459//438 435//446 434//445 
f 459//438 460//439 436//447 
f 460//439 437//448 438//449 
f 438//449 436//447 460//439 
f 437//448 460//439 429//440 
f 443//410 382//406 383//450 
f 445//412 443//410 407//451 
f 443//410 402//452 407//451 
f 445//412 416//453 414//454 
f 413//455 448//418 447//414 
f 447//414 414//454 413//455 
f 448//418 405//456 404//457 
f 404//457 426//419 448//418 
f 413//455 405//456 448//418 
f 414//454 447//414 445//412 
f 407//451 416//453 445//412 
f 383//450 402//452 443//410 
f 429//440 439//458 437//448 
f 436//447 435//446 459//438 
f 434//445 458//437 459//438 
f 433//444 431//442 457//435 
f 430//441 387//459 385//436 
f 456//432 440//460 429//440 
f 455//431 456//432 460//439 
f 454//430 455//431 459//438 
f 453//426 454//430 458//437 
f 384//429 453//426 457//435 
f 427//433 440//460 456//432 
f 451//424 452//425 456//432 
f 450//423 451//424 455//431 
f 449//420 450//423 454//430 
f 376//422 449//420 453//426 
f 428//434 452//425 446//413 
f 444//411 446//413 452//425 
f 442//409 444//411 451//424 
f 441//404 442//409 450//423 
f 380//407 441//404 449//420 
f 425//417 428//434 446//413 
f 447//414 448//418 446//413 
f 445//412 447//414 444//411 
f 443//410 445//412 442//409 
f 382//406 443//410 441//404 
o mesh38
f 470//461 471//462 472//463 
f 471//462 473//464 472//463 
f 474//465 475//466 388//467 
f 476//468 477//469 478//470 
f 478//470 461//471 476//468 
f 479//472 462//473 463//474 
f 394//475 395//476 462//473 
f 462//473 479//472 394//475 
f 480//477 424//478 423//479 
f 424//478 480//477 481//480 
f 481//480 425//481 424//478 
f 482//482 483//483 484//484 
f 485//485 484//484 475//466 
f 473//464 471//462 483//483 
f 486//486 487//487 392//488 
f 479//472 464//489 465//490 
f 465//490 478//470 479//472 
f 394//475 479//472 486//486 
f 478//470 477//469 486//486 
f 477//469 488//491 487//487 
f 390//492 487//487 474//465 
f 474//465 391//493 390//492 
f 487//487 485//485 474//465 
f 488//491 473//464 482//482 
f 482//482 487//487 488//491 
f 489//494 490//495 466//496 
f 472//463 473//464 488//491 
f 488//491 476//468 472//463 
f 476//468 461//471 467//497 
f 467//497 490//495 476//468 
f 490//495 480//477 472//463 
f 489//494 481//480 480//477 
f 468//498 429//499 440//500 
f 440//500 489//494 468//498 
f 468//498 439//501 429//499 
f 489//494 427//502 428//503 
f 428//503 481//480 489//494 
f 470//461 410//504 409//505 
f 426//506 404//505 410//504 
f 470//461 423//479 426//506 
f 410//504 470//461 426//506 
f 409//505 398//507 483//483 
f 398//507 484//484 483//483 
f 483//483 471//462 409//505 
f 397//508 389//509 475//466 
f 389//509 388//467 475//466 
f 475//466 484//484 397//508 
f 398//507 397//508 484//484 
f 409//505 471//462 470//461 
f 428//503 425//481 481//480 
f 440//500 427//502 489//494 
f 480//477 490//495 489//494 
f 472//463 476//468 490//495 
f 467//497 466//496 490//495 
f 488//491 477//469 476//468 
f 466//496 468//498 489//494 
f 482//482 485//485 487//487 
f 390//492 392//488 487//487 
f 487//487 486//486 477//469 
f 486//486 479//472 478//470 
f 486//486 393//510 394//475 
f 465//490 469//511 478//470 
f 392//488 393//510 486//486 
f 483//483 482//482 473//464 
f 475//466 474//465 485//485 
f 484//484 485//485 482//482 
f 423//479 470//461 480//477 
f 463//474 464//489 479//472 
f 478//470 469//511 461//471 
f 388//467 391//493 474//465 
f 472//463 480//477 470//461 
o mesh39
f 387//512 430//513 491//514 
f 432//515 492//516 493//517 
f 491//514 431//518 433//519 
f 491//514 430//513 431//518 
f 433//519 493//517 491//514 
f 494//520 492//516 434//521 
f 495//522 494//520 435//523 
f 435//523 436//524 495//522 
f 492//516 432//515 434//521 
f 439//525 496//525 497//526 
f 497//526 437//527 439//525 
f 495//522 438//528 437//527 
f 495//522 436//524 438//528 
f 498//529 468//530 466//531 
f 496//525 439//525 468//530 
f 468//530 498//529 496//525 
f 466//531 499//532 498//529 
f 499//532 467//533 461//534 
f 469//535 500//536 501//537 
f 501//537 461//534 469//535 
f 461//534 501//537 499//532 
f 465//538 464//539 502//540 
f 502//540 464//539 463//541 
f 463//541 503//542 502//540 
f 502//540 500//536 465//538 
f 395//543 504//543 503//542 
f 503//542 462//544 395//543 
f 463//541 462//544 503//542 
f 469//535 465//538 500//536 
f 466//531 467//533 499//532 
f 497//526 495//522 437//527 
f 434//521 435//523 494//520 
f 493//517 433//519 432//515 
f 491//514 505//545 387//512 
o mesh40
f 395//546 124//546 506//546 
f 124//546 507//546 508//546 
f 508//546 506//546 124//546 
f 124//546 115//546 509//546 
f 509//546 507//546 124//546 
f 506//546 504//546 395//546 
o mesh41
f 528//547 529//548 510//549 
f 529//548 511//550 512//551 
f 512//551 510//549 529//548 
f 528//547 513//552 514//553 
f 514//553 530//554 528//547 
f 514//553 515//555 530//554 
f 530//554 516//556 517//557 
f 531//558 532//559 518//560 
f 532//559 517//557 518//560 
f 519//561 531//558 520//562 
f 533//563 534//564 528//547 
f 535//565 533//563 530//554 
f 536//566 535//565 532//559 
f 521//567 522//568 536//566 
f 531//558 519//561 521//567 
f 537//569 534//564 533//563 
f 538//570 539//571 533//563 
f 540//572 538//570 535//565 
f 540//572 536//566 522//568 
f 541//573 542//574 539//571 
f 543//575 541//573 538//570 
f 543//575 540//572 523//576 
f 544//577 545//578 542//574 
f 546//579 544//577 541//573 
f 524//580 546//579 543//575 
f 542//574 545//578 95//581 
f 539//571 97//582 116//583 
f 539//571 542//574 94//584 
f 94//584 97//582 539//571 
f 534//564 537//569 101//585 
f 528//547 100//586 117//587 
f 528//547 534//564 100//586 
f 511//550 529//548 103//588 
f 103//588 102//589 525//590 
f 524//580 506//591 508//592 
f 507//593 544//577 546//579 
f 507//593 509//594 545//578 
f 95//581 545//578 509//594 
f 509//594 115//595 95//581 
f 545//578 544//577 507//593 
f 546//579 508//592 507//593 
f 508//592 546//579 524//580 
f 103//588 525//590 511//550 
f 103//588 529//548 117//587 
f 117//587 529//548 528//547 
f 101//585 100//586 534//564 
f 101//585 537//569 116//583 
f 116//583 537//569 539//571 
f 95//581 94//584 542//574 
f 543//575 526//596 524//580 
f 541//573 543//575 546//579 
f 542//574 541//573 544//577 
f 523//576 526//596 543//575 
f 538//570 540//572 543//575 
f 539//571 538//570 541//573 
f 522//568 523//576 540//572 
f 535//565 536//566 540//572 
f 533//563 535//565 538//570 
f 533//563 539//571 537//569 
f 536//566 531//558 521//567 
f 532//559 531//558 536//566 
f 530//554 532//559 535//565 
f 528//547 530//554 533//563 
f 520//562 527//597 519//561 
f 518//560 520//562 531//558 
f 517//557 532//559 530//554 
f 515//555 516//556 530//554 
f 510//549 513//552 528//547 
o mesh42
f 56//598 547//598 548//598 
f 387//598 505//598 547//598 
f 56//598 549//598 550//598 
f 547//598 56//598 387//598 
f 548//598 549//598 56//598 
f 550//598 53//598 56//598 
o mesh43
f 551//599 552//600 553//601 
f 569//602 570//603 554//604 
f 570//603 555//605 554//604 
f 570//603 553//601 555//605 
f 569//602 556//606 557//607 
f 558//608 571//609 572//610 
f 572//610 557//607 559//611 
f 572//610 559//611 558//608 
f 570//603 560//612 561//613 
f 573//614 562//615 560//612 
f 560//612 570//603 573//614 
f 573//614 570//603 569//602 
f 574//616 569//602 572//610 
f 575//617 573//614 574//616 
f 576//618 574//616 577//619 
f 563//620 562//615 575//617 
f 578//621 575//617 576//618 
f 564//622 565//623 578//621 
f 578//621 579//624 564//622 
f 579//624 578//621 580//625 
f 566//626 567//627 66//628 
f 66//628 50//629 566//626 
f 571//609 568//630 566//626 
f 572//610 571//609 49//631 
f 49//631 52//632 572//610 
f 577//619 52//632 51//633 
f 581//634 51//633 67//635 
f 576//618 45//636 44//637 
f 576//618 581//634 45//636 
f 580//625 44//637 54//638 
f 579//624 550//639 549//640 
f 547//641 564//622 579//624 
f 579//624 548//642 547//641 
f 549//640 548//642 579//624 
f 550//639 54//638 53//643 
f 54//638 550//639 580//625 
f 44//637 580//625 576//618 
f 67//635 45//636 581//634 
f 51//633 581//634 577//619 
f 52//632 577//619 572//610 
f 49//631 571//609 50//629 
f 50//629 571//609 566//626 
f 66//628 567//627 64//644 
f 580//625 550//639 579//624 
f 565//623 563//620 578//621 
f 576//618 580//625 578//621 
f 575//617 578//621 563//620 
f 577//619 581//634 576//618 
f 574//616 576//618 575//617 
f 573//614 575//617 562//615 
f 572//610 577//619 574//616 
f 569//602 574//616 573//614 
f 561//613 551//599 570//603 
f 558//608 568//630 571//609 
f 557//607 572//610 569//602 
f 554//604 556//606 569//602 
f 553//601 570//603 551//599 
o mesh44
f 520//645 555//646 553//647 
f 520//645 554//648 555//646 
f 553//647 527//649 520//645 
f 520//645 518//650 554//648 
f 559//651 516//652 515//653 
f 517//654 557//655 556//656 
f 556//656 518//650 517//654 
f 516//652 559//651 557//655 
f 517//654 516//652 557//655 
f 515//653 514//657 559//651 
f 566//658 513//659 510//660 
f 514//657 568//661 558//662 
f 513//659 566//658 568//661 
f 568//661 514//657 513//659 
f 558//662 559//651 514//657 
f 64//663 511//664 525//665 
f 511//664 64//663 567//666 
f 567//666 512//667 511//664 
f 525//665 102//668 64//663 
f 567//666 566//658 512//667 
f 510//660 512//667 566//658 
f 556//656 554//648 518//650 
f 553//647 552//669 527//649 
o mesh45
f 521//670 582//671 583//672 
f 583//672 522//673 521//670 
f 584//674 526//675 523//676 
f 523//676 585//677 584//674 
f 584//674 586//678 526//675 
f 582//671 521//670 519//679 
f 519//679 587//680 582//671 
f 504//681 506//681 524//682 
f 524//682 586//678 504//681 
f 524//682 526//675 586//678 
f 519//679 527//683 587//680 
f 523//676 522//673 585//677 
f 583//672 585//677 522//673 
o mesh46
f 600//684 583//685 582//686 
f 582//686 588//687 600//684 
f 600//684 588//687 589//687 
f 601//688 589//687 590//687 
f 602//689 590//687 591//690 
f 603//691 591//690 592//690 
f 604//692 592//690 593//693 
f 594//694 605//695 593//693 
f 593//693 595//696 594//694 
f 585//697 583//685 600//684 
f 606//698 600//684 601//688 
f 607//699 601//688 602//689 
f 608//700 602//689 603//691 
f 609//701 603//691 604//692 
f 610//702 604//692 605//695 
f 611//703 605//695 596//704 
f 584//705 585//697 606//698 
f 612//706 606//698 607//699 
f 613//707 607//699 608//700 
f 614//708 608//700 609//701 
f 615//709 609//701 610//702 
f 616//710 610//702 611//703 
f 617//711 611//703 597//712 
f 584//705 612//706 503//713 
f 503//713 504//714 586//715 
f 612//706 502//716 503//713 
f 612//706 613//707 500//717 
f 613//707 501//718 500//717 
f 613//707 614//708 499//719 
f 614//708 498//720 499//719 
f 614//708 615//709 496//721 
f 615//709 497//722 496//721 
f 616//710 494//723 495//724 
f 495//724 615//709 616//710 
f 617//711 493//725 492//726 
f 492//726 616//710 617//711 
f 598//727 599//728 491//729 
f 491//729 617//711 598//727 
f 491//729 493//725 617//711 
f 599//728 505//730 491//729 
f 492//726 494//723 616//710 
f 495//724 497//722 615//709 
f 496//721 498//720 614//708 
f 499//719 501//718 613//707 
f 500//717 502//716 612//706 
f 503//713 586//715 584//705 
f 597//712 598//727 617//711 
f 611//703 617//711 616//710 
f 610//702 616//710 615//709 
f 609//701 615//709 614//708 
f 608//700 614//708 613//707 
f 607//699 613//707 612//706 
f 606//698 612//706 584//705 
f 596//704 597//712 611//703 
f 605//695 611//703 610//702 
f 604//692 610//702 609//701 
f 603//691 609//701 608//700 
f 602//689 608//700 607//699 
f 601//688 607//699 606//698 
f 600//684 606//698 585//697 
f 594//694 596//704 605//695 
f 593//693 605//695 604//692 
f 592//690 604//692 603//691 
f 591//690 603//691 602//689 
f 590//687 602//689 601//688 
f 589//687 601//688 600//684 
f 582//686 587//731 588//687 
o mesh47
f 594//732 561//733 560//734 
f 562//735 597//736 596//737 
f 596//737 560//734 562//735 
f 597//736 562//735 563//738 
f 565//739 599//740 598//741 
f 598//741 563//738 565//739 
f 595//742 552//742 551//743 
f 551//743 594//732 595//742 
f 599//740 565//739 564//744 
f 564//744 505//745 599//740 
f 564//744 547//745 505//745 
f 551//743 561//733 594//732 
f 563//738 598//741 597//736 
f 560//734 596//737 594//732 
o mesh48
f 589//746 588//746 618//746 
f 588//746 587//746 619//746 
f 527//746 620//746 621//746 
f 527//746 552//746 622//746 
f 595//746 623//746 624//746 
f 595//746 593//746 625//746 
f 590//746 589//746 626//746 
f 619//746 618//746 588//746 
f 621//746 587//746 527//746 
f 552//746 627//746 622//746 
f 625//746 623//746 595//746 
f 593//746 592//746 628//746 
f 592//746 591//746 629//746 
f 591//746 590//746 630//746 
f 618//746 626//746 589//746 
f 527//746 631//746 620//746 
f 622//746 632//746 527//746 
f 628//746 625//746 593//746 
f 630//746 629//746 591//746 
f 621//746 619//746 587//746 
f 552//746 633//746 627//746 
f 629//746 628//746 592//746 
f 632//746 631//746 527//746 
f 624//746 552//746 595//746 
f 624//746 633//746 552//746 
f 626//746 630//746 590//746 
o mesh49
f 301//747 337//748 335//749 
f 301//747 336//750 337//748 
f 335//749 308//751 301//747 
f 301//747 299//752 336//750 
f 341//753 297//754 296//755 
f 298//756 339//757 338//758 
f 338//758 299//752 298//756 
f 297//754 341//753 339//757 
f 298//756 297//754 339//757 
f 338//758 336//750 299//752 
f 295//759 349//760 340//761 
f 347//762 294//763 291//764 
f 294//763 347//762 349//760 
f 349//760 295//759 294//763 
f 291//764 293//765 347//762 
f 57//766 292//767 306//768 
f 292//767 57//766 348//769 
f 348//769 293//765 292//767 
f 348//769 347//762 293//765 
f 306//768 80//770 57//766 
f 340//761 341//753 295//759 
f 296//755 295//759 341//753 
f 335//749 334//771 308//751 
o mesh50
f 302//772 634//773 635//774 
f 635//774 303//775 302//772 
f 636//776 307//777 304//778 
f 304//778 637//779 636//776 
f 636//776 638//780 307//777 
f 634//773 302//772 300//781 
f 300//781 639//782 634//773 
f 290//783 286//783 305//784 
f 305//784 638//780 290//783 
f 305//784 307//777 638//780 
f 300//781 308//785 639//782 
f 304//778 303//775 637//779 
f 635//774 637//779 303//775 
o mesh51
f 652//786 635//787 634//788 
f 634//788 640//789 652//786 
f 652//786 640//789 641//789 
f 653//790 641//789 642//789 
f 654//791 642//789 643//792 
f 655//793 643//792 644//792 
f 656//794 644//792 645//795 
f 646//796 657//797 645//795 
f 645//795 647//798 646//796 
f 637//799 635//787 652//786 
f 658//800 652//786 653//790 
f 659//801 653//790 654//791 
f 660//802 654//791 655//793 
f 661//803 655//793 656//794 
f 662//804 656//794 657//797 
f 663//805 657//797 648//806 
f 636//807 637//799 658//800 
f 664//808 658//800 659//801 
f 665//809 659//801 660//802 
f 666//810 660//802 661//803 
f 667//811 661//803 662//804 
f 668//812 662//804 663//805 
f 669//813 663//805 649//814 
f 636//807 664//808 375//815 
f 375//815 290//816 638//817 
f 664//808 374//818 375//815 
f 664//808 665//809 372//819 
f 665//809 373//820 372//819 
f 665//809 666//810 371//821 
f 666//810 370//822 371//821 
f 667//811 369//823 368//824 
f 368//824 666//810 667//811 
f 668//812 366//825 367//826 
f 367//826 667//811 668//812 
f 669//813 365//827 364//828 
f 364//828 668//812 669//813 
f 650//829 651//830 363//831 
f 363//831 669//813 650//829 
f 363//831 365//827 669//813 
f 651//830 330//832 363//831 
f 364//828 366//825 668//812 
f 367//826 369//823 667//811 
f 368//824 370//822 666//810 
f 371//821 373//820 665//809 
f 372//819 374//818 664//808 
f 375//815 638//817 636//807 
f 649//814 650//829 669//813 
f 663//805 669//813 668//812 
f 662//804 668//812 667//811 
f 661//803 667//811 666//810 
f 660//802 666//810 665//809 
f 659//801 665//809 664//808 
f 658//800 664//808 636//807 
f 648//806 649//814 663//805 
f 657//797 663//805 662//804 
f 656//794 662//804 661//803 
f 655//793 661//803 660//802 
f 654//791 660//802 659//801 
f 653//790 659//801 658//800 
f 652//786 658//800 637//799 
f 646//796 648//806 657//797 
f 645//795 657//797 656//794 
f 644//792 656//794 655//793 
f 643//792 655//793 654//791 
f 642//789 654//791 653//790 
f 641//789 653//790 652//786 
f 634//788 639//833 640//789 
o mesh52
f 342//834 649//834 648//835 
f 648//835 343//836 342//834 
f 344//837 651//838 650//839 
f 650//839 342//834 344//837 
f 650//839 649//834 342//834 
f 651//838 345//840 346//841 
f 346//841 330//842 651//838 
f 647//843 334//843 333//844 
f 333//844 646//845 647//843 
f 333//844 343//836 646//845 
f 346//841 328//846 330//842 
f 344//837 345//840 651//838 
f 648//835 646//845 343//836 
o mesh53
f 641//847 670//847 671//847 
f 640//847 672//847 670//847 
f 644//847 643//847 673//847 
f 642//847 671//847 674//847 
f 670//847 641//847 640//847 
f 308//847 334//847 675//847 
f 647//847 645//847 676//847 
f 645//847 644//847 677//847 
f 643//847 674//847 673//847 
f 671//847 642//847 641//847 
f 675//847 678//847 308//847 
f 334//847 679//847 680//847 
f 677//847 676//847 645//847 
f 674//847 643//847 642//847 
f 639//847 681//847 672//847 
f 639//847 308//847 682//847 
f 680//847 675//847 334//847 
f 673//847 677//847 644//847 
f 682//847 681//847 639//847 
f 678//847 683//847 308//847 
f 647//847 684//847 679//847 
f 672//847 640//847 639//847 
f 679//847 334//847 647//847 
f 683//847 682//847 308//847 
f 676//847 684//847 647//847 
o mesh54
f 673//848 674//849 685//849 
f 677//850 673//848 686//851 
f 676//852 677//850 687//853 
f 684//854 676//852 688//855 
f 679//856 684//854 689//857 
f 680//858 679//856 690//859 
f 675//860 680//858 691//861 
f 678//862 675//860 692//863 
f 683//864 678//862 693//865 
f 682//866 683//864 694//867 
f 681//868 682//866 695//869 
f 672//870 681//868 696//871 
f 670//872 672//870 697//873 
f 671//874 670//872 698//875 
f 674//849 671//874 699//874 
f 699//874 685//849 674//849 
f 698//875 699//874 671//874 
f 697//873 698//875 670//872 
f 696//871 697//873 672//870 
f 695//869 696//871 681//868 
f 694//867 695//869 682//866 
f 693//865 694//867 683//864 
f 692//863 693//865 678//862 
f 691//861 692//863 675//860 
f 690//859 691//861 680//858 
f 689//857 690//859 679//856 
f 688//855 689//857 684//854 
f 687//853 688//855 676//852 
f 686//851 687//853 677//850 
f 685//849 686//851 673//848 
o mesh55
f 700//876 701//877 406//877 
f 702//878 700//876 415//879 
f 703//880 702//878 401//881 
f 704//882 703//880 400//883 
f 705//884 704//882 408//885 
f 706//886 705//884 418//887 
f 707//888 706//886 421//889 
f 707//888 422//888 420//890 
f 708//890 420//890 419//891 
f 709//891 419//891 403//892 
f 710//892 403//892 399//893 
f 711//893 399//893 396//894 
f 712//894 396//894 417//895 
f 713//895 417//895 411//896 
f 701//877 714//896 412//897 
f 714//896 411//896 412//897 
f 412//897 406//877 701//877 
f 411//896 714//896 713//895 
f 417//895 713//895 712//894 
f 396//894 712//894 711//893 
f 399//893 711//893 710//892 
f 403//892 710//892 709//891 
f 419//891 709//891 708//890 
f 420//890 708//890 707//888 
f 421//889 422//888 707//888 
f 418//887 421//889 706//886 
f 408//885 418//887 705//884 
f 400//883 408//885 704//882 
f 401//881 400//883 703//880 
f 415//879 401//881 702//878 
f 406//877 415//879 700//876 
o mesh56
f 715//898 716//898 730//899 
f 716//898 717//898 731//900 
f 717//898 718//901 732//902 
f 718//901 719//901 733//903 
f 719//901 720//904 734//905 
f 720//904 721//904 735//906 
f 721//904 722//907 736//908 
f 722//907 723//907 737//909 
f 723//907 724//910 738//911 
f 724//910 725//910 739//912 
f 725//910 726//913 740//914 
f 726//913 727//913 741//915 
f 727//913 728//916 742//917 
f 728//916 729//916 743//918 
f 729//916 715//898 744//919 
f 744//919 730//899 745//920 
f 730//899 731//900 746//921 
f 731//900 732//902 747//922 
f 732//902 733//903 748//923 
f 733//903 734//905 749//924 
f 734//905 735//906 750//925 
f 735//906 736//908 751//926 
f 736//908 737//909 752//927 
f 737//909 738//911 753//928 
f 738//911 739//912 754//929 
f 739//912 740//914 755//930 
f 740//914 741//915 756//931 
f 741//915 742//917 757//932 
f 742//917 743//918 758//933 
f 743//918 744//919 759//934 
f 759//934 745//920 760//935 
f 745//920 746//921 761//936 
f 746//921 747//922 762//937 
f 747//922 748//923 763//938 
f 748//923 749//924 764//939 
f 749//924 750//925 765//940 
f 750//925 751//926 766//941 
f 751//926 752//927 767//942 
f 752//927 753//928 768//943 
f 753//928 754//929 769//944 
f 754//929 755//930 770//945 
f 755//930 756//931 771//946 
f 756//931 757//932 772//947 
f 757//932 758//933 773//948 
f 758//933 759//934 774//949 
f 774//949 760//935 702//950 
f 760//935 761//936 700//951 
f 761//936 762//937 701//952 
f 762//937 763//938 714//953 
f 763//938 764//939 713//954 
f 764//939 765//940 712//955 
f 765//940 766//941 711//956 
f 766//941 767//942 710//957 
f 767//942 768//943 709//958 
f 768//943 769//944 708//959 
f 769//944 770//945 707//960 
f 770//945 771//946 706//961 
f 771//946 772//947 705//962 
f 772//947 773//948 704//963 
f 773//948 774//949 703//964 
f 703//964 704//963 773//948 
f 704//963 705//962 772//947 
f 705//962 706//961 771//946 
f 706//961 707//960 770//945 
f 707//960 708//959 769//944 
f 708//959 709//958 768//943 
f 709//958 710//957 767//942 
f 710//957 711//956 766//941 
f 711//956 712//955 765//940 
f 712//955 713//954 764//939 
f 713//954 714//953 763//938 
f 714//953 701//952 762//937 
f 701//952 700//951 761//936 
f 700//951 702//950 760//935 
f 702//950 703//964 774//949 
f 774//949 773//948 758//933 
f 773//948 772//947 757//932 
f 772//947 771//946 756//931 
f 771//946 770//945 755//930 
f 770//945 769//944 754//929 
f 769//944 768//943 753//928 
f 768//943 767//942 752//927 
f 767//942 766//941 751//926 
f 766//941 765//940 750//925 
f 765//940 764//939 749//924 
f 764//939 763//938 748//923 
f 763//938 762//937 747//922 
f 762//937 761//936 746//921 
f 761//936 760//935 745//920 
f 760//935 774//949 759//934 
f 759//934 758//933 743//918 
f 758//933 757//932 742//917 
f 757//932 756//931 741//915 
f 756//931 755//930 740//914 
f 755//930 754//929 739//912 
f 754//929 753//928 738//911 
f 753//928 752//927 737//909 
f 752//927 751//926 736//908 
f 751//926 750//925 735//906 
f 750//925 749//924 734//905 
f 749//924 748//923 733//903 
f 748//923 747//922 732//902 
f 747//922 746//921 731//900 
f 746//921 745//920 730//899 
f 745//920 759//934 744//919 
f 744//919 743//918 729//916 
f 743//918 742//917 728//916 
f 742//917 741//915 727//913 
f 741//915 740//914 726//913 
f 740//914 739//912 725//910 
f 739//912 738//911 724//910 
f 738//911 737//909 723//907 
f 737//909 736//908 722//907 
f 736//908 735//906 721//904 
f 735//906 734//905 720//904 
f 734//905 733//903 719//901 
f 733//903 732//902 718//901 
f 732//902 731//900 717//898 
f 731//900 730//899 716//898 
f 730//899 744//919 715//898 
o mesh57
f 624//963 623//964 775//964 
f 633//965 624//963 776//966 
f 627//967 633//965 777//968 
f 778//967 779//969 622//970 
f 779//969 632//969 622//970 
f 631//971 632//969 779//969 
f 620//972 631//971 780//971 
f 621//973 620//972 781//972 
f 619//974 621//973 782//973 
f 618//975 619//974 783//974 
f 626//976 618//975 784//975 
f 630//977 626//976 785//976 
f 629//978 630//977 786//977 
f 628//979 629//978 787//978 
f 625//980 628//979 788//979 
f 623//964 625//980 789//980 
f 789//980 775//964 623//964 
f 788//979 789//980 625//980 
f 787//978 788//979 628//979 
f 786//977 787//978 629//978 
f 785//976 786//977 630//977 
f 784//975 785//976 626//976 
f 783//974 784//975 618//975 
f 782//973 783//974 619//974 
f 781//972 782//973 621//973 
f 780//971 781//972 620//972 
f 779//969 780//971 631//971 
f 622//970 627//967 778//967 
f 777//968 778//967 627//967 
f 776//966 777//968 633//965 
f 775//964 776//966 624//963 
o mesh58
f 721//981 784//981 783//981 
f 721//981 720//981 785//981 
f 718//981 787//981 786//981 
f 718//981 717//981 788//981 
f 785//981 784//981 721//981 
f 720//981 719//981 786//981 
f 788//981 787//981 718//981 
f 717//981 716//981 789//981 
f 725//981 780//981 779//981 
f 724//981 781//981 780//981 
f 786//981 785//981 720//981 
f 789//981 788//981 717//981 
f 728//981 777//981 776//981 
f 727//981 778//981 777//981 
f 780//981 725//981 724//981 
f 723//981 782//981 781//981 
f 786//981 719//981 718//981 
f 716//981 715//981 775//981 
f 777//981 728//981 727//981 
f 726//981 779//981 778//981 
f 781//981 724//981 723//981 
f 722//981 783//981 782//981 
f 775//981 789//981 716//981 
f 715//981 729//981 776//981 
f 778//981 727//981 726//981 
f 782//981 723//981 722//981 
f 776//981 775//981 715//981 
f 779//981 726//981 725//981 
f 776//981 729//981 728//981 
f 783//981 722//981 721//981 
o mesh59
f 194//982 790//982 791//982 
f 87//982 200//982 792//982 
f 200//982 263//982 793//982 
f 262//982 261//982 794//982 
f 225//982 223//982 791//982 
f 791//982 223//982 224//982 
f 92//982 89//982 790//982 
f 793//982 792//982 200//982 
f 793//982 263//982 262//982 
f 795//982 226//982 225//982 
f 790//982 194//982 92//982 
f 794//982 793//982 262//982 
f 261//982 260//982 796//982 
f 228//982 797//982 798//982 
f 226//982 795//982 797//982 
f 791//982 224//982 194//982 
f 796//982 794//982 261//982 
f 260//982 229//982 798//982 
f 798//982 229//982 228//982 
f 791//982 795//982 225//982 
f 798//982 796//982 260//982 
f 797//982 227//982 226//982 
f 228//982 227//982 797//982 
f 792//982 88//982 87//982 
o mesh60
f 88//981 799//981 695//981 
f 799//981 696//981 695//981 
f 799//981 800//981 697//981 
f 800//981 801//981 698//981 
f 801//981 802//981 699//981 
f 697//981 696//981 799//981 
f 699//981 698//981 801//981 
f 698//981 697//981 800//981 
f 802//981 803//981 685//981 
f 685//981 699//981 802//981 
f 804//981 686//981 685//981 
f 805//981 688//981 687//981 
f 806//981 689//981 688//981 
f 685//981 803//981 804//981 
f 807//981 687//981 686//981 
f 688//981 805//981 806//981 
f 89//981 691//981 690//981 
f 88//981 693//981 692//981 
f 695//981 694//981 88//981 
f 687//981 807//981 805//981 
f 690//981 806//981 89//981 
f 692//981 89//981 88//981 
f 686//981 804//981 807//981 
f 692//981 691//981 89//981 
f 690//981 689//981 806//981 
f 694//981 693//981 88//981 
o mesh61
f 800//983 799//984 792//984 
f 801//985 800//983 793//986 
f 802//987 801//985 794//988 
f 803//989 802//987 796//990 
f 803//989 798//989 797//991 
f 804//991 797//991 795//992 
f 807//992 795//992 791//993 
f 805//993 791//993 790//994 
f 790//994 806//994 805//993 
f 791//993 805//993 807//992 
f 795//992 807//992 804//991 
f 797//991 804//991 803//989 
f 796//990 798//989 803//989 
f 794//988 796//990 802//987 
f 793//986 794//988 801//985 
f 792//984 793//986 800//983 
o mesh62
f 89//994 806//994 790//994 
o mesh63
f 792//995 799//995 88//995 
o mesh64
f 159//996 157//996 156//996 
f 156//996 158//996 159//996 
f 808//996 809//996 157//996 
f 144//996 810//996 811//996 
f 157//996 144//996 808//996 
f 159//996 144//996 157//996 
f 143//996 812//996 810//996 
f 832//996 813//996 808//996 
f 161//996 157//996 809//996 
f 810//996 144//996 143//996 
f 808//996 811//996 832//996 
f 811//996 808//996 144//996 
f 809//996 814//996 161//996 
f 138//996 140//996 141//996 
f 142//996 139//996 138//996 
f 815//996 816//996 139//996 
f 142//996 817//996 818//996 
f 139//996 142//996 815//996 
f 141//996 142//996 138//996 
f 147//996 819//996 817//996 
f 832//996 820//996 815//996 
f 143//996 139//996 816//996 
f 817//996 142//996 147//996 
f 815//996 818//996 832//996 
f 818//996 815//996 142//996 
f 816//996 812//996 143//996 
f 821//996 832//996 23//996 
f 822//996 9//996 11//996 
f 823//996 7//996 9//996 
f 824//996 3//996 5//996 
f 824//996 821//996 30//996 
f 821//996 27//996 29//996 
f 23//996 25//996 821//996 
f 11//996 13//996 822//996 
f 823//996 5//996 7//996 
f 30//996 3//996 824//996 
f 25//996 27//996 821//996 
f 181//996 182//996 183//996 
f 9//996 822//996 823//996 
f 29//996 30//996 821//996 
f 832//996 19//996 21//996 
f 824//996 146//996 173//996 
f 173//996 146//996 181//996 
f 5//996 823//996 824//996 
f 832//996 17//996 19//996 
f 183//996 173//996 181//996 
f 146//996 824//996 823//996 
f 21//996 23//996 832//996 
f 832//996 822//996 15//996 
f 147//996 146//996 825//996 
f 823//996 825//996 146//996 
f 15//996 17//996 832//996 
f 173//996 826//996 824//996 
f 825//996 819//996 147//996 
f 172//996 827//996 826//996 
f 826//996 173//996 172//996 
f 184//996 185//996 186//996 
f 828//996 174//996 162//996 
f 162//996 174//996 184//996 
f 186//996 162//996 184//996 
f 174//996 828//996 829//996 
f 832//996 821//996 829//996 
f 172//996 174//996 830//996 
f 829//996 830//996 174//996 
f 829//996 828//996 832//996 
f 162//996 831//996 828//996 
f 830//996 827//996 172//996 
f 161//996 814//996 831//996 
f 831//996 162//996 161//996 
f 828//996 813//996 832//996 
f 13//996 15//996 822//996 
f 818//996 822//996 832//996 
f 811//996 820//996 832//996 
o mesh65
f 833//997 830//997 829//997 
f 829//997 834//997 833//997 
o mesh66
f 835//998 826//998 827//998 
f 827//998 833//998 835//998 
f 827//998 830//998 833//998 
o mesh67
f 836//999 824//999 826//999 
f 826//999 835//999 836//999 
o mesh68
f 836//1000 834//1000 821//1000 
f 834//1000 829//1000 821//1000 
f 821//1000 824//1000 836//1000 
o mesh69
f 837//1001 831//1001 814//1001 
f 814//1001 838//1001 837//1001 
f 814//1001 809//1001 838//1001 
o mesh70
f 839//1002 828//1002 831//1002 
f 831//1002 837//1002 839//1002 
o mesh71
f 839//1003 840//1003 813//1003 
f 840//1003 808//1003 813//1003 
f 813//1003 828//1003 839//1003 
o mesh72
f 838//1004 809//1004 808//1004 
f 808//1004 840//1004 838//1004 
o mesh73
f 841//1005 823//1005 822//1005 
f 822//1005 842//1005 841//1005 
f 822//1005 818//1005 842//1005 
o mesh74
f 843//1006 825//1006 823//1006 
f 823//1006 841//1006 843//1006 
o mesh75
f 843//1007 844//1007 819//1007 
f 844//1007 817//1007 819//1007 
f 819//1007 825//1007 843//1007 
o mesh76
f 842//1008 818//1008 817//1008 
f 817//1008 844//1008 842//1008 
o mesh77
f 845//1009 811//1009 810//1009 
f 810//1009 846//1009 845//1009 
o mesh78
f 847//1010 815//1010 820//1010 
f 820//1010 845//1010 847//1010 
f 820//1010 811//1010 845//1010 
o mesh79
f 848//1011 816//1011 815//1011 
f 815//1011 847//1011 848//1011 
o mesh80
f 848//1012 846//1012 812//1012 
f 846//1012 810//1012 812//1012 
f 812//1012 816//1012 848//1012 
o mesh81
f 846//1013 848//1013 849//1013 
f 848//1013 847//1013 850//1013 
f 850//1013 849//1013 848//1013 
f 847//1013 845//1013 851//1013 
f 851//1013 850//1013 847//1013 
f 846//1013 852//1013 851//1013 
f 851//1013 845//1013 846//1013 
f 849//1013 852//1013 846//1013 
o mesh82
f 852//1014 853//1014 854//1014 
f 854//1014 851//1014 852//1014 
o mesh83
f 849//1015 855//1015 853//1015 
f 853//1015 852//1015 849//1015 
o mesh84
f 849//1016 850//1016 856//1016 
f 856//1016 855//1016 849//1016 
o mesh85
f 850//1017 851//1017 854//1017 
f 854//1017 856//1017 850//1017 
o mesh86
f 856//1018 854//1018 853//1018 
f 853//1018 855//1018 856//1018 
o mesh87
f 844//1018 857//1018 858//1018 
f 844//1018 843//1018 859//1018 
f 859//1018 857//1018 844//1018 
f 843//1018 841//1018 860//1018 
f 860//1018 859//1018 843//1018 
f 841//1018 842//1018 858//1018 
f 858//1018 860//1018 841//1018 
f 858//1018 842//1018 844//1018 
o mesh88
f 858//1019 861//1019 862//1019 
f 862//1019 860//1019 858//1019 
o mesh89
f 857//1020 863//1020 861//1020 
f 861//1020 858//1020 857//1020 
o mesh90
f 857//1021 859//1021 864//1021 
f 864//1021 863//1021 857//1021 
o mesh91
f 859//1022 860//1022 862//1022 
f 862//1022 864//1022 859//1022 
o mesh92
f 864//1023 862//1023 861//1023 
f 861//1023 863//1023 864//1023 
o mesh93
f 838//1023 840//1023 865//1023 
f 840//1023 839//1023 866//1023 
f 866//1023 865//1023 840//1023 
f 837//1023 867//1023 866//1023 
f 866//1023 839//1023 837//1023 
f 837//1023 838//1023 868//1023 
f 868//1023 867//1023 837//1023 
f 865//1023 868//1023 838//1023 
o mesh94
f 868//1024 869//1024 870//1024 
f 870//1024 867//1024 868//1024 
o mesh95
f 868//1025 865//1025 871//1025 
f 871//1025 869//1025 868//1025 
o mesh96
f 865//1026 866//1026 872//1026 
f 872//1026 871//1026 865//1026 
o mesh97
f 867//1027 870//1027 872//1027 
f 872//1027 866//1027 867//1027 
o mesh98
f 871//1028 872//1028 870//1028 
f 870//1028 869//1028 871//1028 
o mesh99
f 834//1028 836//1028 873//1028 
f 835//1028 874//1028 873//1028 
f 873//1028 836//1028 835//1028 
f 835//1028 833//1028 875//1028 
f 875//1028 874//1028 835//1028 
f 833//1028 834//1028 876//1028 
f 876//1028 875//1028 833//1028 
f 873//1028 876//1028 834//1028 
o mesh100
f 875//1029 876//1029 877//1029 
f 877//1029 878//1029 875//1029 
o mesh101
f 876//1030 873//1030 879//1030 
f 879//1030 877//1030 876//1030 
o mesh102
f 874//1031 880//1031 879//1031 
f 879//1031 873//1031 874//1031 
o mesh103
f 874//1032 875//1032 878//1032 
f 878//1032 880//1032 874//1032 
o mesh104
f 878//1033 877//1033 879//1033 
f 879//1033 880//1033 878//1033 
g Part 1
v 0.150357 0.0451861 -0.00959637 
v 0.150434 0.0451861 -0.00854294 
v 0.150075 0.0451861 -0.00754953 
v 0.149343 0.0451861 -0.00678789 
v 0.148365 0.0451861 -0.00638972 
v 0.14731 0.0451861 -0.00642388 
v 0.146359 0.0451861 -0.00688445 
v 0.145678 0.0451861 -0.0076918 
v 0.145384 0.0451861 -0.00870632 
v 0.145529 0.0451861 -0.00975261 
v 0.146086 0.0451861 -0.0106497 
v 0.14696 0.0451861 -0.0112426 
v 0.148 0.0451861 -0.0114287 
v 0.149025 0.0451861 -0.0111758 
v 0.149859 0.0451861 -0.0105277 
v 0.150157 0.0451861 -0.0100882 
v 0.147918 0.0451861 -0.00889 
v 0.145678 0.121386 -0.0076918 
v 0.145384 0.121386 -0.00870632 
v 0.145529 0.121386 -0.00975261 
v 0.146086 0.121386 -0.0106497 
v 0.14696 0.121386 -0.0112426 
v 0.148 0.121386 -0.0114287 
v 0.149025 0.121386 -0.0111758 
v 0.149859 0.121386 -0.0105277 
v 0.150157 0.121386 -0.0100882 
v 0.150357 0.121386 -0.00959637 
v 0.150434 0.121386 -0.00854294 
v 0.150075 0.121386 -0.00754953 
v 0.149343 0.121386 -0.00678789 
v 0.148365 0.121386 -0.00638972 
v 0.14731 0.121386 -0.00642388 
v 0.146359 0.121386 -0.00688445 
v 0.147918 0.121386 -0.00889 
vn -3.19827e-15 -1 -2.59769e-15 
vn -0.881742 1.59463e-15 0.471733 
vn -0.997382 3.00205e-15 0.0723128 
vn -0.940566 3.89039e-15 -0.339611 
vn -0.721118 4.10604e-15 -0.692813 
vn -0.376982 3.61173e-15 -0.926221 
vn 0.0323381 2.49291e-15 -0.999477 
vn 0.436066 9.43046e-16 -0.899915 
vn 0.764395 -7.69879e-16 -0.644749 
vn 0.960552 -2.34968e-15 -0.2781 
vn 0.881742 -1.59463e-15 -0.471733 
vn 0.764395 -7.69879e-16 -0.644749 
vn 0.960552 -2.34968e-15 -0.2781 
vn 0.990621 -3.52321e-15 0.136635 
vn 0.849403 -4.08754e-15 0.527744 
vn 0.561316 -3.94509e-15 0.827602 
vn 0.176171 -3.12051e-15 0.984359 
vn -0.239434 -1.75636e-15 0.970913 
vn -0.61364 -8.85178e-17 0.789586 
vn 3.19827e-15 1 2.59769e-15 
usemtl 0.101961_0.101961_0.101961_0.000000_0.000000
o mesh105
f 897//1034 881//1034 882//1034 
f 882//1034 883//1034 897//1034 
f 883//1034 884//1034 897//1034 
f 884//1034 885//1034 897//1034 
f 885//1034 886//1034 897//1034 
f 886//1034 887//1034 897//1034 
f 887//1034 888//1034 897//1034 
f 888//1034 889//1034 897//1034 
f 889//1034 890//1034 897//1034 
f 890//1034 891//1034 897//1034 
f 891//1034 892//1034 897//1034 
f 892//1034 893//1034 897//1034 
f 893//1034 894//1034 897//1034 
f 894//1034 895//1034 897//1034 
f 895//1034 896//1034 897//1034 
f 896//1034 881//1034 897//1034 
o mesh106
f 888//1035 898//1035 899//1036 
f 889//1036 899//1036 900//1037 
f 890//1037 900//1037 901//1038 
f 891//1038 901//1038 902//1039 
f 892//1039 902//1039 903//1040 
f 893//1040 903//1040 904//1041 
f 894//1041 904//1041 905//1042 
f 881//1043 896//1044 906//1044 
f 905//1042 906//1044 896//1044 
f 896//1044 895//1045 905//1042 
f 881//1043 907//1046 908//1047 
f 882//1047 908//1047 909//1048 
f 883//1048 909//1048 910//1049 
f 884//1049 910//1049 911//1050 
f 885//1050 911//1050 912//1051 
f 886//1051 912//1051 913//1052 
f 887//1052 913//1052 898//1035 
f 898//1035 888//1035 887//1052 
f 913//1052 887//1052 886//1051 
f 912//1051 886//1051 885//1050 
f 911//1050 885//1050 884//1049 
f 910//1049 884//1049 883//1048 
f 909//1048 883//1048 882//1047 
f 908//1047 882//1047 881//1043 
f 906//1044 907//1046 881//1043 
f 905//1042 895//1045 894//1041 
f 904//1041 894//1041 893//1040 
f 903//1040 893//1040 892//1039 
f 902//1039 892//1039 891//1038 
f 901//1038 891//1038 890//1037 
f 900//1037 890//1037 889//1036 
f 899//1036 889//1036 888//1035 
o mesh107
f 914//1053 905//1053 904//1053 
f 904//1053 903//1053 914//1053 
f 903//1053 902//1053 914//1053 
f 902//1053 901//1053 914//1053 
f 901//1053 900//1053 914//1053 
f 900//1053 899//1053 914//1053 
f 899//1053 898//1053 914//1053 
f 898//1053 913//1053 914//1053 
f 913//1053 912//1053 914//1053 
f 912//1053 911//1053 914//1053 
f 911//1053 910//1053 914//1053 
f 910//1053 909//1053 914//1053 
f 909//1053 908//1053 914//1053 
f 908//1053 907//1053 914//1053 
f 907//1053 906//1053 914//1053 
f 906//1053 905//1053 914//1053 
g Part 2
v 0.151474 0.0508501 -0.00908288 
v 0.151088 0.0508501 -0.0105126 
v 0.150154 0.0508501 -0.0116618 
v 0.148833 0.0508501 -0.0123317 
v 0.147354 0.0508501 -0.0124065 
v 0.145973 0.0508501 -0.0118733 
v 0.144927 0.0508501 -0.0108242 
v 0.144399 0.0508501 -0.0094407 
v 0.144479 0.0508501 -0.00796196 
v 0.145154 0.0508501 -0.00664368 
v 0.146307 0.0508501 -0.00571381 
v 0.147738 0.0508501 -0.00533313 
v 0.1492 0.0508501 -0.00556747 
v 0.150441 0.0508501 -0.0063763 
v 0.151245 0.0508501 -0.00761977 
v 0.151738 0.051054 -0.0108452 
v 0.150612 0.051054 -0.0122299 
v 0.149021 0.051054 -0.0130372 
v 0.147239 0.051054 -0.0131273 
v 0.145574 0.051054 -0.0124848 
v 0.144314 0.051054 -0.0112207 
v 0.143678 0.051054 -0.00955358 
v 0.143775 0.051054 -0.00777175 
v 0.144588 0.051054 -0.00618327 
v 0.145976 0.051054 -0.00506281 
v 0.147701 0.051054 -0.00460411 
v 0.149463 0.051054 -0.00488648 
v 0.150958 0.051054 -0.00586109 
v 0.151927 0.051054 -0.00735942 
v 0.152203 0.051054 -0.00912241 
v 0.151094 0.0510085 -0.0105156 
v 0.150158 0.0510085 -0.0116669 
v 0.148835 0.0510085 -0.012338 
v 0.147353 0.0510085 -0.0124129 
v 0.145969 0.0510085 -0.0118787 
v 0.144922 0.0510085 -0.0108277 
v 0.144393 0.0510085 -0.0094417 
v 0.144473 0.0510085 -0.00796027 
v 0.145149 0.0510085 -0.0066396 
v 0.146304 0.0510085 -0.00570804 
v 0.147737 0.0510085 -0.00532667 
v 0.149202 0.0510085 -0.00556143 
v 0.150445 0.0510085 -0.00637173 
v 0.151251 0.0510085 -0.00761746 
v 0.15148 0.0510085 -0.00908323 
v 0.151156 0.0511505 -0.0105477 
v 0.150202 0.0511505 -0.0117216 
v 0.148853 0.0511505 -0.012406 
v 0.147342 0.0511505 -0.0124824 
v 0.145931 0.0511505 -0.0119377 
v 0.144863 0.0511505 -0.010866 
v 0.144323 0.0511505 -0.00945259 
v 0.144405 0.0511505 -0.00794193 
v 0.145094 0.0511505 -0.0065952 
v 0.146272 0.0511505 -0.00564526 
v 0.147734 0.0511505 -0.00525637 
v 0.149228 0.0511505 -0.00549576 
v 0.150495 0.0511505 -0.00632205 
v 0.151317 0.0511505 -0.00759236 
v 0.151551 0.0511505 -0.00908704 
v 0.151265 0.0512516 -0.0106033 
v 0.150279 0.0512516 -0.0118167 
v 0.148884 0.0512516 -0.012524 
v 0.147323 0.0512516 -0.012603 
v 0.145864 0.0512516 -0.01204 
v 0.14476 0.0512516 -0.0109323 
v 0.144203 0.0512516 -0.00947147 
v 0.144287 0.0512516 -0.00791011 
v 0.145 0.0512516 -0.00651818 
v 0.146217 0.0512516 -0.00553636 
v 0.147728 0.0512516 -0.00513441 
v 0.149272 0.0512516 -0.00538184 
v 0.150582 0.0512516 -0.00623586 
v 0.151431 0.0512516 -0.00754881 
v 0.151673 0.0512516 -0.00909365 
v 0.151401 0.0512943 -0.0106729 
v 0.150375 0.0512943 -0.0119355 
v 0.148924 0.0512943 -0.0126716 
v 0.147298 0.0512943 -0.0127538 
v 0.14578 0.0512943 -0.0121679 
v 0.144632 0.0512943 -0.0110152 
v 0.144052 0.0512943 -0.00949508 
v 0.14414 0.0512943 -0.00787032 
v 0.144881 0.0512943 -0.00642187 
v 0.146148 0.0512943 -0.00540019 
v 0.14772 0.0512943 -0.00498192 
v 0.149327 0.0512943 -0.00523939 
v 0.15069 0.0512943 -0.00612809 
v 0.151573 0.0512943 -0.00749435 
v 0.151825 0.0512943 -0.00910192 
v 0.151541 0.0512711 -0.0107443 
v 0.150473 0.0512711 -0.0120576 
v 0.148964 0.0512711 -0.0128231 
v 0.147274 0.0512711 -0.0129086 
v 0.145695 0.0512711 -0.0122993 
v 0.1445 0.0512711 -0.0111004 
v 0.143897 0.0512711 -0.00951933 
v 0.143988 0.0512711 -0.00782945 
v 0.144759 0.0512711 -0.00632295 
v 0.146077 0.0512711 -0.00526032 
v 0.147712 0.0512711 -0.00482529 
v 0.149383 0.0512711 -0.00509308 
v 0.150801 0.0512711 -0.0060174 
v 0.15172 0.0512711 -0.00743841 
v 0.151982 0.0512711 -0.00911042 
v 0.15166 0.0511861 -0.0108053 
v 0.150557 0.0511861 -0.0121617 
v 0.148998 0.0511861 -0.0129525 
v 0.147252 0.0511861 -0.0130408 
v 0.145622 0.0511861 -0.0124114 
v 0.144388 0.0511861 -0.0111731 
v 0.143765 0.0511861 -0.00954003 
v 0.143859 0.0511861 -0.00779458 
v 0.144656 0.0511861 -0.00623855 
v 0.146016 0.0511861 -0.00514097 
v 0.147705 0.0511861 -0.00469164 
v 0.149431 0.0511861 -0.00496823 
v 0.150896 0.0511861 -0.00592294 
v 0.151845 0.0511861 -0.00739068 
v 0.152115 0.0511861 -0.00911767 
v 0.151334 0.0507741 -0.0090753 
v 0.151221 0.0507741 -0.00978158 
v 0.150573 0.0507741 -0.0110481 
v 0.150897 0.0507741 -0.0104148 
v 0.150019 0.0507741 -0.0114947 
v 0.149465 0.0507741 -0.0119414 
v 0.148778 0.0507741 -0.0121243 
v 0.148091 0.0507741 -0.0123071 
v 0.147388 0.0507741 -0.0121946 
v 0.146686 0.0507741 -0.012082 
v 0.14609 0.0507741 -0.0116935 
v 0.145494 0.0507741 -0.0113049 
v 0.145108 0.0507741 -0.0107076 
v 0.144721 0.0507741 -0.0101103 
v 0.144611 0.0507741 -0.00940751 
v 0.144501 0.0507741 -0.00870469 
v 0.144687 0.0507741 -0.0080179 
v 0.144872 0.0507741 -0.00733111 
v 0.145321 0.0507741 -0.00677909 
v 0.145769 0.0507741 -0.00622707 
v 0.147038 0.0507741 -0.00558347 
v 0.146404 0.0507741 -0.00590527 
v 0.147749 0.0507741 -0.00554754 
v 0.148459 0.0507741 -0.00551161 
v 0.149786 0.0507741 -0.0060239 
v 0.149123 0.0507741 -0.00576775 
v 0.150791 0.0507741 -0.00703176 
v 0.150288 0.0507741 -0.00652783 
v 0.151298 0.0507741 -0.00836093 
v 0.151044 0.0507741 -0.00769634 
v 0.144103 0.0505048 -0.00948703 
v 0.144147 0.0505048 -0.00868546 
v 0.144676 0.0505048 -0.010987 
v 0.144389 0.0505048 -0.010237 
v 0.145809 0.0505048 -0.0121243 
v 0.145242 0.0505048 -0.0115556 
v 0.147307 0.0505048 -0.0127024 
v 0.146558 0.0505048 -0.0124133 
v 0.14891 0.0505048 -0.0126213 
v 0.148108 0.0505048 -0.0126618 
v 0.150342 0.0505048 -0.011895 
v 0.149626 0.0505048 -0.0122582 
v 0.151355 0.0505048 -0.0106491 
v 0.150848 0.0505048 -0.0112721 
v 0.151649 0.0505048 -0.00830601 
v 0.151773 0.0505048 -0.00909911 
v 0.151564 0.0505048 -0.00987413 
v 0.151525 0.0505048 -0.00751291 
v 0.150653 0.0505048 -0.00616482 
v 0.151089 0.0505048 -0.00683886 
v 0.149308 0.0505048 -0.00528794 
v 0.14998 0.0505048 -0.00572638 
v 0.147723 0.0505048 -0.00503389 
v 0.148515 0.0505048 -0.00516092 
v 0.146171 0.0505048 -0.0054466 
v 0.146947 0.0505048 -0.00524024 
v 0.144922 0.0505048 -0.0064547 
v 0.145546 0.0505048 -0.00595065 
v 0.14419 0.0505048 -0.00788388 
v 0.144556 0.0505048 -0.00716929 
v 0.151221 0.0502661 -0.00978158 
v 0.151334 0.0502661 -0.0090753 
v 0.150573 0.0502661 -0.0110481 
v 0.150897 0.0502661 -0.0104148 
v 0.149465 0.0502661 -0.0119414 
v 0.150019 0.0502661 -0.0114947 
v 0.148091 0.0502661 -0.0123071 
v 0.148778 0.0502661 -0.0121243 
v 0.146686 0.0502661 -0.012082 
v 0.147388 0.0502661 -0.0121946 
v 0.145494 0.0502661 -0.0113049 
v 0.14609 0.0502661 -0.0116935 
v 0.144721 0.0502661 -0.0101103 
v 0.145108 0.0502661 -0.0107076 
v 0.144501 0.0502661 -0.00870469 
v 0.144611 0.0502661 -0.00940751 
v 0.144872 0.0502661 -0.00733111 
v 0.144687 0.0502661 -0.0080179 
v 0.145769 0.0502661 -0.00622707 
v 0.145321 0.0502661 -0.00677909 
v 0.147038 0.0502661 -0.00558347 
v 0.146404 0.0502661 -0.00590527 
v 0.148459 0.0502661 -0.00551161 
v 0.147749 0.0502661 -0.00554754 
v 0.149786 0.0502661 -0.0060239 
v 0.149123 0.0502661 -0.00576775 
v 0.150791 0.0502661 -0.00703176 
v 0.150288 0.0502661 -0.00652783 
v 0.151298 0.0502661 -0.00836093 
v 0.151044 0.0502661 -0.00769634 
v 0.144103 0.0499968 -0.00948703 
v 0.144147 0.0499968 -0.00868546 
v 0.144676 0.0499968 -0.010987 
v 0.144389 0.0499968 -0.010237 
v 0.145809 0.0499968 -0.0121243 
v 0.145242 0.0499968 -0.0115556 
v 0.147307 0.0499968 -0.0127024 
v 0.146558 0.0499968 -0.0124133 
v 0.14891 0.0499968 -0.0126213 
v 0.148108 0.0499968 -0.0126618 
v 0.150342 0.0499968 -0.011895 
v 0.149626 0.0499968 -0.0122582 
v 0.151355 0.0499968 -0.0106491 
v 0.150848 0.0499968 -0.0112721 
v 0.151649 0.0499968 -0.00830601 
v 0.151773 0.0499968 -0.00909911 
v 0.151564 0.0499968 -0.00987413 
v 0.151525 0.0499968 -0.00751291 
v 0.150653 0.0499968 -0.00616482 
v 0.151089 0.0499968 -0.00683886 
v 0.149308 0.0499968 -0.00528794 
v 0.14998 0.0499968 -0.00572638 
v 0.147723 0.0499968 -0.00503389 
v 0.148515 0.0499968 -0.00516092 
v 0.146171 0.0499968 -0.0054466 
v 0.146947 0.0499968 -0.00524024 
v 0.144922 0.0499968 -0.0064547 
v 0.145546 0.0499968 -0.00595065 
v 0.14419 0.0499968 -0.00788388 
v 0.144556 0.0499968 -0.00716929 
v 0.151221 0.0497581 -0.00978158 
v 0.151334 0.0497581 -0.0090753 
v 0.150573 0.0497581 -0.0110481 
v 0.150897 0.0497581 -0.0104148 
v 0.149465 0.0497581 -0.0119414 
v 0.150019 0.0497581 -0.0114947 
v 0.148091 0.0497581 -0.0123071 
v 0.148778 0.0497581 -0.0121243 
v 0.146686 0.0497581 -0.012082 
v 0.147388 0.0497581 -0.0121946 
v 0.145494 0.0497581 -0.0113049 
v 0.14609 0.0497581 -0.0116935 
v 0.144721 0.0497581 -0.0101103 
v 0.145108 0.0497581 -0.0107076 
v 0.144501 0.0497581 -0.00870469 
v 0.144611 0.0497581 -0.00940751 
v 0.144872 0.0497581 -0.00733111 
v 0.144687 0.0497581 -0.0080179 
v 0.145769 0.0497581 -0.00622707 
v 0.145321 0.0497581 -0.00677909 
v 0.147038 0.0497581 -0.00558347 
v 0.146404 0.0497581 -0.00590527 
v 0.148459 0.0497581 -0.00551161 
v 0.147749 0.0497581 -0.00554754 
v 0.149786 0.0497581 -0.0060239 
v 0.149123 0.0497581 -0.00576775 
v 0.150791 0.0497581 -0.00703176 
v 0.150288 0.0497581 -0.00652783 
v 0.151298 0.0497581 -0.00836093 
v 0.151044 0.0497581 -0.00769634 
v 0.144103 0.0494888 -0.00948703 
v 0.144147 0.0494888 -0.00868546 
v 0.144676 0.0494888 -0.010987 
v 0.144389 0.0494888 -0.010237 
v 0.145809 0.0494888 -0.0121243 
v 0.145242 0.0494888 -0.0115556 
v 0.147307 0.0494888 -0.0127024 
v 0.146558 0.0494888 -0.0124133 
v 0.14891 0.0494888 -0.0126213 
v 0.148108 0.0494888 -0.0126618 
v 0.150342 0.0494888 -0.011895 
v 0.149626 0.0494888 -0.0122582 
v 0.151355 0.0494888 -0.0106491 
v 0.150848 0.0494888 -0.0112721 
v 0.151649 0.0494888 -0.00830601 
v 0.151773 0.0494888 -0.00909911 
v 0.151564 0.0494888 -0.00987413 
v 0.151525 0.0494888 -0.00751291 
v 0.150653 0.0494888 -0.00616482 
v 0.151089 0.0494888 -0.00683886 
v 0.149308 0.0494888 -0.00528794 
v 0.14998 0.0494888 -0.00572638 
v 0.147723 0.0494888 -0.00503389 
v 0.148515 0.0494888 -0.00516092 
v 0.146171 0.0494888 -0.0054466 
v 0.146947 0.0494888 -0.00524024 
v 0.144922 0.0494888 -0.0064547 
v 0.145546 0.0494888 -0.00595065 
v 0.14419 0.0494888 -0.00788388 
v 0.144556 0.0494888 -0.00716929 
v 0.151221 0.0492501 -0.00978158 
v 0.151334 0.0492501 -0.0090753 
v 0.150573 0.0492501 -0.0110481 
v 0.150897 0.0492501 -0.0104148 
v 0.149465 0.0492501 -0.0119414 
v 0.150019 0.0492501 -0.0114947 
v 0.148091 0.0492501 -0.0123071 
v 0.148778 0.0492501 -0.0121243 
v 0.146686 0.0492501 -0.012082 
v 0.147388 0.0492501 -0.0121946 
v 0.145494 0.0492501 -0.0113049 
v 0.14609 0.0492501 -0.0116935 
v 0.144721 0.0492501 -0.0101103 
v 0.145108 0.0492501 -0.0107076 
v 0.144501 0.0492501 -0.00870469 
v 0.144611 0.0492501 -0.00940751 
v 0.144872 0.0492501 -0.00733111 
v 0.144687 0.0492501 -0.0080179 
v 0.145769 0.0492501 -0.00622707 
v 0.145321 0.0492501 -0.00677909 
v 0.147038 0.0492501 -0.00558347 
v 0.146404 0.0492501 -0.00590527 
v 0.148459 0.0492501 -0.00551161 
v 0.147749 0.0492501 -0.00554754 
v 0.149786 0.0492501 -0.0060239 
v 0.149123 0.0492501 -0.00576775 
v 0.150791 0.0492501 -0.00703176 
v 0.150288 0.0492501 -0.00652783 
v 0.151298 0.0492501 -0.00836093 
v 0.151044 0.0492501 -0.00769634 
v 0.144103 0.0489808 -0.00948703 
v 0.144147 0.0489808 -0.00868546 
v 0.144676 0.0489808 -0.010987 
v 0.144389 0.0489808 -0.010237 
v 0.145809 0.0489808 -0.0121243 
v 0.145242 0.0489808 -0.0115556 
v 0.147307 0.0489808 -0.0127024 
v 0.146558 0.0489808 -0.0124133 
v 0.14891 0.0489808 -0.0126213 
v 0.148108 0.0489808 -0.0126618 
v 0.150342 0.0489808 -0.011895 
v 0.149626 0.0489808 -0.0122582 
v 0.151355 0.0489808 -0.0106491 
v 0.150848 0.0489808 -0.0112721 
v 0.151649 0.0489808 -0.00830601 
v 0.151773 0.0489808 -0.00909911 
v 0.151564 0.0489808 -0.00987413 
v 0.151525 0.0489808 -0.00751291 
v 0.150653 0.0489808 -0.00616482 
v 0.151089 0.0489808 -0.00683886 
v 0.149308 0.0489808 -0.00528794 
v 0.14998 0.0489808 -0.00572638 
v 0.147723 0.0489808 -0.00503389 
v 0.148515 0.0489808 -0.00516092 
v 0.146171 0.0489808 -0.0054466 
v 0.146947 0.0489808 -0.00524024 
v 0.144922 0.0489808 -0.0064547 
v 0.145546 0.0489808 -0.00595065 
v 0.14419 0.0489808 -0.00788388 
v 0.144556 0.0489808 -0.00716929 
v 0.151221 0.0487421 -0.00978158 
v 0.151334 0.0487421 -0.0090753 
v 0.150573 0.0487421 -0.0110481 
v 0.150897 0.0487421 -0.0104148 
v 0.149465 0.0487421 -0.0119414 
v 0.150019 0.0487421 -0.0114947 
v 0.148091 0.0487421 -0.0123071 
v 0.148778 0.0487421 -0.0121243 
v 0.146686 0.0487421 -0.012082 
v 0.147388 0.0487421 -0.0121946 
v 0.145494 0.0487421 -0.0113049 
v 0.14609 0.0487421 -0.0116935 
v 0.144721 0.0487421 -0.0101103 
v 0.145108 0.0487421 -0.0107076 
v 0.144501 0.0487421 -0.00870469 
v 0.144611 0.0487421 -0.00940751 
v 0.144872 0.0487421 -0.00733111 
v 0.144687 0.0487421 -0.0080179 
v 0.145769 0.0487421 -0.00622707 
v 0.145321 0.0487421 -0.00677909 
v 0.147038 0.0487421 -0.00558347 
v 0.146404 0.0487421 -0.00590527 
v 0.148459 0.0487421 -0.00551161 
v 0.147749 0.0487421 -0.00554754 
v 0.149786 0.0487421 -0.0060239 
v 0.149123 0.0487421 -0.00576775 
v 0.150791 0.0487421 -0.00703176 
v 0.150288 0.0487421 -0.00652783 
v 0.151298 0.0487421 -0.00836093 
v 0.151044 0.0487421 -0.00769634 
v 0.144103 0.0484728 -0.00948703 
v 0.144147 0.0484728 -0.00868546 
v 0.144676 0.0484728 -0.010987 
v 0.144389 0.0484728 -0.010237 
v 0.145809 0.0484728 -0.0121243 
v 0.145242 0.0484728 -0.0115556 
v 0.147307 0.0484728 -0.0127024 
v 0.146558 0.0484728 -0.0124133 
v 0.14891 0.0484728 -0.0126213 
v 0.148108 0.0484728 -0.0126618 
v 0.150342 0.0484728 -0.011895 
v 0.149626 0.0484728 -0.0122582 
v 0.151355 0.0484728 -0.0106491 
v 0.150848 0.0484728 -0.0112721 
v 0.151649 0.0484728 -0.00830601 
v 0.151773 0.0484728 -0.00909911 
v 0.151564 0.0484728 -0.00987413 
v 0.151525 0.0484728 -0.00751291 
v 0.150653 0.0484728 -0.00616482 
v 0.151089 0.0484728 -0.00683886 
v 0.149308 0.0484728 -0.00528794 
v 0.14998 0.0484728 -0.00572638 
v 0.147723 0.0484728 -0.00503389 
v 0.148515 0.0484728 -0.00516092 
v 0.146171 0.0484728 -0.0054466 
v 0.146947 0.0484728 -0.00524024 
v 0.144922 0.0484728 -0.0064547 
v 0.145546 0.0484728 -0.00595065 
v 0.14419 0.0484728 -0.00788388 
v 0.144556 0.0484728 -0.00716929 
v 0.151221 0.0482341 -0.00978158 
v 0.151334 0.0482341 -0.0090753 
v 0.150573 0.0482341 -0.0110481 
v 0.150897 0.0482341 -0.0104148 
v 0.149465 0.0482341 -0.0119414 
v 0.150019 0.0482341 -0.0114947 
v 0.148091 0.0482341 -0.0123071 
v 0.148778 0.0482341 -0.0121243 
v 0.146686 0.0482341 -0.012082 
v 0.147388 0.0482341 -0.0121946 
v 0.145494 0.0482341 -0.0113049 
v 0.14609 0.0482341 -0.0116935 
v 0.144721 0.0482341 -0.0101103 
v 0.145108 0.0482341 -0.0107076 
v 0.144501 0.0482341 -0.00870469 
v 0.144611 0.0482341 -0.00940751 
v 0.144872 0.0482341 -0.00733111 
v 0.144687 0.0482341 -0.0080179 
v 0.145769 0.0482341 -0.00622707 
v 0.145321 0.0482341 -0.00677909 
v 0.147038 0.0482341 -0.00558347 
v 0.146404 0.0482341 -0.00590527 
v 0.148459 0.0482341 -0.00551161 
v 0.147749 0.0482341 -0.00554754 
v 0.149786 0.0482341 -0.0060239 
v 0.149123 0.0482341 -0.00576775 
v 0.150791 0.0482341 -0.00703176 
v 0.150288 0.0482341 -0.00652783 
v 0.151298 0.0482341 -0.00836093 
v 0.151044 0.0482341 -0.00769634 
v 0.144108 0.0479677 -0.00948628 
v 0.144067 0.0479677 -0.00868115 
v 0.14468 0.0479677 -0.0109843 
v 0.144394 0.0479677 -0.0102353 
v 0.145812 0.0479677 -0.0121202 
v 0.145246 0.0479677 -0.0115523 
v 0.147307 0.0479677 -0.0126976 
v 0.14656 0.0479677 -0.0124089 
v 0.148909 0.0479677 -0.0126166 
v 0.148108 0.0479677 -0.0126571 
v 0.150339 0.0479677 -0.0118912 
v 0.149624 0.0479677 -0.0122539 
v 0.15135 0.0479677 -0.0106469 
v 0.150845 0.0479677 -0.0112691 
v 0.151644 0.0479677 -0.00830674 
v 0.151768 0.0479677 -0.00909884 
v 0.151559 0.0479677 -0.00987289 
v 0.15152 0.0479677 -0.00751464 
v 0.150649 0.0479677 -0.00616825 
v 0.151085 0.0479677 -0.00684144 
v 0.149306 0.0479677 -0.00529247 
v 0.149978 0.0479677 -0.00573036 
v 0.147723 0.0479677 -0.00503874 
v 0.148515 0.0479677 -0.0051656 
v 0.146173 0.0479677 -0.00545092 
v 0.146948 0.0479677 -0.00524483 
v 0.144925 0.0479677 -0.00645776 
v 0.145549 0.0479677 -0.00595434 
v 0.144195 0.0479677 -0.00788515 
v 0.14456 0.0479677 -0.00717145 
v 0.151768 0.047962 -0.00909884 
v 0.15135 0.047962 -0.0106469 
v 0.150339 0.047962 -0.0118911 
v 0.148909 0.047962 -0.0126165 
v 0.147308 0.047962 -0.0126974 
v 0.145812 0.047962 -0.0121201 
v 0.14468 0.047962 -0.0109842 
v 0.144108 0.047962 -0.00948626 
v 0.144195 0.047962 -0.00788519 
v 0.144925 0.047962 -0.00645785 
v 0.146173 0.047962 -0.00545106 
v 0.147723 0.047962 -0.00503889 
v 0.149306 0.047962 -0.00529261 
v 0.150649 0.047962 -0.00616835 
v 0.15152 0.047962 -0.00751469 
v 0.151334 0.0477261 -0.0090753 
v 0.151221 0.0477261 -0.00978158 
v 0.150897 0.0477261 -0.0104148 
v 0.150573 0.0477261 -0.0110481 
v 0.150019 0.0477261 -0.0114947 
v 0.149465 0.0477261 -0.0119414 
v 0.148778 0.0477261 -0.0121243 
v 0.148091 0.0477261 -0.0123071 
v 0.147388 0.0477261 -0.0121946 
v 0.146686 0.0477261 -0.012082 
v 0.14609 0.0477261 -0.0116935 
v 0.145494 0.0477261 -0.0113049 
v 0.145108 0.0477261 -0.0107076 
v 0.144721 0.0477261 -0.0101103 
v 0.144611 0.0477261 -0.00940751 
v 0.144501 0.0477261 -0.00870469 
v 0.144687 0.0477261 -0.0080179 
v 0.144872 0.0477261 -0.00733111 
v 0.145321 0.0477261 -0.00677909 
v 0.145769 0.0477261 -0.00622707 
v 0.147038 0.0477261 -0.00558347 
v 0.146404 0.0477261 -0.00590527 
v 0.147749 0.0477261 -0.00554754 
v 0.148459 0.0477261 -0.00551161 
v 0.149786 0.0477261 -0.0060239 
v 0.149123 0.0477261 -0.00576775 
v 0.150791 0.0477261 -0.00703176 
v 0.150288 0.0477261 -0.00652783 
v 0.151298 0.0477261 -0.00836093 
v 0.151044 0.0477261 -0.00769634 
v 0.144121 0.0474678 -0.00948426 
v 0.14408 0.0474678 -0.00868186 
v 0.144691 0.0474678 -0.0109772 
v 0.144406 0.0474678 -0.0102307 
v 0.145819 0.0474678 -0.0121093 
v 0.145255 0.0474678 -0.0115432 
v 0.14731 0.0474678 -0.0126847 
v 0.146564 0.0474678 -0.012397 
v 0.148906 0.0474678 -0.0126039 
v 0.148108 0.0474678 -0.0126443 
v 0.150331 0.0474678 -0.011881 
v 0.149618 0.0474678 -0.0122425 
v 0.151339 0.0474678 -0.010641 
v 0.150835 0.0474678 -0.011261 
v 0.151632 0.0474678 -0.00830872 
v 0.151755 0.0474678 -0.00909813 
v 0.151547 0.0474678 -0.00986955 
v 0.151508 0.0474678 -0.00751931 
v 0.15064 0.0474678 -0.00617749 
v 0.151074 0.0474678 -0.0068484 
v 0.149301 0.0474678 -0.00530468 
v 0.149971 0.0474678 -0.00574108 
v 0.147724 0.0474678 -0.00505181 
v 0.148513 0.0474678 -0.00517825 
v 0.146179 0.0474678 -0.0054626 
v 0.146951 0.0474678 -0.00525721 
v 0.144935 0.0474678 -0.00646601 
v 0.145557 0.0474678 -0.00596431 
v 0.144207 0.0474678 -0.00788856 
v 0.144571 0.0474678 -0.00717729 
v 0.151755 0.0474467 -0.0090981 
v 0.151338 0.0474467 -0.0106407 
v 0.15033 0.0474467 -0.0118806 
v 0.148905 0.0474467 -0.0126034 
v 0.14731 0.0474467 -0.0126841 
v 0.145819 0.0474467 -0.0121088 
v 0.144691 0.0474467 -0.0109769 
v 0.144121 0.0474467 -0.00948417 
v 0.144208 0.0474467 -0.0078887 
v 0.144936 0.0474467 -0.00646636 
v 0.146179 0.0474467 -0.00546309 
v 0.147724 0.0474467 -0.00505236 
v 0.149301 0.0474467 -0.0053052 
v 0.15064 0.0474467 -0.00617788 
v 0.151508 0.0474467 -0.0075195 
v 0.151334 0.0472181 -0.0090753 
v 0.151221 0.0472181 -0.00978158 
v 0.150897 0.0472181 -0.0104148 
v 0.150573 0.0472181 -0.0110481 
v 0.150019 0.0472181 -0.0114947 
v 0.149465 0.0472181 -0.0119414 
v 0.148778 0.0472181 -0.0121243 
v 0.148091 0.0472181 -0.0123071 
v 0.147388 0.0472181 -0.0121946 
v 0.146686 0.0472181 -0.012082 
v 0.14609 0.0472181 -0.0116935 
v 0.145494 0.0472181 -0.0113049 
v 0.145108 0.0472181 -0.0107076 
v 0.144721 0.0472181 -0.0101103 
v 0.144611 0.0472181 -0.00940751 
v 0.144501 0.0472181 -0.00870469 
v 0.144687 0.0472181 -0.0080179 
v 0.144872 0.0472181 -0.00733111 
v 0.145321 0.0472181 -0.00677909 
v 0.145769 0.0472181 -0.00622707 
v 0.146404 0.0472181 -0.00590527 
v 0.147038 0.0472181 -0.00558347 
v 0.147749 0.0472181 -0.00554754 
v 0.148459 0.0472181 -0.00551161 
v 0.149123 0.0472181 -0.00576775 
v 0.149786 0.0472181 -0.0060239 
v 0.150288 0.0472181 -0.00652783 
v 0.150791 0.0472181 -0.00703176 
v 0.151298 0.0472181 -0.00836093 
v 0.151044 0.0472181 -0.00769634 
v 0.144134 0.0469678 -0.00948223 
v 0.144093 0.0469678 -0.00868257 
v 0.144702 0.0469678 -0.0109701 
v 0.144418 0.0469678 -0.0102262 
v 0.145826 0.0469678 -0.0120983 
v 0.145264 0.0469678 -0.0115342 
v 0.147312 0.0469678 -0.0126717 
v 0.146569 0.0469678 -0.012385 
v 0.148902 0.0469678 -0.0125913 
v 0.148107 0.0469678 -0.0126315 
v 0.150323 0.0469678 -0.0118709 
v 0.149612 0.0469678 -0.0122311 
v 0.151327 0.0469678 -0.010635 
v 0.150825 0.0469678 -0.0112529 
v 0.151619 0.0469678 -0.0083107 
v 0.151742 0.0469678 -0.00909743 
v 0.151535 0.0469678 -0.00986622 
v 0.151496 0.0469678 -0.00752398 
v 0.150631 0.0469678 -0.00618673 
v 0.151063 0.0469678 -0.00685535 
v 0.149297 0.0469678 -0.0053169 
v 0.149964 0.0469678 -0.00575181 
v 0.147724 0.0469678 -0.00506489 
v 0.14851 0.0469678 -0.00519089 
v 0.146185 0.0469678 -0.00547428 
v 0.146955 0.0469678 -0.00526958 
v 0.144946 0.0469678 -0.00647427 
v 0.145565 0.0469678 -0.00597427 
v 0.14422 0.0469678 -0.00789197 
v 0.144583 0.0469678 -0.00718312 
v 0.151326 0.0469314 -0.0106346 
v 0.151741 0.0469314 -0.00909737 
v 0.150322 0.0469314 -0.0118701 
v 0.148902 0.0469314 -0.0125904 
v 0.147312 0.0469314 -0.0126708 
v 0.145826 0.0469314 -0.0120975 
v 0.144703 0.0469314 -0.0109696 
v 0.144135 0.0469314 -0.00948209 
v 0.144221 0.0469314 -0.00789222 
v 0.144946 0.0469314 -0.00647487 
v 0.146186 0.0469314 -0.00547513 
v 0.147724 0.0469314 -0.00506584 
v 0.149296 0.0469314 -0.00531779 
v 0.15063 0.0469314 -0.0061874 
v 0.151495 0.0469314 -0.00752432 
v 0.151334 0.0467101 -0.0090753 
v 0.151221 0.0467101 -0.00978158 
v 0.150897 0.0467101 -0.0104148 
v 0.150573 0.0467101 -0.0110481 
v 0.150019 0.0467101 -0.0114947 
v 0.149465 0.0467101 -0.0119414 
v 0.148778 0.0467101 -0.0121243 
v 0.148091 0.0467101 -0.0123071 
v 0.146686 0.0467101 -0.012082 
v 0.147388 0.0467101 -0.0121946 
v 0.14609 0.0467101 -0.0116935 
v 0.145494 0.0467101 -0.0113049 
v 0.145108 0.0467101 -0.0107076 
v 0.144721 0.0467101 -0.0101103 
v 0.144611 0.0467101 -0.00940751 
v 0.144501 0.0467101 -0.00870469 
v 0.144687 0.0467101 -0.0080179 
v 0.144872 0.0467101 -0.00733111 
v 0.145321 0.0467101 -0.00677909 
v 0.145769 0.0467101 -0.00622707 
v 0.146404 0.0467101 -0.00590527 
v 0.147038 0.0467101 -0.00558347 
v 0.147749 0.0467101 -0.00554754 
v 0.148459 0.0467101 -0.00551161 
v 0.149786 0.0467101 -0.0060239 
v 0.149123 0.0467101 -0.00576775 
v 0.150288 0.0467101 -0.00652783 
v 0.150791 0.0467101 -0.00703176 
v 0.151298 0.0467101 -0.00836093 
v 0.151044 0.0467101 -0.00769634 
v 0.144147 0.0464678 -0.00948021 
v 0.144106 0.0464678 -0.00868328 
v 0.144713 0.0464678 -0.010963 
v 0.14443 0.0464678 -0.0102216 
v 0.145833 0.0464678 -0.0120873 
v 0.145273 0.0464678 -0.0115252 
v 0.147314 0.0464678 -0.0126588 
v 0.146573 0.0464678 -0.0123731 
v 0.148899 0.0464678 -0.0125786 
v 0.148106 0.0464678 -0.0126187 
v 0.150314 0.0464678 -0.0118607 
v 0.149607 0.0464678 -0.0122197 
v 0.151315 0.0464678 -0.010629 
v 0.150815 0.0464678 -0.0112449 
v 0.151606 0.0464678 -0.00831268 
v 0.151729 0.0464678 -0.00909672 
v 0.151522 0.0464678 -0.00986288 
v 0.151484 0.0464678 -0.00752865 
v 0.150622 0.0464678 -0.00619597 
v 0.151053 0.0464678 -0.00686231 
v 0.149292 0.0464678 -0.00532911 
v 0.149957 0.0464678 -0.00576254 
v 0.147725 0.0464678 -0.00507796 
v 0.148508 0.0464678 -0.00520354 
v 0.146191 0.0464678 -0.00548595 
v 0.146958 0.0464678 -0.00528196 
v 0.144956 0.0464678 -0.00648253 
v 0.145573 0.0464678 -0.00598424 
v 0.144233 0.0464678 -0.00789538 
v 0.144594 0.0464678 -0.00718896 
v 0.151728 0.0464161 -0.00909664 
v 0.151314 0.0464161 -0.0106284 
v 0.150313 0.0464161 -0.0118596 
v 0.148898 0.0464161 -0.0125773 
v 0.147314 0.0464161 -0.0126575 
v 0.145834 0.0464161 -0.0120862 
v 0.144714 0.0464161 -0.0109623 
v 0.144148 0.0464161 -0.00948 
v 0.144234 0.0464161 -0.00789573 
v 0.144957 0.0464161 -0.00648338 
v 0.146192 0.0464161 -0.00548716 
v 0.147725 0.0464161 -0.00507932 
v 0.149292 0.0464161 -0.00533038 
v 0.150621 0.0464161 -0.00619692 
v 0.151482 0.0464161 -0.00752913 
v 0.151334 0.0462021 -0.0090753 
v 0.151221 0.0462021 -0.00978158 
v 0.150897 0.0462021 -0.0104148 
v 0.150573 0.0462021 -0.0110481 
v 0.150019 0.0462021 -0.0114947 
v 0.149465 0.0462021 -0.0119414 
v 0.148778 0.0462021 -0.0121243 
v 0.148091 0.0462021 -0.0123071 
v 0.147388 0.0462021 -0.0121946 
v 0.146686 0.0462021 -0.012082 
v 0.145494 0.0462021 -0.0113049 
v 0.14609 0.0462021 -0.0116935 
v 0.145108 0.0462021 -0.0107076 
v 0.144721 0.0462021 -0.0101103 
v 0.144611 0.0462021 -0.00940751 
v 0.144501 0.0462021 -0.00870469 
v 0.144687 0.0462021 -0.0080179 
v 0.144872 0.0462021 -0.00733111 
v 0.145321 0.0462021 -0.00677909 
v 0.145769 0.0462021 -0.00622707 
v 0.146404 0.0462021 -0.00590527 
v 0.147038 0.0462021 -0.00558347 
v 0.147749 0.0462021 -0.00554754 
v 0.148459 0.0462021 -0.00551161 
v 0.149786 0.0462021 -0.0060239 
v 0.149123 0.0462021 -0.00576775 
v 0.150791 0.0462021 -0.00703176 
v 0.150288 0.0462021 -0.00652783 
v 0.151298 0.0462021 -0.00836093 
v 0.151044 0.0462021 -0.00769634 
v 0.14416 0.0459678 -0.00947819 
v 0.144119 0.0459678 -0.00868399 
v 0.144724 0.0459678 -0.0109559 
v 0.144442 0.0459678 -0.010217 
v 0.14584 0.0459678 -0.0120764 
v 0.145282 0.0459678 -0.0115161 
v 0.147316 0.0459678 -0.0126459 
v 0.146578 0.0459678 -0.0123611 
v 0.148895 0.0459678 -0.012566 
v 0.148106 0.0459678 -0.0126059 
v 0.150306 0.0459678 -0.0118505 
v 0.149601 0.0459678 -0.0122082 
v 0.151304 0.0459678 -0.0106231 
v 0.150805 0.0459678 -0.0112368 
v 0.151594 0.0459678 -0.00831466 
v 0.151716 0.0459678 -0.00909601 
v 0.15151 0.0459678 -0.00985954 
v 0.151471 0.0459678 -0.00753332 
v 0.150612 0.0459678 -0.00620521 
v 0.151042 0.0459678 -0.00686926 
v 0.149287 0.0459678 -0.00534133 
v 0.14995 0.0459678 -0.00577327 
v 0.147726 0.0459678 -0.00509104 
v 0.148506 0.0459678 -0.00521618 
v 0.146197 0.0459678 -0.00549763 
v 0.146961 0.0459678 -0.00529433 
v 0.144966 0.0459678 -0.00649079 
v 0.145581 0.0459678 -0.00599421 
v 0.144245 0.0459678 -0.00789879 
v 0.144606 0.0459678 -0.00719479 
v 0.151714 0.0459007 -0.00909591 
v 0.151302 0.0459007 -0.0106223 
v 0.150305 0.0459007 -0.0118491 
v 0.148895 0.0459007 -0.0125643 
v 0.147316 0.0459007 -0.0126442 
v 0.145841 0.0459007 -0.0120749 
v 0.144725 0.0459007 -0.0109549 
v 0.144161 0.0459007 -0.00947791 
v 0.144247 0.0459007 -0.00789925 
v 0.144967 0.0459007 -0.0064919 
v 0.146198 0.0459007 -0.00549919 
v 0.147726 0.0459007 -0.00509279 
v 0.149287 0.0459007 -0.00534296 
v 0.150611 0.0459007 -0.00620645 
v 0.15147 0.0459007 -0.00753394 
v 0.151334 0.0456941 -0.0090753 
v 0.151221 0.0456941 -0.00978158 
v 0.150573 0.0456941 -0.0110481 
v 0.150897 0.0456941 -0.0104148 
v 0.150019 0.0456941 -0.0114947 
v 0.149465 0.0456941 -0.0119414 
v 0.148778 0.0456941 -0.0121243 
v 0.148091 0.0456941 -0.0123071 
v 0.147388 0.0456941 -0.0121946 
v 0.146686 0.0456941 -0.012082 
v 0.14609 0.0456941 -0.0116935 
v 0.145494 0.0456941 -0.0113049 
v 0.145108 0.0456941 -0.0107076 
v 0.144721 0.0456941 -0.0101103 
v 0.144611 0.0456941 -0.00940751 
v 0.144501 0.0456941 -0.00870469 
v 0.144687 0.0456941 -0.0080179 
v 0.144872 0.0456941 -0.00733111 
v 0.145321 0.0456941 -0.00677909 
v 0.145769 0.0456941 -0.00622707 
v 0.146404 0.0456941 -0.00590527 
v 0.147038 0.0456941 -0.00558347 
v 0.148459 0.0456941 -0.00551161 
v 0.147749 0.0456941 -0.00554754 
v 0.149786 0.0456941 -0.0060239 
v 0.149123 0.0456941 -0.00576775 
v 0.150791 0.0456941 -0.00703176 
v 0.150288 0.0456941 -0.00652783 
v 0.151298 0.0456941 -0.00836093 
v 0.151044 0.0456941 -0.00769634 
v 0.144173 0.0454678 -0.00947616 
v 0.144133 0.0454678 -0.0086847 
v 0.144735 0.0454678 -0.0109488 
v 0.144454 0.0454678 -0.0102125 
v 0.145847 0.0454678 -0.0120654 
v 0.145291 0.0454678 -0.0115071 
v 0.147318 0.0454678 -0.012633 
v 0.146583 0.0454678 -0.0123492 
v 0.148892 0.0454678 -0.0125533 
v 0.148105 0.0454678 -0.0125931 
v 0.150298 0.0454678 -0.0118403 
v 0.149595 0.0454678 -0.0121968 
v 0.151292 0.0454678 -0.0106171 
v 0.150795 0.0454678 -0.0112287 
v 0.151581 0.0454678 -0.00831664 
v 0.151703 0.0454678 -0.0090953 
v 0.151497 0.0454678 -0.0098562 
v 0.151459 0.0454678 -0.00753799 
v 0.150603 0.0454678 -0.00621445 
v 0.151031 0.0454678 -0.00687622 
v 0.149283 0.0454678 -0.00535354 
v 0.149943 0.0454678 -0.00578399 
v 0.147726 0.0454678 -0.00510412 
v 0.148504 0.0454678 -0.00522883 
v 0.146203 0.0454678 -0.0055093 
v 0.146965 0.0454678 -0.00530671 
v 0.144976 0.0454678 -0.00649905 
v 0.14559 0.0454678 -0.00600417 
v 0.144258 0.0454678 -0.0079022 
v 0.144617 0.0454678 -0.00720062 
v 0.151701 0.0453854 -0.00909518 
v 0.15129 0.0453854 -0.0106161 
v 0.150297 0.0453854 -0.0118386 
v 0.148892 0.0453854 -0.0125513 
v 0.147318 0.0453854 -0.0126308 
v 0.145848 0.0453854 -0.0120636 
v 0.144737 0.0453854 -0.0109476 
v 0.144175 0.0453854 -0.00947583 
v 0.14426 0.0453854 -0.00790277 
v 0.144978 0.0453854 -0.00650041 
v 0.146204 0.0453854 -0.00551123 
v 0.147726 0.0453854 -0.00510627 
v 0.149282 0.0453854 -0.00535555 
v 0.150601 0.0453854 -0.00621597 
v 0.151457 0.0453854 -0.00753876 
v 0.151334 0.0451861 -0.0090753 
v 0.151221 0.0451861 -0.00978158 
v 0.150573 0.0451861 -0.0110481 
v 0.150897 0.0451861 -0.0104148 
v 0.150019 0.0451861 -0.0114947 
v 0.149465 0.0451861 -0.0119414 
v 0.148778 0.0451861 -0.0121243 
v 0.148091 0.0451861 -0.0123071 
v 0.147388 0.0451861 -0.0121946 
v 0.146686 0.0451861 -0.012082 
v 0.14609 0.0451861 -0.0116935 
v 0.145494 0.0451861 -0.0113049 
v 0.145108 0.0451861 -0.0107076 
v 0.144721 0.0451861 -0.0101103 
v 0.144611 0.0451861 -0.00940751 
v 0.144501 0.0451861 -0.00870469 
v 0.144687 0.0451861 -0.0080179 
v 0.144872 0.0451861 -0.00733111 
v 0.145321 0.0451861 -0.00677909 
v 0.145769 0.0451861 -0.00622707 
v 0.146404 0.0451861 -0.00590527 
v 0.147038 0.0451861 -0.00558347 
v 0.147749 0.0451861 -0.00554754 
v 0.148459 0.0451861 -0.00551161 
v 0.149123 0.0451861 -0.00576775 
v 0.149786 0.0451861 -0.0060239 
v 0.150288 0.0451861 -0.00652783 
v 0.150791 0.0451861 -0.00703176 
v 0.151298 0.0451861 -0.00836093 
v 0.151044 0.0451861 -0.00769634 
v 0.144185 0.0449679 -0.00947414 
v 0.144146 0.0449679 -0.00868541 
v 0.144746 0.0449679 -0.0109417 
v 0.144466 0.0449679 -0.0102079 
v 0.145854 0.0449679 -0.0120544 
v 0.1453 0.0449679 -0.011498 
v 0.14732 0.0449679 -0.01262 
v 0.146587 0.0449679 -0.0123372 
v 0.148889 0.0449679 -0.0125407 
v 0.148104 0.0449679 -0.0125804 
v 0.15029 0.0449679 -0.0118301 
v 0.149589 0.0449679 -0.0121854 
v 0.15128 0.0449679 -0.0106111 
v 0.150785 0.0449679 -0.0112206 
v 0.151568 0.0449679 -0.00831862 
v 0.15169 0.0449679 -0.00909459 
v 0.151485 0.0449679 -0.00985287 
v 0.151447 0.0449679 -0.00754266 
v 0.150594 0.0449679 -0.00622369 
v 0.15102 0.0449679 -0.00688317 
v 0.149278 0.0449679 -0.00536575 
v 0.149936 0.0449679 -0.00579472 
v 0.147727 0.0449679 -0.00511719 
v 0.148502 0.0449679 -0.00524147 
v 0.146209 0.0449679 -0.00552098 
v 0.146968 0.0449679 -0.00531909 
v 0.144986 0.0449679 -0.0065073 
v 0.145598 0.0449679 -0.00601414 
v 0.144271 0.0449679 -0.00790562 
v 0.144628 0.0449679 -0.00720646 
v 0.15169 0.044958 -0.00909457 
v 0.15128 0.044958 -0.010611 
v 0.150289 0.044958 -0.0118299 
v 0.148889 0.044958 -0.0125404 
v 0.14732 0.044958 -0.0126198 
v 0.145855 0.044958 -0.0120542 
v 0.144746 0.044958 -0.0109415 
v 0.144186 0.044958 -0.0094741 
v 0.144271 0.044958 -0.00790568 
v 0.144986 0.044958 -0.00650747 
v 0.146209 0.044958 -0.00552121 
v 0.147727 0.044958 -0.00511745 
v 0.149278 0.044958 -0.00536599 
v 0.150594 0.044958 -0.00622387 
v 0.151447 0.044958 -0.00754275 
v 0.145988 0.044958 -0.00649754 
v 0.147128 0.044958 -0.00591932 
v 0.144848 0.044958 -0.00872351 
v 0.145181 0.044958 -0.00748944 
v 0.14574 0.044958 -0.0110597 
v 0.145046 0.044958 -0.00998637 
v 0.146811 0.044958 -0.0117578 
v 0.148073 0.044958 -0.0119601 
v 0.148404 0.044958 -0.00585475 
v 0.149308 0.044958 -0.0116315 
v 0.150303 0.044958 -0.0108289 
v 0.150955 0.044958 -0.00841466 
v 0.150499 0.044958 -0.0072205 
v 0.149597 0.044958 -0.006315 
v 0.150885 0.044958 -0.00969102 
v 0.150987 0.044958 -0.00905648 
v 0.145463 0.0571881 -0.00927418 
v 0.145545 0.0571881 -0.00979592 
v 0.145832 0.0571881 -0.0102393 
v 0.146118 0.0571881 -0.0106828 
v 0.146561 0.0571881 -0.0109712 
v 0.147003 0.0571881 -0.0112596 
v 0.147525 0.0571881 -0.0113432 
v 0.148046 0.0571881 -0.0114268 
v 0.148556 0.0571881 -0.011291 
v 0.149067 0.0571881 -0.0111553 
v 0.149478 0.0571881 -0.0108237 
v 0.149889 0.0571881 -0.0104921 
v 0.150129 0.0571881 -0.010022 
v 0.15037 0.0571881 -0.00955187 
v 0.150454 0.0571881 -0.00902756 
v 0.150427 0.0571881 -0.00849723 
v 0.150239 0.0571881 -0.00800387 
v 0.15005 0.0571881 -0.0075105 
v 0.149678 0.0571881 -0.0071364 
v 0.149305 0.0571881 -0.0067623 
v 0.148812 0.0571881 -0.00657215 
v 0.14832 0.0571881 -0.006382 
v 0.147792 0.0571881 -0.00640867 
v 0.147265 0.0571881 -0.00643535 
v 0.146794 0.0571881 -0.00667424 
v 0.146323 0.0571881 -0.00691313 
v 0.14599 0.0571881 -0.00732293 
v 0.145657 0.0571881 -0.00773273 
v 0.145519 0.0571881 -0.00824258 
v 0.145381 0.0571881 -0.00875243 
v 0.150454 0.0591312 -0.00902756 
v 0.150291 0.0591312 -0.00798407 
v 0.149717 0.0591312 -0.00709723 
v 0.148832 0.0591312 -0.00652037 
v 0.147789 0.0591312 -0.00635324 
v 0.146769 0.0591312 -0.00662474 
v 0.145947 0.0591312 -0.00728792 
v 0.145465 0.0591312 -0.00822812 
v 0.145408 0.0591312 -0.00928276 
v 0.145785 0.0591312 -0.0102695 
v 0.14653 0.0591312 -0.0110177 
v 0.147516 0.0591312 -0.011398 
v 0.148571 0.0591312 -0.0113446 
v 0.149513 0.0591312 -0.0108669 
v 0.150179 0.0591312 -0.0100473 
v 0.150721 0.0591312 -0.010325 
v 0.149895 0.0591312 -0.0113413 
v 0.148727 0.0591312 -0.0119338 
v 0.15086 0.0591312 -0.00776665 
v 0.151063 0.0591312 -0.00906058 
v 0.147419 0.0591312 -0.0119999 
v 0.146197 0.0591312 -0.0115283 
v 0.145273 0.0591312 -0.0106006 
v 0.144806 0.0591312 -0.00937702 
v 0.149052 0.0591312 -0.00595166 
v 0.150149 0.0591312 -0.00666696 
v 0.144877 0.0591312 -0.00806927 
v 0.145474 0.0591312 -0.00690343 
v 0.146493 0.0591312 -0.00608108 
v 0.147759 0.0591312 -0.00574442 
v 0.15086 0.064008 -0.00776665 
v 0.151063 0.064008 -0.00906058 
v 0.150562 0.064008 -0.00717943 
v 0.150149 0.064008 -0.00666696 
v 0.149638 0.064008 -0.00625166 
v 0.149052 0.064008 -0.00595166 
v 0.147759 0.064008 -0.00574442 
v 0.148416 0.064008 -0.00578008 
v 0.146493 0.064008 -0.00608108 
v 0.147108 0.064008 -0.00584623 
v 0.14594 0.064008 -0.00643868 
v 0.145474 0.064008 -0.00690343 
v 0.144877 0.064008 -0.00806927 
v 0.145114 0.064008 -0.00745499 
v 0.144806 0.064008 -0.00937702 
v 0.144773 0.064008 -0.00871942 
v 0.144975 0.064008 -0.0100133 
v 0.145273 0.064008 -0.0106006 
v 0.145687 0.064008 -0.011113 
v 0.146197 0.064008 -0.0115283 
v 0.146784 0.064008 -0.0118283 
v 0.147419 0.064008 -0.0119999 
v 0.148727 0.064008 -0.0119338 
v 0.148077 0.064008 -0.0120356 
v 0.149342 0.064008 -0.0116989 
v 0.149895 0.064008 -0.0113413 
v 0.150721 0.064008 -0.010325 
v 0.150362 0.064008 -0.0108766 
v 0.150958 0.064008 -0.00971073 
v 0.150856 0.064008 -0.0100241 
v 0.151 0.064008 -0.00972203 
v 0.15076 0.064008 -0.0103448 
v 0.151106 0.064008 -0.00906292 
v 0.147412 0.064008 -0.0120427 
v 0.146768 0.064008 -0.0118688 
v 0.146174 0.064008 -0.0115647 
v 0.150395 0.064008 -0.0109039 
v 0.145656 0.064008 -0.0111436 
v 0.144729 0.064008 -0.00871707 
v 0.144835 0.064008 -0.00805797 
v 0.145075 0.064008 -0.00743523 
v 0.14544 0.064008 -0.00687607 
v 0.145913 0.064008 -0.00640493 
v 0.146473 0.064008 -0.0060424 
v 0.149923 0.064008 -0.0113751 
v 0.148738 0.064008 -0.0119757 
v 0.148079 0.064008 -0.0120789 
v 0.145237 0.064008 -0.0106241 
v 0.147097 0.064008 -0.00580432 
v 0.147756 0.064008 -0.0057011 
v 0.148423 0.064008 -0.00573725 
v 0.149362 0.064008 -0.0117376 
v 0.144935 0.064008 -0.0100288 
v 0.144763 0.064008 -0.00938373 
v 0.149067 0.064008 -0.0059112 
v 0.149662 0.064008 -0.00621533 
v 0.15018 0.064008 -0.00663635 
v 0.150599 0.064008 -0.00715587 
v 0.150901 0.064008 -0.00775118 
v 0.151072 0.064008 -0.00839626 
v 0.142954 0.0620649 -0.00966684 
v 0.143119 0.0620649 -0.0107218 
v 0.143699 0.0620649 -0.0116185 
v 0.144279 0.0620649 -0.0125151 
v 0.145174 0.0620649 -0.0130983 
v 0.146068 0.0620649 -0.0136816 
v 0.147123 0.0620649 -0.0138505 
v 0.148177 0.0620649 -0.0140195 
v 0.149209 0.0620649 -0.013745 
v 0.150241 0.0620649 -0.0134705 
v 0.151072 0.0620649 -0.0128 
v 0.151903 0.0620649 -0.0121295 
v 0.15239 0.0620649 -0.0111789 
v 0.152876 0.0620649 -0.0102284 
v 0.152934 0.0620649 -0.00916208 
v 0.152992 0.0620649 -0.0080958 
v 0.152611 0.0620649 -0.00709818 
v 0.15223 0.0620649 -0.00610056 
v 0.151477 0.0620649 -0.0053441 
v 0.150723 0.0620649 -0.00458764 
v 0.149727 0.0620649 -0.00420314 
v 0.14873 0.0620649 -0.00381864 
v 0.147664 0.0620649 -0.00387258 
v 0.146597 0.0620649 -0.00392652 
v 0.145645 0.0620649 -0.00440957 
v 0.144693 0.0620649 -0.00489263 
v 0.144019 0.0620649 -0.00572127 
v 0.143346 0.0620649 -0.00654992 
v 0.143067 0.0620649 -0.00758088 
v 0.142789 0.0620649 -0.00861183 
v 0.14424 0.0638601 -0.010294 
v 0.143987 0.0638601 -0.0086768 
v 0.145129 0.0638601 -0.0116685 
v 0.1465 0.0638601 -0.0125625 
v 0.148117 0.0638601 -0.0128215 
v 0.149698 0.0638601 -0.0124008 
v 0.150972 0.0638601 -0.0113729 
v 0.151718 0.0638601 -0.00991579 
v 0.151807 0.0638601 -0.00828128 
v 0.151223 0.0638601 -0.00675202 
v 0.150068 0.0638601 -0.00559244 
v 0.148541 0.0638601 -0.00500303 
v 0.146906 0.0638601 -0.00508572 
v 0.145446 0.0638601 -0.0058262 
v 0.144413 0.0638601 -0.00709644 
v 0.143357 0.0634389 -0.00864266 
v 0.143651 0.0634389 -0.0105189 
v 0.144682 0.0634389 -0.0121134 
v 0.146273 0.0634389 -0.0131506 
v 0.148148 0.0634389 -0.0134511 
v 0.149984 0.0634389 -0.012963 
v 0.151462 0.0634389 -0.0117705 
v 0.152327 0.0634389 -0.0100801 
v 0.15243 0.0634389 -0.0081838 
v 0.151752 0.0634389 -0.00640965 
v 0.150412 0.0634389 -0.00506438 
v 0.14864 0.0634389 -0.00438059 
v 0.146744 0.0634389 -0.00447651 
v 0.14505 0.0634389 -0.00533557 
v 0.143852 0.0634389 -0.00680922 
v 0.142937 0.0628085 -0.00861984 
v 0.143258 0.0628085 -0.0106691 
v 0.144384 0.0628085 -0.0124107 
v 0.146122 0.0628085 -0.0135436 
v 0.14817 0.0628085 -0.0138718 
v 0.150174 0.0628085 -0.0133386 
v 0.151788 0.0628085 -0.0120362 
v 0.152734 0.0628085 -0.0101898 
v 0.152846 0.0628085 -0.00811867 
v 0.152106 0.0628085 -0.00618089 
v 0.150642 0.0628085 -0.00471154 
v 0.148707 0.0628085 -0.00396468 
v 0.146635 0.0628085 -0.00406946 
v 0.144786 0.0628085 -0.00500774 
v 0.143477 0.0628085 -0.00661731 
v 0.153046 0.0591312 -0.00916816 
v 0.15249 0.0591312 -0.0112301 
v 0.151143 0.0591312 -0.0128874 
v 0.149238 0.0591312 -0.0138535 
v 0.147105 0.0591312 -0.0139614 
v 0.145113 0.0591312 -0.0131924 
v 0.143605 0.0591312 -0.0116794 
v 0.142843 0.0591312 -0.00968419 
v 0.142959 0.0591312 -0.00755163 
v 0.143932 0.0591312 -0.00565048 
v 0.145594 0.0591312 -0.00430948 
v 0.147658 0.0591312 -0.00376048 
v 0.149767 0.0591312 -0.00409843 
v 0.151556 0.0591312 -0.00526488 
v 0.152716 0.0591312 -0.00705815 
v 0.1509 0.0591312 -0.00431545 
v 0.151395 0.0591312 -0.0131011 
v 0.150388 0.0591312 -0.0137603 
v 0.146009 0.0591312 -0.0140067 
v 0.144006 0.0591312 -0.0127004 
v 0.143105 0.0591312 -0.0114707 
v 0.148089 0.0591312 -0.00343169 
v 0.149826 0.0591312 -0.00377334 
v 0.1533 0.0591312 -0.00796672 
v 0.153174 0.0591312 -0.0103727 
v 0.152559 0.0591312 -0.0117676 
v 0.144935 0.0591312 -0.0134645 
v 0.142532 0.0591312 -0.00979552 
v 0.142465 0.0591312 -0.00859424 
v 0.144441 0.0591312 -0.00467886 
v 0.146574 0.0591312 -0.00359694 
v 0.15183 0.0591312 -0.00508024 
v 0.15273 0.0591312 -0.00630931 
v 0.153371 0.0591312 -0.00918576 
v 0.149262 0.0591312 -0.0141831 
v 0.147746 0.0591312 -0.0143483 
v 0.142662 0.0591312 -0.00740731 
v 0.143276 0.0591312 -0.00601237 
v 0.145447 0.0591312 -0.00401969 
v 0.153302 0.0589797 -0.0104542 
v 0.153054 0.0587747 -0.0124081 
v 0.151521 0.0589797 -0.0131856 
v 0.153209 0.0587747 -0.0121705 
v 0.153209 0.0571881 -0.0121705 
v 0.153054 0.0571881 -0.0124081 
v 0.147722 0.0571881 -0.0151125 
v 0.149255 0.0589797 -0.014335 
v 0.147722 0.0587747 -0.0151125 
v 0.153441 0.0589773 -0.00789755 
v 0.153533 0.0571881 -0.00620103 
v 0.153533 0.0587747 -0.00620103 
v 0.147439 0.0587747 -0.0150971 
v 0.145999 0.0589797 -0.0141584 
v 0.147439 0.0571881 -0.0150971 
v 0.142431 0.0571881 -0.011832 
v 0.143871 0.0589797 -0.0127707 
v 0.142431 0.0587747 -0.011832 
v 0.142303 0.0587747 -0.011579 
v 0.142396 0.0589797 -0.00986271 
v 0.142303 0.0571881 -0.011579 
v 0.142627 0.0571881 -0.00560951 
v 0.142533 0.0589797 -0.00732577 
v 0.142627 0.0587747 -0.00560951 
v 0.142782 0.0587747 -0.00537186 
v 0.144314 0.0589797 -0.00459435 
v 0.142782 0.0571881 -0.00537186 
v 0.148113 0.0571881 -0.00266753 
v 0.14658 0.0589797 -0.00344504 
v 0.148113 0.0587747 -0.00266753 
v 0.151965 0.0589796 -0.00500978 
v 0.153404 0.0587747 -0.00594802 
v 0.148396 0.0571881 -0.00268289 
v 0.153404 0.0571881 -0.00594802 
v 0.149836 0.0589797 -0.00362164 
v 0.148396 0.0587747 -0.00268289 
v 0.143932 0.0571881 -0.00565048 
v 0.145594 0.0571881 -0.00430948 
v 0.147105 0.0571881 -0.0139614 
v 0.145113 0.0571881 -0.0131924 
v 0.142959 0.0571881 -0.00755163 
v 0.142843 0.0571881 -0.00968419 
v 0.143605 0.0571881 -0.0116794 
v 0.151143 0.0571881 -0.0128874 
v 0.149238 0.0571881 -0.0138535 
v 0.15249 0.0571881 -0.0112301 
v 0.152716 0.0571881 -0.00705815 
v 0.149767 0.0571881 -0.00409843 
v 0.147658 0.0571881 -0.00376048 
v 0.151556 0.0571881 -0.00526488 
v 0.153046 0.0571881 -0.00916816 
v 0.153046 0.0558927 -0.00916816 
v 0.15249 0.0558927 -0.0112301 
v 0.151143 0.0558927 -0.0128874 
v 0.149238 0.0558927 -0.0138535 
v 0.147105 0.0558927 -0.0139614 
v 0.145113 0.0558927 -0.0131924 
v 0.143605 0.0558927 -0.0116794 
v 0.142843 0.0558927 -0.00968419 
v 0.142959 0.0558927 -0.00755163 
v 0.143932 0.0558927 -0.00565048 
v 0.145594 0.0558927 -0.00430948 
v 0.147658 0.0558927 -0.00376048 
v 0.149767 0.0558927 -0.00409843 
v 0.151556 0.0558927 -0.00526488 
v 0.152716 0.0558927 -0.00705815 
v 0.144612 0.0558927 -0.0110282 
v 0.145767 0.0558927 -0.0121879 
v 0.151596 0.0558927 -0.00748581 
v 0.150707 0.0558927 -0.0061112 
v 0.149335 0.0558927 -0.00521707 
v 0.147719 0.0558927 -0.00495802 
v 0.147295 0.0558927 -0.0127774 
v 0.146137 0.0558927 -0.00537885 
v 0.144863 0.0558927 -0.00640678 
v 0.14893 0.0558927 -0.0126947 
v 0.15039 0.0558927 -0.0119541 
v 0.151422 0.0558927 -0.0106838 
v 0.144117 0.0558927 -0.00786409 
v 0.144028 0.0558927 -0.00949878 
v 0.151849 0.0558927 -0.00910322 
v 0.151342 0.0555994 -0.00907571 
v 0.151228 0.0555994 -0.00978353 
v 0.150903 0.0555994 -0.0104182 
v 0.150579 0.0555994 -0.0110528 
v 0.150024 0.0555994 -0.0115004 
v 0.149469 0.0555994 -0.0119481 
v 0.14878 0.0555994 -0.0121314 
v 0.148091 0.0555994 -0.0123146 
v 0.147387 0.0555994 -0.0122018 
v 0.146683 0.0555994 -0.012089 
v 0.145489 0.0555994 -0.0113102 
v 0.146086 0.0555994 -0.0116996 
v 0.145101 0.0555994 -0.0107116 
v 0.144714 0.0555994 -0.010113 
v 0.144604 0.0555994 -0.00940864 
v 0.144494 0.0555994 -0.00870429 
v 0.144679 0.0555994 -0.00801599 
v 0.144865 0.0555994 -0.00732769 
v 0.145315 0.0555994 -0.00677446 
v 0.145765 0.0555994 -0.00622123 
v 0.1464 0.0555994 -0.00589873 
v 0.147036 0.0555994 -0.00557622 
v 0.147748 0.0555994 -0.00554021 
v 0.14846 0.0555994 -0.0055042 
v 0.149125 0.0555994 -0.0057609 
v 0.14979 0.0555994 -0.00601761 
v 0.150294 0.0555994 -0.00652265 
v 0.150797 0.0555994 -0.00702768 
v 0.151305 0.0555994 -0.00835977 
v 0.151051 0.0555994 -0.00769372 
v 0.144095 0.0553454 -0.00948826 
v 0.144139 0.0553454 -0.00868504 
v 0.144669 0.0553454 -0.0109912 
v 0.144382 0.0553454 -0.0102398 
v 0.145805 0.0553454 -0.0121309 
v 0.145237 0.0553454 -0.0115611 
v 0.147305 0.0553454 -0.0127102 
v 0.146555 0.0553454 -0.0124206 
v 0.148912 0.0553454 -0.0126289 
v 0.148109 0.0553454 -0.0126696 
v 0.150347 0.0553454 -0.0119012 
v 0.14963 0.0553454 -0.012265 
v 0.151362 0.0553454 -0.0106527 
v 0.150854 0.0553454 -0.011277 
v 0.151657 0.0553454 -0.00830481 
v 0.151781 0.0553454 -0.00909953 
v 0.151571 0.0553454 -0.00987614 
v 0.151532 0.0553454 -0.00751009 
v 0.150658 0.0553454 -0.00615924 
v 0.151095 0.0553454 -0.00683466 
v 0.149311 0.0553454 -0.00528057 
v 0.149985 0.0553454 -0.0057199 
v 0.147722 0.0553454 -0.005026 
v 0.148517 0.0553454 -0.00515328 
v 0.146168 0.0553454 -0.00543955 
v 0.146945 0.0553454 -0.00523277 
v 0.144915 0.0553454 -0.00644971 
v 0.145541 0.0553454 -0.00594463 
v 0.144182 0.0553454 -0.00788182 
v 0.144549 0.0553454 -0.00716577 
v 0.151228 0.0550914 -0.00978353 
v 0.151342 0.0550914 -0.00907571 
v 0.150579 0.0550914 -0.0110528 
v 0.150903 0.0550914 -0.0104182 
v 0.149469 0.0550914 -0.0119481 
v 0.150024 0.0550914 -0.0115004 
v 0.148091 0.0550914 -0.0123146 
v 0.14878 0.0550914 -0.0121314 
v 0.146683 0.0550914 -0.012089 
v 0.147387 0.0550914 -0.0122018 
v 0.145489 0.0550914 -0.0113102 
v 0.146086 0.0550914 -0.0116996 
v 0.144714 0.0550914 -0.010113 
v 0.145101 0.0550914 -0.0107116 
v 0.144494 0.0550914 -0.00870429 
v 0.144604 0.0550914 -0.00940864 
v 0.144865 0.0550914 -0.00732769 
v 0.144679 0.0550914 -0.00801599 
v 0.145765 0.0550914 -0.00622123 
v 0.145315 0.0550914 -0.00677446 
v 0.147036 0.0550914 -0.00557622 
v 0.1464 0.0550914 -0.00589873 
v 0.14846 0.0550914 -0.0055042 
v 0.147748 0.0550914 -0.00554021 
v 0.14979 0.0550914 -0.00601761 
v 0.149125 0.0550914 -0.0057609 
v 0.150797 0.0550914 -0.00702768 
v 0.150294 0.0550914 -0.00652265 
v 0.151305 0.0550914 -0.00835977 
v 0.151051 0.0550914 -0.00769372 
v 0.144095 0.0548374 -0.00948826 
v 0.144139 0.0548374 -0.00868504 
v 0.144669 0.0548374 -0.0109912 
v 0.144382 0.0548374 -0.0102398 
v 0.145805 0.0548374 -0.0121309 
v 0.145237 0.0548374 -0.0115611 
v 0.147305 0.0548374 -0.0127102 
v 0.146555 0.0548374 -0.0124206 
v 0.148912 0.0548374 -0.0126289 
v 0.148109 0.0548374 -0.0126696 
v 0.150347 0.0548374 -0.0119012 
v 0.14963 0.0548374 -0.012265 
v 0.151362 0.0548374 -0.0106527 
v 0.150854 0.0548374 -0.011277 
v 0.151657 0.0548374 -0.00830481 
v 0.151781 0.0548374 -0.00909953 
v 0.151571 0.0548374 -0.00987614 
v 0.151532 0.0548374 -0.00751009 
v 0.150658 0.0548374 -0.00615924 
v 0.151095 0.0548374 -0.00683466 
v 0.149311 0.0548374 -0.00528057 
v 0.149985 0.0548374 -0.0057199 
v 0.147722 0.0548374 -0.005026 
v 0.148517 0.0548374 -0.00515328 
v 0.146168 0.0548374 -0.00543955 
v 0.146945 0.0548374 -0.00523277 
v 0.144915 0.0548374 -0.00644971 
v 0.145541 0.0548374 -0.00594463 
v 0.144182 0.0548374 -0.00788182 
v 0.144549 0.0548374 -0.00716577 
v 0.151228 0.0545834 -0.00978353 
v 0.151342 0.0545834 -0.00907571 
v 0.150579 0.0545834 -0.0110528 
v 0.150903 0.0545834 -0.0104182 
v 0.149469 0.0545834 -0.0119481 
v 0.150024 0.0545834 -0.0115004 
v 0.148091 0.0545834 -0.0123146 
v 0.14878 0.0545834 -0.0121314 
v 0.146683 0.0545834 -0.012089 
v 0.147387 0.0545834 -0.0122018 
v 0.145489 0.0545834 -0.0113102 
v 0.146086 0.0545834 -0.0116996 
v 0.144714 0.0545834 -0.010113 
v 0.145101 0.0545834 -0.0107116 
v 0.144494 0.0545834 -0.00870429 
v 0.144604 0.0545834 -0.00940864 
v 0.144865 0.0545834 -0.00732769 
v 0.144679 0.0545834 -0.00801599 
v 0.145765 0.0545834 -0.00622123 
v 0.145315 0.0545834 -0.00677446 
v 0.147036 0.0545834 -0.00557622 
v 0.1464 0.0545834 -0.00589873 
v 0.14846 0.0545834 -0.0055042 
v 0.147748 0.0545834 -0.00554021 
v 0.14979 0.0545834 -0.00601761 
v 0.149125 0.0545834 -0.0057609 
v 0.150797 0.0545834 -0.00702768 
v 0.150294 0.0545834 -0.00652265 
v 0.151305 0.0545834 -0.00835977 
v 0.151051 0.0545834 -0.00769372 
v 0.144095 0.0543294 -0.00948826 
v 0.144139 0.0543294 -0.00868504 
v 0.144669 0.0543294 -0.0109912 
v 0.144382 0.0543294 -0.0102398 
v 0.145805 0.0543294 -0.0121309 
v 0.145237 0.0543294 -0.0115611 
v 0.147305 0.0543294 -0.0127102 
v 0.146555 0.0543294 -0.0124206 
v 0.148912 0.0543294 -0.0126289 
v 0.148109 0.0543294 -0.0126696 
v 0.150347 0.0543294 -0.0119012 
v 0.14963 0.0543294 -0.012265 
v 0.151362 0.0543294 -0.0106527 
v 0.150854 0.0543294 -0.011277 
v 0.151657 0.0543294 -0.00830481 
v 0.151781 0.0543294 -0.00909953 
v 0.151571 0.0543294 -0.00987614 
v 0.151532 0.0543294 -0.00751009 
v 0.150658 0.0543294 -0.00615924 
v 0.151095 0.0543294 -0.00683466 
v 0.149311 0.0543294 -0.00528057 
v 0.149985 0.0543294 -0.0057199 
v 0.147722 0.0543294 -0.005026 
v 0.148517 0.0543294 -0.00515328 
v 0.146168 0.0543294 -0.00543955 
v 0.146945 0.0543294 -0.00523277 
v 0.144915 0.0543294 -0.00644971 
v 0.145541 0.0543294 -0.00594463 
v 0.144182 0.0543294 -0.00788182 
v 0.144549 0.0543294 -0.00716577 
v 0.151228 0.0540754 -0.00978353 
v 0.151342 0.0540754 -0.00907571 
v 0.150579 0.0540754 -0.0110528 
v 0.150903 0.0540754 -0.0104182 
v 0.149469 0.0540754 -0.0119481 
v 0.150024 0.0540754 -0.0115004 
v 0.148091 0.0540754 -0.0123146 
v 0.14878 0.0540754 -0.0121314 
v 0.146683 0.0540754 -0.012089 
v 0.147387 0.0540754 -0.0122018 
v 0.145489 0.0540754 -0.0113102 
v 0.146086 0.0540754 -0.0116996 
v 0.144714 0.0540754 -0.010113 
v 0.145101 0.0540754 -0.0107116 
v 0.144494 0.0540754 -0.00870429 
v 0.144604 0.0540754 -0.00940864 
v 0.144865 0.0540754 -0.00732769 
v 0.144679 0.0540754 -0.00801599 
v 0.145765 0.0540754 -0.00622123 
v 0.145315 0.0540754 -0.00677446 
v 0.147036 0.0540754 -0.00557622 
v 0.1464 0.0540754 -0.00589873 
v 0.14846 0.0540754 -0.0055042 
v 0.147748 0.0540754 -0.00554021 
v 0.14979 0.0540754 -0.00601761 
v 0.149125 0.0540754 -0.0057609 
v 0.150797 0.0540754 -0.00702768 
v 0.150294 0.0540754 -0.00652265 
v 0.151305 0.0540754 -0.00835977 
v 0.151051 0.0540754 -0.00769372 
v 0.144095 0.0538214 -0.00948826 
v 0.144139 0.0538214 -0.00868504 
v 0.144669 0.0538214 -0.0109912 
v 0.144382 0.0538214 -0.0102398 
v 0.145805 0.0538214 -0.0121309 
v 0.145237 0.0538214 -0.0115611 
v 0.147305 0.0538214 -0.0127102 
v 0.146555 0.0538214 -0.0124206 
v 0.148912 0.0538214 -0.0126289 
v 0.148109 0.0538214 -0.0126696 
v 0.150347 0.0538214 -0.0119012 
v 0.14963 0.0538214 -0.012265 
v 0.151362 0.0538214 -0.0106527 
v 0.150854 0.0538214 -0.011277 
v 0.151657 0.0538214 -0.00830481 
v 0.151781 0.0538214 -0.00909953 
v 0.151571 0.0538214 -0.00987614 
v 0.151532 0.0538214 -0.00751009 
v 0.150658 0.0538214 -0.00615924 
v 0.151095 0.0538214 -0.00683466 
v 0.149311 0.0538214 -0.00528057 
v 0.149985 0.0538214 -0.0057199 
v 0.147722 0.0538214 -0.005026 
v 0.148517 0.0538214 -0.00515328 
v 0.146168 0.0538214 -0.00543955 
v 0.146945 0.0538214 -0.00523277 
v 0.144915 0.0538214 -0.00644971 
v 0.145541 0.0538214 -0.00594463 
v 0.144182 0.0538214 -0.00788182 
v 0.144549 0.0538214 -0.00716577 
v 0.151342 0.0535674 -0.00907571 
v 0.15097 0.0535674 -0.0104523 
v 0.150071 0.0535674 -0.0115588 
v 0.148799 0.0535674 -0.0122038 
v 0.147375 0.0535674 -0.0122758 
v 0.146045 0.0535674 -0.0117624 
v 0.145038 0.0535674 -0.0107523 
v 0.14453 0.0535674 -0.00942023 
v 0.144494 0.0535674 -0.00870429 
v 0.144607 0.0535674 -0.00799646 
v 0.145257 0.0535674 -0.0067272 
v 0.146367 0.0535674 -0.0058319 
v 0.147744 0.0535674 -0.00546537 
v 0.149152 0.0535674 -0.005691 
v 0.150347 0.0535674 -0.00646976 
v 0.151121 0.0535674 -0.007667 
v 0.143986 0.0532741 -0.00867677 
v 0.144028 0.0532741 -0.00949878 
v 0.144612 0.0532741 -0.0110282 
v 0.145767 0.0532741 -0.0121879 
v 0.147295 0.0532741 -0.0127774 
v 0.14893 0.0532741 -0.0126947 
v 0.15039 0.0532741 -0.0119541 
v 0.151422 0.0532741 -0.0106838 
v 0.151849 0.0532741 -0.00910322 
v 0.151596 0.0532741 -0.00748581 
v 0.150707 0.0532741 -0.0061112 
v 0.149335 0.0532741 -0.00521707 
v 0.147719 0.0532741 -0.00495802 
v 0.146137 0.0532741 -0.00537885 
v 0.144863 0.0532741 -0.00640678 
v 0.144117 0.0532741 -0.00786409 
v 0.151849 0.0529971 -0.00910322 
v 0.151422 0.0529971 -0.0106838 
v 0.15039 0.0529971 -0.0119541 
v 0.14893 0.0529971 -0.0126947 
v 0.147295 0.0529971 -0.0127774 
v 0.145767 0.0529971 -0.0121879 
v 0.144612 0.0529971 -0.0110282 
v 0.144028 0.0529971 -0.00949878 
v 0.144117 0.0529971 -0.00786409 
v 0.144863 0.0529971 -0.00640678 
v 0.146137 0.0529971 -0.00537885 
v 0.147719 0.0529971 -0.00495802 
v 0.149335 0.0529971 -0.00521707 
v 0.150707 0.0529971 -0.0061112 
v 0.151596 0.0529971 -0.00748581 
v 0.1509 0.0529971 -0.00431545 
v 0.151395 0.0529971 -0.0131011 
v 0.150388 0.0529971 -0.0137603 
v 0.146009 0.0529971 -0.0140067 
v 0.144935 0.0529971 -0.0134645 
v 0.144006 0.0529971 -0.0127004 
v 0.144441 0.0529971 -0.00467886 
v 0.145447 0.0529971 -0.00401969 
v 0.146574 0.0529971 -0.00359694 
v 0.148089 0.0529971 -0.00343169 
v 0.149826 0.0529971 -0.00377334 
v 0.152559 0.0529971 -0.0117676 
v 0.147746 0.0529971 -0.0143483 
v 0.142532 0.0529971 -0.00979552 
v 0.142465 0.0529971 -0.00859424 
v 0.143276 0.0529971 -0.00601237 
v 0.15183 0.0529971 -0.00508024 
v 0.15273 0.0529971 -0.00630931 
v 0.1533 0.0529971 -0.00796672 
v 0.153371 0.0529971 -0.00918576 
v 0.153174 0.0529971 -0.0103727 
v 0.149262 0.0529971 -0.0141831 
v 0.143105 0.0529971 -0.0114707 
v 0.142662 0.0529971 -0.00740731 
v 0.153302 0.0528095 -0.0104546 
v 0.153054 0.0525557 -0.0124081 
v 0.151521 0.0528095 -0.0131855 
v 0.153209 0.0525557 -0.0121705 
v 0.153209 0.051054 -0.0121705 
v 0.153054 0.051054 -0.0124081 
v 0.147722 0.051054 -0.0151125 
v 0.149255 0.0528095 -0.0143351 
v 0.147722 0.0525557 -0.0151125 
v 0.153441 0.0528065 -0.0078972 
v 0.153533 0.051054 -0.00620103 
v 0.153533 0.0525557 -0.00620103 
v 0.147439 0.0525557 -0.0150971 
v 0.145999 0.0528095 -0.0141585 
v 0.147439 0.051054 -0.0150971 
v 0.142431 0.051054 -0.011832 
v 0.143871 0.0528095 -0.0127705 
v 0.142431 0.0525557 -0.011832 
v 0.142303 0.0525557 -0.011579 
v 0.142396 0.0528095 -0.00986306 
v 0.142303 0.051054 -0.011579 
v 0.142627 0.051054 -0.00560951 
v 0.142534 0.0528095 -0.00732542 
v 0.142627 0.0525557 -0.00560951 
v 0.142782 0.0525557 -0.00537186 
v 0.144314 0.0528095 -0.0045945 
v 0.142782 0.051054 -0.00537186 
v 0.148113 0.051054 -0.00266753 
v 0.146581 0.0528095 -0.00344488 
v 0.148113 0.0525557 -0.00266753 
v 0.153404 0.051054 -0.00594802 
v 0.148396 0.051054 -0.00268289 
v 0.151966 0.0528093 -0.00500998 
v 0.149836 0.0528095 -0.00362145 
v 0.153404 0.0525557 -0.00594802 
v 0.148396 0.0525557 -0.00268289 
vn 0.984352 0.167929 -0.0533896 
vn 0.877535 0.167929 -0.449146 
vn 0.862405 -0.247833 -0.441402 
vn 0.618984 0.167929 -0.767241 
vn 0.608312 -0.247833 -0.754013 
vn 0.253405 0.167929 -0.952673 
vn 0.249036 -0.247833 -0.936248 
vn -0.15599 0.167929 -0.973379 
vn -0.153301 -0.247833 -0.956597 
vn -0.538413 0.167929 -0.825779 
vn -0.52913 -0.247833 -0.811542 
vn -0.827739 0.167929 -0.535395 
vn -0.813468 -0.247833 -0.526164 
vn -0.973942 0.167929 -0.152435 
vn -0.95715 -0.247833 -0.149807 
vn -0.951742 0.167929 0.256881 
vn -0.935332 -0.247833 0.252452 
vn -0.764976 0.167929 0.621781 
vn -0.751787 -0.247833 0.611061 
vn -0.445939 0.167929 0.879169 
vn -0.438251 -0.247833 0.864011 
vn -0.0497957 0.167929 0.984541 
vn -0.0489371 -0.247833 0.967566 
vn 0.354958 0.167929 0.919676 
vn 0.348838 -0.247833 0.90382 
vn 0.698337 0.167929 0.695792 
vn 0.686296 -0.247833 0.683795 
vn 0.920966 0.167929 0.351598 
vn 0.905087 -0.247833 0.345536 
vn 0.967381 -0.247833 -0.0524691 
vn 0.697953 -0.620684 -0.357231 
vn 0.492313 -0.620684 -0.61023 
vn 0.201547 -0.620684 -0.757714 
vn -0.124068 -0.620684 -0.774183 
vn -0.42823 -0.620684 -0.656788 
vn -0.658347 -0.620684 -0.425829 
vn -0.774631 -0.620684 -0.12124 
vn -0.756973 -0.620684 0.204312 
vn -0.608428 -0.620684 0.494537 
vn -0.354681 -0.620684 0.699252 
vn -0.0396053 -0.620684 0.78306 
vn 0.282318 -0.620684 0.73147 
vn 0.555426 -0.620684 0.553402 
vn 0.732496 -0.620684 0.279646 
vn 0.78291 -0.620684 -0.0424637 
vn 0.412652 -0.886065 -0.211206 
vn 0.291071 -0.886065 -0.360787 
vn 0.119161 -0.886065 -0.447985 
vn -0.0733527 -0.886065 -0.457721 
vn -0.253183 -0.886065 -0.388314 
vn -0.389236 -0.886065 -0.251764 
vn -0.457986 -0.886065 -0.0716812 
vn -0.447547 -0.886065 0.120796 
vn -0.359722 -0.886065 0.292386 
vn -0.209698 -0.886065 0.41342 
vn -0.0234159 -0.886065 0.46297 
vn 0.166915 -0.886065 0.432468 
vn 0.328385 -0.886065 0.327189 
vn 0.433075 -0.886065 0.165335 
vn 0.462881 -0.886065 -0.0251059 
vn 0.0559015 -0.998026 -0.0286119 
vn 0.0394311 -0.998026 -0.0488755 
vn 0.0161426 -0.998026 -0.060688 
vn -0.00993701 -0.998026 -0.0620071 
vn -0.0342985 -0.998026 -0.0526045 
vn -0.0527294 -0.998026 -0.0341062 
vn -0.0620429 -0.998026 -0.00971058 
vn -0.0606287 -0.998026 0.0163641 
vn -0.0487312 -0.998026 0.0396092 
vn -0.0284076 -0.998026 0.0560056 
vn -0.00317213 -0.998026 0.0627181 
vn 0.0226119 -0.998026 0.0585861 
vn 0.0444861 -0.998026 0.044324 
vn 0.0586682 -0.998026 0.0223978 
vn 0.0627061 -0.998026 -0.00340107 
vn -0.310528 -0.937183 0.158937 
vn -0.219036 -0.937183 0.271499 
vn -0.0896709 -0.937183 0.337116 
vn 0.0551992 -0.937183 0.344444 
vn 0.190525 -0.937183 0.292213 
vn 0.292907 -0.937183 0.189457 
vn 0.344643 -0.937183 0.0539414 
vn 0.336787 -0.937183 -0.090901 
vn 0.270697 -0.937183 -0.220026 
vn 0.157802 -0.937183 -0.311106 
vn 0.0176209 -0.937183 -0.348393 
vn -0.125607 -0.937183 -0.32544 
vn -0.247116 -0.937183 -0.246215 
vn -0.325897 -0.937183 -0.124418 
vn -0.348327 -0.937183 0.0188927 
vn -0.62319 -0.714069 0.318966 
vn -0.439578 -0.714069 0.544864 
vn -0.179958 -0.714069 0.67655 
vn 0.110778 -0.714069 0.691255 
vn 0.382359 -0.714069 0.586435 
vn 0.587827 -0.714069 0.380216 
vn 0.691655 -0.714069 0.108254 
vn 0.675889 -0.714069 -0.182427 
vn 0.543255 -0.714069 -0.441564 
vn 0.316688 -0.714069 -0.624351 
vn 0.0353629 -0.714069 -0.699181 
vn -0.252077 -0.714069 -0.653117 
vn -0.495931 -0.714069 -0.494123 
vn -0.654033 -0.714069 -0.249691 
vn -0.699048 -0.714069 0.0379152 
vn -0.827949 -0.367317 0.423767 
vn -0.584008 -0.367317 0.723888 
vn -0.239086 -0.367317 0.898842 
vn 0.147176 -0.367317 0.918378 
vn 0.50799 -0.367317 0.779118 
vn 0.780967 -0.367317 0.505142 
vn 0.918909 -0.367317 0.143822 
vn 0.897963 -0.367317 -0.242366 
vn 0.721751 -0.367317 -0.586647 
vn 0.420741 -0.367317 -0.829491 
vn 0.046982 -0.367317 -0.928909 
vn -0.334901 -0.367317 -0.86771 
vn -0.658877 -0.367317 -0.656476 
vn -0.868926 -0.367317 -0.331731 
vn -0.928731 -0.367317 0.0503728 
vn 0.476458 -0.878817 -0.0258423 
vn 0.460674 -0.878817 -0.124339 
vn 0.424755 -0.878817 -0.217401 
vn 0.299608 -0.878817 -0.37137 
vn 0.370273 -0.878817 -0.300962 
vn 0.424755 -0.878817 -0.217401 
vn 0.299608 -0.878817 -0.37137 
vn 0.215849 -0.878817 -0.425546 
vn 0.122656 -0.878817 -0.461125 
vn 0.0241027 -0.878817 -0.47655 
vn -0.0755042 -0.878817 -0.471147 
vn -0.171811 -0.878817 -0.445153 
vn -0.260609 -0.878817 -0.399704 
vn -0.338018 -0.878817 -0.336786 
vn -0.400653 -0.878817 -0.259148 
vn -0.445777 -0.878817 -0.170185 
vn -0.47142 -0.878817 -0.0737837 
vn -0.476458 -0.878817 0.0258423 
vn -0.460674 -0.878817 0.124339 
vn -0.424755 -0.878817 0.217401 
vn -0.370273 -0.878817 0.300962 
vn -0.299608 -0.878817 0.37137 
vn -0.215849 -0.878817 0.425546 
vn -0.0241027 -0.878817 0.47655 
vn -0.122656 -0.878817 0.461125 
vn -0.215849 -0.878817 0.425546 
vn -0.0241027 -0.878817 0.47655 
vn 0.0755042 -0.878817 0.471147 
vn 0.171811 -0.878817 0.445153 
vn 0.338018 -0.878817 0.336786 
vn 0.260609 -0.878817 0.399704 
vn 0.171811 -0.878817 0.445153 
vn 0.445777 -0.878817 0.170185 
vn 0.400653 -0.878817 0.259148 
vn 0.338018 -0.878817 0.336786 
vn 0.47142 -0.878817 0.0737837 
vn 0.445777 -0.878817 0.170185 
vn -0.516214 0.85264 -0.0807946 
vn -0.488135 0.85264 -0.186356 
vn -0.521732 0.85264 0.0282979 
vn -0.438723 0.85264 -0.283773 
vn -0.370136 0.85264 -0.368787 
vn -0.488135 0.85264 -0.186356 
vn -0.285373 0.85264 -0.437684 
vn -0.188137 0.85264 -0.487452 
vn -0.370136 0.85264 -0.368787 
vn -0.0826787 0.85264 -0.515916 
vn 0.026393 0.85264 -0.521832 
vn -0.188137 0.85264 -0.487452 
vn 0.134311 0.85264 -0.504941 
vn 0.236359 0.85264 -0.465982 
vn 0.026393 0.85264 -0.521832 
vn 0.328077 0.85264 -0.406657 
vn 0.405457 0.85264 -0.32956 
vn 0.236359 0.85264 -0.465982 
vn 0.465116 0.85264 -0.238059 
vn 0.504447 0.85264 -0.136154 
vn 0.405457 0.85264 -0.32956 
vn 0.516214 0.85264 0.0807946 
vn 0.521732 0.85264 -0.0282979 
vn 0.504447 0.85264 -0.136154 
vn 0.488135 0.85264 0.186356 
vn 0.438723 0.85264 0.283773 
vn 0.516214 0.85264 0.0807946 
vn 0.370136 0.85264 0.368787 
vn 0.285373 0.85264 0.437684 
vn 0.438723 0.85264 0.283773 
vn 0.188137 0.85264 0.487452 
vn 0.0826787 0.85264 0.515916 
vn 0.285373 0.85264 0.437684 
vn -0.026393 0.85264 0.521832 
vn -0.134311 0.85264 0.504941 
vn 0.0826787 0.85264 0.515916 
vn -0.236359 0.85264 0.465982 
vn -0.328077 0.85264 0.406657 
vn -0.134311 0.85264 0.504941 
vn -0.405457 0.85264 0.32956 
vn -0.465116 0.85264 0.238059 
vn -0.328077 0.85264 0.406657 
vn -0.504447 0.85264 0.136154 
vn -0.465116 0.85264 0.238059 
vn 0.424755 -0.878817 -0.217401 
vn 0.460674 -0.878817 -0.124339 
vn 0.476458 -0.878817 -0.0258423 
vn 0.299608 -0.878817 -0.37137 
vn 0.370273 -0.878817 -0.300962 
vn 0.424755 -0.878817 -0.217401 
vn 0.122656 -0.878817 -0.461125 
vn 0.215849 -0.878817 -0.425546 
vn 0.299608 -0.878817 -0.37137 
vn -0.0755042 -0.878817 -0.471147 
vn 0.0241027 -0.878817 -0.47655 
vn 0.122656 -0.878817 -0.461125 
vn -0.260609 -0.878817 -0.399704 
vn -0.171811 -0.878817 -0.445153 
vn -0.0755042 -0.878817 -0.471147 
vn -0.400653 -0.878817 -0.259148 
vn -0.338018 -0.878817 -0.336786 
vn -0.260609 -0.878817 -0.399704 
vn -0.47142 -0.878817 -0.0737837 
vn -0.445777 -0.878817 -0.170185 
vn -0.400653 -0.878817 -0.259148 
vn -0.460674 -0.878817 0.124339 
vn -0.476458 -0.878817 0.0258423 
vn -0.47142 -0.878817 -0.0737837 
vn -0.370273 -0.878817 0.300962 
vn -0.424755 -0.878817 0.217401 
vn -0.460674 -0.878817 0.124339 
vn -0.215849 -0.878817 0.425546 
vn -0.299608 -0.878817 0.37137 
vn -0.370273 -0.878817 0.300962 
vn -0.0241027 -0.878817 0.47655 
vn -0.122656 -0.878817 0.461125 
vn -0.215849 -0.878817 0.425546 
vn 0.171811 -0.878817 0.445153 
vn 0.0755042 -0.878817 0.471147 
vn -0.0241027 -0.878817 0.47655 
vn 0.338018 -0.878817 0.336786 
vn 0.260609 -0.878817 0.399704 
vn 0.171811 -0.878817 0.445153 
vn 0.445777 -0.878817 0.170185 
vn 0.400653 -0.878817 0.259148 
vn 0.338018 -0.878817 0.336786 
vn 0.47142 -0.878817 0.0737837 
vn 0.445777 -0.878817 0.170185 
vn -0.516214 0.85264 -0.0807946 
vn -0.488135 0.85264 -0.186356 
vn -0.521732 0.85264 0.0282979 
vn -0.438723 0.85264 -0.283773 
vn -0.370136 0.85264 -0.368787 
vn -0.488135 0.85264 -0.186356 
vn -0.285373 0.85264 -0.437684 
vn -0.188137 0.85264 -0.487452 
vn -0.370136 0.85264 -0.368787 
vn -0.0826787 0.85264 -0.515916 
vn 0.026393 0.85264 -0.521832 
vn -0.188137 0.85264 -0.487452 
vn 0.134311 0.85264 -0.504941 
vn 0.236359 0.85264 -0.465982 
vn 0.026393 0.85264 -0.521832 
vn 0.328077 0.85264 -0.406657 
vn 0.405457 0.85264 -0.32956 
vn 0.236359 0.85264 -0.465982 
vn 0.465116 0.85264 -0.238059 
vn 0.504447 0.85264 -0.136154 
vn 0.405457 0.85264 -0.32956 
vn 0.516214 0.85264 0.0807946 
vn 0.521732 0.85264 -0.0282979 
vn 0.504447 0.85264 -0.136154 
vn 0.488135 0.85264 0.186356 
vn 0.438723 0.85264 0.283773 
vn 0.516214 0.85264 0.0807946 
vn 0.370136 0.85264 0.368787 
vn 0.285373 0.85264 0.437684 
vn 0.438723 0.85264 0.283773 
vn 0.188137 0.85264 0.487452 
vn 0.0826787 0.85264 0.515916 
vn 0.285373 0.85264 0.437684 
vn -0.026393 0.85264 0.521832 
vn -0.134311 0.85264 0.504941 
vn 0.0826787 0.85264 0.515916 
vn -0.236359 0.85264 0.465982 
vn -0.328077 0.85264 0.406657 
vn -0.134311 0.85264 0.504941 
vn -0.405457 0.85264 0.32956 
vn -0.465116 0.85264 0.238059 
vn -0.328077 0.85264 0.406657 
vn -0.504447 0.85264 0.136154 
vn -0.465116 0.85264 0.238059 
vn 0.424755 -0.878817 -0.217401 
vn 0.460674 -0.878817 -0.124339 
vn 0.476458 -0.878817 -0.0258423 
vn 0.299608 -0.878817 -0.37137 
vn 0.370273 -0.878817 -0.300962 
vn 0.424755 -0.878817 -0.217401 
vn 0.122656 -0.878817 -0.461125 
vn 0.215849 -0.878817 -0.425546 
vn 0.299608 -0.878817 -0.37137 
vn -0.0755042 -0.878817 -0.471147 
vn 0.0241027 -0.878817 -0.47655 
vn 0.122656 -0.878817 -0.461125 
vn -0.260609 -0.878817 -0.399704 
vn -0.171811 -0.878817 -0.445153 
vn -0.0755042 -0.878817 -0.471147 
vn -0.400653 -0.878817 -0.259148 
vn -0.338018 -0.878817 -0.336786 
vn -0.260609 -0.878817 -0.399704 
vn -0.47142 -0.878817 -0.0737837 
vn -0.445777 -0.878817 -0.170185 
vn -0.400653 -0.878817 -0.259148 
vn -0.460674 -0.878817 0.124339 
vn -0.476458 -0.878817 0.0258423 
vn -0.47142 -0.878817 -0.0737837 
vn -0.370273 -0.878817 0.300962 
vn -0.424755 -0.878817 0.217401 
vn -0.460674 -0.878817 0.124339 
vn -0.215849 -0.878817 0.425546 
vn -0.299608 -0.878817 0.37137 
vn -0.370273 -0.878817 0.300962 
vn -0.0241027 -0.878817 0.47655 
vn -0.122656 -0.878817 0.461125 
vn -0.215849 -0.878817 0.425546 
vn 0.171811 -0.878817 0.445153 
vn 0.0755042 -0.878817 0.471147 
vn -0.0241027 -0.878817 0.47655 
vn 0.338018 -0.878817 0.336786 
vn 0.260609 -0.878817 0.399704 
vn 0.171811 -0.878817 0.445153 
vn 0.445777 -0.878817 0.170185 
vn 0.400653 -0.878817 0.259148 
vn 0.338018 -0.878817 0.336786 
vn 0.47142 -0.878817 0.0737837 
vn 0.445777 -0.878817 0.170185 
vn -0.516214 0.85264 -0.0807946 
vn -0.488135 0.85264 -0.186356 
vn -0.521732 0.85264 0.0282979 
vn -0.438723 0.85264 -0.283773 
vn -0.370136 0.85264 -0.368787 
vn -0.488135 0.85264 -0.186356 
vn -0.285373 0.85264 -0.437684 
vn -0.188137 0.85264 -0.487452 
vn -0.370136 0.85264 -0.368787 
vn -0.0826787 0.85264 -0.515916 
vn 0.026393 0.85264 -0.521832 
vn -0.188137 0.85264 -0.487452 
vn 0.134311 0.85264 -0.504941 
vn 0.236359 0.85264 -0.465982 
vn 0.026393 0.85264 -0.521832 
vn 0.328077 0.85264 -0.406657 
vn 0.405457 0.85264 -0.32956 
vn 0.236359 0.85264 -0.465982 
vn 0.465116 0.85264 -0.238059 
vn 0.504447 0.85264 -0.136154 
vn 0.405457 0.85264 -0.32956 
vn 0.516214 0.85264 0.0807946 
vn 0.521732 0.85264 -0.0282979 
vn 0.504447 0.85264 -0.136154 
vn 0.488135 0.85264 0.186356 
vn 0.438723 0.85264 0.283773 
vn 0.516214 0.85264 0.0807946 
vn 0.370136 0.85264 0.368787 
vn 0.285373 0.85264 0.437684 
vn 0.438723 0.85264 0.283773 
vn 0.188137 0.85264 0.487452 
vn 0.0826787 0.85264 0.515916 
vn 0.285373 0.85264 0.437684 
vn -0.026393 0.85264 0.521832 
vn -0.134311 0.85264 0.504941 
vn 0.0826787 0.85264 0.515916 
vn -0.236359 0.85264 0.465982 
vn -0.328077 0.85264 0.406657 
vn -0.134311 0.85264 0.504941 
vn -0.405457 0.85264 0.32956 
vn -0.465116 0.85264 0.238059 
vn -0.328077 0.85264 0.406657 
vn -0.504447 0.85264 0.136154 
vn -0.465116 0.85264 0.238059 
vn 0.424755 -0.878817 -0.217401 
vn 0.460674 -0.878817 -0.124339 
vn 0.476458 -0.878817 -0.0258423 
vn 0.299608 -0.878817 -0.37137 
vn 0.370273 -0.878817 -0.300962 
vn 0.424755 -0.878817 -0.217401 
vn 0.122656 -0.878817 -0.461125 
vn 0.215849 -0.878817 -0.425546 
vn 0.299608 -0.878817 -0.37137 
vn -0.0755042 -0.878817 -0.471147 
vn 0.0241027 -0.878817 -0.47655 
vn 0.122656 -0.878817 -0.461125 
vn -0.260609 -0.878817 -0.399704 
vn -0.171811 -0.878817 -0.445153 
vn -0.0755042 -0.878817 -0.471147 
vn -0.400653 -0.878817 -0.259148 
vn -0.338018 -0.878817 -0.336786 
vn -0.260609 -0.878817 -0.399704 
vn -0.47142 -0.878817 -0.0737837 
vn -0.445777 -0.878817 -0.170185 
vn -0.400653 -0.878817 -0.259148 
vn -0.460674 -0.878817 0.124339 
vn -0.476458 -0.878817 0.0258423 
vn -0.47142 -0.878817 -0.0737837 
vn -0.370273 -0.878817 0.300962 
vn -0.424755 -0.878817 0.217401 
vn -0.460674 -0.878817 0.124339 
vn -0.215849 -0.878817 0.425546 
vn -0.299608 -0.878817 0.37137 
vn -0.370273 -0.878817 0.300962 
vn -0.0241027 -0.878817 0.47655 
vn -0.122656 -0.878817 0.461125 
vn -0.215849 -0.878817 0.425546 
vn 0.171811 -0.878817 0.445153 
vn 0.0755042 -0.878817 0.471147 
vn -0.0241027 -0.878817 0.47655 
vn 0.338018 -0.878817 0.336786 
vn 0.260609 -0.878817 0.399704 
vn 0.171811 -0.878817 0.445153 
vn 0.445777 -0.878817 0.170185 
vn 0.400653 -0.878817 0.259148 
vn 0.338018 -0.878817 0.336786 
vn 0.47142 -0.878817 0.0737837 
vn 0.445777 -0.878817 0.170185 
vn -0.516214 0.85264 -0.0807946 
vn -0.488135 0.85264 -0.186356 
vn -0.521732 0.85264 0.0282979 
vn -0.438723 0.85264 -0.283773 
vn -0.370136 0.85264 -0.368787 
vn -0.488135 0.85264 -0.186356 
vn -0.285373 0.85264 -0.437684 
vn -0.188137 0.85264 -0.487452 
vn -0.370136 0.85264 -0.368787 
vn -0.0826787 0.85264 -0.515916 
vn 0.026393 0.85264 -0.521832 
vn -0.188137 0.85264 -0.487452 
vn 0.134311 0.85264 -0.504941 
vn 0.236359 0.85264 -0.465982 
vn 0.026393 0.85264 -0.521832 
vn 0.328077 0.85264 -0.406657 
vn 0.405457 0.85264 -0.32956 
vn 0.236359 0.85264 -0.465982 
vn 0.465116 0.85264 -0.238059 
vn 0.504447 0.85264 -0.136154 
vn 0.405457 0.85264 -0.32956 
vn 0.516214 0.85264 0.0807946 
vn 0.521732 0.85264 -0.0282979 
vn 0.504447 0.85264 -0.136154 
vn 0.488135 0.85264 0.186356 
vn 0.438723 0.85264 0.283773 
vn 0.516214 0.85264 0.0807946 
vn 0.370136 0.85264 0.368787 
vn 0.285373 0.85264 0.437684 
vn 0.438723 0.85264 0.283773 
vn 0.188137 0.85264 0.487452 
vn 0.0826787 0.85264 0.515916 
vn 0.285373 0.85264 0.437684 
vn -0.026393 0.85264 0.521832 
vn -0.134311 0.85264 0.504941 
vn 0.0826787 0.85264 0.515916 
vn -0.236359 0.85264 0.465982 
vn -0.328077 0.85264 0.406657 
vn -0.134311 0.85264 0.504941 
vn -0.405457 0.85264 0.32956 
vn -0.465116 0.85264 0.238059 
vn -0.328077 0.85264 0.406657 
vn -0.504447 0.85264 0.136154 
vn -0.465116 0.85264 0.238059 
vn 0.424755 -0.878817 -0.217401 
vn 0.460674 -0.878817 -0.124339 
vn 0.476458 -0.878817 -0.0258423 
vn 0.299608 -0.878817 -0.37137 
vn 0.370273 -0.878817 -0.300962 
vn 0.424755 -0.878817 -0.217401 
vn 0.122656 -0.878817 -0.461125 
vn 0.215849 -0.878817 -0.425546 
vn 0.299608 -0.878817 -0.37137 
vn -0.0755042 -0.878817 -0.471147 
vn 0.0241027 -0.878817 -0.47655 
vn 0.122656 -0.878817 -0.461125 
vn -0.260609 -0.878817 -0.399704 
vn -0.171811 -0.878817 -0.445153 
vn -0.0755042 -0.878817 -0.471147 
vn -0.400653 -0.878817 -0.259148 
vn -0.338018 -0.878817 -0.336786 
vn -0.260609 -0.878817 -0.399704 
vn -0.47142 -0.878817 -0.0737837 
vn -0.445777 -0.878817 -0.170185 
vn -0.400653 -0.878817 -0.259148 
vn -0.460674 -0.878817 0.124339 
vn -0.476458 -0.878817 0.0258423 
vn -0.47142 -0.878817 -0.0737837 
vn -0.370273 -0.878817 0.300962 
vn -0.424755 -0.878817 0.217401 
vn -0.460674 -0.878817 0.124339 
vn -0.215849 -0.878817 0.425546 
vn -0.299608 -0.878817 0.37137 
vn -0.370273 -0.878817 0.300962 
vn -0.0241027 -0.878817 0.47655 
vn -0.122656 -0.878817 0.461125 
vn -0.215849 -0.878817 0.425546 
vn 0.171811 -0.878817 0.445153 
vn 0.0755042 -0.878817 0.471147 
vn -0.0241027 -0.878817 0.47655 
vn 0.338018 -0.878817 0.336786 
vn 0.260609 -0.878817 0.399704 
vn 0.171811 -0.878817 0.445153 
vn 0.445777 -0.878817 0.170185 
vn 0.400653 -0.878817 0.259148 
vn 0.338018 -0.878817 0.336786 
vn 0.47142 -0.878817 0.0737837 
vn 0.445777 -0.878817 0.170185 
vn -0.516214 0.85264 -0.0807946 
vn -0.488135 0.85264 -0.186356 
vn -0.521732 0.85264 0.0282979 
vn -0.438723 0.85264 -0.283773 
vn -0.370136 0.85264 -0.368787 
vn -0.488135 0.85264 -0.186356 
vn -0.285373 0.85264 -0.437684 
vn -0.188137 0.85264 -0.487452 
vn -0.370136 0.85264 -0.368787 
vn -0.0826787 0.85264 -0.515916 
vn 0.026393 0.85264 -0.521832 
vn -0.188137 0.85264 -0.487452 
vn 0.134311 0.85264 -0.504941 
vn 0.236359 0.85264 -0.465982 
vn 0.026393 0.85264 -0.521832 
vn 0.328077 0.85264 -0.406657 
vn 0.405457 0.85264 -0.32956 
vn 0.236359 0.85264 -0.465982 
vn 0.465116 0.85264 -0.238059 
vn 0.504447 0.85264 -0.136154 
vn 0.405457 0.85264 -0.32956 
vn 0.516214 0.85264 0.0807946 
vn 0.521732 0.85264 -0.0282979 
vn 0.504447 0.85264 -0.136154 
vn 0.488135 0.85264 0.186356 
vn 0.438723 0.85264 0.283773 
vn 0.516214 0.85264 0.0807946 
vn 0.370136 0.85264 0.368787 
vn 0.285373 0.85264 0.437684 
vn 0.438723 0.85264 0.283773 
vn 0.188137 0.85264 0.487452 
vn 0.0826787 0.85264 0.515916 
vn 0.285373 0.85264 0.437684 
vn -0.026393 0.85264 0.521832 
vn -0.134311 0.85264 0.504941 
vn 0.0826787 0.85264 0.515916 
vn -0.236359 0.85264 0.465982 
vn -0.328077 0.85264 0.406657 
vn -0.134311 0.85264 0.504941 
vn -0.405457 0.85264 0.32956 
vn -0.465116 0.85264 0.238059 
vn -0.328077 0.85264 0.406657 
vn -0.504447 0.85264 0.136154 
vn -0.465116 0.85264 0.238059 
vn 0.424755 -0.878817 -0.217401 
vn 0.460674 -0.878817 -0.124339 
vn 0.476458 -0.878817 -0.0258423 
vn 0.299608 -0.878817 -0.37137 
vn 0.370273 -0.878817 -0.300962 
vn 0.424755 -0.878817 -0.217401 
vn 0.122656 -0.878817 -0.461125 
vn 0.215849 -0.878817 -0.425546 
vn 0.299608 -0.878817 -0.37137 
vn -0.0755042 -0.878817 -0.471147 
vn 0.0241027 -0.878817 -0.47655 
vn 0.122656 -0.878817 -0.461125 
vn -0.260609 -0.878817 -0.399704 
vn -0.171811 -0.878817 -0.445153 
vn -0.0755042 -0.878817 -0.471147 
vn -0.400653 -0.878817 -0.259148 
vn -0.338018 -0.878817 -0.336786 
vn -0.260609 -0.878817 -0.399704 
vn -0.47142 -0.878817 -0.0737837 
vn -0.445777 -0.878817 -0.170185 
vn -0.400653 -0.878817 -0.259148 
vn -0.460674 -0.878817 0.124339 
vn -0.476458 -0.878817 0.0258423 
vn -0.47142 -0.878817 -0.0737837 
vn -0.370273 -0.878817 0.300962 
vn -0.424755 -0.878817 0.217401 
vn -0.460674 -0.878817 0.124339 
vn -0.215849 -0.878817 0.425546 
vn -0.299608 -0.878817 0.37137 
vn -0.370273 -0.878817 0.300962 
vn -0.0241027 -0.878817 0.47655 
vn -0.122656 -0.878817 0.461125 
vn -0.215849 -0.878817 0.425546 
vn 0.171811 -0.878817 0.445153 
vn 0.0755042 -0.878817 0.471147 
vn -0.0241027 -0.878817 0.47655 
vn 0.338018 -0.878817 0.336786 
vn 0.260609 -0.878817 0.399704 
vn 0.171811 -0.878817 0.445153 
vn 0.445777 -0.878817 0.170185 
vn 0.400653 -0.878817 0.259148 
vn 0.338018 -0.878817 0.336786 
vn 0.47142 -0.878817 0.0737837 
vn 0.445777 -0.878817 0.170185 
vn -0.516214 0.85264 -0.0807946 
vn -0.488135 0.85264 -0.186356 
vn -0.521732 0.85264 0.0282979 
vn -0.438723 0.85264 -0.283773 
vn -0.370136 0.85264 -0.368787 
vn -0.488135 0.85264 -0.186356 
vn -0.285373 0.85264 -0.437684 
vn -0.188137 0.85264 -0.487452 
vn -0.370136 0.85264 -0.368787 
vn -0.0826787 0.85264 -0.515916 
vn 0.026393 0.85264 -0.521832 
vn -0.188137 0.85264 -0.487452 
vn 0.134311 0.85264 -0.504941 
vn 0.236359 0.85264 -0.465982 
vn 0.026393 0.85264 -0.521832 
vn 0.328077 0.85264 -0.406657 
vn 0.405457 0.85264 -0.32956 
vn 0.236359 0.85264 -0.465982 
vn 0.465116 0.85264 -0.238059 
vn 0.504447 0.85264 -0.136154 
vn 0.405457 0.85264 -0.32956 
vn 0.516214 0.85264 0.0807946 
vn 0.521732 0.85264 -0.0282979 
vn 0.504447 0.85264 -0.136154 
vn 0.488135 0.85264 0.186356 
vn 0.438723 0.85264 0.283773 
vn 0.516214 0.85264 0.0807946 
vn 0.370136 0.85264 0.368787 
vn 0.285373 0.85264 0.437684 
vn 0.438723 0.85264 0.283773 
vn 0.188137 0.85264 0.487452 
vn 0.0826787 0.85264 0.515916 
vn 0.285373 0.85264 0.437684 
vn -0.026393 0.85264 0.521832 
vn -0.134311 0.85264 0.504941 
vn 0.0826787 0.85264 0.515916 
vn -0.236359 0.85264 0.465982 
vn -0.328077 0.85264 0.406657 
vn -0.134311 0.85264 0.504941 
vn -0.405457 0.85264 0.32956 
vn -0.465116 0.85264 0.238059 
vn -0.328077 0.85264 0.406657 
vn -0.504447 0.85264 0.136154 
vn -0.465116 0.85264 0.238059 
vn 0.99819 -0.0261769 -0.0541402 
vn 0.889871 -0.0261769 -0.45546 
vn 0.965121 -0.0261769 -0.260492 
vn 0.627686 -0.0261769 -0.778027 
vn 0.77573 -0.0261769 -0.630522 
vn 0.256967 -0.0261769 -0.966065 
vn 0.452208 -0.0261769 -0.891528 
vn -0.158183 -0.0261769 -0.987063 
vn 0.0504957 -0.0261769 -0.998381 
vn -0.545982 -0.0261769 -0.837388 
vn -0.359948 -0.0261769 -0.932605 
vn -0.839376 -0.0261769 -0.542921 
vn -0.708154 -0.0261769 -0.705573 
vn -0.987634 -0.0261769 -0.154578 
vn -0.933913 -0.0261769 -0.356541 
vn -0.965121 -0.0261769 0.260492 
vn -0.99819 -0.0261769 0.0541402 
vn -0.77573 -0.0261769 0.630522 
vn -0.889871 -0.0261769 0.45546 
vn -0.452208 -0.0261769 0.891528 
vn -0.627686 -0.0261769 0.778027 
vn -0.0504957 -0.0261769 0.998381 
vn -0.256967 -0.0261769 0.966065 
vn 0.359948 -0.0261769 0.932605 
vn 0.158183 -0.0261769 0.987063 
vn 0.708154 -0.0261769 0.705573 
vn 0.545982 -0.0261769 0.837388 
vn 0.933913 -0.0261769 0.356541 
vn 0.839376 -0.0261769 0.542921 
vn 0.987634 -0.0261769 0.154578 
vn 0.99819 -0.0261769 -0.0541402 
vn 0.476458 -0.878817 -0.0258423 
vn 0.460674 -0.878817 -0.124339 
vn 0.424755 -0.878817 -0.217401 
vn 0.370273 -0.878817 -0.300962 
vn 0.299608 -0.878817 -0.37137 
vn 0.215849 -0.878817 -0.425546 
vn 0.122656 -0.878817 -0.461125 
vn 0.0241027 -0.878817 -0.47655 
vn -0.0755042 -0.878817 -0.471147 
vn -0.171811 -0.878817 -0.445153 
vn -0.260609 -0.878817 -0.399704 
vn -0.338018 -0.878817 -0.336786 
vn -0.400653 -0.878817 -0.259148 
vn -0.445777 -0.878817 -0.170185 
vn -0.47142 -0.878817 -0.0737837 
vn -0.476458 -0.878817 0.0258423 
vn -0.460674 -0.878817 0.124339 
vn -0.424755 -0.878817 0.217401 
vn -0.370273 -0.878817 0.300962 
vn -0.299608 -0.878817 0.37137 
vn -0.215849 -0.878817 0.425546 
vn -0.0241027 -0.878817 0.47655 
vn -0.122656 -0.878817 0.461125 
vn -0.215849 -0.878817 0.425546 
vn -0.0241027 -0.878817 0.47655 
vn 0.0755042 -0.878817 0.471147 
vn 0.171811 -0.878817 0.445153 
vn 0.338018 -0.878817 0.336786 
vn 0.260609 -0.878817 0.399704 
vn 0.171811 -0.878817 0.445153 
vn 0.445777 -0.878817 0.170185 
vn 0.400653 -0.878817 0.259148 
vn 0.338018 -0.878817 0.336786 
vn 0.47142 -0.878817 0.0737837 
vn 0.445777 -0.878817 0.170185 
vn -0.516214 0.85264 -0.0807946 
vn -0.488135 0.85264 -0.186356 
vn -0.521732 0.85264 0.0282979 
vn -0.438723 0.85264 -0.283773 
vn -0.370136 0.85264 -0.368787 
vn -0.488135 0.85264 -0.186356 
vn -0.285373 0.85264 -0.437684 
vn -0.188137 0.85264 -0.487452 
vn -0.370136 0.85264 -0.368787 
vn -0.0826787 0.85264 -0.515916 
vn 0.026393 0.85264 -0.521832 
vn -0.188137 0.85264 -0.487452 
vn 0.134311 0.85264 -0.504941 
vn 0.236359 0.85264 -0.465982 
vn 0.026393 0.85264 -0.521832 
vn 0.328077 0.85264 -0.406657 
vn 0.405457 0.85264 -0.32956 
vn 0.236359 0.85264 -0.465982 
vn 0.465116 0.85264 -0.238059 
vn 0.504447 0.85264 -0.136154 
vn 0.405457 0.85264 -0.32956 
vn 0.516214 0.85264 0.0807946 
vn 0.521732 0.85264 -0.0282979 
vn 0.504447 0.85264 -0.136154 
vn 0.488135 0.85264 0.186356 
vn 0.438723 0.85264 0.283773 
vn 0.516214 0.85264 0.0807946 
vn 0.370136 0.85264 0.368787 
vn 0.285373 0.85264 0.437684 
vn 0.438723 0.85264 0.283773 
vn 0.188137 0.85264 0.487452 
vn 0.0826787 0.85264 0.515916 
vn 0.285373 0.85264 0.437684 
vn -0.026393 0.85264 0.521832 
vn -0.134311 0.85264 0.504941 
vn 0.0826787 0.85264 0.515916 
vn -0.236359 0.85264 0.465982 
vn -0.328077 0.85264 0.406657 
vn -0.134311 0.85264 0.504941 
vn -0.405457 0.85264 0.32956 
vn -0.465116 0.85264 0.238059 
vn -0.328077 0.85264 0.406657 
vn -0.504447 0.85264 0.136154 
vn -0.465116 0.85264 0.238059 
vn 0.99819 -0.0261769 -0.0541402 
vn 0.889871 -0.0261769 -0.45546 
vn 0.965121 -0.0261769 -0.260492 
vn 0.627686 -0.0261769 -0.778027 
vn 0.77573 -0.0261769 -0.630522 
vn 0.256967 -0.0261769 -0.966065 
vn 0.452208 -0.0261769 -0.891528 
vn -0.158183 -0.0261769 -0.987063 
vn 0.0504957 -0.0261769 -0.998381 
vn -0.545982 -0.0261769 -0.837388 
vn -0.359948 -0.0261769 -0.932605 
vn -0.839376 -0.0261769 -0.542921 
vn -0.708154 -0.0261769 -0.705573 
vn -0.987634 -0.0261769 -0.154578 
vn -0.933913 -0.0261769 -0.356541 
vn -0.965121 -0.0261769 0.260492 
vn -0.99819 -0.0261769 0.0541402 
vn -0.77573 -0.0261769 0.630522 
vn -0.889871 -0.0261769 0.45546 
vn -0.452208 -0.0261769 0.891528 
vn -0.627686 -0.0261769 0.778027 
vn -0.0504957 -0.0261769 0.998381 
vn -0.256967 -0.0261769 0.966065 
vn 0.359948 -0.0261769 0.932605 
vn 0.158183 -0.0261769 0.987063 
vn 0.708154 -0.0261769 0.705573 
vn 0.545982 -0.0261769 0.837388 
vn 0.933913 -0.0261769 0.356541 
vn 0.839376 -0.0261769 0.542921 
vn 0.987634 -0.0261769 0.154578 
vn 0.99819 -0.0261769 -0.0541402 
vn 0.476458 -0.878817 -0.0258423 
vn 0.460674 -0.878817 -0.124339 
vn 0.424755 -0.878817 -0.217401 
vn 0.370273 -0.878817 -0.300962 
vn 0.299608 -0.878817 -0.37137 
vn 0.215849 -0.878817 -0.425546 
vn 0.122656 -0.878817 -0.461125 
vn 0.0241027 -0.878817 -0.47655 
vn -0.0755042 -0.878817 -0.471147 
vn -0.171811 -0.878817 -0.445153 
vn -0.260609 -0.878817 -0.399704 
vn -0.338018 -0.878817 -0.336786 
vn -0.400653 -0.878817 -0.259148 
vn -0.445777 -0.878817 -0.170185 
vn -0.47142 -0.878817 -0.0737837 
vn -0.476458 -0.878817 0.0258423 
vn -0.460674 -0.878817 0.124339 
vn -0.424755 -0.878817 0.217401 
vn -0.370273 -0.878817 0.300962 
vn -0.299608 -0.878817 0.37137 
vn -0.215849 -0.878817 0.425546 
vn -0.122656 -0.878817 0.461125 
vn -0.0241027 -0.878817 0.47655 
vn 0.0755042 -0.878817 0.471147 
vn 0.171811 -0.878817 0.445153 
vn 0.260609 -0.878817 0.399704 
vn 0.338018 -0.878817 0.336786 
vn 0.400653 -0.878817 0.259148 
vn 0.445777 -0.878817 0.170185 
vn 0.47142 -0.878817 0.0737837 
vn -0.516214 0.85264 -0.0807946 
vn -0.488135 0.85264 -0.186356 
vn -0.521732 0.85264 0.0282979 
vn -0.438723 0.85264 -0.283773 
vn -0.370136 0.85264 -0.368787 
vn -0.488135 0.85264 -0.186356 
vn -0.285373 0.85264 -0.437684 
vn -0.188137 0.85264 -0.487452 
vn -0.370136 0.85264 -0.368787 
vn -0.0826787 0.85264 -0.515916 
vn 0.026393 0.85264 -0.521832 
vn -0.188137 0.85264 -0.487452 
vn 0.134311 0.85264 -0.504941 
vn 0.236359 0.85264 -0.465982 
vn 0.026393 0.85264 -0.521832 
vn 0.328077 0.85264 -0.406657 
vn 0.405457 0.85264 -0.32956 
vn 0.236359 0.85264 -0.465982 
vn 0.465116 0.85264 -0.238059 
vn 0.504447 0.85264 -0.136154 
vn 0.405457 0.85264 -0.32956 
vn 0.516214 0.85264 0.0807946 
vn 0.521732 0.85264 -0.0282979 
vn 0.504447 0.85264 -0.136154 
vn 0.488135 0.85264 0.186356 
vn 0.438723 0.85264 0.283773 
vn 0.516214 0.85264 0.0807946 
vn 0.370136 0.85264 0.368787 
vn 0.285373 0.85264 0.437684 
vn 0.438723 0.85264 0.283773 
vn 0.188137 0.85264 0.487452 
vn 0.0826787 0.85264 0.515916 
vn 0.285373 0.85264 0.437684 
vn -0.026393 0.85264 0.521832 
vn -0.134311 0.85264 0.504941 
vn 0.0826787 0.85264 0.515916 
vn -0.236359 0.85264 0.465982 
vn -0.328077 0.85264 0.406657 
vn -0.134311 0.85264 0.504941 
vn -0.405457 0.85264 0.32956 
vn -0.465116 0.85264 0.238059 
vn -0.328077 0.85264 0.406657 
vn -0.504447 0.85264 0.136154 
vn -0.465116 0.85264 0.238059 
vn 0.889871 -0.0261769 -0.45546 
vn 0.965121 -0.0261769 -0.260492 
vn 0.99819 -0.0261769 -0.0541402 
vn 0.627686 -0.0261769 -0.778027 
vn 0.77573 -0.0261769 -0.630522 
vn 0.256967 -0.0261769 -0.966065 
vn 0.452208 -0.0261769 -0.891528 
vn -0.158183 -0.0261769 -0.987063 
vn 0.0504957 -0.0261769 -0.998381 
vn -0.545982 -0.0261769 -0.837388 
vn -0.359948 -0.0261769 -0.932605 
vn -0.839376 -0.0261769 -0.542921 
vn -0.708154 -0.0261769 -0.705573 
vn -0.987634 -0.0261769 -0.154578 
vn -0.933913 -0.0261769 -0.356541 
vn -0.965121 -0.0261769 0.260492 
vn -0.99819 -0.0261769 0.0541402 
vn -0.77573 -0.0261769 0.630522 
vn -0.889871 -0.0261769 0.45546 
vn -0.452208 -0.0261769 0.891528 
vn -0.627686 -0.0261769 0.778027 
vn -0.0504957 -0.0261769 0.998381 
vn -0.256967 -0.0261769 0.966065 
vn 0.359948 -0.0261769 0.932605 
vn 0.158183 -0.0261769 0.987063 
vn 0.708154 -0.0261769 0.705573 
vn 0.545982 -0.0261769 0.837388 
vn 0.933913 -0.0261769 0.356541 
vn 0.839376 -0.0261769 0.542921 
vn 0.987634 -0.0261769 0.154578 
vn 0.99819 -0.0261769 -0.0541402 
vn 0.476458 -0.878817 -0.0258423 
vn 0.460674 -0.878817 -0.124339 
vn 0.424755 -0.878817 -0.217401 
vn 0.370273 -0.878817 -0.300962 
vn 0.299608 -0.878817 -0.37137 
vn 0.215849 -0.878817 -0.425546 
vn 0.122656 -0.878817 -0.461125 
vn 0.0241027 -0.878817 -0.47655 
vn -0.0755042 -0.878817 -0.471147 
vn -0.260609 -0.878817 -0.399704 
vn -0.171811 -0.878817 -0.445153 
vn -0.0755042 -0.878817 -0.471147 
vn -0.260609 -0.878817 -0.399704 
vn -0.338018 -0.878817 -0.336786 
vn -0.400653 -0.878817 -0.259148 
vn -0.445777 -0.878817 -0.170185 
vn -0.47142 -0.878817 -0.0737837 
vn -0.476458 -0.878817 0.0258423 
vn -0.460674 -0.878817 0.124339 
vn -0.424755 -0.878817 0.217401 
vn -0.370273 -0.878817 0.300962 
vn -0.299608 -0.878817 0.37137 
vn -0.215849 -0.878817 0.425546 
vn -0.122656 -0.878817 0.461125 
vn -0.0241027 -0.878817 0.47655 
vn 0.0755042 -0.878817 0.471147 
vn 0.171811 -0.878817 0.445153 
vn 0.338018 -0.878817 0.336786 
vn 0.260609 -0.878817 0.399704 
vn 0.171811 -0.878817 0.445153 
vn 0.338018 -0.878817 0.336786 
vn 0.400653 -0.878817 0.259148 
vn 0.445777 -0.878817 0.170185 
vn 0.47142 -0.878817 0.0737837 
vn -0.516214 0.85264 -0.0807946 
vn -0.488135 0.85264 -0.186356 
vn -0.521732 0.85264 0.0282979 
vn -0.438723 0.85264 -0.283773 
vn -0.370136 0.85264 -0.368787 
vn -0.488135 0.85264 -0.186356 
vn -0.285373 0.85264 -0.437684 
vn -0.188137 0.85264 -0.487452 
vn -0.370136 0.85264 -0.368787 
vn -0.0826787 0.85264 -0.515916 
vn 0.026393 0.85264 -0.521832 
vn -0.188137 0.85264 -0.487452 
vn 0.134311 0.85264 -0.504941 
vn 0.236359 0.85264 -0.465982 
vn 0.026393 0.85264 -0.521832 
vn 0.328077 0.85264 -0.406657 
vn 0.405457 0.85264 -0.32956 
vn 0.236359 0.85264 -0.465982 
vn 0.465116 0.85264 -0.238059 
vn 0.504447 0.85264 -0.136154 
vn 0.405457 0.85264 -0.32956 
vn 0.516214 0.85264 0.0807946 
vn 0.521732 0.85264 -0.0282979 
vn 0.504447 0.85264 -0.136154 
vn 0.488135 0.85264 0.186356 
vn 0.438723 0.85264 0.283773 
vn 0.516214 0.85264 0.0807946 
vn 0.370136 0.85264 0.368787 
vn 0.285373 0.85264 0.437684 
vn 0.438723 0.85264 0.283773 
vn 0.188137 0.85264 0.487452 
vn 0.0826787 0.85264 0.515916 
vn 0.285373 0.85264 0.437684 
vn -0.026393 0.85264 0.521832 
vn -0.134311 0.85264 0.504941 
vn 0.0826787 0.85264 0.515916 
vn -0.236359 0.85264 0.465982 
vn -0.328077 0.85264 0.406657 
vn -0.134311 0.85264 0.504941 
vn -0.405457 0.85264 0.32956 
vn -0.465116 0.85264 0.238059 
vn -0.328077 0.85264 0.406657 
vn -0.504447 0.85264 0.136154 
vn -0.465116 0.85264 0.238059 
vn 0.99819 -0.0261769 -0.0541402 
vn 0.889871 -0.0261769 -0.45546 
vn 0.965121 -0.0261769 -0.260492 
vn 0.627686 -0.0261769 -0.778027 
vn 0.77573 -0.0261769 -0.630522 
vn 0.256967 -0.0261769 -0.966065 
vn 0.452208 -0.0261769 -0.891528 
vn -0.158183 -0.0261769 -0.987063 
vn 0.0504957 -0.0261769 -0.998381 
vn -0.545982 -0.0261769 -0.837388 
vn -0.359948 -0.0261769 -0.932605 
vn -0.839376 -0.0261769 -0.542921 
vn -0.708154 -0.0261769 -0.705573 
vn -0.987634 -0.0261769 -0.154578 
vn -0.933913 -0.0261769 -0.356541 
vn -0.965121 -0.0261769 0.260492 
vn -0.99819 -0.0261769 0.0541402 
vn -0.77573 -0.0261769 0.630522 
vn -0.889871 -0.0261769 0.45546 
vn -0.452208 -0.0261769 0.891528 
vn -0.627686 -0.0261769 0.778027 
vn -0.0504957 -0.0261769 0.998381 
vn -0.256967 -0.0261769 0.966065 
vn 0.359948 -0.0261769 0.932605 
vn 0.158183 -0.0261769 0.987063 
vn 0.708154 -0.0261769 0.705573 
vn 0.545982 -0.0261769 0.837388 
vn 0.933913 -0.0261769 0.356541 
vn 0.839376 -0.0261769 0.542921 
vn 0.987634 -0.0261769 0.154578 
vn 0.99819 -0.0261769 -0.0541402 
vn 0.476458 -0.878817 -0.0258423 
vn 0.460674 -0.878817 -0.124339 
vn 0.424755 -0.878817 -0.217401 
vn 0.370273 -0.878817 -0.300962 
vn 0.299608 -0.878817 -0.37137 
vn 0.215849 -0.878817 -0.425546 
vn 0.122656 -0.878817 -0.461125 
vn 0.0241027 -0.878817 -0.47655 
vn -0.0755042 -0.878817 -0.471147 
vn -0.171811 -0.878817 -0.445153 
vn -0.260609 -0.878817 -0.399704 
vn -0.400653 -0.878817 -0.259148 
vn -0.338018 -0.878817 -0.336786 
vn -0.260609 -0.878817 -0.399704 
vn -0.400653 -0.878817 -0.259148 
vn -0.445777 -0.878817 -0.170185 
vn -0.47142 -0.878817 -0.0737837 
vn -0.476458 -0.878817 0.0258423 
vn -0.460674 -0.878817 0.124339 
vn -0.424755 -0.878817 0.217401 
vn -0.370273 -0.878817 0.300962 
vn -0.299608 -0.878817 0.37137 
vn -0.215849 -0.878817 0.425546 
vn -0.122656 -0.878817 0.461125 
vn -0.0241027 -0.878817 0.47655 
vn 0.0755042 -0.878817 0.471147 
vn 0.171811 -0.878817 0.445153 
vn 0.338018 -0.878817 0.336786 
vn 0.260609 -0.878817 0.399704 
vn 0.171811 -0.878817 0.445153 
vn 0.445777 -0.878817 0.170185 
vn 0.400653 -0.878817 0.259148 
vn 0.338018 -0.878817 0.336786 
vn 0.47142 -0.878817 0.0737837 
vn 0.445777 -0.878817 0.170185 
vn -0.516214 0.85264 -0.0807946 
vn -0.488135 0.85264 -0.186356 
vn -0.521732 0.85264 0.0282979 
vn -0.438723 0.85264 -0.283773 
vn -0.370136 0.85264 -0.368787 
vn -0.488135 0.85264 -0.186356 
vn -0.285373 0.85264 -0.437684 
vn -0.188137 0.85264 -0.487452 
vn -0.370136 0.85264 -0.368787 
vn -0.0826787 0.85264 -0.515916 
vn 0.026393 0.85264 -0.521832 
vn -0.188137 0.85264 -0.487452 
vn 0.134311 0.85264 -0.504941 
vn 0.236359 0.85264 -0.465982 
vn 0.026393 0.85264 -0.521832 
vn 0.328077 0.85264 -0.406657 
vn 0.405457 0.85264 -0.32956 
vn 0.236359 0.85264 -0.465982 
vn 0.465116 0.85264 -0.238059 
vn 0.504447 0.85264 -0.136154 
vn 0.405457 0.85264 -0.32956 
vn 0.516214 0.85264 0.0807946 
vn 0.521732 0.85264 -0.0282979 
vn 0.504447 0.85264 -0.136154 
vn 0.488135 0.85264 0.186356 
vn 0.438723 0.85264 0.283773 
vn 0.516214 0.85264 0.0807946 
vn 0.370136 0.85264 0.368787 
vn 0.285373 0.85264 0.437684 
vn 0.438723 0.85264 0.283773 
vn 0.188137 0.85264 0.487452 
vn 0.0826787 0.85264 0.515916 
vn 0.285373 0.85264 0.437684 
vn -0.026393 0.85264 0.521832 
vn -0.134311 0.85264 0.504941 
vn 0.0826787 0.85264 0.515916 
vn -0.236359 0.85264 0.465982 
vn -0.328077 0.85264 0.406657 
vn -0.134311 0.85264 0.504941 
vn -0.405457 0.85264 0.32956 
vn -0.465116 0.85264 0.238059 
vn -0.328077 0.85264 0.406657 
vn -0.504447 0.85264 0.136154 
vn -0.465116 0.85264 0.238059 
vn 0.99819 -0.0261769 -0.0541402 
vn 0.889871 -0.0261769 -0.45546 
vn 0.965121 -0.0261769 -0.260492 
vn 0.627686 -0.0261769 -0.778027 
vn 0.77573 -0.0261769 -0.630522 
vn 0.256967 -0.0261769 -0.966065 
vn 0.452208 -0.0261769 -0.891528 
vn -0.158183 -0.0261769 -0.987063 
vn 0.0504957 -0.0261769 -0.998381 
vn -0.545982 -0.0261769 -0.837388 
vn -0.359948 -0.0261769 -0.932605 
vn -0.839376 -0.0261769 -0.542921 
vn -0.708154 -0.0261769 -0.705573 
vn -0.987634 -0.0261769 -0.154578 
vn -0.933913 -0.0261769 -0.356541 
vn -0.965121 -0.0261769 0.260492 
vn -0.99819 -0.0261769 0.0541402 
vn -0.77573 -0.0261769 0.630522 
vn -0.889871 -0.0261769 0.45546 
vn -0.452208 -0.0261769 0.891528 
vn -0.627686 -0.0261769 0.778027 
vn -0.0504957 -0.0261769 0.998381 
vn -0.256967 -0.0261769 0.966065 
vn 0.359948 -0.0261769 0.932605 
vn 0.158183 -0.0261769 0.987063 
vn 0.708154 -0.0261769 0.705573 
vn 0.545982 -0.0261769 0.837388 
vn 0.933913 -0.0261769 0.356541 
vn 0.839376 -0.0261769 0.542921 
vn 0.987634 -0.0261769 0.154578 
vn 0.99819 -0.0261769 -0.0541402 
vn 0.476458 -0.878817 -0.0258423 
vn 0.460674 -0.878817 -0.124339 
vn 0.424755 -0.878817 -0.217401 
vn 0.299608 -0.878817 -0.37137 
vn 0.370273 -0.878817 -0.300962 
vn 0.424755 -0.878817 -0.217401 
vn 0.299608 -0.878817 -0.37137 
vn 0.215849 -0.878817 -0.425546 
vn 0.122656 -0.878817 -0.461125 
vn 0.0241027 -0.878817 -0.47655 
vn -0.0755042 -0.878817 -0.471147 
vn -0.171811 -0.878817 -0.445153 
vn -0.260609 -0.878817 -0.399704 
vn -0.338018 -0.878817 -0.336786 
vn -0.400653 -0.878817 -0.259148 
vn -0.445777 -0.878817 -0.170185 
vn -0.47142 -0.878817 -0.0737837 
vn -0.476458 -0.878817 0.0258423 
vn -0.460674 -0.878817 0.124339 
vn -0.424755 -0.878817 0.217401 
vn -0.370273 -0.878817 0.300962 
vn -0.299608 -0.878817 0.37137 
vn -0.215849 -0.878817 0.425546 
vn -0.122656 -0.878817 0.461125 
vn -0.0241027 -0.878817 0.47655 
vn 0.171811 -0.878817 0.445153 
vn 0.0755042 -0.878817 0.471147 
vn -0.0241027 -0.878817 0.47655 
vn 0.338018 -0.878817 0.336786 
vn 0.260609 -0.878817 0.399704 
vn 0.171811 -0.878817 0.445153 
vn 0.445777 -0.878817 0.170185 
vn 0.400653 -0.878817 0.259148 
vn 0.338018 -0.878817 0.336786 
vn 0.47142 -0.878817 0.0737837 
vn 0.445777 -0.878817 0.170185 
vn -0.516214 0.85264 -0.0807946 
vn -0.488135 0.85264 -0.186356 
vn -0.521732 0.85264 0.0282979 
vn -0.438723 0.85264 -0.283773 
vn -0.370136 0.85264 -0.368787 
vn -0.488135 0.85264 -0.186356 
vn -0.285373 0.85264 -0.437684 
vn -0.188137 0.85264 -0.487452 
vn -0.370136 0.85264 -0.368787 
vn -0.0826787 0.85264 -0.515916 
vn 0.026393 0.85264 -0.521832 
vn -0.188137 0.85264 -0.487452 
vn 0.134311 0.85264 -0.504941 
vn 0.236359 0.85264 -0.465982 
vn 0.026393 0.85264 -0.521832 
vn 0.328077 0.85264 -0.406657 
vn 0.405457 0.85264 -0.32956 
vn 0.236359 0.85264 -0.465982 
vn 0.465116 0.85264 -0.238059 
vn 0.504447 0.85264 -0.136154 
vn 0.405457 0.85264 -0.32956 
vn 0.516214 0.85264 0.0807946 
vn 0.521732 0.85264 -0.0282979 
vn 0.504447 0.85264 -0.136154 
vn 0.488135 0.85264 0.186356 
vn 0.438723 0.85264 0.283773 
vn 0.516214 0.85264 0.0807946 
vn 0.370136 0.85264 0.368787 
vn 0.285373 0.85264 0.437684 
vn 0.438723 0.85264 0.283773 
vn 0.188137 0.85264 0.487452 
vn 0.0826787 0.85264 0.515916 
vn 0.285373 0.85264 0.437684 
vn -0.026393 0.85264 0.521832 
vn -0.134311 0.85264 0.504941 
vn 0.0826787 0.85264 0.515916 
vn -0.236359 0.85264 0.465982 
vn -0.328077 0.85264 0.406657 
vn -0.134311 0.85264 0.504941 
vn -0.405457 0.85264 0.32956 
vn -0.465116 0.85264 0.238059 
vn -0.328077 0.85264 0.406657 
vn -0.504447 0.85264 0.136154 
vn -0.465116 0.85264 0.238059 
vn 0.99819 -0.0261769 -0.0541402 
vn 0.889871 -0.0261769 -0.45546 
vn 0.965121 -0.0261769 -0.260492 
vn 0.627686 -0.0261769 -0.778027 
vn 0.77573 -0.0261769 -0.630522 
vn 0.256967 -0.0261769 -0.966065 
vn 0.452208 -0.0261769 -0.891528 
vn -0.158183 -0.0261769 -0.987063 
vn 0.0504957 -0.0261769 -0.998381 
vn -0.545982 -0.0261769 -0.837388 
vn -0.359948 -0.0261769 -0.932605 
vn -0.839376 -0.0261769 -0.542921 
vn -0.708154 -0.0261769 -0.705573 
vn -0.987634 -0.0261769 -0.154578 
vn -0.933913 -0.0261769 -0.356541 
vn -0.965121 -0.0261769 0.260492 
vn -0.99819 -0.0261769 0.0541402 
vn -0.77573 -0.0261769 0.630522 
vn -0.889871 -0.0261769 0.45546 
vn -0.452208 -0.0261769 0.891528 
vn -0.627686 -0.0261769 0.778027 
vn -0.0504957 -0.0261769 0.998381 
vn -0.256967 -0.0261769 0.966065 
vn 0.359948 -0.0261769 0.932605 
vn 0.158183 -0.0261769 0.987063 
vn 0.708154 -0.0261769 0.705573 
vn 0.545982 -0.0261769 0.837388 
vn 0.933913 -0.0261769 0.356541 
vn 0.839376 -0.0261769 0.542921 
vn 0.987634 -0.0261769 0.154578 
vn 0.99819 -0.0261769 -0.0541402 
vn 0.476458 -0.878817 -0.0258423 
vn 0.460674 -0.878817 -0.124339 
vn 0.424755 -0.878817 -0.217401 
vn 0.299608 -0.878817 -0.37137 
vn 0.370273 -0.878817 -0.300962 
vn 0.424755 -0.878817 -0.217401 
vn 0.299608 -0.878817 -0.37137 
vn 0.215849 -0.878817 -0.425546 
vn 0.122656 -0.878817 -0.461125 
vn 0.0241027 -0.878817 -0.47655 
vn -0.0755042 -0.878817 -0.471147 
vn -0.171811 -0.878817 -0.445153 
vn -0.260609 -0.878817 -0.399704 
vn -0.338018 -0.878817 -0.336786 
vn -0.400653 -0.878817 -0.259148 
vn -0.445777 -0.878817 -0.170185 
vn -0.47142 -0.878817 -0.0737837 
vn -0.476458 -0.878817 0.0258423 
vn -0.460674 -0.878817 0.124339 
vn -0.424755 -0.878817 0.217401 
vn -0.370273 -0.878817 0.300962 
vn -0.299608 -0.878817 0.37137 
vn -0.215849 -0.878817 0.425546 
vn -0.122656 -0.878817 0.461125 
vn -0.0241027 -0.878817 0.47655 
vn 0.0755042 -0.878817 0.471147 
vn 0.171811 -0.878817 0.445153 
vn 0.260609 -0.878817 0.399704 
vn 0.338018 -0.878817 0.336786 
vn 0.400653 -0.878817 0.259148 
vn 0.445777 -0.878817 0.170185 
vn 0.47142 -0.878817 0.0737837 
vn -0.516214 0.85264 -0.0807946 
vn -0.488135 0.85264 -0.186356 
vn -0.521732 0.85264 0.0282979 
vn -0.438723 0.85264 -0.283773 
vn -0.370136 0.85264 -0.368787 
vn -0.488135 0.85264 -0.186356 
vn -0.285373 0.85264 -0.437684 
vn -0.188137 0.85264 -0.487452 
vn -0.370136 0.85264 -0.368787 
vn -0.0826787 0.85264 -0.515916 
vn 0.026393 0.85264 -0.521832 
vn -0.188137 0.85264 -0.487452 
vn 0.134311 0.85264 -0.504941 
vn 0.236359 0.85264 -0.465982 
vn 0.026393 0.85264 -0.521832 
vn 0.328077 0.85264 -0.406657 
vn 0.405457 0.85264 -0.32956 
vn 0.236359 0.85264 -0.465982 
vn 0.465116 0.85264 -0.238059 
vn 0.504447 0.85264 -0.136154 
vn 0.405457 0.85264 -0.32956 
vn 0.516214 0.85264 0.0807946 
vn 0.521732 0.85264 -0.0282979 
vn 0.504447 0.85264 -0.136154 
vn 0.488135 0.85264 0.186356 
vn 0.438723 0.85264 0.283773 
vn 0.516214 0.85264 0.0807946 
vn 0.370136 0.85264 0.368787 
vn 0.285373 0.85264 0.437684 
vn 0.438723 0.85264 0.283773 
vn 0.188137 0.85264 0.487452 
vn 0.0826787 0.85264 0.515916 
vn 0.285373 0.85264 0.437684 
vn -0.026393 0.85264 0.521832 
vn -0.134311 0.85264 0.504941 
vn 0.0826787 0.85264 0.515916 
vn -0.236359 0.85264 0.465982 
vn -0.328077 0.85264 0.406657 
vn -0.134311 0.85264 0.504941 
vn -0.405457 0.85264 0.32956 
vn -0.465116 0.85264 0.238059 
vn -0.328077 0.85264 0.406657 
vn -0.504447 0.85264 0.136154 
vn -0.465116 0.85264 0.238059 
vn 0.99819 -0.0261769 -0.0541402 
vn 0.889871 -0.0261769 -0.45546 
vn 0.965121 -0.0261769 -0.260492 
vn 0.627686 -0.0261769 -0.778027 
vn 0.77573 -0.0261769 -0.630522 
vn 0.256967 -0.0261769 -0.966065 
vn 0.452208 -0.0261769 -0.891528 
vn -0.158183 -0.0261769 -0.987063 
vn 0.0504957 -0.0261769 -0.998381 
vn -0.545982 -0.0261769 -0.837388 
vn -0.359948 -0.0261769 -0.932605 
vn -0.839376 -0.0261769 -0.542921 
vn -0.708154 -0.0261769 -0.705573 
vn -0.987634 -0.0261769 -0.154578 
vn -0.933913 -0.0261769 -0.356541 
vn -0.965121 -0.0261769 0.260492 
vn -0.99819 -0.0261769 0.0541402 
vn -0.77573 -0.0261769 0.630522 
vn -0.889871 -0.0261769 0.45546 
vn -0.452208 -0.0261769 0.891528 
vn -0.627686 -0.0261769 0.778027 
vn -0.0504957 -0.0261769 0.998381 
vn -0.256967 -0.0261769 0.966065 
vn 0.359948 -0.0261769 0.932605 
vn 0.158183 -0.0261769 0.987063 
vn 0.708154 -0.0261769 0.705573 
vn 0.545982 -0.0261769 0.837388 
vn 0.933913 -0.0261769 0.356541 
vn 0.839376 -0.0261769 0.542921 
vn 0.987634 -0.0261769 0.154578 
vn 0.99819 -0.0261769 -0.0541402 
vn -3.19827e-15 -1 -2.59769e-15 
vn 0.997582 -0.0436194 -0.0541072 
vn 0.933344 -0.0436194 0.356324 
vn 0.987032 -0.0436194 0.154484 
vn 0.707722 -0.0436194 0.705143 
vn 0.838864 -0.0436194 0.54259 
vn 0.359729 -0.0436194 0.932037 
vn 0.545649 -0.0436194 0.836878 
vn -0.0504649 -0.0436194 0.997773 
vn 0.158086 -0.0436194 0.986461 
vn -0.451933 -0.0436194 0.890985 
vn -0.256811 -0.0436194 0.965477 
vn -0.775257 -0.0436194 0.630138 
vn -0.627303 -0.0436194 0.777553 
vn -0.964533 -0.0436194 0.260334 
vn -0.889329 -0.0436194 0.455183 
vn -0.997582 -0.0436194 0.0541072 
vn -0.987032 -0.0436194 -0.154484 
vn -0.838864 -0.0436194 -0.54259 
vn -0.933344 -0.0436194 -0.356324 
vn -0.545649 -0.0436194 -0.836878 
vn -0.707722 -0.0436194 -0.705143 
vn -0.158086 -0.0436194 -0.986461 
vn -0.359729 -0.0436194 -0.932037 
vn 0.256811 -0.0436194 -0.965477 
vn 0.0504649 -0.0436194 -0.997773 
vn 0.627303 -0.0436194 -0.777553 
vn 0.451933 -0.0436194 -0.890985 
vn 0.889329 -0.0436194 -0.455183 
vn 0.775257 -0.0436194 -0.630138 
vn 0.964533 -0.0436194 -0.260334 
vn 0.997582 -0.0436194 -0.0541072 
vn -0.998532 3.05289e-15 0.0541587 
vn -0.987972 3.56148e-15 -0.154631 
vn -0.934233 3.91443e-15 -0.356663 
vn -0.708396 4.09913e-15 -0.705815 
vn -0.839663 4.09629e-15 -0.543107 
vn -0.934233 3.91443e-15 -0.356663 
vn -0.360071 3.57506e-15 -0.932925 
vn -0.546169 3.92282e-15 -0.837675 
vn -0.708396 4.09913e-15 -0.705815 
vn 0.050513 2.43282e-15 -0.998723 
vn -0.158237 3.07105e-15 -0.987401 
vn -0.360071 3.57506e-15 -0.932925 
vn 0.452363 8.69932e-16 -0.891834 
vn 0.257055 1.68827e-15 -0.966397 
vn 0.050513 2.43282e-15 -0.998723 
vn 0.775996 -8.43379e-16 -0.630738 
vn 0.627901 1.35731e-17 -0.778293 
vn 0.452363 8.69932e-16 -0.891834 
vn 0.965452 -2.41086e-15 -0.260582 
vn 0.890176 -1.66347e-15 -0.455616 
vn 0.775996 -8.43379e-16 -0.630738 
vn 0.987972 -3.56148e-15 0.154631 
vn 0.998532 -3.05289e-15 -0.0541587 
vn 0.965452 -2.41086e-15 -0.260582 
vn 0.839663 -4.09629e-15 0.543107 
vn 0.934233 -3.91443e-15 0.356663 
vn 0.987972 -3.56148e-15 0.154631 
vn 0.546169 -3.92282e-15 0.837675 
vn 0.708396 -4.09913e-15 0.705815 
vn 0.839663 -4.09629e-15 0.543107 
vn 0.158237 -3.07105e-15 0.987401 
vn 0.360071 -3.57506e-15 0.932925 
vn 0.546169 -3.92282e-15 0.837675 
vn -0.257055 -1.68827e-15 0.966397 
vn -0.050513 -2.43282e-15 0.998723 
vn 0.158237 -3.07105e-15 0.987401 
vn -0.627901 -1.35731e-17 0.778293 
vn -0.452363 -8.69932e-16 0.891834 
vn -0.257055 -1.68827e-15 0.966397 
vn -0.890176 1.66347e-15 0.455616 
vn -0.775996 8.43379e-16 0.630738 
vn -0.627901 -1.35731e-17 0.778293 
vn -0.965452 2.41086e-15 0.260582 
vn -0.890176 1.66347e-15 0.455616 
vn 3.19827e-15 1 2.59769e-15 
vn -0.934233 3.91443e-15 -0.356663 
vn -0.998532 3.05289e-15 0.0541587 
vn -0.708396 4.09913e-15 -0.705815 
vn -0.839663 4.09629e-15 -0.543107 
vn -0.360071 3.57506e-15 -0.932925 
vn -0.546169 3.92282e-15 -0.837675 
vn 0.050513 2.43282e-15 -0.998723 
vn -0.158237 3.07105e-15 -0.987401 
vn 0.452363 8.69932e-16 -0.891834 
vn 0.257055 1.68827e-15 -0.966397 
vn 0.775996 -8.43379e-16 -0.630738 
vn 0.627901 1.35731e-17 -0.778293 
vn 0.965452 -2.41086e-15 -0.260582 
vn 0.890176 -1.66347e-15 -0.455616 
vn 0.987972 -3.56148e-15 0.154631 
vn 0.998532 -3.05289e-15 -0.0541587 
vn 0.839663 -4.09629e-15 0.543107 
vn 0.934233 -3.91443e-15 0.356663 
vn 0.546169 -3.92282e-15 0.837675 
vn 0.708396 -4.09913e-15 0.705815 
vn 0.158237 -3.07105e-15 0.987401 
vn 0.360071 -3.57506e-15 0.932925 
vn -0.257055 -1.68827e-15 0.966397 
vn -0.050513 -2.43282e-15 0.998723 
vn -0.627901 -1.35731e-17 0.778293 
vn -0.452363 -8.69932e-16 0.891834 
vn -0.890176 1.66347e-15 0.455616 
vn -0.775996 8.43379e-16 0.630738 
vn -0.965452 2.41086e-15 0.260582 
vn -0.932925 2.04839e-15 0.360071 
vn 3.19827e-15 1 2.59769e-15 
vn -0.357515 0.92388 -0.136489 
vn -0.382122 0.92388 0.0207256 
vn 3.86784e-15 1 2.70929e-15 
vn -0.271092 0.92388 -0.270104 
vn -0.137793 0.92388 -0.357015 
vn 0.0193305 0.92388 -0.382195 
vn 3.25407e-15 1 3.04407e-15 
vn 0.173112 0.92388 -0.34129 
vn 0.296961 0.92388 -0.241373 
vn 3.07348e-15 1 2.69912e-15 
vn 0.369462 0.92388 -0.0997203 
vn 0.378081 0.92388 0.0591748 
vn 3.03939e-15 1 2.57283e-15 
vn 0.321325 0.92388 0.207838 
vn 0.20901 0.92388 0.320564 
vn 3.11044e-15 1 2.46299e-15 
vn 0.0605547 0.92388 0.377862 
vn -0.0983709 0.92388 0.369824 
vn 3.23961e-15 1 2.44229e-15 
vn -0.240287 0.92388 0.29784 
vn -0.340656 0.92388 0.174357 
vn 3.86784e-15 1 2.15131e-15 
vn -0.706069 0.707107 0.038296 
vn -0.660603 0.707107 -0.252199 
vn -0.500912 0.707107 -0.499086 
vn -0.254609 0.707107 -0.659677 
vn 0.0357181 0.707107 -0.706204 
vn 0.319869 0.707107 -0.630622 
vn 0.548712 0.707107 -0.445999 
vn 0.682678 0.707107 -0.184259 
vn 0.698602 0.707107 0.109341 
vn 0.593732 0.707107 0.384035 
vn 0.3862 0.707107 0.592326 
vn 0.111891 0.707107 0.698198 
vn -0.181766 0.707107 0.683346 
vn -0.443993 0.707107 0.550337 
vn -0.62945 0.707107 0.322169 
vn -0.922524 0.382683 0.0500361 
vn -0.863119 0.382683 -0.329514 
vn -0.654473 0.382683 -0.652088 
vn -0.332663 0.382683 -0.86191 
vn 0.0466679 0.382683 -0.9227 
vn 0.417929 0.382683 -0.823947 
vn 0.716927 0.382683 -0.582726 
vn 0.891961 0.382683 -0.240746 
vn 0.912767 0.382683 0.142861 
vn 0.775748 0.382683 0.501766 
vn 0.504594 0.382683 0.773911 
vn 0.146192 0.382683 0.91224 
vn -0.237488 0.382683 0.892834 
vn -0.580105 0.382683 0.719049 
vn -0.822416 0.382683 0.420934 
vn -0.987972 3.56148e-15 -0.154631 
vn -0.934233 3.91443e-15 -0.356663 
vn -0.839663 4.09629e-15 -0.543107 
vn -0.708396 4.09913e-15 -0.705815 
vn -0.546169 3.92282e-15 -0.837675 
vn -0.360071 3.57506e-15 -0.932925 
vn -0.158237 3.07105e-15 -0.987401 
vn 0.050513 2.43282e-15 -0.998723 
vn 0.257055 1.68827e-15 -0.966397 
vn 0.452363 8.69932e-16 -0.891834 
vn 0.627901 1.35731e-17 -0.778293 
vn 0.775996 -8.43379e-16 -0.630738 
vn 0.890176 -1.66347e-15 -0.455616 
vn 0.965452 -2.41086e-15 -0.260582 
vn 0.998532 -3.05289e-15 -0.0541587 
vn 0.987972 -3.56148e-15 0.154631 
vn 0.934233 -3.91443e-15 0.356663 
vn 0.839663 -4.09629e-15 0.543107 
vn 0.708396 -4.09913e-15 0.705815 
vn 0.546169 -3.92282e-15 0.837675 
vn 0.360071 -3.57506e-15 0.932925 
vn 0.158237 -3.07105e-15 0.987401 
vn -0.050513 -2.43282e-15 0.998723 
vn -0.257055 -1.68827e-15 0.966397 
vn -0.452363 -8.69932e-16 0.891834 
vn -0.627901 -1.35731e-17 0.778293 
vn -0.775996 8.43379e-16 0.630738 
vn -0.890176 1.66347e-15 0.455616 
vn -0.965452 2.41086e-15 0.260582 
vn -0.998532 3.05289e-15 0.0541587 
vn 0.998532 -3.05289e-15 -0.0541587 
vn 0.890176 -1.66347e-15 -0.455616 
vn 0.965452 -2.41086e-15 -0.260582 
vn 0.627901 1.35731e-17 -0.778293 
vn 0.775996 -8.43379e-16 -0.630738 
vn 0.257055 1.68827e-15 -0.966397 
vn 0.452363 8.69932e-16 -0.891834 
vn -0.158237 3.07105e-15 -0.987401 
vn 0.050513 2.43282e-15 -0.998723 
vn -0.546169 3.92282e-15 -0.837675 
vn -0.360071 3.57506e-15 -0.932925 
vn -0.839663 4.09629e-15 -0.543107 
vn -0.708396 4.09913e-15 -0.705815 
vn -0.987972 3.56148e-15 -0.154631 
vn -0.934233 3.91443e-15 -0.356663 
vn -0.965452 2.41086e-15 0.260582 
vn -0.998532 3.05289e-15 0.0541587 
vn -0.775996 8.43379e-16 0.630738 
vn -0.890176 1.66347e-15 0.455616 
vn -0.452363 -8.69932e-16 0.891834 
vn -0.627901 -1.35731e-17 0.778293 
vn -0.050513 -2.43282e-15 0.998723 
vn -0.257055 -1.68827e-15 0.966397 
vn 0.360071 -3.57506e-15 0.932925 
vn 0.158237 -3.07105e-15 0.987401 
vn 0.708396 -4.09913e-15 0.705815 
vn 0.546169 -3.92282e-15 0.837675 
vn 0.934233 -3.91443e-15 0.356663 
vn 0.839663 -4.09629e-15 0.543107 
vn 0.998532 -3.05289e-15 -0.0541587 
vn 0.987972 -3.56148e-15 0.154631 
vn 3.19827e-15 1 2.59769e-15 
vn 0.359184 0.906308 -0.222695 
vn 0.406744 0.906308 -0.114743 
vn 0.405838 0.906308 -0.117905 
vn 0.348666 0.906308 -0.238827 
vn 0.271601 0.906308 -0.323789 
vn 0.359184 0.906308 -0.222695 
vn 0.191177 0.906308 -0.376905 
vn 0.269072 0.906308 -0.325893 
vn 0.421998 0.906308 -0.0228885 
vn 0.849902 -1.34938e-15 -0.526941 
vn 0.825013 -1.17062e-15 -0.565113 
vn 0.452363 8.69932e-16 -0.891834 
vn 0.998532 -3.05289e-15 -0.0541587 
vn -0.0132674 0.906308 -0.42241 
vn 0.104002 0.906308 -0.409622 
vn 0.10081 0.906308 -0.410419 
vn -0.0324977 0.906308 -0.421367 
vn -0.144609 0.906308 -0.397108 
vn -0.0132674 0.906308 -0.42241 
vn -0.230821 0.906308 -0.354017 
vn -0.147696 0.906308 -0.39597 
vn 0.191177 0.906308 -0.376905 
vn -0.0313933 2.69682e-15 -0.999507 
vn -0.076896 2.83594e-15 -0.997039 
vn -0.546169 3.92282e-15 -0.837675 
vn -0.372451 0.906308 -0.199715 
vn -0.302742 0.906308 -0.294879 
vn -0.305028 0.906308 -0.292513 
vn -0.381163 0.906308 -0.18254 
vn -0.41621 0.906308 -0.0733188 
vn -0.372451 0.906308 -0.199715 
vn -0.421998 0.906308 0.0228885 
vn -0.416768 0.906308 -0.0700767 
vn -0.230821 0.906308 -0.354017 
vn -0.881295 4.0462e-15 -0.472566 
vn -0.901909 4.00656e-15 -0.431926 
vn -0.998532 3.05289e-15 0.0541587 
vn -0.359184 0.906308 0.222695 
vn -0.348666 0.906308 0.238827 
vn -0.271601 0.906308 0.323789 
vn -0.359184 0.906308 0.222695 
vn -0.406744 0.906308 0.114743 
vn -0.405838 0.906308 0.117905 
vn -0.421998 0.906308 0.0228885 
vn -0.191177 0.906308 0.376905 
vn -0.269072 0.906308 0.325893 
vn -0.849902 1.34938e-15 0.526941 
vn -0.825013 1.17062e-15 0.565113 
vn -0.452363 -8.69932e-16 0.891834 
vn 0.372451 0.906308 0.199715 
vn 0.302788 0.906308 0.294831 
vn 0.305076 0.906308 0.292464 
vn 0.381163 0.906308 0.18254 
vn 0.415956 0.906308 0.0747468 
vn 0.372451 0.906308 0.199715 
vn 0.421998 0.906308 -0.0228885 
vn 0.416534 0.906308 0.0714511 
vn 0.230821 0.906308 0.354017 
vn 0.546169 -3.92282e-15 0.837675 
vn 0.0132674 0.906308 0.42241 
vn 0.0324977 0.906308 0.421367 
vn 0.144609 0.906308 0.397108 
vn 0.0132674 0.906308 0.42241 
vn -0.104002 0.906308 0.409622 
vn -0.10081 0.906308 0.410419 
vn -0.191177 0.906308 0.376905 
vn 0.230821 0.906308 0.354017 
vn 0.147696 0.906308 0.39597 
vn 0.0313933 -2.69682e-15 0.999507 
vn 0.076896 -2.83594e-15 0.997039 
vn 0.881295 -4.0462e-15 0.472566 
vn 0.901909 -4.00656e-15 0.431926 
vn -3.19827e-15 -1 -2.59769e-15 
vn 0.998532 -3.05289e-15 -0.0541587 
vn 0.890176 -1.66347e-15 -0.455616 
vn 0.627901 1.35731e-17 -0.778293 
vn 0.257055 1.68827e-15 -0.966397 
vn -0.158237 3.07105e-15 -0.987401 
vn -0.546169 3.92282e-15 -0.837675 
vn -0.839663 4.09629e-15 -0.543107 
vn -0.987972 3.56148e-15 -0.154631 
vn -0.965452 2.41086e-15 0.260582 
vn -0.775996 8.43379e-16 0.630738 
vn -0.452363 -8.69932e-16 0.891834 
vn -0.050513 -2.43282e-15 0.998723 
vn 0.360071 -3.57506e-15 0.932925 
vn 0.708396 -4.09913e-15 0.705815 
vn 0.934233 -3.91443e-15 0.356663 
vn -3.19827e-15 -1 -2.59769e-15 
vn 0.499266 -0.866025 -0.0270794 
vn 0.482726 -0.866025 -0.130291 
vn 0.445088 -0.866025 -0.227808 
vn 0.387998 -0.866025 -0.315369 
vn 0.31395 -0.866025 -0.389147 
vn 0.226182 -0.866025 -0.445917 
vn 0.128528 -0.866025 -0.483198 
vn 0.0252565 -0.866025 -0.499362 
vn -0.0791185 -0.866025 -0.493701 
vn -0.180036 -0.866025 -0.466462 
vn -0.273084 -0.866025 -0.418838 
vn -0.419832 -0.866025 -0.271554 
vn -0.354198 -0.866025 -0.352907 
vn -0.273084 -0.866025 -0.418838 
vn -0.419832 -0.866025 -0.271554 
vn -0.467117 -0.866025 -0.178332 
vn -0.493986 -0.866025 -0.0773157 
vn -0.499266 -0.866025 0.0270794 
vn -0.482726 -0.866025 0.130291 
vn -0.445088 -0.866025 0.227808 
vn -0.387998 -0.866025 0.315369 
vn -0.31395 -0.866025 0.389147 
vn -0.226182 -0.866025 0.445917 
vn -0.128528 -0.866025 0.483198 
vn -0.0252565 -0.866025 0.499362 
vn 0.0791185 -0.866025 0.493701 
vn 0.180036 -0.866025 0.466462 
vn 0.273084 -0.866025 0.418838 
vn 0.354198 -0.866025 0.352907 
vn 0.419832 -0.866025 0.271554 
vn 0.467117 -0.866025 0.178332 
vn 0.493986 -0.866025 0.0773157 
vn -0.493986 0.866025 -0.0773157 
vn -0.467117 0.866025 -0.178332 
vn -0.499266 0.866025 0.0270794 
vn -0.419832 0.866025 -0.271554 
vn -0.354198 0.866025 -0.352907 
vn -0.467117 0.866025 -0.178332 
vn -0.273084 0.866025 -0.418838 
vn -0.180036 0.866025 -0.466462 
vn -0.354198 0.866025 -0.352907 
vn -0.0791185 0.866025 -0.493701 
vn 0.0252565 0.866025 -0.499362 
vn -0.180036 0.866025 -0.466462 
vn 0.128528 0.866025 -0.483198 
vn 0.226182 0.866025 -0.445917 
vn 0.0252565 0.866025 -0.499362 
vn 0.31395 0.866025 -0.389147 
vn 0.387998 0.866025 -0.315369 
vn 0.226182 0.866025 -0.445917 
vn 0.445088 0.866025 -0.227808 
vn 0.482726 0.866025 -0.130291 
vn 0.387998 0.866025 -0.315369 
vn 0.493986 0.866025 0.0773157 
vn 0.499266 0.866025 -0.0270794 
vn 0.482726 0.866025 -0.130291 
vn 0.467117 0.866025 0.178332 
vn 0.419832 0.866025 0.271554 
vn 0.493986 0.866025 0.0773157 
vn 0.354198 0.866025 0.352907 
vn 0.273084 0.866025 0.418838 
vn 0.419832 0.866025 0.271554 
vn 0.180036 0.866025 0.466462 
vn 0.0791185 0.866025 0.493701 
vn 0.273084 0.866025 0.418838 
vn -0.0252565 0.866025 0.499362 
vn -0.128528 0.866025 0.483198 
vn 0.0791185 0.866025 0.493701 
vn -0.226182 0.866025 0.445917 
vn -0.31395 0.866025 0.389147 
vn -0.128528 0.866025 0.483198 
vn -0.387998 0.866025 0.315369 
vn -0.445088 0.866025 0.227808 
vn -0.31395 0.866025 0.389147 
vn -0.482726 0.866025 0.130291 
vn -0.445088 0.866025 0.227808 
vn 0.445088 -0.866025 -0.227808 
vn 0.482726 -0.866025 -0.130291 
vn 0.499266 -0.866025 -0.0270794 
vn 0.31395 -0.866025 -0.389147 
vn 0.387998 -0.866025 -0.315369 
vn 0.445088 -0.866025 -0.227808 
vn 0.128528 -0.866025 -0.483198 
vn 0.226182 -0.866025 -0.445917 
vn 0.31395 -0.866025 -0.389147 
vn -0.0791185 -0.866025 -0.493701 
vn 0.0252565 -0.866025 -0.499362 
vn 0.128528 -0.866025 -0.483198 
vn -0.273084 -0.866025 -0.418838 
vn -0.180036 -0.866025 -0.466462 
vn -0.0791185 -0.866025 -0.493701 
vn -0.419832 -0.866025 -0.271554 
vn -0.354198 -0.866025 -0.352907 
vn -0.273084 -0.866025 -0.418838 
vn -0.493986 -0.866025 -0.0773157 
vn -0.467117 -0.866025 -0.178332 
vn -0.419832 -0.866025 -0.271554 
vn -0.482726 -0.866025 0.130291 
vn -0.499266 -0.866025 0.0270794 
vn -0.493986 -0.866025 -0.0773157 
vn -0.387998 -0.866025 0.315369 
vn -0.445088 -0.866025 0.227808 
vn -0.482726 -0.866025 0.130291 
vn -0.226182 -0.866025 0.445917 
vn -0.31395 -0.866025 0.389147 
vn -0.387998 -0.866025 0.315369 
vn -0.0252565 -0.866025 0.499362 
vn -0.128528 -0.866025 0.483198 
vn -0.226182 -0.866025 0.445917 
vn 0.180036 -0.866025 0.466462 
vn 0.0791185 -0.866025 0.493701 
vn -0.0252565 -0.866025 0.499362 
vn 0.354198 -0.866025 0.352907 
vn 0.273084 -0.866025 0.418838 
vn 0.180036 -0.866025 0.466462 
vn 0.467117 -0.866025 0.178332 
vn 0.419832 -0.866025 0.271554 
vn 0.354198 -0.866025 0.352907 
vn 0.493986 -0.866025 0.0773157 
vn 0.467117 -0.866025 0.178332 
vn -0.493986 0.866025 -0.0773157 
vn -0.467117 0.866025 -0.178332 
vn -0.499266 0.866025 0.0270794 
vn -0.419832 0.866025 -0.271554 
vn -0.354198 0.866025 -0.352907 
vn -0.467117 0.866025 -0.178332 
vn -0.273084 0.866025 -0.418838 
vn -0.180036 0.866025 -0.466462 
vn -0.354198 0.866025 -0.352907 
vn -0.0791185 0.866025 -0.493701 
vn 0.0252565 0.866025 -0.499362 
vn -0.180036 0.866025 -0.466462 
vn 0.128528 0.866025 -0.483198 
vn 0.226182 0.866025 -0.445917 
vn 0.0252565 0.866025 -0.499362 
vn 0.31395 0.866025 -0.389147 
vn 0.387998 0.866025 -0.315369 
vn 0.226182 0.866025 -0.445917 
vn 0.445088 0.866025 -0.227808 
vn 0.482726 0.866025 -0.130291 
vn 0.387998 0.866025 -0.315369 
vn 0.493986 0.866025 0.0773157 
vn 0.499266 0.866025 -0.0270794 
vn 0.482726 0.866025 -0.130291 
vn 0.467117 0.866025 0.178332 
vn 0.419832 0.866025 0.271554 
vn 0.493986 0.866025 0.0773157 
vn 0.354198 0.866025 0.352907 
vn 0.273084 0.866025 0.418838 
vn 0.419832 0.866025 0.271554 
vn 0.180036 0.866025 0.466462 
vn 0.0791185 0.866025 0.493701 
vn 0.273084 0.866025 0.418838 
vn -0.0252565 0.866025 0.499362 
vn -0.128528 0.866025 0.483198 
vn 0.0791185 0.866025 0.493701 
vn -0.226182 0.866025 0.445917 
vn -0.31395 0.866025 0.389147 
vn -0.128528 0.866025 0.483198 
vn -0.387998 0.866025 0.315369 
vn -0.445088 0.866025 0.227808 
vn -0.31395 0.866025 0.389147 
vn -0.482726 0.866025 0.130291 
vn -0.445088 0.866025 0.227808 
vn 0.445088 -0.866025 -0.227808 
vn 0.482726 -0.866025 -0.130291 
vn 0.499266 -0.866025 -0.0270794 
vn 0.31395 -0.866025 -0.389147 
vn 0.387998 -0.866025 -0.315369 
vn 0.445088 -0.866025 -0.227808 
vn 0.128528 -0.866025 -0.483198 
vn 0.226182 -0.866025 -0.445917 
vn 0.31395 -0.866025 -0.389147 
vn -0.0791185 -0.866025 -0.493701 
vn 0.0252565 -0.866025 -0.499362 
vn 0.128528 -0.866025 -0.483198 
vn -0.273084 -0.866025 -0.418838 
vn -0.180036 -0.866025 -0.466462 
vn -0.0791185 -0.866025 -0.493701 
vn -0.419832 -0.866025 -0.271554 
vn -0.354198 -0.866025 -0.352907 
vn -0.273084 -0.866025 -0.418838 
vn -0.493986 -0.866025 -0.0773157 
vn -0.467117 -0.866025 -0.178332 
vn -0.419832 -0.866025 -0.271554 
vn -0.482726 -0.866025 0.130291 
vn -0.499266 -0.866025 0.0270794 
vn -0.493986 -0.866025 -0.0773157 
vn -0.387998 -0.866025 0.315369 
vn -0.445088 -0.866025 0.227808 
vn -0.482726 -0.866025 0.130291 
vn -0.226182 -0.866025 0.445917 
vn -0.31395 -0.866025 0.389147 
vn -0.387998 -0.866025 0.315369 
vn -0.0252565 -0.866025 0.499362 
vn -0.128528 -0.866025 0.483198 
vn -0.226182 -0.866025 0.445917 
vn 0.180036 -0.866025 0.466462 
vn 0.0791185 -0.866025 0.493701 
vn -0.0252565 -0.866025 0.499362 
vn 0.354198 -0.866025 0.352907 
vn 0.273084 -0.866025 0.418838 
vn 0.180036 -0.866025 0.466462 
vn 0.467117 -0.866025 0.178332 
vn 0.419832 -0.866025 0.271554 
vn 0.354198 -0.866025 0.352907 
vn 0.493986 -0.866025 0.0773157 
vn 0.467117 -0.866025 0.178332 
vn -0.493986 0.866025 -0.0773157 
vn -0.467117 0.866025 -0.178332 
vn -0.499266 0.866025 0.0270794 
vn -0.419832 0.866025 -0.271554 
vn -0.354198 0.866025 -0.352907 
vn -0.467117 0.866025 -0.178332 
vn -0.273084 0.866025 -0.418838 
vn -0.180036 0.866025 -0.466462 
vn -0.354198 0.866025 -0.352907 
vn -0.0791185 0.866025 -0.493701 
vn 0.0252565 0.866025 -0.499362 
vn -0.180036 0.866025 -0.466462 
vn 0.128528 0.866025 -0.483198 
vn 0.226182 0.866025 -0.445917 
vn 0.0252565 0.866025 -0.499362 
vn 0.31395 0.866025 -0.389147 
vn 0.387998 0.866025 -0.315369 
vn 0.226182 0.866025 -0.445917 
vn 0.445088 0.866025 -0.227808 
vn 0.482726 0.866025 -0.130291 
vn 0.387998 0.866025 -0.315369 
vn 0.493986 0.866025 0.0773157 
vn 0.499266 0.866025 -0.0270794 
vn 0.482726 0.866025 -0.130291 
vn 0.467117 0.866025 0.178332 
vn 0.419832 0.866025 0.271554 
vn 0.493986 0.866025 0.0773157 
vn 0.354198 0.866025 0.352907 
vn 0.273084 0.866025 0.418838 
vn 0.419832 0.866025 0.271554 
vn 0.180036 0.866025 0.466462 
vn 0.0791185 0.866025 0.493701 
vn 0.273084 0.866025 0.418838 
vn -0.0252565 0.866025 0.499362 
vn -0.128528 0.866025 0.483198 
vn 0.0791185 0.866025 0.493701 
vn -0.226182 0.866025 0.445917 
vn -0.31395 0.866025 0.389147 
vn -0.128528 0.866025 0.483198 
vn -0.387998 0.866025 0.315369 
vn -0.445088 0.866025 0.227808 
vn -0.31395 0.866025 0.389147 
vn -0.482726 0.866025 0.130291 
vn -0.445088 0.866025 0.227808 
vn 0.445088 -0.866025 -0.227808 
vn 0.482726 -0.866025 -0.130291 
vn 0.499266 -0.866025 -0.0270794 
vn 0.31395 -0.866025 -0.389147 
vn 0.387998 -0.866025 -0.315369 
vn 0.445088 -0.866025 -0.227808 
vn 0.128528 -0.866025 -0.483198 
vn 0.226182 -0.866025 -0.445917 
vn 0.31395 -0.866025 -0.389147 
vn -0.0791185 -0.866025 -0.493701 
vn 0.0252565 -0.866025 -0.499362 
vn 0.128528 -0.866025 -0.483198 
vn -0.273084 -0.866025 -0.418838 
vn -0.180036 -0.866025 -0.466462 
vn -0.0791185 -0.866025 -0.493701 
vn -0.419832 -0.866025 -0.271554 
vn -0.354198 -0.866025 -0.352907 
vn -0.273084 -0.866025 -0.418838 
vn -0.493986 -0.866025 -0.0773157 
vn -0.467117 -0.866025 -0.178332 
vn -0.419832 -0.866025 -0.271554 
vn -0.482726 -0.866025 0.130291 
vn -0.499266 -0.866025 0.0270794 
vn -0.493986 -0.866025 -0.0773157 
vn -0.387998 -0.866025 0.315369 
vn -0.445088 -0.866025 0.227808 
vn -0.482726 -0.866025 0.130291 
vn -0.226182 -0.866025 0.445917 
vn -0.31395 -0.866025 0.389147 
vn -0.387998 -0.866025 0.315369 
vn -0.0252565 -0.866025 0.499362 
vn -0.128528 -0.866025 0.483198 
vn -0.226182 -0.866025 0.445917 
vn 0.180036 -0.866025 0.466462 
vn 0.0791185 -0.866025 0.493701 
vn -0.0252565 -0.866025 0.499362 
vn 0.354198 -0.866025 0.352907 
vn 0.273084 -0.866025 0.418838 
vn 0.180036 -0.866025 0.466462 
vn 0.467117 -0.866025 0.178332 
vn 0.419832 -0.866025 0.271554 
vn 0.354198 -0.866025 0.352907 
vn 0.493986 -0.866025 0.0773157 
vn 0.467117 -0.866025 0.178332 
vn -0.493986 0.866025 -0.0773157 
vn -0.467117 0.866025 -0.178332 
vn -0.499266 0.866025 0.0270794 
vn -0.419832 0.866025 -0.271554 
vn -0.354198 0.866025 -0.352907 
vn -0.467117 0.866025 -0.178332 
vn -0.273084 0.866025 -0.418838 
vn -0.180036 0.866025 -0.466462 
vn -0.354198 0.866025 -0.352907 
vn -0.0791185 0.866025 -0.493701 
vn 0.0252565 0.866025 -0.499362 
vn -0.180036 0.866025 -0.466462 
vn 0.128528 0.866025 -0.483198 
vn 0.226182 0.866025 -0.445917 
vn 0.0252565 0.866025 -0.499362 
vn 0.31395 0.866025 -0.389147 
vn 0.387998 0.866025 -0.315369 
vn 0.226182 0.866025 -0.445917 
vn 0.445088 0.866025 -0.227808 
vn 0.482726 0.866025 -0.130291 
vn 0.387998 0.866025 -0.315369 
vn 0.493986 0.866025 0.0773157 
vn 0.499266 0.866025 -0.0270794 
vn 0.482726 0.866025 -0.130291 
vn 0.467117 0.866025 0.178332 
vn 0.419832 0.866025 0.271554 
vn 0.493986 0.866025 0.0773157 
vn 0.354198 0.866025 0.352907 
vn 0.273084 0.866025 0.418838 
vn 0.419832 0.866025 0.271554 
vn 0.180036 0.866025 0.466462 
vn 0.0791185 0.866025 0.493701 
vn 0.273084 0.866025 0.418838 
vn -0.0252565 0.866025 0.499362 
vn -0.128528 0.866025 0.483198 
vn 0.0791185 0.866025 0.493701 
vn -0.226182 0.866025 0.445917 
vn -0.31395 0.866025 0.389147 
vn -0.128528 0.866025 0.483198 
vn -0.387998 0.866025 0.315369 
vn -0.445088 0.866025 0.227808 
vn -0.31395 0.866025 0.389147 
vn -0.482726 0.866025 0.130291 
vn -0.445088 0.866025 0.227808 
vn 0.499266 -0.866025 -0.0270794 
vn 0.445088 -0.866025 -0.227808 
vn 0.482726 -0.866025 -0.130291 
vn 0.31395 -0.866025 -0.389147 
vn 0.387998 -0.866025 -0.315369 
vn 0.128528 -0.866025 -0.483198 
vn 0.226182 -0.866025 -0.445917 
vn -0.0791185 -0.866025 -0.493701 
vn 0.0252565 -0.866025 -0.499362 
vn -0.273084 -0.866025 -0.418838 
vn -0.180036 -0.866025 -0.466462 
vn -0.419832 -0.866025 -0.271554 
vn -0.354198 -0.866025 -0.352907 
vn -0.493986 -0.866025 -0.0773157 
vn -0.467117 -0.866025 -0.178332 
vn -0.499266 -0.866025 0.0270794 
vn -0.482726 -0.866025 0.130291 
vn -0.387998 -0.866025 0.315369 
vn -0.445088 -0.866025 0.227808 
vn -0.226182 -0.866025 0.445917 
vn -0.31395 -0.866025 0.389147 
vn -0.0252565 -0.866025 0.499362 
vn -0.128528 -0.866025 0.483198 
vn 0.180036 -0.866025 0.466462 
vn 0.0791185 -0.866025 0.493701 
vn 0.354198 -0.866025 0.352907 
vn 0.273084 -0.866025 0.418838 
vn 0.467117 -0.866025 0.178332 
vn 0.419832 -0.866025 0.271554 
vn 0.499266 -0.866025 -0.0270794 
vn 0.493986 -0.866025 0.0773157 
vn -0.482726 -0.866025 0.130291 
vn -0.499266 0.866025 0.0270794 
vn -0.493986 0.866025 -0.0773157 
vn -0.419832 0.866025 -0.271554 
vn -0.273084 0.866025 -0.418838 
vn -0.0791185 0.866025 -0.493701 
vn 0.128528 0.866025 -0.483198 
vn 0.31395 0.866025 -0.389147 
vn 0.445088 0.866025 -0.227808 
vn 0.499266 0.866025 -0.0270794 
vn 0.467117 0.866025 0.178332 
vn 0.354198 0.866025 0.352907 
vn 0.180036 0.866025 0.466462 
vn -0.0252565 0.866025 0.499362 
vn -0.226182 0.866025 0.445917 
vn -0.387998 0.866025 0.315369 
vn -0.482726 0.866025 0.130291 
vn 0.998532 -3.05289e-15 -0.0541587 
vn 0.890176 -1.66347e-15 -0.455616 
vn 0.627901 1.35731e-17 -0.778293 
vn 0.257055 1.68827e-15 -0.966397 
vn -0.158237 3.07105e-15 -0.987401 
vn -0.546169 3.92282e-15 -0.837675 
vn -0.839663 4.09629e-15 -0.543107 
vn -0.987972 3.56148e-15 -0.154631 
vn -0.965452 2.41086e-15 0.260582 
vn -0.998532 3.05289e-15 0.0541587 
vn -0.775996 8.43379e-16 0.630738 
vn -0.452363 -8.69932e-16 0.891834 
vn -0.050513 -2.43282e-15 0.998723 
vn 0.360071 -3.57506e-15 0.932925 
vn 0.708396 -4.09913e-15 0.705815 
vn 0.934233 -3.91443e-15 0.356663 
vn -0.987972 3.56148e-15 -0.154631 
vn 3.19827e-15 1 2.59769e-15 
vn 0.424951 0.866025 -0.26347 
vn 0.481219 0.866025 -0.135752 
vn 0.480139 0.866025 -0.139523 
vn 0.412507 0.866025 -0.282557 
vn 0.321355 0.866025 -0.383055 
vn 0.424951 0.866025 -0.26347 
vn 0.226182 0.866025 -0.445917 
vn 0.318339 0.866025 -0.385564 
vn 0.499266 0.866025 -0.0270794 
vn 0.849902 -1.34938e-15 -0.526941 
vn 0.825013 -1.17062e-15 -0.565113 
vn 0.452363 8.69932e-16 -0.891834 
vn 0.998532 -3.05289e-15 -0.0541587 
vn -0.0156966 0.866025 -0.499754 
vn 0.123045 0.866025 -0.484624 
vn 0.119239 0.866025 -0.485574 
vn -0.038448 0.866025 -0.49852 
vn -0.171058 0.866025 -0.469829 
vn -0.0156966 0.866025 -0.499754 
vn -0.273084 0.866025 -0.418838 
vn -0.174739 0.866025 -0.468472 
vn 0.226182 0.866025 -0.445917 
vn -0.0313933 2.69682e-15 -0.999507 
vn -0.076896 2.83594e-15 -0.997039 
vn -0.546169 3.92282e-15 -0.837675 
vn -0.440648 0.866025 -0.236283 
vn -0.358174 0.866025 -0.348872 
vn -0.3609 0.866025 -0.346051 
vn -0.450955 0.866025 -0.215963 
vn -0.492413 0.866025 -0.0867736 
vn -0.440648 0.866025 -0.236283 
vn -0.499266 0.866025 0.0270794 
vn -0.493078 0.866025 -0.0829078 
vn -0.273084 0.866025 -0.418838 
vn -0.881295 4.0462e-15 -0.472566 
vn -0.901909 4.00656e-15 -0.431926 
vn -0.998532 3.05289e-15 0.0541587 
vn -0.424951 0.866025 0.26347 
vn -0.412507 0.866025 0.282557 
vn -0.321355 0.866025 0.383055 
vn -0.424951 0.866025 0.26347 
vn -0.481219 0.866025 0.135752 
vn -0.480139 0.866025 0.139523 
vn -0.499266 0.866025 0.0270794 
vn -0.226182 0.866025 0.445917 
vn -0.318339 0.866025 0.385564 
vn -0.849902 1.34938e-15 0.526941 
vn -0.825013 1.17062e-15 0.565113 
vn -0.452363 -8.69932e-16 0.891834 
vn -3.19827e-15 -1 -2.59769e-15 
vn 0.546169 -3.92282e-15 0.837675 
vn 0.440648 0.866025 0.236283 
vn 0.358229 0.866025 0.348815 
vn 0.360957 0.866025 0.345992 
vn 0.450955 0.866025 0.215963 
vn 0.492112 0.866025 0.0884629 
vn 0.440648 0.866025 0.236283 
vn 0.499266 0.866025 -0.0270794 
vn 0.492802 0.866025 0.0845339 
vn 0.273084 0.866025 0.418838 
vn 0.0156966 0.866025 0.499754 
vn 0.038448 0.866025 0.49852 
vn 0.171058 0.866025 0.469829 
vn 0.0156966 0.866025 0.499754 
vn -0.123045 0.866025 0.484624 
vn -0.119239 0.866025 0.485574 
vn -0.226182 0.866025 0.445917 
vn 0.273084 0.866025 0.418838 
vn 0.174739 0.866025 0.468472 
vn 0.0313933 -2.69682e-15 0.999507 
vn 0.076896 -2.83594e-15 0.997039 
vn 0.881295 -4.0462e-15 0.472566 
vn 0.901909 -4.00656e-15 0.431926 
usemtl 0.752941_0.752941_0.752941_0.000000_0.000000
o mesh108
f 915//1054 916//1055 945//1056 
f 916//1055 917//1057 946//1058 
f 917//1057 918//1059 947//1060 
f 918//1059 919//1061 948//1062 
f 919//1061 920//1063 949//1064 
f 920//1063 921//1065 950//1066 
f 921//1065 922//1067 951//1068 
f 922//1067 923//1069 952//1070 
f 923//1069 924//1071 953//1072 
f 924//1071 925//1073 954//1074 
f 925//1073 926//1075 955//1076 
f 926//1075 927//1077 956//1078 
f 927//1077 928//1079 957//1080 
f 928//1079 929//1081 958//1082 
f 929//1081 915//1054 959//1083 
f 959//1083 945//1056 960//1084 
f 945//1056 946//1058 961//1085 
f 946//1058 947//1060 962//1086 
f 947//1060 948//1062 963//1087 
f 948//1062 949//1064 964//1088 
f 949//1064 950//1066 965//1089 
f 950//1066 951//1068 966//1090 
f 951//1068 952//1070 967//1091 
f 952//1070 953//1072 968//1092 
f 953//1072 954//1074 969//1093 
f 954//1074 955//1076 970//1094 
f 955//1076 956//1078 971//1095 
f 956//1078 957//1080 972//1096 
f 957//1080 958//1082 973//1097 
f 958//1082 959//1083 974//1098 
f 974//1098 960//1084 975//1099 
f 960//1084 961//1085 976//1100 
f 961//1085 962//1086 977//1101 
f 962//1086 963//1087 978//1102 
f 963//1087 964//1088 979//1103 
f 964//1088 965//1089 980//1104 
f 965//1089 966//1090 981//1105 
f 966//1090 967//1091 982//1106 
f 967//1091 968//1092 983//1107 
f 968//1092 969//1093 984//1108 
f 969//1093 970//1094 985//1109 
f 970//1094 971//1095 986//1110 
f 971//1095 972//1096 987//1111 
f 972//1096 973//1097 988//1112 
f 973//1097 974//1098 989//1113 
f 989//1113 975//1099 990//1114 
f 975//1099 976//1100 991//1115 
f 976//1100 977//1101 992//1116 
f 977//1101 978//1102 993//1117 
f 978//1102 979//1103 994//1118 
f 979//1103 980//1104 995//1119 
f 980//1104 981//1105 996//1120 
f 981//1105 982//1106 997//1121 
f 982//1106 983//1107 998//1122 
f 983//1107 984//1108 999//1123 
f 984//1108 985//1109 1000//1124 
f 985//1109 986//1110 1001//1125 
f 986//1110 987//1111 1002//1126 
f 987//1111 988//1112 1003//1127 
f 988//1112 989//1113 1004//1128 
f 1004//1128 990//1114 1005//1129 
f 990//1114 991//1115 1006//1130 
f 991//1115 992//1116 1007//1131 
f 992//1116 993//1117 1008//1132 
f 993//1117 994//1118 1009//1133 
f 994//1118 995//1119 1010//1134 
f 995//1119 996//1120 1011//1135 
f 996//1120 997//1121 1012//1136 
f 997//1121 998//1122 1013//1137 
f 998//1122 999//1123 1014//1138 
f 999//1123 1000//1124 1015//1139 
f 1000//1124 1001//1125 1016//1140 
f 1001//1125 1002//1126 1017//1141 
f 1002//1126 1003//1127 1018//1142 
f 1003//1127 1004//1128 1019//1143 
f 1019//1143 1005//1129 1020//1144 
f 1005//1129 1006//1130 1021//1145 
f 1006//1130 1007//1131 1022//1146 
f 1007//1131 1008//1132 1023//1147 
f 1008//1132 1009//1133 1024//1148 
f 1009//1133 1010//1134 1025//1149 
f 1010//1134 1011//1135 1026//1150 
f 1011//1135 1012//1136 1027//1151 
f 1012//1136 1013//1137 1028//1152 
f 1013//1137 1014//1138 1029//1153 
f 1014//1138 1015//1139 1030//1154 
f 1015//1139 1016//1140 1031//1155 
f 1016//1140 1017//1141 1032//1156 
f 1017//1141 1018//1142 1033//1157 
f 1018//1142 1019//1143 1034//1158 
f 1034//1158 1020//1144 930//1159 
f 1020//1144 1021//1145 931//1160 
f 1021//1145 1022//1146 932//1161 
f 1022//1146 1023//1147 933//1162 
f 1023//1147 1024//1148 934//1163 
f 1024//1148 1025//1149 935//1164 
f 1025//1149 1026//1150 936//1165 
f 1026//1150 1027//1151 937//1166 
f 1027//1151 1028//1152 938//1167 
f 1028//1152 1029//1153 939//1168 
f 1029//1153 1030//1154 940//1169 
f 1030//1154 1031//1155 941//1170 
f 1031//1155 1032//1156 942//1171 
f 1032//1156 1033//1157 943//1172 
f 1033//1157 1034//1158 944//1173 
f 944//1173 943//1172 1033//1157 
f 943//1172 942//1171 1032//1156 
f 942//1171 941//1170 1031//1155 
f 941//1170 940//1169 1030//1154 
f 940//1169 939//1168 1029//1153 
f 939//1168 938//1167 1028//1152 
f 938//1167 937//1166 1027//1151 
f 937//1166 936//1165 1026//1150 
f 936//1165 935//1164 1025//1149 
f 935//1164 934//1163 1024//1148 
f 934//1163 933//1162 1023//1147 
f 933//1162 932//1161 1022//1146 
f 932//1161 931//1160 1021//1145 
f 931//1160 930//1159 1020//1144 
f 930//1159 944//1173 1034//1158 
f 1034//1158 1033//1157 1018//1142 
f 1033//1157 1032//1156 1017//1141 
f 1032//1156 1031//1155 1016//1140 
f 1031//1155 1030//1154 1015//1139 
f 1030//1154 1029//1153 1014//1138 
f 1029//1153 1028//1152 1013//1137 
f 1028//1152 1027//1151 1012//1136 
f 1027//1151 1026//1150 1011//1135 
f 1026//1150 1025//1149 1010//1134 
f 1025//1149 1024//1148 1009//1133 
f 1024//1148 1023//1147 1008//1132 
f 1023//1147 1022//1146 1007//1131 
f 1022//1146 1021//1145 1006//1130 
f 1021//1145 1020//1144 1005//1129 
f 1020//1144 1034//1158 1019//1143 
f 1019//1143 1018//1142 1003//1127 
f 1018//1142 1017//1141 1002//1126 
f 1017//1141 1016//1140 1001//1125 
f 1016//1140 1015//1139 1000//1124 
f 1015//1139 1014//1138 999//1123 
f 1014//1138 1013//1137 998//1122 
f 1013//1137 1012//1136 997//1121 
f 1012//1136 1011//1135 996//1120 
f 1011//1135 1010//1134 995//1119 
f 1010//1134 1009//1133 994//1118 
f 1009//1133 1008//1132 993//1117 
f 1008//1132 1007//1131 992//1116 
f 1007//1131 1006//1130 991//1115 
f 1006//1130 1005//1129 990//1114 
f 1005//1129 1019//1143 1004//1128 
f 1004//1128 1003//1127 988//1112 
f 1003//1127 1002//1126 987//1111 
f 1002//1126 1001//1125 986//1110 
f 1001//1125 1000//1124 985//1109 
f 1000//1124 999//1123 984//1108 
f 999//1123 998//1122 983//1107 
f 998//1122 997//1121 982//1106 
f 997//1121 996//1120 981//1105 
f 996//1120 995//1119 980//1104 
f 995//1119 994//1118 979//1103 
f 994//1118 993//1117 978//1102 
f 993//1117 992//1116 977//1101 
f 992//1116 991//1115 976//1100 
f 991//1115 990//1114 975//1099 
f 990//1114 1004//1128 989//1113 
f 989//1113 988//1112 973//1097 
f 988//1112 987//1111 972//1096 
f 987//1111 986//1110 971//1095 
f 986//1110 985//1109 970//1094 
f 985//1109 984//1108 969//1093 
f 984//1108 983//1107 968//1092 
f 983//1107 982//1106 967//1091 
f 982//1106 981//1105 966//1090 
f 981//1105 980//1104 965//1089 
f 980//1104 979//1103 964//1088 
f 979//1103 978//1102 963//1087 
f 978//1102 977//1101 962//1086 
f 977//1101 976//1100 961//1085 
f 976//1100 975//1099 960//1084 
f 975//1099 989//1113 974//1098 
f 974//1098 973//1097 958//1082 
f 973//1097 972//1096 957//1080 
f 972//1096 971//1095 956//1078 
f 971//1095 970//1094 955//1076 
f 970//1094 969//1093 954//1074 
f 969//1093 968//1092 953//1072 
f 968//1092 967//1091 952//1070 
f 967//1091 966//1090 951//1068 
f 966//1090 965//1089 950//1066 
f 965//1089 964//1088 949//1064 
f 964//1088 963//1087 948//1062 
f 963//1087 962//1086 947//1060 
f 962//1086 961//1085 946//1058 
f 961//1085 960//1084 945//1056 
f 960//1084 974//1098 959//1083 
f 959//1083 958//1082 929//1081 
f 958//1082 957//1080 928//1079 
f 957//1080 956//1078 927//1077 
f 956//1078 955//1076 926//1075 
f 955//1076 954//1074 925//1073 
f 954//1074 953//1072 924//1071 
f 953//1072 952//1070 923//1069 
f 952//1070 951//1068 922//1067 
f 951//1068 950//1066 921//1065 
f 950//1066 949//1064 920//1063 
f 949//1064 948//1062 919//1061 
f 948//1062 947//1060 918//1059 
f 947//1060 946//1058 917//1057 
f 946//1058 945//1056 916//1055 
f 945//1056 959//1083 915//1054 
o mesh109
f 915//1174 1035//1174 1036//1175 
f 1036//1175 916//1176 915//1174 
f 917//1177 916//1176 1037//1178 
f 916//1176 1038//1179 1037//1178 
f 917//1177 1039//1180 1040//1181 
f 1040//1181 918//1182 917//1177 
f 918//1182 1041//1182 1042//1183 
f 1042//1183 919//1184 918//1182 
f 919//1184 1043//1184 1044//1185 
f 1044//1185 920//1186 919//1184 
f 920//1186 1045//1186 1046//1187 
f 1046//1187 921//1188 920//1186 
f 921//1188 1047//1188 1048//1189 
f 1048//1189 922//1190 921//1188 
f 922//1190 1049//1190 1050//1191 
f 1050//1191 923//1192 922//1190 
f 923//1192 1051//1192 1052//1193 
f 1052//1193 924//1194 923//1192 
f 924//1194 1053//1194 1054//1195 
f 1054//1195 925//1196 924//1194 
f 926//1197 925//1196 1055//1198 
f 925//1196 1056//1199 1055//1198 
f 926//1197 1057//1200 1058//1201 
f 1058//1201 927//1202 926//1197 
f 928//1203 927//1202 1059//1204 
f 927//1202 1060//1205 1059//1204 
f 929//1206 928//1203 1061//1207 
f 928//1203 1062//1208 1061//1207 
f 915//1174 929//1206 1063//1209 
f 929//1206 1064//1210 1063//1209 
f 1063//1209 1035//1174 915//1174 
f 1061//1207 1064//1210 929//1206 
f 1059//1204 1062//1208 928//1203 
f 1058//1201 1060//1205 927//1202 
f 1055//1198 1057//1200 926//1197 
f 1054//1195 1056//1199 925//1196 
f 1052//1193 1053//1194 924//1194 
f 1050//1191 1051//1192 923//1192 
f 1048//1189 1049//1190 922//1190 
f 1046//1187 1047//1188 921//1188 
f 1044//1185 1045//1186 920//1186 
f 1042//1183 1043//1184 919//1184 
f 1040//1181 1041//1182 918//1182 
f 1037//1178 1039//1180 917//1177 
f 1036//1175 1038//1179 916//1176 
o mesh110
f 1065//1211 1049//1211 1048//1212 
f 1065//1211 1066//1213 1050//1213 
f 1050//1213 1049//1211 1065//1211 
f 1067//1214 1047//1214 1046//1215 
f 1067//1214 1068//1216 1048//1212 
f 1048//1212 1047//1214 1067//1214 
f 1069//1217 1045//1217 1044//1218 
f 1069//1217 1070//1219 1046//1215 
f 1046//1215 1045//1217 1069//1217 
f 1071//1220 1043//1220 1042//1221 
f 1071//1220 1072//1222 1044//1218 
f 1044//1218 1043//1220 1071//1220 
f 1073//1223 1041//1223 1040//1224 
f 1073//1223 1074//1225 1042//1221 
f 1042//1221 1041//1223 1073//1223 
f 1075//1226 1039//1226 1037//1227 
f 1075//1226 1076//1228 1040//1224 
f 1040//1224 1039//1226 1075//1226 
f 1077//1229 1038//1229 1036//1230 
f 1077//1229 1078//1231 1037//1227 
f 1037//1227 1038//1229 1077//1229 
f 1079//1232 1080//1233 1035//1233 
f 1081//1234 1036//1230 1035//1233 
f 1035//1233 1080//1233 1081//1234 
f 1082//1235 1064//1235 1061//1236 
f 1082//1235 1079//1232 1063//1237 
f 1063//1237 1064//1235 1082//1235 
f 1083//1238 1062//1238 1059//1239 
f 1083//1238 1084//1240 1061//1236 
f 1061//1236 1062//1238 1083//1238 
f 1085//1241 1060//1241 1058//1242 
f 1085//1241 1086//1243 1059//1239 
f 1059//1239 1060//1241 1085//1241 
f 1087//1244 1057//1244 1055//1245 
f 1087//1244 1088//1246 1058//1242 
f 1058//1242 1057//1244 1087//1244 
f 1089//1247 1056//1247 1054//1248 
f 1089//1247 1090//1249 1055//1245 
f 1055//1245 1056//1247 1089//1247 
f 1091//1250 1053//1250 1052//1251 
f 1091//1250 1092//1252 1054//1248 
f 1054//1248 1053//1250 1091//1250 
f 1093//1253 1051//1253 1050//1213 
f 1093//1253 1094//1254 1052//1251 
f 1052//1251 1051//1253 1093//1253 
f 1050//1213 1066//1213 1093//1253 
f 1052//1251 1094//1254 1091//1250 
f 1054//1248 1092//1252 1089//1247 
f 1055//1245 1090//1249 1087//1244 
f 1058//1242 1088//1246 1085//1241 
f 1059//1239 1086//1243 1083//1238 
f 1061//1236 1084//1240 1082//1235 
f 1035//1233 1063//1237 1079//1232 
f 1036//1230 1081//1234 1077//1229 
f 1037//1227 1078//1231 1075//1226 
f 1040//1224 1076//1228 1073//1223 
f 1042//1221 1074//1225 1071//1220 
f 1044//1218 1072//1222 1069//1217 
f 1046//1215 1070//1219 1067//1214 
f 1048//1212 1068//1216 1065//1211 
o mesh111
f 1077//1255 1081//1256 1095//1256 
f 1081//1256 1080//1257 1096//1257 
f 1096//1257 1095//1256 1081//1256 
f 1075//1258 1078//1259 1097//1259 
f 1077//1255 1098//1260 1097//1259 
f 1097//1259 1078//1259 1077//1255 
f 1073//1261 1076//1262 1099//1262 
f 1075//1258 1100//1263 1099//1262 
f 1099//1262 1076//1262 1075//1258 
f 1071//1264 1074//1265 1101//1265 
f 1073//1261 1102//1266 1101//1265 
f 1101//1265 1074//1265 1073//1261 
f 1069//1267 1072//1268 1103//1268 
f 1071//1264 1104//1269 1103//1268 
f 1103//1268 1072//1268 1071//1264 
f 1067//1270 1070//1271 1105//1271 
f 1069//1267 1106//1272 1105//1271 
f 1105//1271 1070//1271 1069//1267 
f 1065//1273 1068//1274 1107//1274 
f 1067//1270 1108//1275 1107//1274 
f 1107//1274 1068//1274 1067//1270 
f 1093//1276 1066//1277 1109//1277 
f 1065//1273 1110//1278 1109//1277 
f 1109//1277 1066//1277 1065//1273 
f 1091//1279 1094//1280 1111//1280 
f 1093//1276 1112//1281 1111//1280 
f 1111//1280 1094//1280 1093//1276 
f 1089//1282 1092//1283 1113//1283 
f 1091//1279 1114//1284 1113//1283 
f 1113//1283 1092//1283 1091//1279 
f 1087//1285 1090//1286 1115//1286 
f 1089//1282 1116//1287 1115//1286 
f 1115//1286 1090//1286 1089//1282 
f 1085//1288 1088//1289 1117//1289 
f 1087//1285 1118//1290 1117//1289 
f 1117//1289 1088//1289 1087//1285 
f 1083//1291 1086//1292 1119//1292 
f 1085//1288 1120//1293 1119//1292 
f 1119//1292 1086//1292 1085//1288 
f 1082//1294 1084//1295 1121//1295 
f 1083//1291 1122//1296 1121//1295 
f 1121//1295 1084//1295 1083//1291 
f 1079//1297 1123//1297 1096//1257 
f 1082//1294 1124//1298 1123//1297 
f 1123//1297 1079//1297 1082//1294 
f 1096//1257 1080//1257 1079//1297 
f 1121//1295 1124//1298 1082//1294 
f 1119//1292 1122//1296 1083//1291 
f 1117//1289 1120//1293 1085//1288 
f 1115//1286 1118//1290 1087//1285 
f 1113//1283 1116//1287 1089//1282 
f 1111//1280 1114//1284 1091//1279 
f 1109//1277 1112//1281 1093//1276 
f 1107//1274 1110//1278 1065//1273 
f 1105//1271 1108//1275 1067//1270 
f 1103//1268 1106//1272 1069//1267 
f 1101//1265 1104//1269 1071//1264 
f 1099//1262 1102//1266 1073//1261 
f 1097//1259 1100//1263 1075//1258 
f 1095//1256 1098//1260 1077//1255 
o mesh112
f 1125//1299 1110//1299 1107//1300 
f 1125//1299 1126//1301 1109//1301 
f 1109//1301 1110//1299 1125//1299 
f 1127//1302 1108//1302 1105//1303 
f 1127//1302 1128//1304 1107//1300 
f 1107//1300 1108//1302 1127//1302 
f 1129//1305 1106//1305 1103//1306 
f 1129//1305 1130//1307 1105//1303 
f 1105//1303 1106//1305 1129//1305 
f 1131//1308 1104//1308 1101//1309 
f 1131//1308 1132//1310 1103//1306 
f 1103//1306 1104//1308 1131//1308 
f 1133//1311 1102//1311 1099//1312 
f 1133//1311 1134//1313 1101//1309 
f 1101//1309 1102//1311 1133//1311 
f 1135//1314 1100//1314 1097//1315 
f 1135//1314 1136//1316 1099//1312 
f 1099//1312 1100//1314 1135//1314 
f 1137//1317 1098//1317 1095//1318 
f 1137//1317 1138//1319 1097//1315 
f 1097//1315 1098//1317 1137//1317 
f 1139//1320 1140//1321 1096//1321 
f 1141//1322 1095//1318 1096//1321 
f 1096//1321 1140//1321 1141//1322 
f 1142//1323 1124//1323 1121//1324 
f 1142//1323 1139//1320 1123//1325 
f 1123//1325 1124//1323 1142//1323 
f 1143//1326 1122//1326 1119//1327 
f 1143//1326 1144//1328 1121//1324 
f 1121//1324 1122//1326 1143//1326 
f 1145//1329 1120//1329 1117//1330 
f 1145//1329 1146//1331 1119//1327 
f 1119//1327 1120//1329 1145//1329 
f 1147//1332 1118//1332 1115//1333 
f 1147//1332 1148//1334 1117//1330 
f 1117//1330 1118//1332 1147//1332 
f 1149//1335 1116//1335 1113//1336 
f 1149//1335 1150//1337 1115//1333 
f 1115//1333 1116//1335 1149//1335 
f 1151//1338 1114//1338 1111//1339 
f 1151//1338 1152//1340 1113//1336 
f 1113//1336 1114//1338 1151//1338 
f 1153//1341 1112//1341 1109//1301 
f 1153//1341 1154//1342 1111//1339 
f 1111//1339 1112//1341 1153//1341 
f 1109//1301 1126//1301 1153//1341 
f 1111//1339 1154//1342 1151//1338 
f 1113//1336 1152//1340 1149//1335 
f 1115//1333 1150//1337 1147//1332 
f 1117//1330 1148//1334 1145//1329 
f 1119//1327 1146//1331 1143//1326 
f 1121//1324 1144//1328 1142//1323 
f 1096//1321 1123//1325 1139//1320 
f 1095//1318 1141//1322 1137//1317 
f 1097//1315 1138//1319 1135//1314 
f 1099//1312 1136//1316 1133//1311 
f 1101//1309 1134//1313 1131//1308 
f 1103//1306 1132//1310 1129//1305 
f 1105//1303 1130//1307 1127//1302 
f 1107//1300 1128//1304 1125//1299 
o mesh113
f 1137//1343 1141//1344 1155//1344 
f 1141//1344 1140//1345 1156//1345 
f 1156//1345 1155//1344 1141//1344 
f 1135//1346 1138//1347 1157//1347 
f 1137//1343 1158//1348 1157//1347 
f 1157//1347 1138//1347 1137//1343 
f 1133//1349 1136//1350 1159//1350 
f 1135//1346 1160//1351 1159//1350 
f 1159//1350 1136//1350 1135//1346 
f 1131//1352 1134//1353 1161//1353 
f 1133//1349 1162//1354 1161//1353 
f 1161//1353 1134//1353 1133//1349 
f 1129//1355 1132//1356 1163//1356 
f 1131//1352 1164//1357 1163//1356 
f 1163//1356 1132//1356 1131//1352 
f 1127//1358 1130//1359 1165//1359 
f 1129//1355 1166//1360 1165//1359 
f 1165//1359 1130//1359 1129//1355 
f 1125//1361 1128//1362 1167//1362 
f 1127//1358 1168//1363 1167//1362 
f 1167//1362 1128//1362 1127//1358 
f 1153//1364 1126//1365 1169//1365 
f 1125//1361 1170//1366 1169//1365 
f 1169//1365 1126//1365 1125//1361 
f 1151//1367 1154//1368 1171//1368 
f 1153//1364 1172//1369 1171//1368 
f 1171//1368 1154//1368 1153//1364 
f 1149//1370 1152//1371 1173//1371 
f 1151//1367 1174//1372 1173//1371 
f 1173//1371 1152//1371 1151//1367 
f 1147//1373 1150//1374 1175//1374 
f 1149//1370 1176//1375 1175//1374 
f 1175//1374 1150//1374 1149//1370 
f 1145//1376 1148//1377 1177//1377 
f 1147//1373 1178//1378 1177//1377 
f 1177//1377 1148//1377 1147//1373 
f 1143//1379 1146//1380 1179//1380 
f 1145//1376 1180//1381 1179//1380 
f 1179//1380 1146//1380 1145//1376 
f 1142//1382 1144//1383 1181//1383 
f 1143//1379 1182//1384 1181//1383 
f 1181//1383 1144//1383 1143//1379 
f 1139//1385 1183//1385 1156//1345 
f 1142//1382 1184//1386 1183//1385 
f 1183//1385 1139//1385 1142//1382 
f 1156//1345 1140//1345 1139//1385 
f 1181//1383 1184//1386 1142//1382 
f 1179//1380 1182//1384 1143//1379 
f 1177//1377 1180//1381 1145//1376 
f 1175//1374 1178//1378 1147//1373 
f 1173//1371 1176//1375 1149//1370 
f 1171//1368 1174//1372 1151//1367 
f 1169//1365 1172//1369 1153//1364 
f 1167//1362 1170//1366 1125//1361 
f 1165//1359 1168//1363 1127//1358 
f 1163//1356 1166//1360 1129//1355 
f 1161//1353 1164//1357 1131//1352 
f 1159//1350 1162//1354 1133//1349 
f 1157//1347 1160//1351 1135//1346 
f 1155//1344 1158//1348 1137//1343 
o mesh114
f 1185//1387 1170//1387 1167//1388 
f 1185//1387 1186//1389 1169//1389 
f 1169//1389 1170//1387 1185//1387 
f 1187//1390 1168//1390 1165//1391 
f 1187//1390 1188//1392 1167//1388 
f 1167//1388 1168//1390 1187//1390 
f 1189//1393 1166//1393 1163//1394 
f 1189//1393 1190//1395 1165//1391 
f 1165//1391 1166//1393 1189//1393 
f 1191//1396 1164//1396 1161//1397 
f 1191//1396 1192//1398 1163//1394 
f 1163//1394 1164//1396 1191//1396 
f 1193//1399 1162//1399 1159//1400 
f 1193//1399 1194//1401 1161//1397 
f 1161//1397 1162//1399 1193//1399 
f 1195//1402 1160//1402 1157//1403 
f 1195//1402 1196//1404 1159//1400 
f 1159//1400 1160//1402 1195//1402 
f 1197//1405 1158//1405 1155//1406 
f 1197//1405 1198//1407 1157//1403 
f 1157//1403 1158//1405 1197//1405 
f 1199//1408 1200//1409 1156//1409 
f 1201//1410 1155//1406 1156//1409 
f 1156//1409 1200//1409 1201//1410 
f 1202//1411 1184//1411 1181//1412 
f 1202//1411 1199//1408 1183//1413 
f 1183//1413 1184//1411 1202//1411 
f 1203//1414 1182//1414 1179//1415 
f 1203//1414 1204//1416 1181//1412 
f 1181//1412 1182//1414 1203//1414 
f 1205//1417 1180//1417 1177//1418 
f 1205//1417 1206//1419 1179//1415 
f 1179//1415 1180//1417 1205//1417 
f 1207//1420 1178//1420 1175//1421 
f 1207//1420 1208//1422 1177//1418 
f 1177//1418 1178//1420 1207//1420 
f 1209//1423 1176//1423 1173//1424 
f 1209//1423 1210//1425 1175//1421 
f 1175//1421 1176//1423 1209//1423 
f 1211//1426 1174//1426 1171//1427 
f 1211//1426 1212//1428 1173//1424 
f 1173//1424 1174//1426 1211//1426 
f 1213//1429 1172//1429 1169//1389 
f 1213//1429 1214//1430 1171//1427 
f 1171//1427 1172//1429 1213//1429 
f 1169//1389 1186//1389 1213//1429 
f 1171//1427 1214//1430 1211//1426 
f 1173//1424 1212//1428 1209//1423 
f 1175//1421 1210//1425 1207//1420 
f 1177//1418 1208//1422 1205//1417 
f 1179//1415 1206//1419 1203//1414 
f 1181//1412 1204//1416 1202//1411 
f 1156//1409 1183//1413 1199//1408 
f 1155//1406 1201//1410 1197//1405 
f 1157//1403 1198//1407 1195//1402 
f 1159//1400 1196//1404 1193//1399 
f 1161//1397 1194//1401 1191//1396 
f 1163//1394 1192//1398 1189//1393 
f 1165//1391 1190//1395 1187//1390 
f 1167//1388 1188//1392 1185//1387 
o mesh115
f 1197//1431 1201//1432 1215//1432 
f 1201//1432 1200//1433 1216//1433 
f 1216//1433 1215//1432 1201//1432 
f 1195//1434 1198//1435 1217//1435 
f 1197//1431 1218//1436 1217//1435 
f 1217//1435 1198//1435 1197//1431 
f 1193//1437 1196//1438 1219//1438 
f 1195//1434 1220//1439 1219//1438 
f 1219//1438 1196//1438 1195//1434 
f 1191//1440 1194//1441 1221//1441 
f 1193//1437 1222//1442 1221//1441 
f 1221//1441 1194//1441 1193//1437 
f 1189//1443 1192//1444 1223//1444 
f 1191//1440 1224//1445 1223//1444 
f 1223//1444 1192//1444 1191//1440 
f 1187//1446 1190//1447 1225//1447 
f 1189//1443 1226//1448 1225//1447 
f 1225//1447 1190//1447 1189//1443 
f 1185//1449 1188//1450 1227//1450 
f 1187//1446 1228//1451 1227//1450 
f 1227//1450 1188//1450 1187//1446 
f 1213//1452 1186//1453 1229//1453 
f 1185//1449 1230//1454 1229//1453 
f 1229//1453 1186//1453 1185//1449 
f 1211//1455 1214//1456 1231//1456 
f 1213//1452 1232//1457 1231//1456 
f 1231//1456 1214//1456 1213//1452 
f 1209//1458 1212//1459 1233//1459 
f 1211//1455 1234//1460 1233//1459 
f 1233//1459 1212//1459 1211//1455 
f 1207//1461 1210//1462 1235//1462 
f 1209//1458 1236//1463 1235//1462 
f 1235//1462 1210//1462 1209//1458 
f 1205//1464 1208//1465 1237//1465 
f 1207//1461 1238//1466 1237//1465 
f 1237//1465 1208//1465 1207//1461 
f 1203//1467 1206//1468 1239//1468 
f 1205//1464 1240//1469 1239//1468 
f 1239//1468 1206//1468 1205//1464 
f 1202//1470 1204//1471 1241//1471 
f 1203//1467 1242//1472 1241//1471 
f 1241//1471 1204//1471 1203//1467 
f 1199//1473 1243//1473 1216//1433 
f 1202//1470 1244//1474 1243//1473 
f 1243//1473 1199//1473 1202//1470 
f 1216//1433 1200//1433 1199//1473 
f 1241//1471 1244//1474 1202//1470 
f 1239//1468 1242//1472 1203//1467 
f 1237//1465 1240//1469 1205//1464 
f 1235//1462 1238//1466 1207//1461 
f 1233//1459 1236//1463 1209//1458 
f 1231//1456 1234//1460 1211//1455 
f 1229//1453 1232//1457 1213//1452 
f 1227//1450 1230//1454 1185//1449 
f 1225//1447 1228//1451 1187//1446 
f 1223//1444 1226//1448 1189//1443 
f 1221//1441 1224//1445 1191//1440 
f 1219//1438 1222//1442 1193//1437 
f 1217//1435 1220//1439 1195//1434 
f 1215//1432 1218//1436 1197//1431 
o mesh116
f 1245//1475 1230//1475 1227//1476 
f 1245//1475 1246//1477 1229//1477 
f 1229//1477 1230//1475 1245//1475 
f 1247//1478 1228//1478 1225//1479 
f 1247//1478 1248//1480 1227//1476 
f 1227//1476 1228//1478 1247//1478 
f 1249//1481 1226//1481 1223//1482 
f 1249//1481 1250//1483 1225//1479 
f 1225//1479 1226//1481 1249//1481 
f 1251//1484 1224//1484 1221//1485 
f 1251//1484 1252//1486 1223//1482 
f 1223//1482 1224//1484 1251//1484 
f 1253//1487 1222//1487 1219//1488 
f 1253//1487 1254//1489 1221//1485 
f 1221//1485 1222//1487 1253//1487 
f 1255//1490 1220//1490 1217//1491 
f 1255//1490 1256//1492 1219//1488 
f 1219//1488 1220//1490 1255//1490 
f 1257//1493 1218//1493 1215//1494 
f 1257//1493 1258//1495 1217//1491 
f 1217//1491 1218//1493 1257//1493 
f 1259//1496 1260//1497 1216//1497 
f 1261//1498 1215//1494 1216//1497 
f 1216//1497 1260//1497 1261//1498 
f 1262//1499 1244//1499 1241//1500 
f 1262//1499 1259//1496 1243//1501 
f 1243//1501 1244//1499 1262//1499 
f 1263//1502 1242//1502 1239//1503 
f 1263//1502 1264//1504 1241//1500 
f 1241//1500 1242//1502 1263//1502 
f 1265//1505 1240//1505 1237//1506 
f 1265//1505 1266//1507 1239//1503 
f 1239//1503 1240//1505 1265//1505 
f 1267//1508 1238//1508 1235//1509 
f 1267//1508 1268//1510 1237//1506 
f 1237//1506 1238//1508 1267//1508 
f 1269//1511 1236//1511 1233//1512 
f 1269//1511 1270//1513 1235//1509 
f 1235//1509 1236//1511 1269//1511 
f 1271//1514 1234//1514 1231//1515 
f 1271//1514 1272//1516 1233//1512 
f 1233//1512 1234//1514 1271//1514 
f 1273//1517 1232//1517 1229//1477 
f 1273//1517 1274//1518 1231//1515 
f 1231//1515 1232//1517 1273//1517 
f 1229//1477 1246//1477 1273//1517 
f 1231//1515 1274//1518 1271//1514 
f 1233//1512 1272//1516 1269//1511 
f 1235//1509 1270//1513 1267//1508 
f 1237//1506 1268//1510 1265//1505 
f 1239//1503 1266//1507 1263//1502 
f 1241//1500 1264//1504 1262//1499 
f 1216//1497 1243//1501 1259//1496 
f 1215//1494 1261//1498 1257//1493 
f 1217//1491 1258//1495 1255//1490 
f 1219//1488 1256//1492 1253//1487 
f 1221//1485 1254//1489 1251//1484 
f 1223//1482 1252//1486 1249//1481 
f 1225//1479 1250//1483 1247//1478 
f 1227//1476 1248//1480 1245//1475 
o mesh117
f 1257//1519 1261//1520 1275//1520 
f 1261//1520 1260//1521 1276//1521 
f 1276//1521 1275//1520 1261//1520 
f 1255//1522 1258//1523 1277//1523 
f 1257//1519 1278//1524 1277//1523 
f 1277//1523 1258//1523 1257//1519 
f 1253//1525 1256//1526 1279//1526 
f 1255//1522 1280//1527 1279//1526 
f 1279//1526 1256//1526 1255//1522 
f 1251//1528 1254//1529 1281//1529 
f 1253//1525 1282//1530 1281//1529 
f 1281//1529 1254//1529 1253//1525 
f 1249//1531 1252//1532 1283//1532 
f 1251//1528 1284//1533 1283//1532 
f 1283//1532 1252//1532 1251//1528 
f 1247//1534 1250//1535 1285//1535 
f 1249//1531 1286//1536 1285//1535 
f 1285//1535 1250//1535 1249//1531 
f 1245//1537 1248//1538 1287//1538 
f 1247//1534 1288//1539 1287//1538 
f 1287//1538 1248//1538 1247//1534 
f 1273//1540 1246//1541 1289//1541 
f 1245//1537 1290//1542 1289//1541 
f 1289//1541 1246//1541 1245//1537 
f 1271//1543 1274//1544 1291//1544 
f 1273//1540 1292//1545 1291//1544 
f 1291//1544 1274//1544 1273//1540 
f 1269//1546 1272//1547 1293//1547 
f 1271//1543 1294//1548 1293//1547 
f 1293//1547 1272//1547 1271//1543 
f 1267//1549 1270//1550 1295//1550 
f 1269//1546 1296//1551 1295//1550 
f 1295//1550 1270//1550 1269//1546 
f 1265//1552 1268//1553 1297//1553 
f 1267//1549 1298//1554 1297//1553 
f 1297//1553 1268//1553 1267//1549 
f 1263//1555 1266//1556 1299//1556 
f 1265//1552 1300//1557 1299//1556 
f 1299//1556 1266//1556 1265//1552 
f 1262//1558 1264//1559 1301//1559 
f 1263//1555 1302//1560 1301//1559 
f 1301//1559 1264//1559 1263//1555 
f 1259//1561 1303//1561 1276//1521 
f 1262//1558 1304//1562 1303//1561 
f 1303//1561 1259//1561 1262//1558 
f 1276//1521 1260//1521 1259//1561 
f 1301//1559 1304//1562 1262//1558 
f 1299//1556 1302//1560 1263//1555 
f 1297//1553 1300//1557 1265//1552 
f 1295//1550 1298//1554 1267//1549 
f 1293//1547 1296//1551 1269//1546 
f 1291//1544 1294//1548 1271//1543 
f 1289//1541 1292//1545 1273//1540 
f 1287//1538 1290//1542 1245//1537 
f 1285//1535 1288//1539 1247//1534 
f 1283//1532 1286//1536 1249//1531 
f 1281//1529 1284//1533 1251//1528 
f 1279//1526 1282//1530 1253//1525 
f 1277//1523 1280//1527 1255//1522 
f 1275//1520 1278//1524 1257//1519 
o mesh118
f 1305//1563 1290//1563 1287//1564 
f 1305//1563 1306//1565 1289//1565 
f 1289//1565 1290//1563 1305//1563 
f 1307//1566 1288//1566 1285//1567 
f 1307//1566 1308//1568 1287//1564 
f 1287//1564 1288//1566 1307//1566 
f 1309//1569 1286//1569 1283//1570 
f 1309//1569 1310//1571 1285//1567 
f 1285//1567 1286//1569 1309//1569 
f 1311//1572 1284//1572 1281//1573 
f 1311//1572 1312//1574 1283//1570 
f 1283//1570 1284//1572 1311//1572 
f 1313//1575 1282//1575 1279//1576 
f 1313//1575 1314//1577 1281//1573 
f 1281//1573 1282//1575 1313//1575 
f 1315//1578 1280//1578 1277//1579 
f 1315//1578 1316//1580 1279//1576 
f 1279//1576 1280//1578 1315//1578 
f 1317//1581 1278//1581 1275//1582 
f 1317//1581 1318//1583 1277//1579 
f 1277//1579 1278//1581 1317//1581 
f 1319//1584 1320//1585 1276//1585 
f 1321//1586 1275//1582 1276//1585 
f 1276//1585 1320//1585 1321//1586 
f 1322//1587 1304//1587 1301//1588 
f 1322//1587 1319//1584 1303//1589 
f 1303//1589 1304//1587 1322//1587 
f 1323//1590 1302//1590 1299//1591 
f 1323//1590 1324//1592 1301//1588 
f 1301//1588 1302//1590 1323//1590 
f 1325//1593 1300//1593 1297//1594 
f 1325//1593 1326//1595 1299//1591 
f 1299//1591 1300//1593 1325//1593 
f 1327//1596 1298//1596 1295//1597 
f 1327//1596 1328//1598 1297//1594 
f 1297//1594 1298//1596 1327//1596 
f 1329//1599 1296//1599 1293//1600 
f 1329//1599 1330//1601 1295//1597 
f 1295//1597 1296//1599 1329//1599 
f 1331//1602 1294//1602 1291//1603 
f 1331//1602 1332//1604 1293//1600 
f 1293//1600 1294//1602 1331//1602 
f 1333//1605 1292//1605 1289//1565 
f 1333//1605 1334//1606 1291//1603 
f 1291//1603 1292//1605 1333//1605 
f 1289//1565 1306//1565 1333//1605 
f 1291//1603 1334//1606 1331//1602 
f 1293//1600 1332//1604 1329//1599 
f 1295//1597 1330//1601 1327//1596 
f 1297//1594 1328//1598 1325//1593 
f 1299//1591 1326//1595 1323//1590 
f 1301//1588 1324//1592 1322//1587 
f 1276//1585 1303//1589 1319//1584 
f 1275//1582 1321//1586 1317//1581 
f 1277//1579 1318//1583 1315//1578 
f 1279//1576 1316//1580 1313//1575 
f 1281//1573 1314//1577 1311//1572 
f 1283//1570 1312//1574 1309//1569 
f 1285//1567 1310//1571 1307//1566 
f 1287//1564 1308//1568 1305//1563 
o mesh119
f 1317//1607 1321//1608 1335//1608 
f 1321//1608 1320//1609 1336//1609 
f 1336//1609 1335//1608 1321//1608 
f 1315//1610 1318//1611 1337//1611 
f 1317//1607 1338//1612 1337//1611 
f 1337//1611 1318//1611 1317//1607 
f 1313//1613 1316//1614 1339//1614 
f 1315//1610 1340//1615 1339//1614 
f 1339//1614 1316//1614 1315//1610 
f 1311//1616 1314//1617 1341//1617 
f 1313//1613 1342//1618 1341//1617 
f 1341//1617 1314//1617 1313//1613 
f 1309//1619 1312//1620 1343//1620 
f 1311//1616 1344//1621 1343//1620 
f 1343//1620 1312//1620 1311//1616 
f 1307//1622 1310//1623 1345//1623 
f 1309//1619 1346//1624 1345//1623 
f 1345//1623 1310//1623 1309//1619 
f 1305//1625 1308//1626 1347//1626 
f 1307//1622 1348//1627 1347//1626 
f 1347//1626 1308//1626 1307//1622 
f 1333//1628 1306//1629 1349//1629 
f 1305//1625 1350//1630 1349//1629 
f 1349//1629 1306//1629 1305//1625 
f 1331//1631 1334//1632 1351//1632 
f 1333//1628 1352//1633 1351//1632 
f 1351//1632 1334//1632 1333//1628 
f 1329//1634 1332//1635 1353//1635 
f 1331//1631 1354//1636 1353//1635 
f 1353//1635 1332//1635 1331//1631 
f 1327//1637 1330//1638 1355//1638 
f 1329//1634 1356//1639 1355//1638 
f 1355//1638 1330//1638 1329//1634 
f 1325//1640 1328//1641 1357//1641 
f 1327//1637 1358//1642 1357//1641 
f 1357//1641 1328//1641 1327//1637 
f 1323//1643 1326//1644 1359//1644 
f 1325//1640 1360//1645 1359//1644 
f 1359//1644 1326//1644 1325//1640 
f 1322//1646 1324//1647 1361//1647 
f 1323//1643 1362//1648 1361//1647 
f 1361//1647 1324//1647 1323//1643 
f 1319//1649 1363//1649 1336//1609 
f 1322//1646 1364//1650 1363//1649 
f 1363//1649 1319//1649 1322//1646 
f 1336//1609 1320//1609 1319//1649 
f 1361//1647 1364//1650 1322//1646 
f 1359//1644 1362//1648 1323//1643 
f 1357//1641 1360//1645 1325//1640 
f 1355//1638 1358//1642 1327//1637 
f 1353//1635 1356//1639 1329//1634 
f 1351//1632 1354//1636 1331//1631 
f 1349//1629 1352//1633 1333//1628 
f 1347//1626 1350//1630 1305//1625 
f 1345//1623 1348//1627 1307//1622 
f 1343//1620 1346//1624 1309//1619 
f 1341//1617 1344//1621 1311//1616 
f 1339//1614 1342//1618 1313//1613 
f 1337//1611 1340//1615 1315//1610 
f 1335//1608 1338//1612 1317//1607 
o mesh120
f 1365//1651 1350//1651 1347//1652 
f 1365//1651 1366//1653 1349//1653 
f 1349//1653 1350//1651 1365//1651 
f 1367//1654 1348//1654 1345//1655 
f 1367//1654 1368//1656 1347//1652 
f 1347//1652 1348//1654 1367//1654 
f 1369//1657 1346//1657 1343//1658 
f 1369//1657 1370//1659 1345//1655 
f 1345//1655 1346//1657 1369//1657 
f 1371//1660 1344//1660 1341//1661 
f 1371//1660 1372//1662 1343//1658 
f 1343//1658 1344//1660 1371//1660 
f 1373//1663 1342//1663 1339//1664 
f 1373//1663 1374//1665 1341//1661 
f 1341//1661 1342//1663 1373//1663 
f 1375//1666 1340//1666 1337//1667 
f 1375//1666 1376//1668 1339//1664 
f 1339//1664 1340//1666 1375//1666 
f 1377//1669 1338//1669 1335//1670 
f 1377//1669 1378//1671 1337//1667 
f 1337//1667 1338//1669 1377//1669 
f 1379//1672 1380//1673 1336//1673 
f 1381//1674 1335//1670 1336//1673 
f 1336//1673 1380//1673 1381//1674 
f 1382//1675 1364//1675 1361//1676 
f 1382//1675 1379//1672 1363//1677 
f 1363//1677 1364//1675 1382//1675 
f 1383//1678 1362//1678 1359//1679 
f 1383//1678 1384//1680 1361//1676 
f 1361//1676 1362//1678 1383//1678 
f 1385//1681 1360//1681 1357//1682 
f 1385//1681 1386//1683 1359//1679 
f 1359//1679 1360//1681 1385//1681 
f 1387//1684 1358//1684 1355//1685 
f 1387//1684 1388//1686 1357//1682 
f 1357//1682 1358//1684 1387//1684 
f 1389//1687 1356//1687 1353//1688 
f 1389//1687 1390//1689 1355//1685 
f 1355//1685 1356//1687 1389//1687 
f 1391//1690 1354//1690 1351//1691 
f 1391//1690 1392//1692 1353//1688 
f 1353//1688 1354//1690 1391//1690 
f 1393//1693 1352//1693 1349//1653 
f 1393//1693 1394//1694 1351//1691 
f 1351//1691 1352//1693 1393//1693 
f 1349//1653 1366//1653 1393//1693 
f 1351//1691 1394//1694 1391//1690 
f 1353//1688 1392//1692 1389//1687 
f 1355//1685 1390//1689 1387//1684 
f 1357//1682 1388//1686 1385//1681 
f 1359//1679 1386//1683 1383//1678 
f 1361//1676 1384//1680 1382//1675 
f 1336//1673 1363//1677 1379//1672 
f 1335//1670 1381//1674 1377//1669 
f 1337//1667 1378//1671 1375//1666 
f 1339//1664 1376//1668 1373//1663 
f 1341//1661 1374//1665 1371//1660 
f 1343//1658 1372//1662 1369//1657 
f 1345//1655 1370//1659 1367//1654 
f 1347//1652 1368//1656 1365//1651 
o mesh121
f 1395//1695 1396//1696 1381//1697 
f 1396//1696 1377//1696 1381//1697 
f 1397//1698 1375//1698 1378//1699 
f 1378//1699 1396//1696 1397//1698 
f 1397//1698 1398//1700 1376//1701 
f 1398//1700 1373//1700 1376//1701 
f 1398//1700 1399//1702 1374//1703 
f 1399//1702 1371//1702 1374//1703 
f 1399//1702 1400//1704 1372//1705 
f 1400//1704 1369//1704 1372//1705 
f 1401//1706 1367//1706 1370//1707 
f 1370//1707 1400//1704 1401//1706 
f 1401//1706 1402//1708 1368//1709 
f 1402//1708 1365//1708 1368//1709 
f 1403//1710 1393//1710 1366//1711 
f 1366//1711 1402//1708 1403//1710 
f 1403//1710 1404//1712 1394//1713 
f 1404//1712 1391//1712 1394//1713 
f 1405//1714 1389//1714 1392//1715 
f 1392//1715 1404//1712 1405//1714 
f 1405//1714 1406//1716 1390//1717 
f 1406//1716 1387//1716 1390//1717 
f 1406//1716 1407//1718 1388//1719 
f 1407//1718 1385//1718 1388//1719 
f 1407//1718 1408//1720 1386//1721 
f 1408//1720 1383//1720 1386//1721 
f 1408//1720 1409//1722 1384//1723 
f 1409//1722 1382//1722 1384//1723 
f 1409//1722 1395//1695 1379//1724 
f 1395//1695 1380//1725 1379//1724 
f 1379//1724 1382//1722 1409//1722 
f 1384//1723 1383//1720 1408//1720 
f 1386//1721 1385//1718 1407//1718 
f 1388//1719 1387//1716 1406//1716 
f 1390//1717 1389//1714 1405//1714 
f 1392//1715 1391//1712 1404//1712 
f 1394//1713 1393//1710 1403//1710 
f 1366//1711 1365//1708 1402//1708 
f 1368//1709 1367//1706 1401//1706 
f 1370//1707 1369//1704 1400//1704 
f 1372//1705 1371//1702 1399//1702 
f 1374//1703 1373//1700 1398//1700 
f 1376//1701 1375//1698 1397//1698 
f 1378//1699 1377//1696 1396//1696 
f 1381//1697 1380//1725 1395//1695 
o mesh122
f 1395//1726 1410//1726 1411//1727 
f 1411//1727 1396//1728 1395//1726 
f 1396//1728 1412//1728 1413//1729 
f 1413//1729 1397//1730 1396//1728 
f 1397//1730 1414//1730 1415//1731 
f 1415//1731 1398//1732 1397//1730 
f 1398//1732 1416//1732 1417//1733 
f 1417//1733 1399//1734 1398//1732 
f 1399//1734 1418//1734 1419//1735 
f 1419//1735 1400//1736 1399//1734 
f 1400//1736 1420//1736 1421//1737 
f 1421//1737 1401//1738 1400//1736 
f 1401//1738 1422//1738 1423//1739 
f 1423//1739 1402//1740 1401//1738 
f 1402//1740 1424//1740 1425//1741 
f 1425//1741 1403//1742 1402//1740 
f 1403//1742 1426//1742 1427//1743 
f 1427//1743 1404//1744 1403//1742 
f 1404//1744 1428//1744 1429//1745 
f 1429//1745 1405//1746 1404//1744 
f 1406//1747 1405//1746 1430//1748 
f 1405//1746 1431//1749 1430//1748 
f 1406//1747 1432//1750 1433//1751 
f 1433//1751 1407//1752 1406//1747 
f 1408//1753 1407//1752 1434//1754 
f 1407//1752 1435//1755 1434//1754 
f 1409//1756 1408//1753 1436//1757 
f 1408//1753 1437//1758 1436//1757 
f 1395//1726 1409//1756 1438//1759 
f 1409//1756 1439//1760 1438//1759 
f 1438//1759 1410//1726 1395//1726 
f 1436//1757 1439//1760 1409//1756 
f 1434//1754 1437//1758 1408//1753 
f 1433//1751 1435//1755 1407//1752 
f 1430//1748 1432//1750 1406//1747 
f 1429//1745 1431//1749 1405//1746 
f 1427//1743 1428//1744 1404//1744 
f 1425//1741 1426//1742 1403//1742 
f 1423//1739 1424//1740 1402//1740 
f 1421//1737 1422//1738 1401//1738 
f 1419//1735 1420//1736 1400//1736 
f 1417//1733 1418//1734 1399//1734 
f 1415//1731 1416//1732 1398//1732 
f 1413//1729 1414//1730 1397//1730 
f 1411//1727 1412//1728 1396//1728 
o mesh123
f 1440//1761 1424//1761 1423//1762 
f 1440//1761 1441//1763 1425//1763 
f 1425//1763 1424//1761 1440//1761 
f 1442//1764 1422//1764 1421//1765 
f 1442//1764 1443//1766 1423//1762 
f 1423//1762 1422//1764 1442//1764 
f 1444//1767 1420//1767 1419//1768 
f 1444//1767 1445//1769 1421//1765 
f 1421//1765 1420//1767 1444//1767 
f 1446//1770 1418//1770 1417//1771 
f 1446//1770 1447//1772 1419//1768 
f 1419//1768 1418//1770 1446//1770 
f 1448//1773 1416//1773 1415//1774 
f 1448//1773 1449//1775 1417//1771 
f 1417//1771 1416//1773 1448//1773 
f 1450//1776 1414//1776 1413//1777 
f 1450//1776 1451//1778 1415//1774 
f 1415//1774 1414//1776 1450//1776 
f 1452//1779 1412//1779 1411//1780 
f 1452//1779 1453//1781 1413//1777 
f 1413//1777 1412//1779 1452//1779 
f 1454//1782 1455//1783 1410//1783 
f 1456//1784 1411//1780 1410//1783 
f 1410//1783 1455//1783 1456//1784 
f 1457//1785 1439//1785 1436//1786 
f 1457//1785 1454//1782 1438//1787 
f 1438//1787 1439//1785 1457//1785 
f 1458//1788 1437//1788 1434//1789 
f 1458//1788 1459//1790 1436//1786 
f 1436//1786 1437//1788 1458//1788 
f 1460//1791 1435//1791 1433//1792 
f 1460//1791 1461//1793 1434//1789 
f 1434//1789 1435//1791 1460//1791 
f 1462//1794 1432//1794 1430//1795 
f 1462//1794 1463//1796 1433//1792 
f 1433//1792 1432//1794 1462//1794 
f 1464//1797 1431//1797 1429//1798 
f 1464//1797 1465//1799 1430//1795 
f 1430//1795 1431//1797 1464//1797 
f 1466//1800 1428//1800 1427//1801 
f 1466//1800 1467//1802 1429//1798 
f 1429//1798 1428//1800 1466//1800 
f 1468//1803 1426//1803 1425//1763 
f 1468//1803 1469//1804 1427//1801 
f 1427//1801 1426//1803 1468//1803 
f 1425//1763 1441//1763 1468//1803 
f 1427//1801 1469//1804 1466//1800 
f 1429//1798 1467//1802 1464//1797 
f 1430//1795 1465//1799 1462//1794 
f 1433//1792 1463//1796 1460//1791 
f 1434//1789 1461//1793 1458//1788 
f 1436//1786 1459//1790 1457//1785 
f 1410//1783 1438//1787 1454//1782 
f 1411//1780 1456//1784 1452//1779 
f 1413//1777 1453//1781 1450//1776 
f 1415//1774 1451//1778 1448//1773 
f 1417//1771 1449//1775 1446//1770 
f 1419//1768 1447//1772 1444//1767 
f 1421//1765 1445//1769 1442//1764 
f 1423//1762 1443//1766 1440//1761 
o mesh124
f 1470//1805 1471//1806 1456//1807 
f 1471//1806 1452//1806 1456//1807 
f 1471//1806 1472//1808 1453//1809 
f 1472//1808 1450//1808 1453//1809 
f 1472//1808 1473//1810 1451//1811 
f 1473//1810 1448//1810 1451//1811 
f 1473//1810 1474//1812 1449//1813 
f 1474//1812 1446//1812 1449//1813 
f 1474//1812 1475//1814 1447//1815 
f 1475//1814 1444//1814 1447//1815 
f 1475//1814 1476//1816 1445//1817 
f 1476//1816 1442//1816 1445//1817 
f 1476//1816 1477//1818 1443//1819 
f 1477//1818 1440//1818 1443//1819 
f 1478//1820 1468//1820 1441//1821 
f 1441//1821 1477//1818 1478//1820 
f 1478//1820 1479//1822 1469//1823 
f 1479//1822 1466//1822 1469//1823 
f 1479//1822 1480//1824 1467//1825 
f 1480//1824 1464//1824 1467//1825 
f 1480//1824 1481//1826 1465//1827 
f 1481//1826 1462//1826 1465//1827 
f 1481//1826 1482//1828 1463//1829 
f 1482//1828 1460//1828 1463//1829 
f 1482//1828 1483//1830 1461//1831 
f 1483//1830 1458//1830 1461//1831 
f 1483//1830 1484//1832 1459//1833 
f 1484//1832 1457//1832 1459//1833 
f 1484//1832 1470//1805 1454//1834 
f 1470//1805 1455//1835 1454//1834 
f 1454//1834 1457//1832 1484//1832 
f 1459//1833 1458//1830 1483//1830 
f 1461//1831 1460//1828 1482//1828 
f 1463//1829 1462//1826 1481//1826 
f 1465//1827 1464//1824 1480//1824 
f 1467//1825 1466//1822 1479//1822 
f 1469//1823 1468//1820 1478//1820 
f 1441//1821 1440//1818 1477//1818 
f 1443//1819 1442//1816 1476//1816 
f 1445//1817 1444//1814 1475//1814 
f 1447//1815 1446//1812 1474//1812 
f 1449//1813 1448//1810 1473//1810 
f 1451//1811 1450//1808 1472//1808 
f 1453//1809 1452//1806 1471//1806 
f 1456//1807 1455//1835 1470//1805 
o mesh125
f 1470//1836 1485//1836 1486//1837 
f 1486//1837 1471//1838 1470//1836 
f 1471//1838 1487//1838 1488//1839 
f 1488//1839 1472//1840 1471//1838 
f 1472//1840 1489//1840 1490//1841 
f 1490//1841 1473//1842 1472//1840 
f 1473//1842 1491//1842 1492//1843 
f 1492//1843 1474//1844 1473//1842 
f 1474//1844 1493//1844 1494//1845 
f 1494//1845 1475//1846 1474//1844 
f 1475//1846 1495//1846 1496//1847 
f 1496//1847 1476//1848 1475//1846 
f 1476//1848 1497//1848 1498//1849 
f 1498//1849 1477//1850 1476//1848 
f 1477//1850 1499//1850 1500//1851 
f 1500//1851 1478//1852 1477//1850 
f 1478//1852 1501//1852 1502//1853 
f 1502//1853 1479//1854 1478//1852 
f 1479//1854 1503//1854 1504//1855 
f 1504//1855 1480//1856 1479//1854 
f 1480//1856 1505//1856 1506//1857 
f 1506//1857 1481//1858 1480//1856 
f 1481//1858 1507//1858 1508//1859 
f 1508//1859 1482//1860 1481//1858 
f 1482//1860 1509//1860 1510//1861 
f 1510//1861 1483//1862 1482//1860 
f 1483//1862 1511//1862 1512//1863 
f 1512//1863 1484//1864 1483//1862 
f 1470//1836 1484//1864 1513//1865 
f 1484//1864 1514//1864 1513//1865 
f 1513//1865 1485//1836 1470//1836 
f 1512//1863 1514//1864 1484//1864 
f 1510//1861 1511//1862 1483//1862 
f 1508//1859 1509//1860 1482//1860 
f 1506//1857 1507//1858 1481//1858 
f 1504//1855 1505//1856 1480//1856 
f 1502//1853 1503//1854 1479//1854 
f 1500//1851 1501//1852 1478//1852 
f 1498//1849 1499//1850 1477//1850 
f 1496//1847 1497//1848 1476//1848 
f 1494//1845 1495//1846 1475//1846 
f 1492//1843 1493//1844 1474//1844 
f 1490//1841 1491//1842 1473//1842 
f 1488//1839 1489//1840 1472//1840 
f 1486//1837 1487//1838 1471//1838 
o mesh126
f 1515//1866 1499//1866 1498//1867 
f 1515//1866 1516//1868 1500//1868 
f 1500//1868 1499//1866 1515//1866 
f 1517//1869 1497//1869 1496//1870 
f 1517//1869 1518//1871 1498//1867 
f 1498//1867 1497//1869 1517//1869 
f 1519//1872 1495//1872 1494//1873 
f 1519//1872 1520//1874 1496//1870 
f 1496//1870 1495//1872 1519//1872 
f 1521//1875 1493//1875 1492//1876 
f 1521//1875 1522//1877 1494//1873 
f 1494//1873 1493//1875 1521//1875 
f 1523//1878 1491//1878 1490//1879 
f 1523//1878 1524//1880 1492//1876 
f 1492//1876 1491//1878 1523//1878 
f 1525//1881 1489//1881 1488//1882 
f 1525//1881 1526//1883 1490//1879 
f 1490//1879 1489//1881 1525//1881 
f 1527//1884 1487//1884 1486//1885 
f 1527//1884 1528//1886 1488//1882 
f 1488//1882 1487//1884 1527//1884 
f 1529//1887 1530//1888 1485//1888 
f 1531//1889 1486//1885 1485//1888 
f 1485//1888 1530//1888 1531//1889 
f 1532//1890 1514//1890 1512//1891 
f 1532//1890 1529//1887 1513//1892 
f 1513//1892 1514//1890 1532//1890 
f 1533//1893 1511//1893 1510//1894 
f 1533//1893 1534//1895 1512//1891 
f 1512//1891 1511//1893 1533//1893 
f 1535//1896 1509//1896 1508//1897 
f 1535//1896 1536//1898 1510//1894 
f 1510//1894 1509//1896 1535//1896 
f 1537//1899 1507//1899 1506//1900 
f 1537//1899 1538//1901 1508//1897 
f 1508//1897 1507//1899 1537//1899 
f 1539//1902 1505//1902 1504//1903 
f 1539//1902 1540//1904 1506//1900 
f 1506//1900 1505//1902 1539//1902 
f 1541//1905 1503//1905 1502//1906 
f 1541//1905 1542//1907 1504//1903 
f 1504//1903 1503//1905 1541//1905 
f 1543//1908 1501//1908 1500//1868 
f 1543//1908 1544//1909 1502//1906 
f 1502//1906 1501//1908 1543//1908 
f 1500//1868 1516//1868 1543//1908 
f 1502//1906 1544//1909 1541//1905 
f 1504//1903 1542//1907 1539//1902 
f 1506//1900 1540//1904 1537//1899 
f 1508//1897 1538//1901 1535//1896 
f 1510//1894 1536//1898 1533//1893 
f 1512//1891 1534//1895 1532//1890 
f 1485//1888 1513//1892 1529//1887 
f 1486//1885 1531//1889 1527//1884 
f 1488//1882 1528//1886 1525//1881 
f 1490//1879 1526//1883 1523//1878 
f 1492//1876 1524//1880 1521//1875 
f 1494//1873 1522//1877 1519//1872 
f 1496//1870 1520//1874 1517//1869 
f 1498//1867 1518//1871 1515//1866 
o mesh127
f 1545//1910 1527//1910 1531//1911 
f 1531//1911 1546//1912 1545//1910 
f 1547//1913 1525//1913 1528//1914 
f 1528//1914 1545//1910 1547//1913 
f 1548//1915 1523//1915 1526//1916 
f 1526//1916 1547//1913 1548//1915 
f 1548//1915 1549//1917 1524//1918 
f 1549//1917 1521//1917 1524//1918 
f 1550//1919 1519//1919 1522//1920 
f 1522//1920 1549//1917 1550//1919 
f 1551//1921 1517//1921 1520//1922 
f 1520//1922 1550//1919 1551//1921 
f 1551//1921 1552//1923 1518//1924 
f 1552//1923 1515//1923 1518//1924 
f 1553//1925 1543//1925 1516//1926 
f 1516//1926 1552//1923 1553//1925 
f 1553//1925 1554//1927 1544//1928 
f 1554//1927 1541//1927 1544//1928 
f 1554//1927 1555//1929 1542//1930 
f 1555//1929 1539//1929 1542//1930 
f 1555//1929 1556//1931 1540//1932 
f 1556//1931 1537//1931 1540//1932 
f 1556//1931 1557//1933 1538//1934 
f 1557//1933 1535//1933 1538//1934 
f 1557//1933 1558//1935 1536//1936 
f 1558//1935 1533//1935 1536//1936 
f 1558//1935 1559//1937 1534//1938 
f 1559//1937 1532//1937 1534//1938 
f 1559//1937 1546//1912 1529//1939 
f 1546//1912 1530//1940 1529//1939 
f 1529//1939 1532//1937 1559//1937 
f 1534//1938 1533//1935 1558//1935 
f 1536//1936 1535//1933 1557//1933 
f 1538//1934 1537//1931 1556//1931 
f 1540//1932 1539//1929 1555//1929 
f 1542//1930 1541//1927 1554//1927 
f 1544//1928 1543//1925 1553//1925 
f 1516//1926 1515//1923 1552//1923 
f 1518//1924 1517//1921 1551//1921 
f 1520//1922 1519//1919 1550//1919 
f 1522//1920 1521//1917 1549//1917 
f 1524//1918 1523//1915 1548//1915 
f 1526//1916 1525//1913 1547//1913 
f 1528//1914 1527//1910 1545//1910 
f 1531//1911 1530//1940 1546//1912 
o mesh128
f 1546//1941 1560//1941 1561//1942 
f 1561//1942 1545//1943 1546//1941 
f 1545//1943 1562//1943 1563//1944 
f 1563//1944 1547//1945 1545//1943 
f 1547//1945 1564//1945 1565//1946 
f 1565//1946 1548//1947 1547//1945 
f 1548//1947 1566//1947 1567//1948 
f 1567//1948 1549//1949 1548//1947 
f 1550//1950 1549//1949 1568//1951 
f 1549//1949 1569//1952 1568//1951 
f 1550//1950 1570//1953 1571//1954 
f 1571//1954 1551//1955 1550//1950 
f 1551//1955 1572//1955 1573//1956 
f 1573//1956 1552//1957 1551//1955 
f 1552//1957 1574//1957 1575//1958 
f 1575//1958 1553//1959 1552//1957 
f 1553//1959 1576//1959 1577//1960 
f 1577//1960 1554//1961 1553//1959 
f 1554//1961 1578//1961 1579//1962 
f 1579//1962 1555//1963 1554//1961 
f 1555//1963 1580//1963 1581//1964 
f 1581//1964 1556//1965 1555//1963 
f 1556//1965 1582//1965 1583//1966 
f 1583//1966 1557//1967 1556//1965 
f 1558//1968 1557//1967 1584//1969 
f 1557//1967 1585//1970 1584//1969 
f 1558//1968 1586//1971 1587//1972 
f 1587//1972 1559//1973 1558//1968 
f 1546//1941 1559//1973 1588//1974 
f 1559//1973 1589//1973 1588//1974 
f 1588//1974 1560//1941 1546//1941 
f 1587//1972 1589//1973 1559//1973 
f 1584//1969 1586//1971 1558//1968 
f 1583//1966 1585//1970 1557//1967 
f 1581//1964 1582//1965 1556//1965 
f 1579//1962 1580//1963 1555//1963 
f 1577//1960 1578//1961 1554//1961 
f 1575//1958 1576//1959 1553//1959 
f 1573//1956 1574//1957 1552//1957 
f 1571//1954 1572//1955 1551//1955 
f 1568//1951 1570//1953 1550//1950 
f 1567//1948 1569//1952 1549//1949 
f 1565//1946 1566//1947 1548//1947 
f 1563//1944 1564//1945 1547//1945 
f 1561//1942 1562//1943 1545//1943 
o mesh129
f 1590//1975 1574//1975 1573//1976 
f 1590//1975 1591//1977 1575//1977 
f 1575//1977 1574//1975 1590//1975 
f 1592//1978 1572//1978 1571//1979 
f 1592//1978 1593//1980 1573//1976 
f 1573//1976 1572//1978 1592//1978 
f 1594//1981 1570//1981 1568//1982 
f 1594//1981 1595//1983 1571//1979 
f 1571//1979 1570//1981 1594//1981 
f 1596//1984 1569//1984 1567//1985 
f 1596//1984 1597//1986 1568//1982 
f 1568//1982 1569//1984 1596//1984 
f 1598//1987 1566//1987 1565//1988 
f 1598//1987 1599//1989 1567//1985 
f 1567//1985 1566//1987 1598//1987 
f 1600//1990 1564//1990 1563//1991 
f 1600//1990 1601//1992 1565//1988 
f 1565//1988 1564//1990 1600//1990 
f 1602//1993 1562//1993 1561//1994 
f 1602//1993 1603//1995 1563//1991 
f 1563//1991 1562//1993 1602//1993 
f 1604//1996 1605//1997 1560//1997 
f 1606//1998 1561//1994 1560//1997 
f 1560//1997 1605//1997 1606//1998 
f 1607//1999 1589//1999 1587//2000 
f 1607//1999 1604//1996 1588//2001 
f 1588//2001 1589//1999 1607//1999 
f 1608//2002 1586//2002 1584//2003 
f 1608//2002 1609//2004 1587//2000 
f 1587//2000 1586//2002 1608//2002 
f 1610//2005 1585//2005 1583//2006 
f 1610//2005 1611//2007 1584//2003 
f 1584//2003 1585//2005 1610//2005 
f 1612//2008 1582//2008 1581//2009 
f 1612//2008 1613//2010 1583//2006 
f 1583//2006 1582//2008 1612//2008 
f 1614//2011 1580//2011 1579//2012 
f 1614//2011 1615//2013 1581//2009 
f 1581//2009 1580//2011 1614//2011 
f 1616//2014 1578//2014 1577//2015 
f 1616//2014 1617//2016 1579//2012 
f 1579//2012 1578//2014 1616//2014 
f 1618//2017 1576//2017 1575//1977 
f 1618//2017 1619//2018 1577//2015 
f 1577//2015 1576//2017 1618//2017 
f 1575//1977 1591//1977 1618//2017 
f 1577//2015 1619//2018 1616//2014 
f 1579//2012 1617//2016 1614//2011 
f 1581//2009 1615//2013 1612//2008 
f 1583//2006 1613//2010 1610//2005 
f 1584//2003 1611//2007 1608//2002 
f 1587//2000 1609//2004 1607//1999 
f 1560//1997 1588//2001 1604//1996 
f 1561//1994 1606//1998 1602//1993 
f 1563//1991 1603//1995 1600//1990 
f 1565//1988 1601//1992 1598//1987 
f 1567//1985 1599//1989 1596//1984 
f 1568//1982 1597//1986 1594//1981 
f 1571//1979 1595//1983 1592//1978 
f 1573//1976 1593//1980 1590//1975 
o mesh130
f 1620//2019 1621//2020 1606//2021 
f 1621//2020 1602//2020 1606//2021 
f 1621//2020 1622//2022 1603//2023 
f 1622//2022 1600//2022 1603//2023 
f 1622//2022 1623//2024 1601//2025 
f 1623//2024 1598//2024 1601//2025 
f 1623//2024 1624//2026 1599//2027 
f 1624//2026 1596//2026 1599//2027 
f 1624//2026 1625//2028 1597//2029 
f 1625//2028 1594//2028 1597//2029 
f 1625//2028 1626//2030 1595//2031 
f 1626//2030 1592//2030 1595//2031 
f 1626//2030 1627//2032 1593//2033 
f 1627//2032 1590//2032 1593//2033 
f 1628//2034 1618//2034 1591//2035 
f 1591//2035 1627//2032 1628//2034 
f 1628//2034 1629//2036 1619//2037 
f 1629//2036 1616//2036 1619//2037 
f 1629//2036 1630//2038 1617//2039 
f 1630//2038 1614//2038 1617//2039 
f 1630//2038 1631//2040 1615//2041 
f 1631//2040 1612//2040 1615//2041 
f 1631//2040 1632//2042 1613//2043 
f 1632//2042 1610//2042 1613//2043 
f 1632//2042 1633//2044 1611//2045 
f 1633//2044 1608//2044 1611//2045 
f 1633//2044 1634//2046 1609//2047 
f 1634//2046 1607//2046 1609//2047 
f 1634//2046 1620//2019 1604//2048 
f 1620//2019 1605//2049 1604//2048 
f 1604//2048 1607//2046 1634//2046 
f 1609//2047 1608//2044 1633//2044 
f 1611//2045 1610//2042 1632//2042 
f 1613//2043 1612//2040 1631//2040 
f 1615//2041 1614//2038 1630//2038 
f 1617//2039 1616//2036 1629//2036 
f 1619//2037 1618//2034 1628//2034 
f 1591//2035 1590//2032 1627//2032 
f 1593//2033 1592//2030 1626//2030 
f 1595//2031 1594//2028 1625//2028 
f 1597//2029 1596//2026 1624//2026 
f 1599//2027 1598//2024 1623//2024 
f 1601//2025 1600//2022 1622//2022 
f 1603//2023 1602//2020 1621//2020 
f 1606//2021 1605//2049 1620//2019 
o mesh131
f 1620//2050 1635//2050 1636//2051 
f 1636//2051 1621//2052 1620//2050 
f 1621//2052 1637//2052 1638//2053 
f 1638//2053 1622//2054 1621//2052 
f 1622//2054 1639//2054 1640//2055 
f 1640//2055 1623//2056 1622//2054 
f 1623//2056 1641//2056 1642//2057 
f 1642//2057 1624//2058 1623//2056 
f 1624//2058 1643//2058 1644//2059 
f 1644//2059 1625//2060 1624//2058 
f 1626//2061 1625//2060 1645//2062 
f 1625//2060 1646//2063 1645//2062 
f 1626//2061 1647//2064 1648//2065 
f 1648//2065 1627//2066 1626//2061 
f 1627//2066 1649//2066 1650//2067 
f 1650//2067 1628//2068 1627//2066 
f 1628//2068 1651//2068 1652//2069 
f 1652//2069 1629//2070 1628//2068 
f 1629//2070 1653//2070 1654//2071 
f 1654//2071 1630//2072 1629//2070 
f 1630//2072 1655//2072 1656//2073 
f 1656//2073 1631//2074 1630//2072 
f 1631//2074 1657//2074 1658//2075 
f 1658//2075 1632//2076 1631//2074 
f 1633//2077 1632//2076 1659//2078 
f 1632//2076 1660//2079 1659//2078 
f 1634//2080 1633//2077 1661//2081 
f 1633//2077 1662//2082 1661//2081 
f 1620//2050 1634//2080 1663//2083 
f 1634//2080 1664//2084 1663//2083 
f 1663//2083 1635//2050 1620//2050 
f 1661//2081 1664//2084 1634//2080 
f 1659//2078 1662//2082 1633//2077 
f 1658//2075 1660//2079 1632//2076 
f 1656//2073 1657//2074 1631//2074 
f 1654//2071 1655//2072 1630//2072 
f 1652//2069 1653//2070 1629//2070 
f 1650//2067 1651//2068 1628//2068 
f 1648//2065 1649//2066 1627//2066 
f 1645//2062 1647//2064 1626//2061 
f 1644//2059 1646//2063 1625//2060 
f 1642//2057 1643//2058 1624//2058 
f 1640//2055 1641//2056 1623//2056 
f 1638//2053 1639//2054 1622//2054 
f 1636//2051 1637//2052 1621//2052 
o mesh132
f 1665//2085 1649//2085 1648//2086 
f 1665//2085 1666//2087 1650//2087 
f 1650//2087 1649//2085 1665//2085 
f 1667//2088 1647//2088 1645//2089 
f 1667//2088 1668//2090 1648//2086 
f 1648//2086 1647//2088 1667//2088 
f 1669//2091 1646//2091 1644//2092 
f 1669//2091 1670//2093 1645//2089 
f 1645//2089 1646//2091 1669//2091 
f 1671//2094 1643//2094 1642//2095 
f 1671//2094 1672//2096 1644//2092 
f 1644//2092 1643//2094 1671//2094 
f 1673//2097 1641//2097 1640//2098 
f 1673//2097 1674//2099 1642//2095 
f 1642//2095 1641//2097 1673//2097 
f 1675//2100 1639//2100 1638//2101 
f 1675//2100 1676//2102 1640//2098 
f 1640//2098 1639//2100 1675//2100 
f 1677//2103 1637//2103 1636//2104 
f 1677//2103 1678//2105 1638//2101 
f 1638//2101 1637//2103 1677//2103 
f 1679//2106 1680//2107 1635//2107 
f 1681//2108 1636//2104 1635//2107 
f 1635//2107 1680//2107 1681//2108 
f 1682//2109 1664//2109 1661//2110 
f 1682//2109 1679//2106 1663//2111 
f 1663//2111 1664//2109 1682//2109 
f 1683//2112 1662//2112 1659//2113 
f 1683//2112 1684//2114 1661//2110 
f 1661//2110 1662//2112 1683//2112 
f 1685//2115 1660//2115 1658//2116 
f 1685//2115 1686//2117 1659//2113 
f 1659//2113 1660//2115 1685//2115 
f 1687//2118 1657//2118 1656//2119 
f 1687//2118 1688//2120 1658//2116 
f 1658//2116 1657//2118 1687//2118 
f 1689//2121 1655//2121 1654//2122 
f 1689//2121 1690//2123 1656//2119 
f 1656//2119 1655//2121 1689//2121 
f 1691//2124 1653//2124 1652//2125 
f 1691//2124 1692//2126 1654//2122 
f 1654//2122 1653//2124 1691//2124 
f 1693//2127 1651//2127 1650//2087 
f 1693//2127 1694//2128 1652//2125 
f 1652//2125 1651//2127 1693//2127 
f 1650//2087 1666//2087 1693//2127 
f 1652//2125 1694//2128 1691//2124 
f 1654//2122 1692//2126 1689//2121 
f 1656//2119 1690//2123 1687//2118 
f 1658//2116 1688//2120 1685//2115 
f 1659//2113 1686//2117 1683//2112 
f 1661//2110 1684//2114 1682//2109 
f 1635//2107 1663//2111 1679//2106 
f 1636//2104 1681//2108 1677//2103 
f 1638//2101 1678//2105 1675//2100 
f 1640//2098 1676//2102 1673//2097 
f 1642//2095 1674//2099 1671//2094 
f 1644//2092 1672//2096 1669//2091 
f 1645//2089 1670//2093 1667//2088 
f 1648//2086 1668//2090 1665//2085 
o mesh133
f 1695//2129 1696//2130 1681//2131 
f 1696//2130 1677//2130 1681//2131 
f 1696//2130 1697//2132 1678//2133 
f 1697//2132 1675//2132 1678//2133 
f 1697//2132 1698//2134 1676//2135 
f 1698//2134 1673//2134 1676//2135 
f 1699//2136 1671//2136 1674//2137 
f 1674//2137 1698//2134 1699//2136 
f 1700//2138 1669//2138 1672//2139 
f 1672//2139 1699//2136 1700//2138 
f 1700//2138 1701//2140 1670//2141 
f 1701//2140 1667//2140 1670//2141 
f 1701//2140 1702//2142 1668//2143 
f 1702//2142 1665//2142 1668//2143 
f 1703//2144 1693//2144 1666//2145 
f 1666//2145 1702//2142 1703//2144 
f 1703//2144 1704//2146 1694//2147 
f 1704//2146 1691//2146 1694//2147 
f 1704//2146 1705//2148 1692//2149 
f 1705//2148 1689//2148 1692//2149 
f 1705//2148 1706//2150 1690//2151 
f 1706//2150 1687//2150 1690//2151 
f 1706//2150 1707//2152 1688//2153 
f 1707//2152 1685//2152 1688//2153 
f 1707//2152 1708//2154 1686//2155 
f 1708//2154 1683//2154 1686//2155 
f 1708//2154 1709//2156 1684//2157 
f 1709//2156 1682//2156 1684//2157 
f 1709//2156 1695//2129 1679//2158 
f 1695//2129 1680//2159 1679//2158 
f 1679//2158 1682//2156 1709//2156 
f 1684//2157 1683//2154 1708//2154 
f 1686//2155 1685//2152 1707//2152 
f 1688//2153 1687//2150 1706//2150 
f 1690//2151 1689//2148 1705//2148 
f 1692//2149 1691//2146 1704//2146 
f 1694//2147 1693//2144 1703//2144 
f 1666//2145 1665//2142 1702//2142 
f 1668//2143 1667//2140 1701//2140 
f 1670//2141 1669//2138 1700//2138 
f 1672//2139 1671//2136 1699//2136 
f 1674//2137 1673//2134 1698//2134 
f 1676//2135 1675//2132 1697//2132 
f 1678//2133 1677//2130 1696//2130 
f 1681//2131 1680//2159 1695//2129 
o mesh134
f 1695//2160 1710//2160 1711//2161 
f 1711//2161 1696//2162 1695//2160 
f 1697//2163 1696//2162 1712//2164 
f 1696//2162 1713//2165 1712//2164 
f 1697//2163 1714//2166 1715//2167 
f 1715//2167 1698//2168 1697//2163 
f 1698//2168 1716//2168 1717//2169 
f 1717//2169 1699//2170 1698//2168 
f 1699//2170 1718//2170 1719//2171 
f 1719//2171 1700//2172 1699//2170 
f 1700//2172 1720//2172 1721//2173 
f 1721//2173 1701//2174 1700//2172 
f 1701//2174 1722//2174 1723//2175 
f 1723//2175 1702//2176 1701//2174 
f 1702//2176 1724//2176 1725//2177 
f 1725//2177 1703//2178 1702//2176 
f 1703//2178 1726//2178 1727//2179 
f 1727//2179 1704//2180 1703//2178 
f 1704//2180 1728//2180 1729//2181 
f 1729//2181 1705//2182 1704//2180 
f 1705//2182 1730//2182 1731//2183 
f 1731//2183 1706//2184 1705//2182 
f 1707//2185 1706//2184 1732//2186 
f 1706//2184 1733//2187 1732//2186 
f 1708//2188 1707//2185 1734//2189 
f 1707//2185 1735//2190 1734//2189 
f 1709//2191 1708//2188 1736//2192 
f 1708//2188 1737//2193 1736//2192 
f 1695//2160 1709//2191 1738//2194 
f 1709//2191 1739//2195 1738//2194 
f 1738//2194 1710//2160 1695//2160 
f 1736//2192 1739//2195 1709//2191 
f 1734//2189 1737//2193 1708//2188 
f 1732//2186 1735//2190 1707//2185 
f 1731//2183 1733//2187 1706//2184 
f 1729//2181 1730//2182 1705//2182 
f 1727//2179 1728//2180 1704//2180 
f 1725//2177 1726//2178 1703//2178 
f 1723//2175 1724//2176 1702//2176 
f 1721//2173 1722//2174 1701//2174 
f 1719//2171 1720//2172 1700//2172 
f 1717//2169 1718//2170 1699//2170 
f 1715//2167 1716//2168 1698//2168 
f 1712//2164 1714//2166 1697//2163 
f 1711//2161 1713//2165 1696//2162 
o mesh135
f 1740//2196 1724//2196 1723//2197 
f 1740//2196 1741//2198 1725//2198 
f 1725//2198 1724//2196 1740//2196 
f 1742//2199 1722//2199 1721//2200 
f 1742//2199 1743//2201 1723//2197 
f 1723//2197 1722//2199 1742//2199 
f 1744//2202 1720//2202 1719//2203 
f 1744//2202 1745//2204 1721//2200 
f 1721//2200 1720//2202 1744//2202 
f 1746//2205 1718//2205 1717//2206 
f 1746//2205 1747//2207 1719//2203 
f 1719//2203 1718//2205 1746//2205 
f 1748//2208 1716//2208 1715//2209 
f 1748//2208 1749//2210 1717//2206 
f 1717//2206 1716//2208 1748//2208 
f 1750//2211 1714//2211 1712//2212 
f 1750//2211 1751//2213 1715//2209 
f 1715//2209 1714//2211 1750//2211 
f 1752//2214 1713//2214 1711//2215 
f 1752//2214 1753//2216 1712//2212 
f 1712//2212 1713//2214 1752//2214 
f 1754//2217 1755//2218 1710//2218 
f 1756//2219 1711//2215 1710//2218 
f 1710//2218 1755//2218 1756//2219 
f 1757//2220 1739//2220 1736//2221 
f 1757//2220 1754//2217 1738//2222 
f 1738//2222 1739//2220 1757//2220 
f 1758//2223 1737//2223 1734//2224 
f 1758//2223 1759//2225 1736//2221 
f 1736//2221 1737//2223 1758//2223 
f 1760//2226 1735//2226 1732//2227 
f 1760//2226 1761//2228 1734//2224 
f 1734//2224 1735//2226 1760//2226 
f 1762//2229 1733//2229 1731//2230 
f 1762//2229 1763//2231 1732//2227 
f 1732//2227 1733//2229 1762//2229 
f 1764//2232 1730//2232 1729//2233 
f 1764//2232 1765//2234 1731//2230 
f 1731//2230 1730//2232 1764//2232 
f 1766//2235 1728//2235 1727//2236 
f 1766//2235 1767//2237 1729//2233 
f 1729//2233 1728//2235 1766//2235 
f 1768//2238 1726//2238 1725//2198 
f 1768//2238 1769//2239 1727//2236 
f 1727//2236 1726//2238 1768//2238 
f 1725//2198 1741//2198 1768//2238 
f 1727//2236 1769//2239 1766//2235 
f 1729//2233 1767//2237 1764//2232 
f 1731//2230 1765//2234 1762//2229 
f 1732//2227 1763//2231 1760//2226 
f 1734//2224 1761//2228 1758//2223 
f 1736//2221 1759//2225 1757//2220 
f 1710//2218 1738//2222 1754//2217 
f 1711//2215 1756//2219 1752//2214 
f 1712//2212 1753//2216 1750//2211 
f 1715//2209 1751//2213 1748//2208 
f 1717//2206 1749//2210 1746//2205 
f 1719//2203 1747//2207 1744//2202 
f 1721//2200 1745//2204 1742//2199 
f 1723//2197 1743//2201 1740//2196 
o mesh136
f 1770//2240 1771//2241 1756//2242 
f 1771//2241 1752//2241 1756//2242 
f 1772//2243 1750//2243 1753//2244 
f 1753//2244 1771//2241 1772//2243 
f 1773//2245 1748//2245 1751//2246 
f 1751//2246 1772//2243 1773//2245 
f 1774//2247 1746//2247 1749//2248 
f 1749//2248 1773//2245 1774//2247 
f 1775//2249 1744//2249 1747//2250 
f 1747//2250 1774//2247 1775//2249 
f 1775//2249 1776//2251 1745//2252 
f 1776//2251 1742//2251 1745//2252 
f 1776//2251 1777//2253 1743//2254 
f 1777//2253 1740//2253 1743//2254 
f 1778//2255 1768//2255 1741//2256 
f 1741//2256 1777//2253 1778//2255 
f 1778//2255 1779//2257 1769//2258 
f 1779//2257 1766//2257 1769//2258 
f 1779//2257 1780//2259 1767//2260 
f 1780//2259 1764//2259 1767//2260 
f 1780//2259 1781//2261 1765//2262 
f 1781//2261 1762//2261 1765//2262 
f 1781//2261 1782//2263 1763//2264 
f 1782//2263 1760//2263 1763//2264 
f 1782//2263 1783//2265 1761//2266 
f 1783//2265 1758//2265 1761//2266 
f 1783//2265 1784//2267 1759//2268 
f 1784//2267 1757//2267 1759//2268 
f 1784//2267 1770//2240 1754//2269 
f 1770//2240 1755//2270 1754//2269 
f 1754//2269 1757//2267 1784//2267 
f 1759//2268 1758//2265 1783//2265 
f 1761//2266 1760//2263 1782//2263 
f 1763//2264 1762//2261 1781//2261 
f 1765//2262 1764//2259 1780//2259 
f 1767//2260 1766//2257 1779//2257 
f 1769//2258 1768//2255 1778//2255 
f 1741//2256 1740//2253 1777//2253 
f 1743//2254 1742//2251 1776//2251 
f 1745//2252 1744//2249 1775//2249 
f 1747//2250 1746//2247 1774//2247 
f 1749//2248 1748//2245 1773//2245 
f 1751//2246 1750//2243 1772//2243 
f 1753//2244 1752//2241 1771//2241 
f 1756//2242 1755//2270 1770//2240 
o mesh137
f 1770//2271 1785//2271 1786//2272 
f 1786//2272 1771//2273 1770//2271 
f 1772//2274 1771//2273 1787//2275 
f 1771//2273 1788//2276 1787//2275 
f 1772//2274 1789//2277 1790//2278 
f 1790//2278 1773//2279 1772//2274 
f 1773//2279 1791//2279 1792//2280 
f 1792//2280 1774//2281 1773//2279 
f 1774//2281 1793//2281 1794//2282 
f 1794//2282 1775//2283 1774//2281 
f 1775//2283 1795//2283 1796//2284 
f 1796//2284 1776//2285 1775//2283 
f 1776//2285 1797//2285 1798//2286 
f 1798//2286 1777//2287 1776//2285 
f 1777//2287 1799//2287 1800//2288 
f 1800//2288 1778//2289 1777//2287 
f 1778//2289 1801//2289 1802//2290 
f 1802//2290 1779//2291 1778//2289 
f 1779//2291 1803//2291 1804//2292 
f 1804//2292 1780//2293 1779//2291 
f 1780//2293 1805//2293 1806//2294 
f 1806//2294 1781//2295 1780//2293 
f 1781//2295 1807//2295 1808//2296 
f 1808//2296 1782//2297 1781//2295 
f 1782//2297 1809//2297 1810//2298 
f 1810//2298 1783//2299 1782//2297 
f 1783//2299 1811//2299 1812//2300 
f 1812//2300 1784//2301 1783//2299 
f 1770//2271 1784//2301 1813//2302 
f 1784//2301 1814//2301 1813//2302 
f 1813//2302 1785//2271 1770//2271 
f 1812//2300 1814//2301 1784//2301 
f 1810//2298 1811//2299 1783//2299 
f 1808//2296 1809//2297 1782//2297 
f 1806//2294 1807//2295 1781//2295 
f 1804//2292 1805//2293 1780//2293 
f 1802//2290 1803//2291 1779//2291 
f 1800//2288 1801//2289 1778//2289 
f 1798//2286 1799//2287 1777//2287 
f 1796//2284 1797//2285 1776//2285 
f 1794//2282 1795//2283 1775//2283 
f 1792//2280 1793//2281 1774//2281 
f 1790//2278 1791//2279 1773//2279 
f 1787//2275 1789//2277 1772//2274 
f 1786//2272 1788//2276 1771//2273 
o mesh138
f 1815//2303 1799//2303 1798//2304 
f 1815//2303 1816//2305 1800//2305 
f 1800//2305 1799//2303 1815//2303 
f 1817//2306 1797//2306 1796//2307 
f 1817//2306 1818//2308 1798//2304 
f 1798//2304 1797//2306 1817//2306 
f 1819//2309 1795//2309 1794//2310 
f 1819//2309 1820//2311 1796//2307 
f 1796//2307 1795//2309 1819//2309 
f 1821//2312 1793//2312 1792//2313 
f 1821//2312 1822//2314 1794//2310 
f 1794//2310 1793//2312 1821//2312 
f 1823//2315 1791//2315 1790//2316 
f 1823//2315 1824//2317 1792//2313 
f 1792//2313 1791//2315 1823//2315 
f 1825//2318 1789//2318 1787//2319 
f 1825//2318 1826//2320 1790//2316 
f 1790//2316 1789//2318 1825//2318 
f 1827//2321 1788//2321 1786//2322 
f 1827//2321 1828//2323 1787//2319 
f 1787//2319 1788//2321 1827//2321 
f 1829//2324 1830//2325 1785//2325 
f 1831//2326 1786//2322 1785//2325 
f 1785//2325 1830//2325 1831//2326 
f 1832//2327 1814//2327 1812//2328 
f 1832//2327 1829//2324 1813//2329 
f 1813//2329 1814//2327 1832//2327 
f 1833//2330 1811//2330 1810//2331 
f 1833//2330 1834//2332 1812//2328 
f 1812//2328 1811//2330 1833//2330 
f 1835//2333 1809//2333 1808//2334 
f 1835//2333 1836//2335 1810//2331 
f 1810//2331 1809//2333 1835//2333 
f 1837//2336 1807//2336 1806//2337 
f 1837//2336 1838//2338 1808//2334 
f 1808//2334 1807//2336 1837//2336 
f 1839//2339 1805//2339 1804//2340 
f 1839//2339 1840//2341 1806//2337 
f 1806//2337 1805//2339 1839//2339 
f 1841//2342 1803//2342 1802//2343 
f 1841//2342 1842//2344 1804//2340 
f 1804//2340 1803//2342 1841//2342 
f 1843//2345 1801//2345 1800//2305 
f 1843//2345 1844//2346 1802//2343 
f 1802//2343 1801//2345 1843//2345 
f 1800//2305 1816//2305 1843//2345 
f 1802//2343 1844//2346 1841//2342 
f 1804//2340 1842//2344 1839//2339 
f 1806//2337 1840//2341 1837//2336 
f 1808//2334 1838//2338 1835//2333 
f 1810//2331 1836//2335 1833//2330 
f 1812//2328 1834//2332 1832//2327 
f 1785//2325 1813//2329 1829//2324 
f 1786//2322 1831//2326 1827//2321 
f 1787//2319 1828//2323 1825//2318 
f 1790//2316 1826//2320 1823//2315 
f 1792//2313 1824//2317 1821//2312 
f 1794//2310 1822//2314 1819//2309 
f 1796//2307 1820//2311 1817//2306 
f 1798//2304 1818//2308 1815//2303 
o mesh139
f 1845//2347 1846//2348 1831//2349 
f 1846//2348 1827//2348 1831//2349 
f 1847//2350 1825//2350 1828//2351 
f 1828//2351 1846//2348 1847//2350 
f 1848//2352 1823//2352 1826//2353 
f 1826//2353 1847//2350 1848//2352 
f 1849//2354 1821//2354 1824//2355 
f 1824//2355 1848//2352 1849//2354 
f 1850//2356 1819//2356 1822//2357 
f 1822//2357 1849//2354 1850//2356 
f 1851//2358 1817//2358 1820//2359 
f 1820//2359 1850//2356 1851//2358 
f 1851//2358 1852//2360 1818//2361 
f 1852//2360 1815//2360 1818//2361 
f 1853//2362 1843//2362 1816//2363 
f 1816//2363 1852//2360 1853//2362 
f 1853//2362 1854//2364 1844//2365 
f 1854//2364 1841//2364 1844//2365 
f 1854//2364 1855//2366 1842//2367 
f 1855//2366 1839//2366 1842//2367 
f 1855//2366 1856//2368 1840//2369 
f 1856//2368 1837//2368 1840//2369 
f 1856//2368 1857//2370 1838//2371 
f 1857//2370 1835//2370 1838//2371 
f 1857//2370 1858//2372 1836//2373 
f 1858//2372 1833//2372 1836//2373 
f 1858//2372 1859//2374 1834//2375 
f 1859//2374 1832//2374 1834//2375 
f 1859//2374 1845//2347 1829//2376 
f 1845//2347 1830//2377 1829//2376 
f 1829//2376 1832//2374 1859//2374 
f 1834//2375 1833//2372 1858//2372 
f 1836//2373 1835//2370 1857//2370 
f 1838//2371 1837//2368 1856//2368 
f 1840//2369 1839//2366 1855//2366 
f 1842//2367 1841//2364 1854//2364 
f 1844//2365 1843//2362 1853//2362 
f 1816//2363 1815//2360 1852//2360 
f 1818//2361 1817//2358 1851//2358 
f 1820//2359 1819//2356 1850//2356 
f 1822//2357 1821//2354 1849//2354 
f 1824//2355 1823//2352 1848//2352 
f 1826//2353 1825//2350 1847//2350 
f 1828//2351 1827//2348 1846//2348 
f 1831//2349 1830//2377 1845//2347 
o mesh140
f 1855//2378 1860//2378 1861//2378 
f 1861//2378 1856//2378 1855//2378 
f 1853//2378 1862//2378 1863//2378 
f 1851//2378 1864//2378 1865//2378 
f 1850//2378 1866//2378 1864//2378 
f 1849//2378 1867//2378 1866//2378 
f 1854//2378 1863//2378 1860//2378 
f 1863//2378 1854//2378 1853//2378 
f 1865//2378 1852//2378 1851//2378 
f 1866//2378 1850//2378 1849//2378 
f 1856//2378 1861//2378 1868//2378 
f 1853//2378 1852//2378 1862//2378 
f 1864//2378 1851//2378 1850//2378 
f 1848//2378 1869//2378 1867//2378 
f 1847//2378 1870//2378 1869//2378 
f 1845//2378 1859//2378 1871//2378 
f 1859//2378 1858//2378 1872//2378 
f 1858//2378 1857//2378 1873//2378 
f 1868//2378 1857//2378 1856//2378 
f 1865//2378 1862//2378 1852//2378 
f 1869//2378 1848//2378 1847//2378 
f 1846//2378 1874//2378 1870//2378 
f 1845//2378 1875//2378 1874//2378 
f 1872//2378 1871//2378 1859//2378 
f 1868//2378 1873//2378 1857//2378 
f 1867//2378 1849//2378 1848//2378 
f 1874//2378 1846//2378 1845//2378 
f 1873//2378 1872//2378 1858//2378 
f 1870//2378 1847//2378 1846//2378 
f 1855//2378 1854//2378 1860//2378 
f 1871//2378 1875//2378 1845//2378 
o mesh141
f 1862//2379 1865//2380 1876//2381 
f 1865//2380 1877//2380 1876//2381 
f 1865//2380 1864//2382 1878//2383 
f 1864//2382 1879//2382 1878//2383 
f 1864//2382 1866//2384 1880//2385 
f 1866//2384 1881//2384 1880//2385 
f 1866//2384 1867//2386 1882//2387 
f 1867//2386 1883//2386 1882//2387 
f 1867//2386 1869//2388 1884//2389 
f 1869//2388 1885//2388 1884//2389 
f 1869//2388 1870//2390 1886//2391 
f 1870//2390 1887//2390 1886//2391 
f 1870//2390 1874//2392 1888//2393 
f 1874//2392 1889//2392 1888//2393 
f 1874//2392 1875//2394 1890//2394 
f 1871//2395 1891//2395 1890//2394 
f 1890//2394 1875//2394 1871//2395 
f 1871//2395 1872//2396 1892//2397 
f 1872//2396 1893//2396 1892//2397 
f 1872//2396 1873//2398 1894//2399 
f 1873//2398 1895//2398 1894//2399 
f 1873//2398 1868//2400 1896//2401 
f 1868//2400 1897//2400 1896//2401 
f 1868//2400 1861//2402 1898//2403 
f 1861//2402 1899//2402 1898//2403 
f 1861//2402 1860//2404 1900//2405 
f 1860//2404 1901//2404 1900//2405 
f 1860//2404 1863//2406 1902//2407 
f 1863//2406 1903//2406 1902//2407 
f 1863//2406 1862//2379 1904//2408 
f 1862//2379 1905//2409 1904//2408 
f 1904//2408 1903//2406 1863//2406 
f 1902//2407 1901//2404 1860//2404 
f 1900//2405 1899//2402 1861//2402 
f 1898//2403 1897//2400 1868//2400 
f 1896//2401 1895//2398 1873//2398 
f 1894//2399 1893//2396 1872//2396 
f 1892//2397 1891//2395 1871//2395 
f 1890//2394 1889//2392 1874//2392 
f 1888//2393 1887//2390 1870//2390 
f 1886//2391 1885//2388 1869//2388 
f 1884//2389 1883//2386 1867//2386 
f 1882//2387 1881//2384 1866//2384 
f 1880//2385 1879//2382 1864//2382 
f 1878//2383 1877//2380 1865//2380 
f 1876//2381 1905//2409 1862//2379 
o mesh142
f 1906//2410 1890//2410 1891//2411 
f 1891//2411 1907//2412 1906//2410 
f 1908//2413 1907//2412 1893//2414 
f 1907//2412 1892//2415 1893//2414 
f 1909//2416 1908//2413 1895//2417 
f 1908//2413 1894//2418 1895//2417 
f 1910//2419 1909//2416 1897//2420 
f 1909//2416 1896//2421 1897//2420 
f 1911//2422 1910//2419 1899//2423 
f 1910//2419 1898//2424 1899//2423 
f 1912//2425 1911//2422 1901//2426 
f 1911//2422 1900//2427 1901//2426 
f 1913//2428 1912//2425 1903//2429 
f 1912//2425 1902//2430 1903//2429 
f 1914//2431 1913//2428 1905//2432 
f 1913//2428 1904//2433 1905//2432 
f 1915//2434 1914//2431 1877//2435 
f 1914//2431 1876//2436 1877//2435 
f 1916//2437 1915//2434 1879//2438 
f 1915//2434 1878//2439 1879//2438 
f 1917//2440 1916//2437 1881//2441 
f 1916//2437 1880//2442 1881//2441 
f 1918//2443 1917//2440 1883//2444 
f 1917//2440 1882//2445 1883//2444 
f 1919//2446 1918//2443 1885//2447 
f 1918//2443 1884//2448 1885//2447 
f 1920//2449 1919//2446 1887//2450 
f 1919//2446 1886//2451 1887//2450 
f 1906//2410 1920//2449 1889//2452 
f 1920//2449 1888//2453 1889//2452 
f 1889//2452 1890//2410 1906//2410 
f 1887//2450 1888//2453 1920//2449 
f 1885//2447 1886//2451 1919//2446 
f 1883//2444 1884//2448 1918//2443 
f 1881//2441 1882//2445 1917//2440 
f 1879//2438 1880//2442 1916//2437 
f 1877//2435 1878//2439 1915//2434 
f 1905//2432 1876//2436 1914//2431 
f 1903//2429 1904//2433 1913//2428 
f 1901//2426 1902//2430 1912//2425 
f 1899//2423 1900//2427 1911//2422 
f 1897//2420 1898//2424 1910//2419 
f 1895//2417 1896//2421 1909//2416 
f 1893//2414 1894//2418 1908//2413 
f 1891//2411 1892//2415 1907//2412 
o mesh143
f 1921//2454 1922//2454 1919//2454 
f 1922//2454 1923//2454 1918//2454 
f 1924//2454 1925//2454 1906//2454 
f 1925//2454 1921//2454 1920//2454 
f 1918//2454 1919//2454 1922//2454 
f 1923//2454 1926//2454 1917//2454 
f 1927//2454 1928//2454 1915//2454 
f 1928//2454 1929//2454 1914//2454 
f 1930//2454 1931//2454 1908//2454 
f 1931//2454 1924//2454 1907//2454 
f 1920//2454 1906//2454 1925//2454 
f 1917//2454 1918//2454 1923//2454 
f 1926//2454 1927//2454 1916//2454 
f 1914//2454 1915//2454 1928//2454 
f 1929//2454 1932//2454 1913//2454 
f 1932//2454 1933//2454 1912//2454 
f 1933//2454 1934//2454 1911//2454 
f 1934//2454 1935//2454 1910//2454 
f 1935//2454 1930//2454 1909//2454 
f 1907//2454 1908//2454 1931//2454 
f 1919//2454 1920//2454 1921//2454 
f 1915//2454 1916//2454 1927//2454 
f 1912//2454 1913//2454 1932//2454 
f 1910//2454 1911//2454 1934//2454 
f 1908//2454 1909//2454 1930//2454 
f 1916//2454 1917//2454 1926//2454 
f 1911//2454 1912//2454 1933//2454 
f 1906//2454 1907//2454 1924//2454 
f 1909//2454 1910//2454 1935//2454 
f 1913//2454 1914//2454 1929//2454 
o mesh144
f 1936//2455 1937//2456 1925//2456 
f 1924//2455 1931//2457 1938//2458 
f 1931//2457 1939//2457 1938//2458 
f 1931//2457 1930//2459 1940//2460 
f 1930//2459 1941//2459 1940//2460 
f 1935//2461 1942//2461 1943//2462 
f 1943//2462 1930//2459 1935//2461 
f 1934//2463 1944//2463 1945//2464 
f 1945//2464 1935//2461 1934//2463 
f 1934//2463 1933//2465 1946//2466 
f 1933//2465 1947//2465 1946//2466 
f 1932//2467 1948//2467 1949//2468 
f 1949//2468 1933//2465 1932//2467 
f 1929//2469 1950//2469 1951//2470 
f 1951//2470 1932//2467 1929//2469 
f 1929//2469 1928//2471 1952//2472 
f 1928//2471 1953//2471 1952//2472 
f 1928//2471 1927//2473 1954//2474 
f 1927//2473 1955//2473 1954//2474 
f 1927//2473 1926//2475 1956//2476 
f 1926//2475 1957//2475 1956//2476 
f 1923//2477 1958//2477 1959//2478 
f 1959//2478 1926//2475 1923//2477 
f 1923//2477 1922//2479 1960//2480 
f 1922//2479 1961//2479 1960//2480 
f 1921//2481 1962//2481 1963//2482 
f 1963//2482 1922//2479 1921//2481 
f 1921//2481 1925//2456 1964//2483 
f 1964//2483 1965//2484 1921//2481 
f 1925//2456 1937//2456 1964//2483 
f 1965//2484 1962//2481 1921//2481 
f 1963//2482 1961//2479 1922//2479 
f 1960//2480 1958//2477 1923//2477 
f 1959//2478 1957//2475 1926//2475 
f 1956//2476 1955//2473 1927//2473 
f 1954//2474 1953//2471 1928//2471 
f 1952//2472 1950//2469 1929//2469 
f 1951//2470 1948//2467 1932//2467 
f 1949//2468 1947//2465 1933//2465 
f 1946//2466 1944//2463 1934//2463 
f 1945//2464 1942//2461 1935//2461 
f 1943//2462 1941//2459 1930//2459 
f 1940//2460 1939//2457 1931//2457 
f 1938//2458 1936//2455 1924//2455 
f 1925//2456 1924//2455 1936//2455 
o mesh145
f 1966//2485 1967//2485 1965//2485 
f 1968//2485 1966//2485 1964//2485 
f 1967//2485 1962//2485 1965//2485 
f 1969//2485 1970//2485 1956//2485 
f 1971//2485 1955//2485 1956//2485 
f 1965//2485 1964//2485 1966//2485 
f 1972//2485 1963//2485 1962//2485 
f 1956//2485 1970//2485 1971//2485 
f 1973//2485 1954//2485 1955//2485 
f 1974//2485 1975//2485 1948//2485 
f 1975//2485 1976//2485 1949//2485 
f 1977//2485 1978//2485 1946//2485 
f 1978//2485 1979//2485 1944//2485 
f 1962//2485 1967//2485 1972//2485 
f 1972//2485 1980//2485 1961//2485 
f 1981//2485 1982//2485 1959//2485 
f 1982//2485 1969//2485 1957//2485 
f 1955//2485 1971//2485 1973//2485 
f 1973//2485 1983//2485 1953//2485 
f 1949//2485 1948//2485 1975//2485 
f 1976//2485 1977//2485 1947//2485 
f 1944//2485 1946//2485 1978//2485 
f 1979//2485 1984//2485 1945//2485 
f 1984//2485 1985//2485 1942//2485 
f 1985//2485 1986//2485 1943//2485 
f 1961//2485 1963//2485 1972//2485 
f 1980//2485 1987//2485 1960//2485 
f 1987//2485 1981//2485 1958//2485 
f 1957//2485 1959//2485 1982//2485 
f 1953//2485 1954//2485 1973//2485 
f 1983//2485 1988//2485 1952//2485 
f 1988//2485 1989//2485 1950//2485 
f 1989//2485 1974//2485 1951//2485 
f 1947//2485 1949//2485 1976//2485 
f 1945//2485 1944//2485 1979//2485 
f 1943//2485 1942//2485 1985//2485 
f 1986//2485 1990//2485 1941//2485 
f 1991//2485 1940//2485 1941//2485 
f 1991//2485 1992//2485 1939//2485 
f 1992//2485 1993//2485 1938//2485 
f 1993//2485 1994//2485 1936//2485 
f 1960//2485 1961//2485 1980//2485 
f 1959//2485 1958//2485 1981//2485 
f 1952//2485 1953//2485 1983//2485 
f 1951//2485 1950//2485 1989//2485 
f 1946//2485 1947//2485 1977//2485 
f 1941//2485 1943//2485 1986//2485 
f 1939//2485 1940//2485 1991//2485 
f 1936//2485 1938//2485 1993//2485 
f 1936//2485 1994//2485 1995//2485 
f 1958//2485 1960//2485 1987//2485 
f 1950//2485 1952//2485 1988//2485 
f 1942//2485 1945//2485 1984//2485 
f 1938//2485 1939//2485 1992//2485 
f 1995//2485 1937//2485 1936//2485 
f 1956//2485 1957//2485 1969//2485 
f 1941//2485 1990//2485 1991//2485 
f 1964//2485 1937//2485 1968//2485 
f 1995//2485 1968//2485 1937//2485 
f 1948//2485 1951//2485 1974//2485 
o mesh146
f 2026//2486 2027//2487 1989//2488 
f 2027//2487 1974//2488 1989//2488 
f 2026//2486 1988//2488 1983//2488 
f 1983//2488 2028//2489 2026//2486 
f 2028//2489 1973//2488 1971//2488 
f 1971//2488 2029//2490 2028//2489 
f 2030//2491 2029//2490 1969//2492 
f 2029//2490 1970//2492 1969//2492 
f 2030//2491 1982//2492 1981//2492 
f 1981//2492 2031//2493 2030//2491 
f 2031//2493 1987//2492 1980//2492 
f 1980//2492 2032//2494 2031//2493 
f 2032//2494 1972//2495 1967//2495 
f 1967//2495 2033//2496 2032//2494 
f 2033//2496 1966//2495 1968//2495 
f 1968//2495 2034//2497 2033//2496 
f 2034//2497 1995//2498 1994//2498 
f 1994//2498 2035//2499 2034//2497 
f 2035//2499 1993//2498 1992//2498 
f 1992//2498 2036//2500 2035//2499 
f 2036//2500 1991//2501 1990//2501 
f 1990//2501 2037//2502 2036//2500 
f 2037//2502 1986//2501 1985//2501 
f 1985//2501 2038//2503 2037//2502 
f 2038//2503 1984//2504 1979//2504 
f 1979//2504 2039//2505 2038//2503 
f 2040//2506 2039//2505 1977//2507 
f 2039//2505 1978//2507 1977//2507 
f 2027//2487 2040//2506 1975//2507 
f 2040//2506 1976//2507 1975//2507 
f 2041//2508 2027//2487 2026//2486 
f 2042//2509 2026//2486 2028//2489 
f 2043//2510 2028//2489 2029//2490 
f 2044//2511 2029//2490 2030//2491 
f 2045//2512 2030//2491 2031//2493 
f 2046//2513 2031//2493 2032//2494 
f 2047//2514 2032//2494 2033//2496 
f 2048//2515 2033//2496 2034//2497 
f 2049//2516 2034//2497 2035//2499 
f 2050//2517 2035//2499 2036//2500 
f 2051//2518 2036//2500 2037//2502 
f 2052//2519 2037//2502 2038//2503 
f 2053//2520 2038//2503 2039//2505 
f 2054//2521 2039//2505 2040//2506 
f 2055//2522 2040//2506 2027//2487 
f 2056//2523 2041//2508 2042//2509 
f 2057//2524 2042//2509 2043//2510 
f 2058//2525 2043//2510 2044//2511 
f 2059//2526 2044//2511 2045//2512 
f 2060//2527 2045//2512 2046//2513 
f 2061//2528 2046//2513 2047//2514 
f 2062//2529 2047//2514 2048//2515 
f 2063//2530 2048//2515 2049//2516 
f 2064//2531 2049//2516 2050//2517 
f 2065//2532 2050//2517 2051//2518 
f 2066//2533 2051//2518 2052//2519 
f 2067//2534 2052//2519 2053//2520 
f 2068//2535 2053//2520 2054//2521 
f 2069//2536 2054//2521 2055//2522 
f 2070//2537 2055//2522 2041//2508 
f 2056//2523 2057//2524 1996//2538 
f 2057//2524 1997//2539 1996//2538 
f 2057//2524 2058//2525 1998//2540 
f 2058//2525 1999//2541 1998//2540 
f 2058//2525 2059//2526 2000//2542 
f 2059//2526 2001//2543 2000//2542 
f 2059//2526 2060//2527 2002//2544 
f 2060//2527 2003//2545 2002//2544 
f 2060//2527 2061//2528 2004//2546 
f 2061//2528 2005//2547 2004//2546 
f 2061//2528 2062//2529 2006//2548 
f 2062//2529 2007//2549 2006//2548 
f 2062//2529 2063//2530 2008//2550 
f 2063//2530 2009//2551 2008//2550 
f 2063//2530 2064//2531 2010//2552 
f 2064//2531 2011//2553 2010//2552 
f 2064//2531 2065//2532 2012//2554 
f 2065//2532 2013//2555 2012//2554 
f 2065//2532 2066//2533 2014//2556 
f 2066//2533 2015//2557 2014//2556 
f 2066//2533 2067//2534 2016//2558 
f 2067//2534 2017//2559 2016//2558 
f 2067//2534 2068//2535 2018//2560 
f 2068//2535 2019//2561 2018//2560 
f 2068//2535 2069//2536 2020//2562 
f 2069//2536 2021//2563 2020//2562 
f 2069//2536 2070//2537 2022//2564 
f 2070//2537 2023//2565 2022//2564 
f 2070//2537 2056//2523 2024//2566 
f 2056//2523 2025//2567 2024//2566 
f 2024//2566 2023//2565 2070//2537 
f 2022//2564 2021//2563 2069//2536 
f 2020//2562 2019//2561 2068//2535 
f 2018//2560 2017//2559 2067//2534 
f 2016//2558 2015//2557 2066//2533 
f 2014//2556 2013//2555 2065//2532 
f 2012//2554 2011//2553 2064//2531 
f 2010//2552 2009//2551 2063//2530 
f 2008//2550 2007//2549 2062//2529 
f 2006//2548 2005//2547 2061//2528 
f 2004//2546 2003//2545 2060//2527 
f 2002//2544 2001//2543 2059//2526 
f 2000//2542 1999//2541 2058//2525 
f 1998//2540 1997//2539 2057//2524 
f 1996//2538 2025//2567 2056//2523 
f 2041//2508 2056//2523 2070//2537 
f 2055//2522 2070//2537 2069//2536 
f 2054//2521 2069//2536 2068//2535 
f 2053//2520 2068//2535 2067//2534 
f 2052//2519 2067//2534 2066//2533 
f 2051//2518 2066//2533 2065//2532 
f 2050//2517 2065//2532 2064//2531 
f 2049//2516 2064//2531 2063//2530 
f 2048//2515 2063//2530 2062//2529 
f 2047//2514 2062//2529 2061//2528 
f 2046//2513 2061//2528 2060//2527 
f 2045//2512 2060//2527 2059//2526 
f 2044//2511 2059//2526 2058//2525 
f 2043//2510 2058//2525 2057//2524 
f 2042//2509 2057//2524 2056//2523 
f 2027//2487 2041//2508 2055//2522 
f 2040//2506 2055//2522 2054//2521 
f 2039//2505 2054//2521 2053//2520 
f 2038//2503 2053//2520 2052//2519 
f 2037//2502 2052//2519 2051//2518 
f 2036//2500 2051//2518 2050//2517 
f 2035//2499 2050//2517 2049//2516 
f 2034//2497 2049//2516 2048//2515 
f 2033//2496 2048//2515 2047//2514 
f 2032//2494 2047//2514 2046//2513 
f 2031//2493 2046//2513 2045//2512 
f 2030//2491 2045//2512 2044//2511 
f 2029//2490 2044//2511 2043//2510 
f 2028//2489 2043//2510 2042//2509 
f 2026//2486 2042//2509 2041//2508 
f 1975//2507 1974//2488 2027//2487 
f 1977//2507 1976//2507 2040//2506 
f 1979//2504 1978//2507 2039//2505 
f 1985//2501 1984//2504 2038//2503 
f 1990//2501 1986//2501 2037//2502 
f 1992//2498 1991//2501 2036//2500 
f 1994//2498 1993//2498 2035//2499 
f 1968//2495 1995//2498 2034//2497 
f 1967//2495 1966//2495 2033//2496 
f 1980//2492 1972//2495 2032//2494 
f 1981//2492 1987//2492 2031//2493 
f 1969//2492 1982//2492 2030//2491 
f 1971//2488 1970//2492 2029//2490 
f 1983//2488 1973//2488 2028//2489 
f 1989//2488 1988//2488 2026//2486 
o mesh147
f 2071//2568 2072//2569 2009//2570 
f 2072//2569 2008//2569 2009//2570 
f 2072//2569 2073//2571 2007//2572 
f 2073//2571 2006//2571 2007//2572 
f 2073//2571 2074//2573 2005//2574 
f 2074//2573 2004//2573 2005//2574 
f 2074//2573 2075//2575 2003//2576 
f 2075//2575 2002//2575 2003//2576 
f 2075//2575 2076//2577 2001//2578 
f 2076//2577 2000//2577 2001//2578 
f 2076//2577 2077//2579 1999//2580 
f 2077//2579 1998//2579 1999//2580 
f 2077//2579 2078//2581 1997//2582 
f 2078//2581 1996//2581 1997//2582 
f 2078//2581 2079//2583 2025//2584 
f 2079//2583 2024//2583 2025//2584 
f 2079//2583 2080//2585 2023//2586 
f 2080//2585 2022//2585 2023//2586 
f 2080//2585 2081//2587 2021//2588 
f 2081//2587 2020//2587 2021//2588 
f 2081//2587 2082//2589 2019//2590 
f 2082//2589 2018//2589 2019//2590 
f 2082//2589 2083//2591 2017//2592 
f 2083//2591 2016//2591 2017//2592 
f 2083//2591 2084//2593 2015//2594 
f 2084//2593 2014//2593 2015//2594 
f 2084//2593 2085//2595 2013//2596 
f 2085//2595 2012//2595 2013//2596 
f 2071//2568 2010//2597 2011//2598 
f 2011//2598 2085//2595 2071//2568 
f 2011//2598 2012//2595 2085//2595 
f 2013//2596 2014//2593 2084//2593 
f 2015//2594 2016//2591 2083//2591 
f 2017//2592 2018//2589 2082//2589 
f 2019//2590 2020//2587 2081//2587 
f 2021//2588 2022//2585 2080//2585 
f 2023//2586 2024//2583 2079//2583 
f 2025//2584 1996//2581 2078//2581 
f 1997//2582 1998//2579 2077//2579 
f 1999//2580 2000//2577 2076//2577 
f 2001//2578 2002//2575 2075//2575 
f 2003//2576 2004//2573 2074//2573 
f 2005//2574 2006//2571 2073//2571 
f 2007//2572 2008//2569 2072//2569 
f 2009//2570 2010//2597 2071//2568 
o mesh148
f 2084//2599 2083//2599 2086//2599 
f 2073//2599 2087//2599 2088//2599 
f 2076//2599 2075//2599 2089//2599 
f 2090//2599 2091//2599 2077//2599 
f 2083//2599 2082//2599 2092//2599 
f 2083//2599 2093//2599 2086//2599 
f 2071//2599 2085//2599 2094//2599 
f 2095//2599 2096//2599 2072//2599 
f 2073//2599 2072//2599 2096//2599 
f 2088//2599 2074//2599 2073//2599 
f 2089//2599 2097//2599 2076//2599 
f 2076//2599 2097//2599 2090//2599 
f 2078//2599 2098//2599 2099//2599 
f 2081//2599 2080//2599 2100//2599 
f 2101//2599 2092//2599 2082//2599 
f 2086//2599 2102//2599 2084//2599 
f 2084//2599 2102//2599 2103//2599 
f 2094//2599 2104//2599 2071//2599 
f 2071//2599 2104//2599 2095//2599 
f 2088//2599 2105//2599 2074//2599 
f 2074//2599 2105//2599 2106//2599 
f 2077//2599 2076//2599 2090//2599 
f 2078//2599 2077//2599 2091//2599 
f 2099//2599 2079//2599 2078//2599 
f 2079//2599 2107//2599 2108//2599 
f 2100//2599 2109//2599 2081//2599 
f 2081//2599 2109//2599 2101//2599 
f 2103//2599 2085//2599 2084//2599 
f 2072//2599 2071//2599 2095//2599 
f 2106//2599 2075//2599 2074//2599 
f 2091//2599 2098//2599 2078//2599 
f 2108//2599 2080//2599 2079//2599 
f 2082//2599 2081//2599 2101//2599 
f 2085//2599 2103//2599 2094//2599 
f 2075//2599 2106//2599 2089//2599 
f 2080//2599 2108//2599 2100//2599 
f 2096//2599 2087//2599 2073//2599 
f 2092//2599 2093//2599 2083//2599 
f 2099//2599 2107//2599 2079//2599 
o mesh149
f 2096//2600 2095//2601 2110//2602 
f 2096//2600 2111//2603 2112//2604 
f 2096//2600 2113//2605 2111//2603 
f 2088//2606 2087//2607 2112//2604 
f 2112//2604 2087//2607 2096//2600 
f 2110//2602 2113//2605 2096//2600 
f 2110//2602 2095//2601 2104//2608 
o mesh150
f 2113//2609 2114//2609 2115//2610 
f 2115//2610 2111//2610 2113//2609 
o mesh151
f 2115//2611 2116//2611 2117//2611 
f 2117//2611 2088//2611 2115//2611 
f 2088//2611 2112//2611 2115//2611 
f 2116//2611 2118//2611 2117//2611 
f 2112//2611 2111//2611 2115//2611 
o mesh152
f 2114//2612 2104//2612 2119//2612 
f 2114//2612 2110//2612 2104//2612 
f 2114//2612 2113//2612 2110//2612 
f 2119//2612 2120//2612 2114//2612 
f 2119//2612 2121//2612 2120//2612 
o mesh153
f 2106//2613 2105//2614 2117//2615 
f 2106//2613 2122//2616 2123//2617 
f 2106//2613 2118//2618 2122//2616 
f 2097//2619 2089//2620 2123//2617 
f 2123//2617 2089//2620 2106//2613 
f 2117//2615 2118//2618 2106//2613 
f 2117//2615 2105//2614 2088//2621 
o mesh154
f 2118//2622 2116//2622 2124//2623 
f 2124//2623 2122//2623 2118//2622 
o mesh155
f 2124//2624 2125//2624 2126//2624 
f 2126//2624 2097//2624 2124//2624 
f 2097//2624 2123//2624 2124//2624 
f 2125//2624 2127//2624 2126//2624 
f 2123//2624 2122//2624 2124//2624 
o mesh156
f 2091//2625 2090//2626 2126//2627 
f 2091//2625 2128//2628 2129//2629 
f 2091//2625 2127//2630 2128//2628 
f 2099//2631 2098//2632 2129//2629 
f 2129//2629 2098//2632 2091//2625 
f 2126//2627 2127//2630 2091//2625 
f 2126//2627 2090//2626 2097//2633 
o mesh157
f 2127//2634 2125//2634 2130//2635 
f 2130//2635 2128//2635 2127//2634 
o mesh158
f 2130//2636 2131//2636 2132//2636 
f 2132//2636 2099//2636 2130//2636 
f 2099//2636 2129//2636 2130//2636 
f 2131//2636 2133//2636 2132//2636 
f 2129//2636 2128//2636 2130//2636 
o mesh159
f 2108//2637 2134//2638 2135//2639 
f 2108//2637 2133//2640 2134//2638 
f 2108//2637 2107//2641 2132//2642 
f 2132//2642 2133//2640 2108//2637 
f 2132//2642 2107//2641 2099//2643 
f 2109//2644 2100//2645 2135//2639 
f 2135//2639 2100//2645 2108//2637 
o mesh160
f 2133//2646 2131//2646 2136//2647 
f 2136//2647 2134//2647 2133//2646 
o mesh161
f 2137//2648 2109//2648 2135//2648 
f 2137//2648 2138//2648 2109//2648 
f 2137//2648 2139//2648 2138//2648 
f 2135//2648 2136//2648 2137//2648 
f 2135//2648 2134//2648 2136//2648 
o mesh162
f 2103//2649 2102//2650 2140//2651 
f 2103//2649 2121//2652 2119//2653 
f 2103//2649 2141//2654 2121//2652 
f 2104//2655 2094//2656 2119//2653 
f 2119//2653 2094//2656 2103//2649 
f 2140//2651 2141//2654 2103//2649 
f 2140//2651 2102//2650 2086//2657 
o mesh163
f 2142//2658 2143//2658 2140//2658 
f 2140//2658 2086//2658 2142//2658 
f 2086//2658 2144//2658 2142//2658 
f 2143//2658 2141//2658 2140//2658 
f 2144//2658 2145//2658 2142//2658 
o mesh164
f 2092//2659 2145//2660 2144//2661 
f 2092//2659 2139//2662 2145//2660 
f 2092//2659 2101//2663 2138//2664 
f 2138//2664 2139//2662 2092//2659 
f 2138//2664 2101//2663 2109//2665 
f 2086//2666 2093//2667 2144//2661 
f 2144//2661 2093//2667 2092//2659 
o mesh165
f 2139//2668 2137//2668 2142//2669 
f 2142//2669 2145//2669 2139//2668 
o mesh166
f 2141//2670 2143//2670 2120//2671 
f 2120//2671 2121//2671 2141//2670 
o mesh167
f 2136//2672 2146//2672 2147//2672 
f 2147//2672 2137//2672 2136//2672 
f 2146//2672 2136//2672 2131//2672 
f 2124//2672 2148//2672 2149//2672 
f 2131//2672 2150//2672 2146//2672 
f 2131//2672 2130//2672 2151//2672 
f 2152//2672 2151//2672 2130//2672 
f 2149//2672 2125//2672 2124//2672 
f 2151//2672 2150//2672 2131//2672 
f 2149//2672 2152//2672 2125//2672 
f 2130//2672 2125//2672 2152//2672 
f 2148//2672 2124//2672 2116//2672 
f 2115//2672 2153//2672 2154//2672 
f 2155//2672 2153//2672 2115//2672 
f 2156//2672 2120//2672 2143//2672 
f 2143//2672 2142//2672 2157//2672 
f 2158//2672 2157//2672 2142//2672 
f 2116//2672 2154//2672 2148//2672 
f 2115//2672 2114//2672 2155//2672 
f 2143//2672 2159//2672 2156//2672 
f 2142//2672 2137//2672 2158//2672 
f 2154//2672 2116//2672 2115//2672 
f 2114//2672 2120//2672 2160//2672 
f 2157//2672 2159//2672 2143//2672 
f 2160//2672 2155//2672 2114//2672 
f 2147//2672 2158//2672 2137//2672 
f 2156//2672 2160//2672 2120//2672 
o mesh168
f 2160//2673 2161//2673 2162//2674 
f 2155//2674 2162//2674 2163//2675 
f 2153//2675 2163//2675 2164//2676 
f 2154//2676 2164//2676 2165//2677 
f 2148//2677 2165//2677 2166//2678 
f 2149//2678 2166//2678 2167//2679 
f 2152//2679 2167//2679 2168//2680 
f 2151//2680 2168//2680 2169//2681 
f 2150//2681 2169//2681 2170//2682 
f 2146//2682 2170//2682 2171//2683 
f 2147//2683 2171//2683 2172//2684 
f 2158//2684 2172//2684 2173//2685 
f 2157//2685 2173//2685 2174//2686 
f 2159//2686 2174//2686 2175//2687 
f 2156//2687 2175//2687 2161//2673 
f 2161//2673 2160//2673 2156//2687 
f 2175//2687 2156//2687 2159//2686 
f 2174//2686 2159//2686 2157//2685 
f 2173//2685 2157//2685 2158//2684 
f 2172//2684 2158//2684 2147//2683 
f 2171//2683 2147//2683 2146//2682 
f 2170//2682 2146//2682 2150//2681 
f 2169//2681 2150//2681 2151//2680 
f 2168//2680 2151//2680 2152//2679 
f 2167//2679 2152//2679 2149//2678 
f 2166//2678 2149//2678 2148//2677 
f 2165//2677 2148//2677 2154//2676 
f 2164//2676 2154//2676 2153//2675 
f 2163//2675 2153//2675 2155//2674 
f 2162//2674 2155//2674 2160//2673 
o mesh169
f 2168//2688 2167//2688 2176//2688 
f 2167//2688 2166//2688 2177//2688 
f 2161//2688 2175//2688 2178//2688 
f 2175//2688 2174//2688 2179//2688 
f 2174//2688 2173//2688 2180//2688 
f 2173//2688 2172//2688 2181//2688 
f 2177//2688 2176//2688 2167//2688 
f 2166//2688 2165//2688 2182//2688 
f 2179//2688 2178//2688 2175//2688 
f 2181//2688 2180//2688 2173//2688 
f 2172//2688 2171//2688 2183//2688 
f 2171//2688 2170//2688 2184//2688 
f 2182//2688 2177//2688 2166//2688 
f 2165//2688 2164//2688 2185//2688 
f 2163//2688 2186//2688 2185//2688 
f 2163//2688 2162//2688 2187//2688 
f 2180//2688 2179//2688 2174//2688 
f 2184//2688 2183//2688 2171//2688 
f 2170//2688 2169//2688 2188//2688 
f 2169//2688 2168//2688 2189//2688 
f 2185//2688 2182//2688 2165//2688 
f 2187//2688 2186//2688 2163//2688 
f 2183//2688 2181//2688 2172//2688 
f 2189//2688 2188//2688 2169//2688 
f 2185//2688 2164//2688 2163//2688 
f 2162//2688 2161//2688 2190//2688 
f 2188//2688 2184//2688 2170//2688 
f 2190//2688 2187//2688 2162//2688 
f 2176//2688 2189//2688 2168//2688 
f 2178//2688 2190//2688 2161//2688 
o mesh170
f 2190//2689 2191//2689 2192//2690 
f 2192//2690 2187//2691 2190//2689 
f 2187//2691 2193//2691 2194//2692 
f 2194//2692 2186//2693 2187//2691 
f 2186//2693 2195//2693 2196//2694 
f 2196//2694 2185//2695 2186//2693 
f 2185//2695 2197//2695 2198//2696 
f 2198//2696 2182//2697 2185//2695 
f 2182//2697 2199//2697 2200//2698 
f 2200//2698 2177//2699 2182//2697 
f 2176//2700 2177//2699 2201//2701 
f 2177//2699 2202//2702 2201//2701 
f 2176//2700 2203//2703 2204//2704 
f 2204//2704 2189//2705 2176//2700 
f 2189//2705 2205//2705 2206//2706 
f 2206//2706 2188//2707 2189//2705 
f 2188//2707 2207//2707 2208//2708 
f 2208//2708 2184//2709 2188//2707 
f 2184//2709 2209//2709 2210//2710 
f 2210//2710 2183//2711 2184//2709 
f 2183//2711 2211//2711 2212//2712 
f 2212//2712 2181//2713 2183//2711 
f 2181//2713 2213//2713 2214//2714 
f 2214//2714 2180//2715 2181//2713 
f 2180//2715 2215//2715 2216//2716 
f 2216//2716 2179//2717 2180//2715 
f 2179//2717 2217//2717 2218//2718 
f 2218//2718 2178//2719 2179//2717 
f 2190//2689 2178//2719 2219//2720 
f 2178//2719 2220//2719 2219//2720 
f 2219//2720 2191//2689 2190//2689 
f 2218//2718 2220//2719 2178//2719 
f 2216//2716 2217//2717 2179//2717 
f 2214//2714 2215//2715 2180//2715 
f 2212//2712 2213//2713 2181//2713 
f 2210//2710 2211//2711 2183//2711 
f 2208//2708 2209//2709 2184//2709 
f 2206//2706 2207//2707 2188//2707 
f 2204//2704 2205//2705 2189//2705 
f 2201//2701 2203//2703 2176//2700 
f 2200//2698 2202//2702 2177//2699 
f 2198//2696 2199//2697 2182//2697 
f 2196//2694 2197//2695 2185//2695 
f 2194//2692 2195//2693 2186//2693 
f 2192//2690 2193//2691 2187//2691 
o mesh171
f 2221//2721 2205//2721 2204//2722 
f 2221//2721 2222//2723 2206//2723 
f 2206//2723 2205//2721 2221//2721 
f 2223//2724 2203//2724 2201//2725 
f 2223//2724 2224//2726 2204//2722 
f 2204//2722 2203//2724 2223//2724 
f 2225//2727 2202//2727 2200//2728 
f 2225//2727 2226//2729 2201//2725 
f 2201//2725 2202//2727 2225//2727 
f 2227//2730 2199//2730 2198//2731 
f 2227//2730 2228//2732 2200//2728 
f 2200//2728 2199//2730 2227//2730 
f 2229//2733 2197//2733 2196//2734 
f 2229//2733 2230//2735 2198//2731 
f 2198//2731 2197//2733 2229//2733 
f 2231//2736 2195//2736 2194//2737 
f 2231//2736 2232//2738 2196//2734 
f 2196//2734 2195//2736 2231//2736 
f 2233//2739 2193//2739 2192//2740 
f 2233//2739 2234//2741 2194//2737 
f 2194//2737 2193//2739 2233//2739 
f 2235//2742 2236//2743 2191//2743 
f 2237//2744 2192//2740 2191//2743 
f 2191//2743 2236//2743 2237//2744 
f 2238//2745 2220//2745 2218//2746 
f 2238//2745 2235//2742 2219//2747 
f 2219//2747 2220//2745 2238//2745 
f 2239//2748 2217//2748 2216//2749 
f 2239//2748 2240//2750 2218//2746 
f 2218//2746 2217//2748 2239//2748 
f 2241//2751 2215//2751 2214//2752 
f 2241//2751 2242//2753 2216//2749 
f 2216//2749 2215//2751 2241//2751 
f 2243//2754 2213//2754 2212//2755 
f 2243//2754 2244//2756 2214//2752 
f 2214//2752 2213//2754 2243//2754 
f 2245//2757 2211//2757 2210//2758 
f 2245//2757 2246//2759 2212//2755 
f 2212//2755 2211//2757 2245//2757 
f 2247//2760 2209//2760 2208//2761 
f 2247//2760 2248//2762 2210//2758 
f 2210//2758 2209//2760 2247//2760 
f 2249//2763 2207//2763 2206//2723 
f 2249//2763 2250//2764 2208//2761 
f 2208//2761 2207//2763 2249//2763 
f 2206//2723 2222//2723 2249//2763 
f 2208//2761 2250//2764 2247//2760 
f 2210//2758 2248//2762 2245//2757 
f 2212//2755 2246//2759 2243//2754 
f 2214//2752 2244//2756 2241//2751 
f 2216//2749 2242//2753 2239//2748 
f 2218//2746 2240//2750 2238//2745 
f 2191//2743 2219//2747 2235//2742 
f 2192//2740 2237//2744 2233//2739 
f 2194//2737 2234//2741 2231//2736 
f 2196//2734 2232//2738 2229//2733 
f 2198//2731 2230//2735 2227//2730 
f 2200//2728 2228//2732 2225//2727 
f 2201//2725 2226//2729 2223//2724 
f 2204//2722 2224//2726 2221//2721 
o mesh172
f 2233//2765 2237//2766 2251//2766 
f 2237//2766 2236//2767 2252//2767 
f 2252//2767 2251//2766 2237//2766 
f 2231//2768 2234//2769 2253//2769 
f 2233//2765 2254//2770 2253//2769 
f 2253//2769 2234//2769 2233//2765 
f 2229//2771 2232//2772 2255//2772 
f 2231//2768 2256//2773 2255//2772 
f 2255//2772 2232//2772 2231//2768 
f 2227//2774 2230//2775 2257//2775 
f 2229//2771 2258//2776 2257//2775 
f 2257//2775 2230//2775 2229//2771 
f 2225//2777 2228//2778 2259//2778 
f 2227//2774 2260//2779 2259//2778 
f 2259//2778 2228//2778 2227//2774 
f 2223//2780 2226//2781 2261//2781 
f 2225//2777 2262//2782 2261//2781 
f 2261//2781 2226//2781 2225//2777 
f 2221//2783 2224//2784 2263//2784 
f 2223//2780 2264//2785 2263//2784 
f 2263//2784 2224//2784 2223//2780 
f 2249//2786 2222//2787 2265//2787 
f 2221//2783 2266//2788 2265//2787 
f 2265//2787 2222//2787 2221//2783 
f 2247//2789 2250//2790 2267//2790 
f 2249//2786 2268//2791 2267//2790 
f 2267//2790 2250//2790 2249//2786 
f 2245//2792 2248//2793 2269//2793 
f 2247//2789 2270//2794 2269//2793 
f 2269//2793 2248//2793 2247//2789 
f 2243//2795 2246//2796 2271//2796 
f 2245//2792 2272//2797 2271//2796 
f 2271//2796 2246//2796 2245//2792 
f 2241//2798 2244//2799 2273//2799 
f 2243//2795 2274//2800 2273//2799 
f 2273//2799 2244//2799 2243//2795 
f 2239//2801 2242//2802 2275//2802 
f 2241//2798 2276//2803 2275//2802 
f 2275//2802 2242//2802 2241//2798 
f 2238//2804 2240//2805 2277//2805 
f 2239//2801 2278//2806 2277//2805 
f 2277//2805 2240//2805 2239//2801 
f 2235//2807 2279//2807 2252//2767 
f 2238//2804 2280//2808 2279//2807 
f 2279//2807 2235//2807 2238//2804 
f 2252//2767 2236//2767 2235//2807 
f 2277//2805 2280//2808 2238//2804 
f 2275//2802 2278//2806 2239//2801 
f 2273//2799 2276//2803 2241//2798 
f 2271//2796 2274//2800 2243//2795 
f 2269//2793 2272//2797 2245//2792 
f 2267//2790 2270//2794 2247//2789 
f 2265//2787 2268//2791 2249//2786 
f 2263//2784 2266//2788 2221//2783 
f 2261//2781 2264//2785 2223//2780 
f 2259//2778 2262//2782 2225//2777 
f 2257//2775 2260//2779 2227//2774 
f 2255//2772 2258//2776 2229//2771 
f 2253//2769 2256//2773 2231//2768 
f 2251//2766 2254//2770 2233//2765 
o mesh173
f 2281//2809 2266//2809 2263//2810 
f 2281//2809 2282//2811 2265//2811 
f 2265//2811 2266//2809 2281//2809 
f 2283//2812 2264//2812 2261//2813 
f 2283//2812 2284//2814 2263//2810 
f 2263//2810 2264//2812 2283//2812 
f 2285//2815 2262//2815 2259//2816 
f 2285//2815 2286//2817 2261//2813 
f 2261//2813 2262//2815 2285//2815 
f 2287//2818 2260//2818 2257//2819 
f 2287//2818 2288//2820 2259//2816 
f 2259//2816 2260//2818 2287//2818 
f 2289//2821 2258//2821 2255//2822 
f 2289//2821 2290//2823 2257//2819 
f 2257//2819 2258//2821 2289//2821 
f 2291//2824 2256//2824 2253//2825 
f 2291//2824 2292//2826 2255//2822 
f 2255//2822 2256//2824 2291//2824 
f 2293//2827 2254//2827 2251//2828 
f 2293//2827 2294//2829 2253//2825 
f 2253//2825 2254//2827 2293//2827 
f 2295//2830 2296//2831 2252//2831 
f 2297//2832 2251//2828 2252//2831 
f 2252//2831 2296//2831 2297//2832 
f 2298//2833 2280//2833 2277//2834 
f 2298//2833 2295//2830 2279//2835 
f 2279//2835 2280//2833 2298//2833 
f 2299//2836 2278//2836 2275//2837 
f 2299//2836 2300//2838 2277//2834 
f 2277//2834 2278//2836 2299//2836 
f 2301//2839 2276//2839 2273//2840 
f 2301//2839 2302//2841 2275//2837 
f 2275//2837 2276//2839 2301//2839 
f 2303//2842 2274//2842 2271//2843 
f 2303//2842 2304//2844 2273//2840 
f 2273//2840 2274//2842 2303//2842 
f 2305//2845 2272//2845 2269//2846 
f 2305//2845 2306//2847 2271//2843 
f 2271//2843 2272//2845 2305//2845 
f 2307//2848 2270//2848 2267//2849 
f 2307//2848 2308//2850 2269//2846 
f 2269//2846 2270//2848 2307//2848 
f 2309//2851 2268//2851 2265//2811 
f 2309//2851 2310//2852 2267//2849 
f 2267//2849 2268//2851 2309//2851 
f 2265//2811 2282//2811 2309//2851 
f 2267//2849 2310//2852 2307//2848 
f 2269//2846 2308//2850 2305//2845 
f 2271//2843 2306//2847 2303//2842 
f 2273//2840 2304//2844 2301//2839 
f 2275//2837 2302//2841 2299//2836 
f 2277//2834 2300//2838 2298//2833 
f 2252//2831 2279//2835 2295//2830 
f 2251//2828 2297//2832 2293//2827 
f 2253//2825 2294//2829 2291//2824 
f 2255//2822 2292//2826 2289//2821 
f 2257//2819 2290//2823 2287//2818 
f 2259//2816 2288//2820 2285//2815 
f 2261//2813 2286//2817 2283//2812 
f 2263//2810 2284//2814 2281//2809 
o mesh174
f 2293//2853 2297//2854 2311//2854 
f 2297//2854 2296//2855 2312//2855 
f 2312//2855 2311//2854 2297//2854 
f 2291//2856 2294//2857 2313//2857 
f 2293//2853 2314//2858 2313//2857 
f 2313//2857 2294//2857 2293//2853 
f 2289//2859 2292//2860 2315//2860 
f 2291//2856 2316//2861 2315//2860 
f 2315//2860 2292//2860 2291//2856 
f 2287//2862 2290//2863 2317//2863 
f 2289//2859 2318//2864 2317//2863 
f 2317//2863 2290//2863 2289//2859 
f 2285//2865 2288//2866 2319//2866 
f 2287//2862 2320//2867 2319//2866 
f 2319//2866 2288//2866 2287//2862 
f 2283//2868 2286//2869 2321//2869 
f 2285//2865 2322//2870 2321//2869 
f 2321//2869 2286//2869 2285//2865 
f 2281//2871 2284//2872 2323//2872 
f 2283//2868 2324//2873 2323//2872 
f 2323//2872 2284//2872 2283//2868 
f 2309//2874 2282//2875 2325//2875 
f 2281//2871 2326//2876 2325//2875 
f 2325//2875 2282//2875 2281//2871 
f 2307//2877 2310//2878 2327//2878 
f 2309//2874 2328//2879 2327//2878 
f 2327//2878 2310//2878 2309//2874 
f 2305//2880 2308//2881 2329//2881 
f 2307//2877 2330//2882 2329//2881 
f 2329//2881 2308//2881 2307//2877 
f 2303//2883 2306//2884 2331//2884 
f 2305//2880 2332//2885 2331//2884 
f 2331//2884 2306//2884 2305//2880 
f 2301//2886 2304//2887 2333//2887 
f 2303//2883 2334//2888 2333//2887 
f 2333//2887 2304//2887 2303//2883 
f 2299//2889 2302//2890 2335//2890 
f 2301//2886 2336//2891 2335//2890 
f 2335//2890 2302//2890 2301//2886 
f 2298//2892 2300//2893 2337//2893 
f 2299//2889 2338//2894 2337//2893 
f 2337//2893 2300//2893 2299//2889 
f 2295//2895 2339//2895 2312//2855 
f 2298//2892 2340//2896 2339//2895 
f 2339//2895 2295//2895 2298//2892 
f 2312//2855 2296//2855 2295//2895 
f 2337//2893 2340//2896 2298//2892 
f 2335//2890 2338//2894 2299//2889 
f 2333//2887 2336//2891 2301//2886 
f 2331//2884 2334//2888 2303//2883 
f 2329//2881 2332//2885 2305//2880 
f 2327//2878 2330//2882 2307//2877 
f 2325//2875 2328//2879 2309//2874 
f 2323//2872 2326//2876 2281//2871 
f 2321//2869 2324//2873 2283//2868 
f 2319//2866 2322//2870 2285//2865 
f 2317//2863 2320//2867 2287//2862 
f 2315//2860 2318//2864 2289//2859 
f 2313//2857 2316//2861 2291//2856 
f 2311//2854 2314//2858 2293//2853 
o mesh175
f 2341//2897 2326//2897 2323//2898 
f 2341//2897 2342//2899 2325//2899 
f 2325//2899 2326//2897 2341//2897 
f 2343//2900 2324//2900 2321//2901 
f 2343//2900 2344//2902 2323//2898 
f 2323//2898 2324//2900 2343//2900 
f 2345//2903 2322//2903 2319//2904 
f 2345//2903 2346//2905 2321//2901 
f 2321//2901 2322//2903 2345//2903 
f 2347//2906 2320//2906 2317//2907 
f 2347//2906 2348//2908 2319//2904 
f 2319//2904 2320//2906 2347//2906 
f 2349//2909 2318//2909 2315//2910 
f 2349//2909 2350//2911 2317//2907 
f 2317//2907 2318//2909 2349//2909 
f 2351//2912 2316//2912 2313//2913 
f 2351//2912 2352//2914 2315//2910 
f 2315//2910 2316//2912 2351//2912 
f 2353//2915 2314//2915 2311//2916 
f 2353//2915 2354//2917 2313//2913 
f 2313//2913 2314//2915 2353//2915 
f 2355//2918 2356//2919 2312//2919 
f 2357//2920 2311//2916 2312//2919 
f 2312//2919 2356//2919 2357//2920 
f 2358//2921 2340//2921 2337//2922 
f 2358//2921 2355//2918 2339//2923 
f 2339//2923 2340//2921 2358//2921 
f 2359//2924 2338//2924 2335//2925 
f 2359//2924 2360//2926 2337//2922 
f 2337//2922 2338//2924 2359//2924 
f 2361//2927 2336//2927 2333//2928 
f 2361//2927 2362//2929 2335//2925 
f 2335//2925 2336//2927 2361//2927 
f 2363//2930 2334//2930 2331//2931 
f 2363//2930 2364//2932 2333//2928 
f 2333//2928 2334//2930 2363//2930 
f 2365//2933 2332//2933 2329//2934 
f 2365//2933 2366//2935 2331//2931 
f 2331//2931 2332//2933 2365//2933 
f 2367//2936 2330//2936 2327//2937 
f 2367//2936 2368//2938 2329//2934 
f 2329//2934 2330//2936 2367//2936 
f 2369//2939 2328//2939 2325//2899 
f 2369//2939 2370//2940 2327//2937 
f 2327//2937 2328//2939 2369//2939 
f 2325//2899 2342//2899 2369//2939 
f 2327//2937 2370//2940 2367//2936 
f 2329//2934 2368//2938 2365//2933 
f 2331//2931 2366//2935 2363//2930 
f 2333//2928 2364//2932 2361//2927 
f 2335//2925 2362//2929 2359//2924 
f 2337//2922 2360//2926 2358//2921 
f 2312//2919 2339//2923 2355//2918 
f 2311//2916 2357//2920 2353//2915 
f 2313//2913 2354//2917 2351//2912 
f 2315//2910 2352//2914 2349//2909 
f 2317//2907 2350//2911 2347//2906 
f 2319//2904 2348//2908 2345//2903 
f 2321//2901 2346//2905 2343//2900 
f 2323//2898 2344//2902 2341//2897 
o mesh176
f 2353//2941 2357//2942 2371//2942 
f 2357//2942 2356//2943 2372//2943 
f 2372//2943 2371//2942 2357//2942 
f 2351//2944 2354//2945 2373//2945 
f 2353//2941 2374//2946 2373//2945 
f 2373//2945 2354//2945 2353//2941 
f 2349//2947 2352//2948 2375//2948 
f 2351//2944 2376//2949 2375//2948 
f 2375//2948 2352//2948 2351//2944 
f 2347//2950 2350//2951 2377//2951 
f 2349//2947 2378//2952 2377//2951 
f 2377//2951 2350//2951 2349//2947 
f 2345//2953 2348//2954 2379//2954 
f 2347//2950 2380//2955 2379//2954 
f 2379//2954 2348//2954 2347//2950 
f 2343//2956 2346//2957 2381//2957 
f 2345//2953 2382//2958 2381//2957 
f 2381//2957 2346//2957 2345//2953 
f 2341//2959 2344//2960 2383//2960 
f 2343//2956 2384//2961 2383//2960 
f 2383//2960 2344//2960 2343//2956 
f 2369//2962 2342//2963 2385//2963 
f 2341//2959 2386//2964 2385//2963 
f 2385//2963 2342//2963 2341//2959 
f 2367//2965 2370//2966 2387//2966 
f 2369//2962 2388//2967 2387//2966 
f 2387//2966 2370//2966 2369//2962 
f 2365//2968 2368//2969 2389//2969 
f 2367//2965 2390//2970 2389//2969 
f 2389//2969 2368//2969 2367//2965 
f 2363//2971 2366//2972 2391//2972 
f 2365//2968 2392//2973 2391//2972 
f 2391//2972 2366//2972 2365//2968 
f 2361//2974 2364//2975 2393//2975 
f 2363//2971 2394//2976 2393//2975 
f 2393//2975 2364//2975 2363//2971 
f 2359//2977 2362//2978 2395//2978 
f 2361//2974 2396//2979 2395//2978 
f 2395//2978 2362//2978 2361//2974 
f 2358//2980 2360//2981 2397//2981 
f 2359//2977 2398//2982 2397//2981 
f 2397//2981 2360//2981 2359//2977 
f 2355//2983 2399//2983 2372//2943 
f 2358//2980 2400//2984 2399//2983 
f 2399//2983 2355//2983 2358//2980 
f 2372//2943 2356//2943 2355//2983 
f 2397//2981 2400//2984 2358//2980 
f 2395//2978 2398//2982 2359//2977 
f 2393//2975 2396//2979 2361//2974 
f 2391//2972 2394//2976 2363//2971 
f 2389//2969 2392//2973 2365//2968 
f 2387//2966 2390//2970 2367//2965 
f 2385//2963 2388//2967 2369//2962 
f 2383//2960 2386//2964 2341//2959 
f 2381//2957 2384//2961 2343//2956 
f 2379//2954 2382//2958 2345//2953 
f 2377//2951 2380//2955 2347//2950 
f 2375//2948 2378//2952 2349//2947 
f 2373//2945 2376//2949 2351//2944 
f 2371//2942 2374//2946 2353//2941 
o mesh177
f 2401//2985 2386//2985 2383//2986 
f 2401//2985 2402//2987 2385//2987 
f 2385//2987 2386//2985 2401//2985 
f 2403//2988 2384//2988 2381//2989 
f 2403//2988 2404//2990 2383//2986 
f 2383//2986 2384//2988 2403//2988 
f 2405//2991 2382//2991 2379//2992 
f 2405//2991 2406//2993 2381//2989 
f 2381//2989 2382//2991 2405//2991 
f 2407//2994 2380//2994 2377//2995 
f 2407//2994 2408//2996 2379//2992 
f 2379//2992 2380//2994 2407//2994 
f 2409//2997 2378//2997 2375//2998 
f 2409//2997 2410//2999 2377//2995 
f 2377//2995 2378//2997 2409//2997 
f 2411//3000 2376//3000 2373//3001 
f 2411//3000 2412//3002 2375//2998 
f 2375//2998 2376//3000 2411//3000 
f 2413//3003 2374//3003 2371//3004 
f 2413//3003 2414//3005 2373//3001 
f 2373//3001 2374//3003 2413//3003 
f 2415//3006 2416//3007 2372//3007 
f 2417//3008 2371//3004 2372//3007 
f 2372//3007 2416//3007 2417//3008 
f 2418//3009 2400//3009 2397//3010 
f 2418//3009 2415//3006 2399//3011 
f 2399//3011 2400//3009 2418//3009 
f 2419//3012 2398//3012 2395//3013 
f 2419//3012 2420//3014 2397//3010 
f 2397//3010 2398//3012 2419//3012 
f 2421//3015 2396//3015 2393//3016 
f 2421//3015 2422//3017 2395//3013 
f 2395//3013 2396//3015 2421//3015 
f 2423//3018 2394//3018 2391//3019 
f 2423//3018 2424//3020 2393//3016 
f 2393//3016 2394//3018 2423//3018 
f 2425//3021 2392//3021 2389//3022 
f 2425//3021 2426//3023 2391//3019 
f 2391//3019 2392//3021 2425//3021 
f 2427//3024 2390//3024 2387//3025 
f 2427//3024 2428//3026 2389//3022 
f 2389//3022 2390//3024 2427//3024 
f 2429//3027 2388//3027 2385//2987 
f 2429//3027 2430//3028 2387//3025 
f 2387//3025 2388//3027 2429//3027 
f 2385//2987 2402//2987 2429//3027 
f 2387//3025 2430//3028 2427//3024 
f 2389//3022 2428//3026 2425//3021 
f 2391//3019 2426//3023 2423//3018 
f 2393//3016 2424//3020 2421//3015 
f 2395//3013 2422//3017 2419//3012 
f 2397//3010 2420//3014 2418//3009 
f 2372//3007 2399//3011 2415//3006 
f 2371//3004 2417//3008 2413//3003 
f 2373//3001 2414//3005 2411//3000 
f 2375//2998 2412//3002 2409//2997 
f 2377//2995 2410//2999 2407//2994 
f 2379//2992 2408//2996 2405//2991 
f 2381//2989 2406//2993 2403//2988 
f 2383//2986 2404//2990 2401//2985 
o mesh178
f 2431//3029 2432//3030 2417//3031 
f 2432//3030 2413//3030 2417//3031 
f 2432//3030 2433//3032 2414//3033 
f 2433//3032 2411//3032 2414//3033 
f 2433//3032 2434//3034 2412//3035 
f 2434//3034 2409//3034 2412//3035 
f 2434//3034 2435//3036 2410//3037 
f 2435//3036 2407//3036 2410//3037 
f 2435//3036 2436//3038 2408//3039 
f 2436//3038 2405//3038 2408//3039 
f 2436//3038 2437//3040 2406//3041 
f 2437//3040 2403//3040 2406//3041 
f 2437//3040 2438//3042 2404//3043 
f 2438//3042 2401//3042 2404//3043 
f 2402//3044 2439//3044 2440//3045 
f 2402//3044 2401//3042 2438//3042 
f 2438//3042 2439//3044 2402//3044 
f 2440//3045 2441//3046 2430//3047 
f 2441//3046 2427//3046 2430//3047 
f 2441//3046 2442//3048 2428//3049 
f 2442//3048 2425//3048 2428//3049 
f 2442//3048 2443//3050 2426//3051 
f 2443//3050 2423//3050 2426//3051 
f 2443//3050 2444//3052 2424//3053 
f 2444//3052 2421//3052 2424//3053 
f 2444//3052 2445//3054 2422//3055 
f 2445//3054 2419//3054 2422//3055 
f 2445//3054 2446//3056 2420//3057 
f 2446//3056 2418//3056 2420//3057 
f 2431//3029 2416//3058 2415//3059 
f 2415//3059 2446//3056 2431//3029 
f 2415//3059 2418//3056 2446//3056 
f 2420//3057 2419//3054 2445//3054 
f 2422//3055 2421//3052 2444//3052 
f 2424//3053 2423//3050 2443//3050 
f 2426//3051 2425//3048 2442//3048 
f 2428//3049 2427//3046 2441//3046 
f 2430//3047 2429//3060 2440//3045 
f 2440//3045 2429//3060 2402//3044 
f 2404//3043 2403//3040 2437//3040 
f 2406//3041 2405//3038 2436//3038 
f 2408//3039 2407//3036 2435//3036 
f 2410//3037 2409//3034 2434//3034 
f 2412//3035 2411//3032 2433//3032 
f 2414//3033 2413//3030 2432//3030 
f 2417//3031 2416//3058 2431//3029 
o mesh179
f 2447//3061 2439//3061 2438//3062 
f 2448//3062 2438//3062 2437//3063 
f 2449//3063 2437//3063 2436//3064 
f 2450//3064 2436//3064 2435//3065 
f 2451//3065 2435//3065 2434//3066 
f 2452//3066 2434//3066 2433//3067 
f 2453//3067 2433//3067 2432//3068 
f 2454//3068 2432//3068 2431//3069 
f 2455//3069 2431//3069 2446//3070 
f 2456//3070 2446//3070 2445//3071 
f 2457//3071 2445//3071 2444//3072 
f 2458//3072 2444//3072 2443//3073 
f 2459//3073 2443//3073 2442//3074 
f 2460//3074 2442//3074 2441//3075 
f 2461//3075 2441//3075 2440//3076 
f 2462//3076 2440//3076 2439//3061 
f 2439//3061 2447//3061 2462//3076 
f 2440//3076 2462//3076 2461//3075 
f 2441//3075 2461//3075 2460//3074 
f 2442//3074 2460//3074 2459//3073 
f 2443//3073 2459//3073 2458//3072 
f 2444//3072 2458//3072 2457//3071 
f 2445//3071 2457//3071 2456//3070 
f 2446//3070 2456//3070 2455//3069 
f 2431//3069 2455//3069 2454//3068 
f 2432//3068 2454//3068 2453//3067 
f 2433//3067 2453//3067 2452//3066 
f 2434//3066 2452//3066 2451//3065 
f 2435//3065 2451//3065 2450//3064 
f 2436//3064 2450//3064 2449//3063 
f 2437//3063 2449//3063 2448//3062 
f 2438//3062 2448//3062 2447//3061 
o mesh180
f 2455//3077 2463//3077 2464//3078 
f 2454//3078 2464//3078 2465//3079 
f 2453//3079 2465//3079 2466//3080 
f 2452//3080 2466//3080 2467//3081 
f 2451//3081 2467//3081 2468//3082 
f 2450//3082 2468//3082 2469//3083 
f 2449//3083 2469//3083 2470//3084 
f 2470//3084 2471//3085 2447//3086 
f 2471//3085 2462//3085 2447//3086 
f 2462//3085 2471//3085 2472//3087 
f 2461//3087 2472//3087 2473//3088 
f 2460//3088 2473//3088 2474//3089 
f 2459//3089 2474//3089 2475//3090 
f 2458//3090 2475//3090 2476//3091 
f 2457//3091 2476//3091 2477//3092 
f 2456//3092 2477//3092 2463//3077 
f 2463//3077 2455//3077 2456//3092 
f 2477//3092 2456//3092 2457//3091 
f 2476//3091 2457//3091 2458//3090 
f 2475//3090 2458//3090 2459//3089 
f 2474//3089 2459//3089 2460//3088 
f 2473//3088 2460//3088 2461//3087 
f 2472//3087 2461//3087 2462//3085 
f 2447//3086 2448//3093 2470//3084 
f 2470//3084 2448//3093 2449//3083 
f 2469//3083 2449//3083 2450//3082 
f 2468//3082 2450//3082 2451//3081 
f 2467//3081 2451//3081 2452//3080 
f 2466//3080 2452//3080 2453//3079 
f 2465//3079 2453//3079 2454//3078 
f 2464//3078 2454//3078 2455//3077 
o mesh181
f 2476//3094 2475//3094 2478//3094 
f 2465//3094 2479//3094 2480//3094 
f 2481//3094 2468//3094 2467//3094 
f 2468//3094 2482//3094 2483//3094 
f 2484//3094 2473//3094 2472//3094 
f 2473//3094 2485//3094 2486//3094 
f 2487//3094 2488//3094 2475//3094 
f 2475//3094 2488//3094 2478//3094 
f 2489//3094 2479//3094 2465//3094 
f 2480//3094 2466//3094 2465//3094 
f 2467//3094 2490//3094 2481//3094 
f 2483//3094 2469//3094 2468//3094 
f 2470//3094 2491//3094 2492//3094 
f 2472//3094 2493//3094 2484//3094 
f 2486//3094 2474//3094 2473//3094 
f 2478//3094 2494//3094 2476//3094 
f 2476//3094 2494//3094 2495//3094 
f 2463//3094 2477//3094 2496//3094 
f 2463//3094 2497//3094 2498//3094 
f 2480//3094 2499//3094 2466//3094 
f 2466//3094 2499//3094 2490//3094 
f 2483//3094 2500//3094 2469//3094 
f 2500//3094 2491//3094 2470//3094 
f 2492//3094 2471//3094 2470//3094 
f 2471//3094 2501//3094 2493//3094 
f 2486//3094 2487//3094 2474//3094 
f 2495//3094 2477//3094 2476//3094 
f 2477//3094 2495//3094 2496//3094 
f 2498//3094 2464//3094 2463//3094 
f 2490//3094 2467//3094 2466//3094 
f 2470//3094 2469//3094 2500//3094 
f 2493//3094 2472//3094 2471//3094 
f 2475//3094 2474//3094 2487//3094 
f 2498//3094 2489//3094 2464//3094 
f 2481//3094 2482//3094 2468//3094 
f 2484//3094 2485//3094 2473//3094 
f 2465//3094 2464//3094 2489//3094 
f 2496//3094 2497//3094 2463//3094 
f 2492//3094 2501//3094 2471//3094 
o mesh182
f 2489//3095 2498//3096 2502//3097 
f 2489//3095 2503//3098 2504//3099 
f 2489//3095 2505//3100 2503//3098 
f 2480//3101 2479//3102 2504//3099 
f 2504//3099 2479//3102 2489//3095 
f 2502//3097 2505//3100 2489//3095 
f 2502//3097 2498//3096 2497//3103 
o mesh183
f 2505//3104 2506//3104 2507//3105 
f 2507//3105 2503//3105 2505//3104 
o mesh184
f 2507//3106 2508//3106 2509//3106 
f 2509//3106 2480//3106 2507//3106 
f 2480//3106 2504//3106 2507//3106 
f 2508//3106 2510//3106 2509//3106 
f 2504//3106 2503//3106 2507//3106 
o mesh185
f 2506//3107 2497//3107 2511//3107 
f 2506//3107 2502//3107 2497//3107 
f 2511//3107 2512//3107 2506//3107 
f 2506//3107 2505//3107 2502//3107 
f 2511//3107 2513//3107 2512//3107 
o mesh186
f 2490//3108 2499//3109 2509//3110 
f 2490//3108 2514//3111 2515//3112 
f 2490//3108 2510//3113 2514//3111 
f 2482//3114 2481//3115 2515//3112 
f 2515//3112 2481//3115 2490//3108 
f 2509//3110 2510//3113 2490//3108 
f 2509//3110 2499//3109 2480//3116 
o mesh187
f 2510//3117 2508//3117 2516//3118 
f 2516//3118 2514//3118 2510//3117 
o mesh188
f 2516//3119 2517//3119 2518//3119 
f 2518//3119 2482//3119 2516//3119 
f 2482//3119 2515//3119 2516//3119 
f 2517//3119 2519//3119 2518//3119 
f 2515//3119 2514//3119 2516//3119 
o mesh189
f 2500//3120 2483//3121 2518//3122 
f 2500//3120 2520//3123 2521//3124 
f 2500//3120 2519//3125 2520//3123 
f 2492//3126 2491//3127 2521//3124 
f 2521//3124 2491//3127 2500//3120 
f 2518//3122 2519//3125 2500//3120 
f 2518//3122 2483//3121 2482//3128 
o mesh190
f 2519//3129 2517//3129 2522//3130 
f 2522//3130 2520//3130 2519//3129 
o mesh191
f 2522//3131 2523//3131 2524//3131 
f 2524//3131 2492//3131 2522//3131 
f 2492//3131 2521//3131 2522//3131 
f 2523//3131 2525//3131 2524//3131 
f 2521//3131 2520//3131 2522//3131 
o mesh192
f 2493//3132 2526//3133 2527//3134 
f 2493//3132 2525//3135 2526//3133 
f 2493//3132 2501//3136 2524//3137 
f 2524//3137 2525//3135 2493//3132 
f 2524//3137 2501//3136 2492//3138 
f 2485//3139 2484//3140 2527//3134 
f 2527//3134 2484//3140 2493//3132 
o mesh193
f 2525//3141 2523//3141 2528//3142 
f 2528//3142 2526//3142 2525//3141 
o mesh194
f 2529//3143 2485//3143 2527//3143 
f 2529//3143 2530//3143 2485//3143 
f 2529//3143 2531//3143 2530//3143 
f 2527//3143 2528//3143 2529//3143 
f 2527//3143 2526//3143 2528//3143 
o mesh195
f 935//3144 936//3144 2522//3144 
f 2516//3144 933//3144 934//3144 
f 933//3144 2516//3144 2508//3144 
f 2517//3144 934//3144 935//3144 
f 2508//3144 932//3144 933//3144 
f 2507//3144 931//3144 932//3144 
f 930//3144 931//3144 2507//3144 
f 2528//3144 938//3144 939//3144 
f 938//3144 2528//3144 2523//3144 
f 2523//3144 2522//3144 936//3144 
f 934//3144 2517//3144 2516//3144 
f 2507//3144 2506//3144 930//3144 
f 943//3144 2512//3144 2532//3144 
f 2532//3144 2533//3144 941//3144 
f 940//3144 941//3144 2533//3144 
f 939//3144 2529//3144 2528//3144 
f 936//3144 937//3144 2523//3144 
f 932//3144 2508//3144 2507//3144 
f 2506//3144 2512//3144 944//3144 
f 2532//3144 942//3144 943//3144 
f 2533//3144 2529//3144 940//3144 
f 2523//3144 937//3144 938//3144 
f 944//3144 930//3144 2506//3144 
f 941//3144 942//3144 2532//3144 
f 2522//3144 2517//3144 935//3144 
f 939//3144 940//3144 2529//3144 
f 943//3144 944//3144 2512//3144 
o mesh196
f 2533//3145 2532//3145 2534//3145 
f 2534//3145 2478//3145 2533//3145 
f 2478//3145 2535//3145 2533//3145 
f 2532//3145 2536//3145 2534//3145 
f 2535//3145 2537//3145 2533//3145 
o mesh197
f 2495//3146 2494//3147 2534//3148 
f 2495//3146 2513//3149 2511//3150 
f 2495//3146 2536//3151 2513//3149 
f 2497//3152 2496//3153 2511//3150 
f 2511//3150 2496//3153 2495//3146 
f 2534//3148 2536//3151 2495//3146 
f 2534//3148 2494//3147 2478//3154 
o mesh198
f 2487//3155 2537//3156 2535//3157 
f 2487//3155 2531//3158 2537//3156 
f 2487//3155 2486//3159 2530//3160 
f 2530//3160 2531//3158 2487//3155 
f 2530//3160 2486//3159 2485//3161 
f 2478//3162 2488//3163 2535//3157 
f 2535//3157 2488//3163 2487//3155 
o mesh199
f 2531//3164 2529//3164 2533//3165 
f 2533//3165 2537//3165 2531//3164 
o mesh200
f 2536//3166 2532//3166 2512//3167 
f 2512//3167 2513//3167 2536//3166 
g Part 3
v 0.145657 0.0591312 -0.00773273 
v 0.145381 0.0591312 -0.00875243 
v 0.145381 0.063754 -0.00875243 
v 0.146323 0.0591312 -0.00691313 
v 0.145657 0.063754 -0.00773273 
v 0.147265 0.0591312 -0.00643535 
v 0.146323 0.063754 -0.00691313 
v 0.14832 0.0591312 -0.006382 
v 0.147265 0.063754 -0.00643535 
v 0.149305 0.0591312 -0.0067623 
v 0.14832 0.063754 -0.006382 
v 0.15005 0.0591312 -0.0075105 
v 0.149305 0.063754 -0.0067623 
v 0.150427 0.0591312 -0.00849723 
v 0.15005 0.063754 -0.0075105 
v 0.15037 0.0591312 -0.00955187 
v 0.150427 0.063754 -0.00849723 
v 0.149889 0.0591312 -0.0104921 
v 0.15037 0.063754 -0.00955187 
v 0.149067 0.0591312 -0.0111553 
v 0.149889 0.063754 -0.0104921 
v 0.148046 0.0591312 -0.0114268 
v 0.149067 0.063754 -0.0111553 
v 0.147003 0.0591312 -0.0112596 
v 0.148046 0.063754 -0.0114268 
v 0.146118 0.0591312 -0.0106828 
v 0.147003 0.063754 -0.0112596 
v 0.145545 0.0591312 -0.00979592 
v 0.146118 0.063754 -0.0106828 
v 0.145545 0.063754 -0.00979592 
v 0.150349 0.063754 -0.00731738 
v 0.150778 0.063754 -0.00844225 
v 0.150713 0.063754 -0.00964454 
v 0.150165 0.063754 -0.0107164 
v 0.149228 0.063754 -0.0114724 
v 0.148064 0.063754 -0.0117819 
v 0.1461 0.063754 -0.00663637 
v 0.147173 0.063754 -0.0060917 
v 0.148376 0.063754 -0.00603088 
v 0.149499 0.063754 -0.00646443 
v 0.146875 0.063754 -0.0115914 
v 0.145866 0.063754 -0.0109338 
v 0.14534 0.063754 -0.00757072 
v 0.145213 0.063754 -0.00992275 
v 0.145026 0.063754 -0.00873318 
v 0.144773 0.0635 -0.00871942 
v 0.144975 0.0635 -0.0100133 
v 0.145687 0.0635 -0.011113 
v 0.146784 0.0635 -0.0118283 
v 0.148077 0.0635 -0.0120356 
v 0.149342 0.0635 -0.0116989 
v 0.150362 0.0635 -0.0108766 
v 0.150958 0.0635 -0.00971073 
v 0.151029 0.0635 -0.00840297 
v 0.150562 0.0635 -0.00717943 
v 0.149638 0.0635 -0.00625166 
v 0.148416 0.0635 -0.00578008 
v 0.147108 0.0635 -0.00584623 
v 0.14594 0.0635 -0.00643868 
v 0.145114 0.0635 -0.00745499 
v 0.144929 0.0637347 -0.00872791 
v 0.145122 0.0637347 -0.00995742 
v 0.145798 0.0637347 -0.0110024 
v 0.14684 0.0637347 -0.0116821 
v 0.148069 0.0637347 -0.011879 
v 0.149272 0.0637347 -0.0115591 
v 0.15024 0.0637347 -0.0107777 
v 0.150807 0.0637347 -0.00966987 
v 0.150874 0.0637347 -0.00842722 
v 0.150431 0.0637347 -0.00726458 
v 0.149552 0.0637347 -0.006383 
v 0.148391 0.0637347 -0.0059349 
v 0.147148 0.0637347 -0.00599776 
v 0.146039 0.0637347 -0.00656072 
v 0.145254 0.0637347 -0.00752643 
v 0.144847 0.0636796 -0.00872345 
v 0.145045 0.0636796 -0.00998681 
v 0.145739 0.0636796 -0.0110605 
v 0.14681 0.0636796 -0.0117589 
v 0.148073 0.0636796 -0.0119613 
v 0.149309 0.0636796 -0.0116326 
v 0.150304 0.0636796 -0.0108296 
v 0.150887 0.0636796 -0.00969134 
v 0.150956 0.0636796 -0.00841447 
v 0.1505 0.0636796 -0.00721983 
v 0.149597 0.0636796 -0.00631397 
v 0.148404 0.0636796 -0.00585354 
v 0.147127 0.0636796 -0.00591813 
v 0.145987 0.0636796 -0.00649659 
v 0.14518 0.0636796 -0.00748888 
v 0.144792 0.0635972 -0.00872047 
v 0.144993 0.0635972 -0.0100064 
v 0.1457 0.0635972 -0.0110994 
v 0.146791 0.0635972 -0.0118103 
v 0.148076 0.0635972 -0.0120163 
v 0.149334 0.0635972 -0.0116817 
v 0.150347 0.0635972 -0.0108644 
v 0.15094 0.0635972 -0.00970569 
v 0.15101 0.0635972 -0.00840596 
v 0.150546 0.0635972 -0.00718993 
v 0.149627 0.0635972 -0.00626785 
v 0.148413 0.0635972 -0.00579917 
v 0.147113 0.0635972 -0.00586492 
v 0.145952 0.0635972 -0.00645373 
v 0.145131 0.0635972 -0.0074638 
v 0.144773 0.0591312 -0.00871942 
v 0.144975 0.0591312 -0.0100133 
v 0.145687 0.0591312 -0.011113 
v 0.146784 0.0591312 -0.0118283 
v 0.148077 0.0591312 -0.0120356 
v 0.149342 0.0591312 -0.0116989 
v 0.150362 0.0591312 -0.0108766 
v 0.150958 0.0591312 -0.00971073 
v 0.151029 0.0591312 -0.00840297 
v 0.150562 0.0591312 -0.00717943 
v 0.149638 0.0591312 -0.00625166 
v 0.148416 0.0591312 -0.00578008 
v 0.147108 0.0591312 -0.00584623 
v 0.14594 0.0591312 -0.00643868 
v 0.145114 0.0591312 -0.00745499 
vn 0.890176 -1.66347e-15 -0.455616 
vn 0.998532 -3.05289e-15 -0.0541587 
vn 0.627901 1.35731e-17 -0.778293 
vn 0.890176 -1.66347e-15 -0.455616 
vn 0.257055 1.68827e-15 -0.966397 
vn 0.627901 1.35731e-17 -0.778293 
vn -0.158237 3.07105e-15 -0.987401 
vn 0.257055 1.68827e-15 -0.966397 
vn -0.546169 3.92282e-15 -0.837675 
vn -0.158237 3.07105e-15 -0.987401 
vn -0.839663 4.09629e-15 -0.543107 
vn -0.546169 3.92282e-15 -0.837675 
vn -0.987972 3.56148e-15 -0.154631 
vn -0.839663 4.09629e-15 -0.543107 
vn -0.965452 2.41086e-15 0.260582 
vn -0.987972 3.56148e-15 -0.154631 
vn -0.775996 8.43379e-16 0.630738 
vn -0.965452 2.41086e-15 0.260582 
vn -0.452363 -8.69932e-16 0.891834 
vn -0.775996 8.43379e-16 0.630738 
vn -0.050513 -2.43282e-15 0.998723 
vn -0.452363 -8.69932e-16 0.891834 
vn 0.360071 -3.57506e-15 0.932925 
vn -0.050513 -2.43282e-15 0.998723 
vn 0.708396 -4.09913e-15 0.705815 
vn 0.360071 -3.57506e-15 0.932925 
vn 0.934233 -3.91443e-15 0.356663 
vn 0.708396 -4.09913e-15 0.705815 
vn 3.19827e-15 1 2.59769e-15 
vn -0.382122 0.92388 0.0207256 
vn -0.357515 0.92388 -0.136489 
vn 3.15489e-15 1 2.55448e-15 
vn -0.271092 0.92388 -0.270104 
vn -0.137793 0.92388 -0.357015 
vn 3.20136e-15 1 2.53654e-15 
vn 0.0193305 0.92388 -0.382195 
vn 0.173112 0.92388 -0.34129 
vn 3.24578e-15 1 2.55907e-15 
vn 0.296961 0.92388 -0.241373 
vn 0.369462 0.92388 -0.0997203 
vn 3.25876e-15 1 2.60716e-15 
vn 0.378081 0.92388 0.0591748 
vn 0.321325 0.92388 0.207838 
vn 3.23171e-15 1 2.64899e-15 
vn 0.20901 0.92388 0.320564 
vn 0.0605547 0.92388 0.377862 
vn 3.18253e-15 1 2.65687e-15 
vn -0.0983709 0.92388 0.369824 
vn -0.240287 0.92388 0.29784 
vn 3.14376e-15 1 2.62559e-15 
vn -0.340656 0.92388 0.174357 
vn -0.706069 0.707107 0.038296 
vn -0.660603 0.707107 -0.252199 
vn -0.500912 0.707107 -0.499086 
vn -0.254609 0.707107 -0.659677 
vn 0.0357181 0.707107 -0.706204 
vn 0.319869 0.707107 -0.630622 
vn 0.548712 0.707107 -0.445999 
vn 0.682678 0.707107 -0.184259 
vn 0.698602 0.707107 0.109341 
vn 0.593732 0.707107 0.384035 
vn 0.3862 0.707107 0.592326 
vn 0.111891 0.707107 0.698198 
vn -0.181766 0.707107 0.683346 
vn -0.443993 0.707107 0.550337 
vn -0.62945 0.707107 0.322169 
vn -0.922524 0.382683 0.0500361 
vn -0.863119 0.382683 -0.329514 
vn -0.654473 0.382683 -0.652088 
vn -0.332663 0.382683 -0.86191 
vn 0.0466679 0.382683 -0.9227 
vn 0.417929 0.382683 -0.823947 
vn 0.716927 0.382683 -0.582726 
vn 0.891961 0.382683 -0.240746 
vn 0.912767 0.382683 0.142861 
vn 0.775748 0.382683 0.501766 
vn 0.504594 0.382683 0.773911 
vn 0.146192 0.382683 0.91224 
vn -0.237488 0.382683 0.892834 
vn -0.580105 0.382683 0.719049 
vn -0.822416 0.382683 0.420934 
vn -0.998532 3.05289e-15 0.0541587 
vn -0.934233 3.91443e-15 -0.356663 
vn -0.708396 4.09913e-15 -0.705815 
vn -0.360071 3.57506e-15 -0.932925 
vn 0.050513 2.43282e-15 -0.998723 
vn 0.452363 8.69932e-16 -0.891834 
vn 0.775996 -8.43379e-16 -0.630738 
vn 0.965452 -2.41086e-15 -0.260582 
vn 0.987972 -3.56148e-15 0.154631 
vn 0.839663 -4.09629e-15 0.543107 
vn 0.546169 -3.92282e-15 0.837675 
vn 0.158237 -3.07105e-15 0.987401 
vn -0.257055 -1.68827e-15 0.966397 
vn -0.627901 -1.35731e-17 0.778293 
vn -0.890176 1.66347e-15 0.455616 
vn -0.998532 3.05289e-15 0.0541587 
vn -0.934233 3.91443e-15 -0.356663 
vn -0.708396 4.09913e-15 -0.705815 
vn -0.360071 3.57506e-15 -0.932925 
vn 0.050513 2.43282e-15 -0.998723 
vn 0.452363 8.69932e-16 -0.891834 
vn 0.775996 -8.43379e-16 -0.630738 
vn 0.965452 -2.41086e-15 -0.260582 
vn 0.987972 -3.56148e-15 0.154631 
vn 0.839663 -4.09629e-15 0.543107 
vn 0.546169 -3.92282e-15 0.837675 
vn 0.158237 -3.07105e-15 0.987401 
vn -0.257055 -1.68827e-15 0.966397 
vn -0.627901 -1.35731e-17 0.778293 
vn -0.890176 1.66347e-15 0.455616 
vn -3.19827e-15 -1 -2.59769e-15 
usemtl 0.250980_0.250980_0.250980_0.000000_0.000000
o mesh201
f 2538//3168 2539//3169 2540//3169 
f 2541//3170 2538//3168 2542//3171 
f 2543//3172 2541//3170 2544//3173 
f 2545//3174 2543//3172 2546//3175 
f 2547//3176 2545//3174 2548//3177 
f 2549//3178 2547//3176 2550//3179 
f 2551//3180 2549//3178 2552//3181 
f 2553//3182 2551//3180 2554//3183 
f 2555//3184 2553//3182 2556//3185 
f 2557//3186 2555//3184 2558//3187 
f 2559//3188 2557//3186 2560//3189 
f 2561//3190 2559//3188 2562//3191 
f 2563//3192 2561//3190 2564//3193 
f 2565//3194 2563//3192 2566//3195 
f 2539//3169 2565//3194 2567//3194 
f 2567//3194 2540//3169 2539//3169 
f 2566//3195 2567//3194 2565//3194 
f 2564//3193 2566//3195 2563//3192 
f 2562//3191 2564//3193 2561//3190 
f 2560//3189 2562//3191 2559//3188 
f 2558//3187 2560//3189 2557//3186 
f 2556//3185 2558//3187 2555//3184 
f 2554//3183 2556//3185 2553//3182 
f 2552//3181 2554//3183 2551//3180 
f 2550//3179 2552//3181 2549//3178 
f 2548//3177 2550//3179 2547//3176 
f 2546//3175 2548//3177 2545//3174 
f 2544//3173 2546//3175 2543//3172 
f 2542//3171 2544//3173 2541//3170 
f 2540//3169 2542//3171 2538//3168 
o mesh202
f 2568//3196 2552//3196 2550//3196 
f 2569//3196 2554//3196 2552//3196 
f 2552//3196 2568//3196 2569//3196 
f 2570//3196 2556//3196 2554//3196 
f 2554//3196 2569//3196 2570//3196 
f 2571//3196 2558//3196 2556//3196 
f 2571//3196 2572//3196 2560//3196 
f 2572//3196 2573//3196 2562//3196 
f 2574//3196 2544//3196 2542//3196 
f 2575//3196 2546//3196 2544//3196 
f 2576//3196 2548//3196 2546//3196 
f 2577//3196 2550//3196 2548//3196 
f 2556//3196 2570//3196 2571//3196 
f 2562//3196 2560//3196 2572//3196 
f 2573//3196 2578//3196 2564//3196 
f 2578//3196 2579//3196 2566//3196 
f 2580//3196 2542//3196 2540//3196 
f 2544//3196 2574//3196 2575//3196 
f 2548//3196 2576//3196 2577//3196 
f 2560//3196 2558//3196 2571//3196 
f 2566//3196 2564//3196 2578//3196 
f 2579//3196 2581//3196 2567//3196 
f 2542//3196 2580//3196 2574//3196 
f 2550//3196 2577//3196 2568//3196 
f 2567//3196 2566//3196 2579//3196 
f 2582//3196 2540//3196 2567//3196 
f 2546//3196 2575//3196 2576//3196 
f 2567//3196 2581//3196 2582//3196 
f 2564//3196 2562//3196 2573//3196 
f 2540//3196 2582//3196 2580//3196 
o mesh203
f 2598//3197 2582//3196 2581//3196 
f 2599//3198 2581//3196 2579//3199 
f 2600//3200 2579//3199 2578//3199 
f 2601//3201 2578//3199 2573//3202 
f 2602//3203 2573//3202 2572//3202 
f 2603//3204 2572//3202 2571//3205 
f 2604//3206 2571//3205 2570//3205 
f 2605//3207 2570//3205 2569//3208 
f 2606//3209 2569//3208 2568//3208 
f 2607//3210 2568//3208 2577//3211 
f 2608//3212 2577//3211 2576//3211 
f 2609//3213 2576//3211 2575//3214 
f 2610//3215 2575//3214 2574//3214 
f 2611//3216 2574//3214 2580//3217 
f 2612//3218 2580//3217 2582//3196 
f 2613//3219 2598//3197 2599//3198 
f 2614//3220 2599//3198 2600//3200 
f 2615//3221 2600//3200 2601//3201 
f 2616//3222 2601//3201 2602//3203 
f 2617//3223 2602//3203 2603//3204 
f 2618//3224 2603//3204 2604//3206 
f 2619//3225 2604//3206 2605//3207 
f 2620//3226 2605//3207 2606//3209 
f 2621//3227 2606//3209 2607//3210 
f 2622//3228 2607//3210 2608//3212 
f 2623//3229 2608//3212 2609//3213 
f 2624//3230 2609//3213 2610//3215 
f 2625//3231 2610//3215 2611//3216 
f 2626//3232 2611//3216 2612//3218 
f 2627//3233 2612//3218 2598//3197 
f 2628//3234 2613//3219 2614//3220 
f 2629//3235 2614//3220 2615//3221 
f 2630//3236 2615//3221 2616//3222 
f 2631//3237 2616//3222 2617//3223 
f 2632//3238 2617//3223 2618//3224 
f 2633//3239 2618//3224 2619//3225 
f 2634//3240 2619//3225 2620//3226 
f 2635//3241 2620//3226 2621//3227 
f 2636//3242 2621//3227 2622//3228 
f 2637//3243 2622//3228 2623//3229 
f 2638//3244 2623//3229 2624//3230 
f 2639//3245 2624//3230 2625//3231 
f 2640//3246 2625//3231 2626//3232 
f 2641//3247 2626//3232 2627//3233 
f 2642//3248 2627//3233 2613//3219 
f 2583//3249 2628//3234 2629//3235 
f 2584//3250 2629//3235 2630//3236 
f 2585//3251 2630//3236 2631//3237 
f 2586//3252 2631//3237 2632//3238 
f 2587//3253 2632//3238 2633//3239 
f 2588//3254 2633//3239 2634//3240 
f 2589//3255 2634//3240 2635//3241 
f 2590//3256 2635//3241 2636//3242 
f 2591//3257 2636//3242 2637//3243 
f 2592//3258 2637//3243 2638//3244 
f 2593//3259 2638//3244 2639//3245 
f 2594//3260 2639//3245 2640//3246 
f 2595//3261 2640//3246 2641//3247 
f 2596//3262 2641//3247 2642//3248 
f 2597//3263 2642//3248 2628//3234 
f 2628//3234 2583//3249 2597//3263 
f 2642//3248 2597//3263 2596//3262 
f 2641//3247 2596//3262 2595//3261 
f 2640//3246 2595//3261 2594//3260 
f 2639//3245 2594//3260 2593//3259 
f 2638//3244 2593//3259 2592//3258 
f 2637//3243 2592//3258 2591//3257 
f 2636//3242 2591//3257 2590//3256 
f 2635//3241 2590//3256 2589//3255 
f 2634//3240 2589//3255 2588//3254 
f 2633//3239 2588//3254 2587//3253 
f 2632//3238 2587//3253 2586//3252 
f 2631//3237 2586//3252 2585//3251 
f 2630//3236 2585//3251 2584//3250 
f 2629//3235 2584//3250 2583//3249 
f 2613//3219 2628//3234 2642//3248 
f 2627//3233 2642//3248 2641//3247 
f 2626//3232 2641//3247 2640//3246 
f 2625//3231 2640//3246 2639//3245 
f 2624//3230 2639//3245 2638//3244 
f 2623//3229 2638//3244 2637//3243 
f 2622//3228 2637//3243 2636//3242 
f 2621//3227 2636//3242 2635//3241 
f 2620//3226 2635//3241 2634//3240 
f 2619//3225 2634//3240 2633//3239 
f 2618//3224 2633//3239 2632//3238 
f 2617//3223 2632//3238 2631//3237 
f 2616//3222 2631//3237 2630//3236 
f 2615//3221 2630//3236 2629//3235 
f 2614//3220 2629//3235 2628//3234 
f 2598//3197 2613//3219 2627//3233 
f 2612//3218 2627//3233 2626//3232 
f 2611//3216 2626//3232 2625//3231 
f 2610//3215 2625//3231 2624//3230 
f 2609//3213 2624//3230 2623//3229 
f 2608//3212 2623//3229 2622//3228 
f 2607//3210 2622//3228 2621//3227 
f 2606//3209 2621//3227 2620//3226 
f 2605//3207 2620//3226 2619//3225 
f 2604//3206 2619//3225 2618//3224 
f 2603//3204 2618//3224 2617//3223 
f 2602//3203 2617//3223 2616//3222 
f 2601//3201 2616//3222 2615//3221 
f 2600//3200 2615//3221 2614//3220 
f 2599//3198 2614//3220 2613//3219 
f 2582//3196 2598//3197 2612//3218 
f 2580//3217 2612//3218 2611//3216 
f 2574//3214 2611//3216 2610//3215 
f 2575//3214 2610//3215 2609//3213 
f 2576//3211 2609//3213 2608//3212 
f 2577//3211 2608//3212 2607//3210 
f 2568//3208 2607//3210 2606//3209 
f 2569//3208 2606//3209 2605//3207 
f 2570//3205 2605//3207 2604//3206 
f 2571//3205 2604//3206 2603//3204 
f 2572//3202 2603//3204 2602//3203 
f 2573//3202 2602//3203 2601//3201 
f 2578//3199 2601//3201 2600//3200 
f 2579//3199 2600//3200 2599//3198 
f 2581//3196 2599//3198 2598//3197 
o mesh204
f 2643//3264 2583//3264 2584//3265 
f 2644//3265 2584//3265 2585//3266 
f 2645//3266 2585//3266 2586//3267 
f 2646//3267 2586//3267 2587//3268 
f 2647//3268 2587//3268 2588//3269 
f 2648//3269 2588//3269 2589//3270 
f 2649//3270 2589//3270 2590//3271 
f 2650//3271 2590//3271 2591//3272 
f 2651//3272 2591//3272 2592//3273 
f 2652//3273 2592//3273 2593//3274 
f 2653//3274 2593//3274 2594//3275 
f 2654//3275 2594//3275 2595//3276 
f 2655//3276 2595//3276 2596//3277 
f 2656//3277 2596//3277 2597//3278 
f 2657//3278 2597//3278 2583//3264 
f 2583//3264 2643//3264 2657//3278 
f 2597//3278 2657//3278 2656//3277 
f 2596//3277 2656//3277 2655//3276 
f 2595//3276 2655//3276 2654//3275 
f 2594//3275 2654//3275 2653//3274 
f 2593//3274 2653//3274 2652//3273 
f 2592//3273 2652//3273 2651//3272 
f 2591//3272 2651//3272 2650//3271 
f 2590//3271 2650//3271 2649//3270 
f 2589//3270 2649//3270 2648//3269 
f 2588//3269 2648//3269 2647//3268 
f 2587//3268 2647//3268 2646//3267 
f 2586//3267 2646//3267 2645//3266 
f 2585//3266 2645//3266 2644//3265 
f 2584//3265 2644//3265 2643//3264 
o mesh205
f 2645//3279 2563//3279 2565//3279 
f 2646//3279 2561//3279 2563//3279 
f 2656//3279 2541//3279 2543//3279 
f 2657//3279 2538//3279 2541//3279 
f 2644//3279 2565//3279 2539//3279 
f 2563//3279 2645//3279 2646//3279 
f 2648//3279 2557//3279 2559//3279 
f 2649//3279 2555//3279 2557//3279 
f 2541//3279 2656//3279 2657//3279 
f 2643//3279 2539//3279 2538//3279 
f 2565//3279 2644//3279 2645//3279 
f 2647//3279 2559//3279 2561//3279 
f 2557//3279 2648//3279 2649//3279 
f 2650//3279 2553//3279 2555//3279 
f 2652//3279 2549//3279 2551//3279 
f 2653//3279 2547//3279 2549//3279 
f 2654//3279 2545//3279 2547//3279 
f 2655//3279 2543//3279 2545//3279 
f 2538//3279 2657//3279 2643//3279 
f 2561//3279 2646//3279 2647//3279 
f 2555//3279 2649//3279 2650//3279 
f 2651//3279 2551//3279 2553//3279 
f 2549//3279 2652//3279 2653//3279 
f 2545//3279 2654//3279 2655//3279 
f 2539//3279 2643//3279 2644//3279 
f 2553//3279 2650//3279 2651//3279 
f 2547//3279 2653//3279 2654//3279 
f 2559//3279 2647//3279 2648//3279 
f 2543//3279 2655//3279 2656//3279 
f 2551//3279 2651//3279 2652//3279 
g Part 5
v 0.141706 0.051054 -0.00756976 
v 0.14278 0.051054 -0.00515756 
v 0.144743 0.051054 -0.00339074 
v 0.147254 0.051054 -0.00257478 
v 0.14988 0.051054 -0.00285079 
v 0.152167 0.051054 -0.00417103 
v 0.153719 0.051054 -0.00630722 
v 0.154268 0.051054 -0.00889 
v 0.153719 0.051054 -0.0114728 
v 0.152167 0.051054 -0.013609 
v 0.14988 0.051054 -0.0149292 
v 0.147254 0.051054 -0.0152052 
v 0.144743 0.051054 -0.0143893 
v 0.14278 0.051054 -0.0126224 
v 0.141706 0.051054 -0.0102102 
v 0.141568 0.051054 -0.00889 
v 0.147918 0.051054 -0.00889 
v 0.144743 0.0513201 -0.00339074 
v 0.147254 0.0513996 -0.00257478 
v 0.14988 0.0513713 -0.00285079 
v 0.152167 0.051256 -0.00417103 
v 0.153296 0.0511724 -0.00572588 
v 0.153719 0.0511411 -0.00630722 
v 0.154268 0.0511213 -0.00889 
v 0.153307 0.0512821 -0.0120388 
v 0.153719 0.0512319 -0.0114728 
v 0.152167 0.0514213 -0.013609 
v 0.14988 0.0515823 -0.0149292 
v 0.147254 0.0516201 -0.0152052 
v 0.144743 0.0515124 -0.0143893 
v 0.14278 0.0513228 -0.0126224 
v 0.141706 0.0511616 -0.0102102 
v 0.141706 0.0511151 -0.00756976 
v 0.14278 0.0511919 -0.00515756 
v 0.14352 0.0512459 -0.00430885 
v 0.0962816 9.87142e-11 -0.015875 
v 0.0966074 9.87141e-11 0.00279175 
v 0.101043 0.0208698 0.00279175 
v 0.100746 0.0210023 -0.015875 
v 0.113584 0.038131 0.00279175 
v 0.113366 0.0383731 -0.015875 
v 0.132062 0.048799 0.00279175 
v 0.173736 0.0447182 -0.015875 
v 0.173573 0.044436 0.00279175 
v 0.189429 0.0301594 0.00279175 
v 0.189692 0.0303509 -0.015875 
v 0.198107 0.010668 0.00279175 
v 0.199554 9.87139e-11 -0.015875 
v 0.199228 9.87138e-11 0.00279175 
v 0.198107 -0.010668 0.00279175 
v 0.198425 0.0107357 -0.015875 
v 0.189429 -0.0301594 0.00279175 
v 0.189692 -0.0303509 -0.015875 
v 0.196976 -0.0139922 -0.015875 
v 0.173573 -0.044436 0.00279175 
v 0.173736 -0.0447182 -0.015875 
v 0.153281 -0.0510292 0.00279175 
v 0.132062 -0.048799 0.00279175 
v 0.141466 -0.0501078 -0.015875 
v 0.131961 -0.0491088 -0.015875 
v 0.113584 -0.038131 0.00279175 
v 0.113366 -0.0383731 -0.015875 
v 0.101043 -0.0208698 0.00279175 
v 0.0992557 -0.0139922 -0.015875 
v 0.153315 0.0513532 -0.015875 
v 0.141466 0.0501078 -0.015875 
v 0.131961 0.0491088 -0.015875 
v 0.153281 0.0510292 0.00279175 
v 0.100746 -0.0210023 -0.015875 
v 0.153315 -0.0513532 -0.015875 
v 0.198425 -0.0107357 -0.015875 
v 0.0967367 9.87141e-11 0.002921 
v 0.101162 0.0208172 0.002921 
v 0.113671 0.0380349 0.002921 
v 0.132102 0.048676 0.002921 
v 0.153268 0.0509006 0.002921 
v 0.173508 0.044324 0.002921 
v 0.189324 0.0300834 0.002921 
v 0.19798 0.0106411 0.002921 
v 0.199099 9.87138e-11 0.002921 
v 0.19798 -0.0106411 0.002921 
v 0.189324 -0.0300834 0.002921 
v 0.173508 -0.044324 0.002921 
v 0.153268 -0.0509006 0.002921 
v 0.132102 -0.048676 0.002921 
v 0.113671 -0.0380349 0.002921 
v 0.101162 -0.0208172 0.002921 
v 0.16238 0.044509 0.002921 
v 0.179233 0.0347788 0.002921 
v 0.143026 0.0465431 0.002921 
v 0.124518 0.0405296 0.002921 
v 0.110056 0.0275081 0.002921 
v 0.124518 -0.0405296 0.002921 
v 0.110056 -0.0275081 0.002921 
v 0.143026 -0.0465431 0.002921 
v 0.194717 9.87138e-11 0.002921 
v 0.190671 0.0190351 0.002921 
v 0.102141 0.00973016 0.002921 
v 0.102141 -0.00973016 0.002921 
v 0.16238 -0.044509 0.002921 
v 0.179233 -0.0347788 0.002921 
v 0.190671 -0.0190351 0.002921 
v 0.194717 9.87138e-11 0.003421 
v 0.190671 0.0190351 0.003421 
v 0.179233 0.0347788 0.003421 
v 0.16238 0.044509 0.003421 
v 0.143026 0.0465431 0.003421 
v 0.124518 0.0405296 0.003421 
v 0.110056 0.0275081 0.003421 
v 0.102141 0.00973016 0.003421 
v 0.102141 -0.00973016 0.003421 
v 0.110056 -0.0275081 0.003421 
v 0.124518 -0.0405296 0.003421 
v 0.143026 -0.0465431 0.003421 
v 0.16238 -0.044509 0.003421 
v 0.179233 -0.0347788 0.003421 
v 0.190671 -0.0190351 0.003421 
v 0.173318 0.0439941 0.003421 
v 0.189016 0.0298595 0.003421 
v 0.197608 0.0105619 0.003421 
v 0.153228 0.0505217 0.003421 
v 0.198718 9.87138e-11 0.003421 
v 0.197608 -0.0105619 0.003421 
v 0.189016 -0.0298595 0.003421 
v 0.173318 -0.0439941 0.003421 
v 0.153228 -0.0505217 0.003421 
v 0.13222 -0.0483137 0.003421 
v 0.113926 -0.0377518 0.003421 
v 0.10151 -0.0206622 0.003421 
v 0.0971177 9.87141e-11 0.003421 
v 0.113926 0.0377518 0.003421 
v 0.13222 0.0483137 0.003421 
v 0.10151 0.0206622 0.003421 
v 0.0977827 9.8714e-11 0.041521 
v 0.102117 0.0203917 0.041521 
v 0.114371 0.0372575 0.041521 
v 0.132425 0.0476812 0.041521 
v 0.153158 0.0498603 0.041521 
v 0.172985 0.0434182 0.041521 
v 0.188478 0.0294686 0.041521 
v 0.196957 0.0104236 0.041521 
v 0.198053 9.87137e-11 0.041521 
v 0.196957 -0.0104236 0.041521 
v 0.188478 -0.0294686 0.041521 
v 0.172985 -0.0434182 0.041521 
v 0.153158 -0.0498603 0.041521 
v 0.132425 -0.0476812 0.041521 
v 0.114371 -0.0372575 0.041521 
v 0.102117 -0.0203917 0.041521 
v 0.12474 0.0401446 0.041521 
v 0.143072 0.0461011 0.041521 
v 0.110416 0.0272468 0.041521 
v 0.102576 0.00963775 0.041521 
v 0.102576 -0.00963775 0.041521 
v 0.110416 -0.0272468 0.041521 
v 0.12474 -0.0401446 0.041521 
v 0.162242 0.0440862 0.041521 
v 0.178935 0.0344485 0.041521 
v 0.143072 -0.0461011 0.041521 
v 0.162242 -0.0440862 0.041521 
v 0.178935 -0.0344485 0.041521 
v 0.190265 -0.0188543 0.041521 
v 0.194273 9.87137e-11 0.041521 
v 0.190265 0.0188543 0.041521 
v 0.194273 9.87137e-11 0.042021 
v 0.190265 0.0188543 0.042021 
v 0.178935 0.0344485 0.042021 
v 0.162242 0.0440862 0.042021 
v 0.143072 0.0461011 0.042021 
v 0.12474 0.0401446 0.042021 
v 0.110416 0.0272468 0.042021 
v 0.102576 0.00963775 0.042021 
v 0.102576 -0.00963775 0.042021 
v 0.110416 -0.0272468 0.042021 
v 0.12474 -0.0401446 0.042021 
v 0.143072 -0.0461011 0.042021 
v 0.162242 -0.0440862 0.042021 
v 0.178935 -0.0344485 0.042021 
v 0.190265 -0.0188543 0.042021 
v 0.194073 0.0205495 0.042021 
v 0.19844 9.87137e-11 0.042021 
v 0.16353 0.04805 0.042021 
v 0.181724 0.0375457 0.042021 
v 0.194073 -0.0205495 0.042021 
v 0.16353 -0.04805 0.042021 
v 0.142637 -0.050246 0.042021 
v 0.107044 -0.0296965 0.042021 
v 0.098499 -0.0105043 0.042021 
v 0.181724 -0.0375457 0.042021 
v 0.122656 -0.043754 0.042021 
v 0.122656 0.043754 0.042021 
v 0.142637 0.050246 0.042021 
v 0.098499 0.0105043 0.042021 
v 0.107044 0.0296965 0.042021 
v 0.194185 0.0205993 0.042148 
v 0.196374 0.0102997 0.042148 
v 0.187995 0.0291181 0.042148 
v 0.181806 0.0376369 0.042148 
v 0.172687 0.0429017 0.042148 
v 0.163568 0.0481666 0.042148 
v 0.142624 0.0503679 0.042148 
v 0.153096 0.0492673 0.042148 
v 0.132609 0.0471141 0.042148 
v 0.122595 0.0438602 0.042148 
v 0.106945 0.0297686 0.042148 
v 0.11477 0.0368144 0.042148 
v 0.102662 0.0201492 0.042148 
v 0.098379 0.0105298 0.042148 
v 0.098379 9.8714e-11 0.042148 
v 0.098379 -0.0105298 0.042148 
v 0.106945 -0.0297686 0.042148 
v 0.102662 -0.0201492 0.042148 
v 0.11477 -0.0368144 0.042148 
v 0.122595 -0.0438602 0.042148 
v 0.132609 -0.0471141 0.042148 
v 0.142624 -0.0503679 0.042148 
v 0.163568 -0.0481666 0.042148 
v 0.153096 -0.0492673 0.042148 
v 0.181806 -0.0376369 0.042148 
v 0.172687 -0.0429017 0.042148 
v 0.187995 -0.0291181 0.042148 
v 0.194185 -0.0205993 0.042148 
v 0.198563 9.87137e-11 0.042148 
v 0.196374 -0.0102997 0.042148 
v 0.0985984 0.0104831 0.0549973 
v 0.0985984 9.8714e-11 0.0549973 
v 0.107126 0.0296368 0.0549973 
v 0.102862 0.02006 0.0549973 
v 0.122707 0.043666 0.0549973 
v 0.114917 0.0366514 0.0549973 
v 0.142647 0.0501449 0.0549973 
v 0.132677 0.0469054 0.0549973 
v 0.163499 0.0479533 0.0549973 
v 0.153073 0.0490491 0.0549973 
v 0.181656 0.0374702 0.0549973 
v 0.172577 0.0427117 0.0549973 
v 0.19398 0.0205081 0.0549973 
v 0.187818 0.0289891 0.0549973 
v 0.198339 9.87137e-11 0.0549973 
v 0.196159 0.0102541 0.0549973 
v 0.19398 -0.0205081 0.0549973 
v 0.196159 -0.0102541 0.0549973 
v 0.181656 -0.0374702 0.0549973 
v 0.187818 -0.0289891 0.0549973 
v 0.163499 -0.0479533 0.0549973 
v 0.172577 -0.0427117 0.0549973 
v 0.142647 -0.0501449 0.0549973 
v 0.153073 -0.0490491 0.0549973 
v 0.122707 -0.043666 0.0549973 
v 0.132677 -0.0469054 0.0549973 
v 0.107126 -0.0296368 0.0549973 
v 0.114917 -0.0366514 0.0549973 
v 0.0985984 -0.0104831 0.0549973 
v 0.102862 -0.02006 0.0549973 
v 0.19496 0.0099992 0.056245 
v 0.192835 0.0199984 0.056245 
v 0.186826 0.0282686 0.056245 
v 0.180817 0.0365389 0.056245 
v 0.171964 0.0416502 0.056245 
v 0.163111 0.0467615 0.056245 
v 0.152945 0.04783 0.056245 
v 0.142778 0.0488986 0.056245 
v 0.123334 0.0425807 0.056245 
v 0.133056 0.0457396 0.056245 
v 0.115737 0.0357404 0.056245 
v 0.10814 0.0289002 0.056245 
v 0.0998242 0.0102226 0.056245 
v 0.103982 0.0195614 0.056245 
v 0.0998242 9.8714e-11 0.056245 
v 0.0998242 -0.0102226 0.056245 
v 0.103982 -0.0195614 0.056245 
v 0.10814 -0.0289002 0.056245 
v 0.115737 -0.0357404 0.056245 
v 0.123334 -0.0425807 0.056245 
v 0.142778 -0.0488986 0.056245 
v 0.133056 -0.0457396 0.056245 
v 0.152945 -0.04783 0.056245 
v 0.163111 -0.0467615 0.056245 
v 0.171964 -0.0416502 0.056245 
v 0.180817 -0.0365389 0.056245 
v 0.186826 -0.0282686 0.056245 
v 0.192835 -0.0199984 0.056245 
v 0.19496 -0.0099992 0.056245 
v 0.197086 9.87137e-11 0.056245 
v 0.198237 9.87137e-11 0.0554726 
v 0.193887 0.0204669 0.0554726 
v 0.181588 0.0373949 0.0554726 
v 0.163467 0.047857 0.0554726 
v 0.142658 0.0500441 0.0554726 
v 0.122758 0.0435782 0.0554726 
v 0.107208 0.0295772 0.0554726 
v 0.0986975 0.0104621 0.0554726 
v 0.0986975 -0.0104621 0.0554726 
v 0.107208 -0.0295772 0.0554726 
v 0.122758 -0.0435782 0.0554726 
v 0.142658 -0.0500441 0.0554726 
v 0.163467 -0.047857 0.0554726 
v 0.181588 -0.0373949 0.0554726 
v 0.193887 -0.0204669 0.0554726 
v 0.197965 9.87137e-11 0.0558751 
v 0.193638 0.0203561 0.0558751 
v 0.181406 0.0371924 0.0558751 
v 0.163383 0.0475979 0.0558751 
v 0.142686 0.0497732 0.0558751 
v 0.122894 0.0433423 0.0558751 
v 0.107429 0.0294171 0.0558751 
v 0.098964 0.0104054 0.0558751 
v 0.098964 -0.0104054 0.0558751 
v 0.107429 -0.0294171 0.0558751 
v 0.122894 -0.0433423 0.0558751 
v 0.142686 -0.0497732 0.0558751 
v 0.163383 -0.0475979 0.0558751 
v 0.181406 -0.0371924 0.0558751 
v 0.193638 -0.0203561 0.0558751 
v 0.197561 9.87137e-11 0.0561458 
v 0.193269 0.0201919 0.0561458 
v 0.181136 0.0368925 0.0561458 
v 0.163258 0.047214 0.0561458 
v 0.142729 0.0493717 0.0561458 
v 0.123096 0.0429927 0.0561458 
v 0.107755 0.0291798 0.0561458 
v 0.0993588 0.0103215 0.0561458 
v 0.0993588 -0.0103215 0.0561458 
v 0.107755 -0.0291798 0.0561458 
v 0.123096 -0.0429927 0.0561458 
v 0.142729 -0.0493717 0.0561458 
v 0.163258 -0.047214 0.0561458 
v 0.181136 -0.0368925 0.0561458 
v 0.193269 -0.0201919 0.0561458 
v 0.146588 9.87138e-11 0.0568713 
v 0.146703 0.000540974 0.0568713 
v 0.147028 0.000988408 0.0568713 
v 0.147507 0.00126494 0.0568713 
v 0.148057 0.00132275 0.0568713 
v 0.148583 0.00115184 0.0568713 
v 0.148994 0.000781775 0.0568713 
v 0.149219 0.00027653 0.0568713 
v 0.149248 9.87138e-11 0.0568713 
v 0.149219 -0.00027653 0.0568713 
v 0.148994 -0.000781774 0.0568713 
v 0.148583 -0.00115184 0.0568713 
v 0.148057 -0.00132275 0.0568713 
v 0.147507 -0.00126494 0.0568713 
v 0.147028 -0.000988408 0.0568713 
v 0.146703 -0.000540973 0.0568713 
v 0.147918 9.87138e-11 0.0568713 
v 0.120136 -0.0246062 -0.015875 
v 0.131249 -0.0246062 -0.015875 
v 0.117403 -0.0240625 -0.015875 
v 0.133983 -0.0240625 -0.015875 
v 0.137849 -0.0201963 -0.015875 
v 0.115085 -0.0225139 -0.015875 
v 0.113536 -0.0201963 -0.015875 
v 0.112993 -0.0139922 -0.015875 
v 0.112993 -0.0174625 -0.015875 
v 0.138393 -0.0174625 -0.015875 
v 0.1363 -0.0225139 -0.015875 
v 0.131249 0.0246063 -0.015875 
v 0.120136 0.0246063 -0.015875 
v 0.133983 0.0240625 -0.015875 
v 0.138393 -0.0139922 -0.015875 
v 0.138393 0.0174625 -0.015875 
v 0.117403 0.0240625 -0.015875 
v 0.103677 0.00198677 -0.015875 
v 0.113536 0.0201963 -0.015875 
v 0.1363 0.0225139 -0.015875 
v 0.137849 0.0201963 -0.015875 
v 0.102131 0.00148459 -0.015875 
v 0.115085 0.0225139 -0.015875 
v 0.10285 0.00189994 -0.015875 
v 0.103677 -0.00198677 -0.015875 
v 0.101643 -0.000812542 -0.015875 
v 0.105084 0.00117422 -0.015875 
v 0.104467 0.00173007 -0.015875 
v 0.112993 0.0174625 -0.015875 
v 0.105422 -0.000415347 -0.015875 
v 0.105422 0.000415347 -0.015875 
v 0.104467 -0.00173007 -0.015875 
v 0.102131 -0.00148459 -0.015875 
v 0.105084 -0.00117422 -0.015875 
v 0.10285 -0.00189994 -0.015875 
v 0.101643 0.000812542 -0.015875 
v 0.10147 9.87142e-11 -0.015875 
v 0.164586 -0.0246062 -0.015875 
v 0.175699 -0.0246062 -0.015875 
v 0.161853 -0.0240625 -0.015875 
v 0.178433 -0.0240625 -0.015875 
v 0.159535 -0.0225139 -0.015875 
v 0.182299 -0.0201963 -0.015875 
v 0.157443 -0.0174625 -0.015875 
v 0.157986 -0.0201963 -0.015875 
v 0.182843 -0.0174625 -0.015875 
v 0.157443 -0.0139922 -0.015875 
v 0.18075 -0.0225139 -0.015875 
v 0.191606 0.00199771 -0.015875 
v 0.190841 0.00184564 -0.015875 
v 0.182299 0.0201963 -0.015875 
v 0.19313 0.00199771 -0.015875 
v 0.190193 0.00141259 -0.015875 
v 0.182843 0.0174625 -0.015875 
v 0.193894 0.00184564 -0.015875 
v 0.19313 -0.00199771 -0.015875 
v 0.193894 -0.00184564 -0.015875 
v 0.18075 0.0225139 -0.015875 
v 0.191606 -0.00199771 -0.015875 
v 0.182843 -0.0139922 -0.015875 
v 0.190841 -0.00184564 -0.015875 
v 0.194542 0.00141259 -0.015875 
v 0.164586 0.0246063 -0.015875 
v 0.194975 0.000764491 -0.015875 
v 0.175699 0.0246063 -0.015875 
v 0.194542 -0.00141259 -0.015875 
v 0.194975 -0.00076449 -0.015875 
v 0.190193 -0.00141259 -0.015875 
v 0.178433 0.0240625 -0.015875 
v 0.18976 0.000764491 -0.015875 
v 0.195127 9.87139e-11 -0.015875 
v 0.149607 0.00292561 -0.015875 
v 0.157986 0.0201963 -0.015875 
v 0.157443 0.0174625 -0.015875 
v 0.148271 0.00335969 -0.015875 
v 0.18976 -0.00076449 -0.015875 
v 0.151222 0.000702367 -0.015875 
v 0.150651 0.00198566 -0.015875 
v 0.151222 -0.000702367 -0.015875 
v 0.146874 -0.00321286 -0.015875 
v 0.148271 -0.00335969 -0.015875 
v 0.159535 0.0225139 -0.015875 
v 0.161853 0.0240625 -0.015875 
v 0.189608 9.87139e-11 -0.015875 
v 0.144832 0.00137404 -0.015875 
v 0.144539 9.8714e-11 -0.015875 
v 0.150651 -0.00198566 -0.015875 
v 0.149607 -0.00292561 -0.015875 
v 0.145657 0.00251049 -0.015875 
v 0.144832 -0.00137404 -0.015875 
v 0.145657 -0.00251049 -0.015875 
v 0.146874 0.00321286 -0.015875 
v 0.141466 -0.0139922 -0.015875 
v 0.182843 0.0174625 -0.015621 
v 0.182843 -0.0174625 -0.015621 
v 0.178433 -0.0240625 -0.015621 
v 0.182299 -0.0201963 -0.015621 
v 0.157443 -0.0174625 -0.015621 
v 0.164586 -0.0246062 -0.015621 
v 0.161853 -0.0240625 -0.015621 
v 0.175699 -0.0246062 -0.015621 
v 0.18075 -0.0225139 -0.015621 
v 0.178433 0.0240625 -0.015621 
v 0.18075 0.0225139 -0.015621 
v 0.182299 0.0201963 -0.015621 
v 0.159535 -0.0225139 -0.015621 
v 0.175699 0.0246063 -0.015621 
v 0.157443 0.0174625 -0.015621 
v 0.164586 0.0246063 -0.015621 
v 0.157986 0.0201963 -0.015621 
v 0.159535 0.0225139 -0.015621 
v 0.161853 0.0240625 -0.015621 
v 0.157986 -0.0201963 -0.015621 
v 0.120136 0.0246063 -0.015621 
v 0.131249 0.0246063 -0.015621 
v 0.133983 -0.0240625 -0.015621 
v 0.138393 -0.0174625 -0.015621 
v 0.137849 -0.0201963 -0.015621 
v 0.112993 -0.0174625 -0.015621 
v 0.120136 -0.0246062 -0.015621 
v 0.117403 -0.0240625 -0.015621 
v 0.131249 -0.0246062 -0.015621 
v 0.1363 -0.0225139 -0.015621 
v 0.138393 0.0174625 -0.015621 
v 0.133983 0.0240625 -0.015621 
v 0.1363 0.0225139 -0.015621 
v 0.115085 -0.0225139 -0.015621 
v 0.112993 0.0174625 -0.015621 
v 0.117403 0.0240625 -0.015621 
v 0.113536 0.0201963 -0.015621 
v 0.115085 0.0225139 -0.015621 
v 0.113536 -0.0201963 -0.015621 
v 0.137849 0.0201963 -0.015621 
v 0.19313 -0.00199771 -0.010287 
v 0.191606 -0.00199771 -0.010287 
v 0.195127 9.87138e-11 -0.010287 
v 0.194542 -0.00141259 -0.010287 
v 0.193894 -0.00184564 -0.010287 
v 0.189608 9.87139e-11 -0.010287 
v 0.190193 0.00141259 -0.010287 
v 0.190841 0.00184564 -0.010287 
v 0.194975 -0.00076449 -0.010287 
v 0.194542 0.00141259 -0.010287 
v 0.194975 0.000764491 -0.010287 
v 0.18976 0.000764491 -0.010287 
v 0.191606 0.00199771 -0.010287 
v 0.190193 -0.00141259 -0.010287 
v 0.18976 -0.00076449 -0.010287 
v 0.19313 0.00199771 -0.010287 
v 0.193894 0.00184564 -0.010287 
v 0.190841 -0.00184564 -0.010287 
v 0.10147 9.87141e-11 -0.010287 
v 0.101643 -0.000812542 -0.010287 
v 0.102131 -0.00148459 -0.010287 
v 0.10285 -0.00189994 -0.010287 
v 0.103677 -0.00198677 -0.010287 
v 0.104467 -0.00173007 -0.010287 
v 0.105084 -0.00117422 -0.010287 
v 0.105422 -0.000415347 -0.010287 
v 0.105422 0.000415347 -0.010287 
v 0.105084 0.00117422 -0.010287 
v 0.104467 0.00173007 -0.010287 
v 0.103677 0.00198677 -0.010287 
v 0.10285 0.00189994 -0.010287 
v 0.102131 0.00148459 -0.010287 
v 0.101643 0.000812542 -0.010287 
v 0.103468 9.87141e-11 -0.010287 
v 0.144539 9.8714e-11 -0.00873125 
v 0.144832 -0.00137404 -0.00873125 
v 0.145657 -0.00251049 -0.00873125 
v 0.146874 -0.00321286 -0.00873125 
v 0.148271 -0.00335969 -0.00873125 
v 0.149607 -0.00292561 -0.00873125 
v 0.150651 -0.00198566 -0.00873125 
v 0.151222 -0.000702367 -0.00873125 
v 0.151222 0.000702367 -0.00873125 
v 0.150651 0.00198566 -0.00873125 
v 0.149607 0.00292561 -0.00873125 
v 0.148271 0.00335969 -0.00873125 
v 0.146874 0.00321286 -0.00873125 
v 0.145657 0.00251049 -0.00873125 
v 0.144832 0.00137404 -0.00873125 
v 0.147918 9.8714e-11 -0.00873125 
vn 3.19827e-15 1 2.59769e-15 
vn 0.104528 2.24915e-15 -0.994522 
vn 0.5 6.50535e-16 -0.866025 
vn -0.309017 3.45887e-15 -0.951057 
vn -0.669131 4.07052e-15 -0.743145 
vn -0.86192 4.0738e-15 -0.507045 
vn -0.913545 3.97834e-15 -0.406737 
vn -1 3.19827e-15 -3.54994e-14 
vn -0.913545 1.86519e-15 0.406737 
vn -0.669131 2.09596e-16 0.743145 
vn -0.863451 1.45118e-15 0.504434 
vn -0.913545 1.86519e-15 0.406737 
vn -0.309017 -1.48223e-15 0.951057 
vn -0.669131 2.09596e-16 0.743145 
vn 0.104528 -2.91777e-15 0.994522 
vn -0.309017 -1.48223e-15 0.951057 
vn 0.5 -3.8488e-15 0.866025 
vn 0.809017 -4.11434e-15 0.587785 
vn 0.978148 -3.66847e-15 0.207912 
vn 0.978148 -2.58829e-15 -0.207912 
vn 1 -3.19827e-15 3.5132e-14 
vn 0.809017 -1.06057e-15 -0.587785 
vn 0.692476 -3.40639e-16 -0.721441 
vn 0.978148 -3.66847e-15 0.207912 
vn -0.999848 3.15244e-15 0.0174524 
vn -0.913406 0.406675 0.0174524 
vn -0.669029 0.743032 0.0174524 
vn -0.30897 0.950912 0.0174524 
vn 0.499924 0.865894 0.0174524 
vn 0.808894 0.587696 0.0174524 
vn 0.977999 0.20788 0.0174524 
vn 0.999848 -3.12067e-15 0.0174524 
vn 0.977999 -0.20788 0.0174524 
vn 0.977999 0.20788 0.0174524 
vn 0.808894 -0.587696 0.0174524 
vn 0.961503 -0.274239 0.0174524 
vn 0.499924 -0.865894 0.0174524 
vn 0.104513 -0.99437 0.0174524 
vn -0.30897 -0.950912 0.0174524 
vn -0.127681 -0.991662 0.0174524 
vn -0.669029 -0.743032 0.0174524 
vn -0.913406 -0.406675 0.0174524 
vn -0.960913 -0.2763 0.0174524 
vn 0.112692 0.993477 0.0174524 
vn 0.104517 0.99437 0.0174524 
vn 0.123248 0.992222 0.0174524 
vn 0.104513 0.99437 0.0174524 
vn 0.10451 0.994371 0.0174524 
vn 0.112494 0.993499 0.0174524 
vn 0.038008 0.999125 0.0174524 
vn 0.0823376 0.996452 0.0174524 
vn -0.127681 0.991662 0.0174524 
vn -0.0128554 0.999765 0.0174524 
vn -0.099584 0.994876 0.0174524 
vn -0.0615095 0.997954 0.0174524 
vn -0.30897 0.950912 0.0174524 
vn -0.120501 0.99256 0.0174524 
vn -0.120609 0.992547 0.0174524 
vn -0.0617392 0.99794 0.0174524 
vn -0.0854791 0.996187 0.0174524 
vn -0.0998362 0.994851 0.0174524 
vn 0.104513 0.99437 0.0174524 
vn -0.0129106 0.999764 0.0174524 
vn 0.0381639 0.999119 0.0174524 
vn 0.0826013 0.99643 0.0174524 
vn -0.913406 -0.406675 0.0174524 
vn 0.104513 -0.99437 0.0174524 
vn 0.977999 -0.20788 0.0174524 
vn -0.707107 4.2467e-16 0.707107 
vn -0.645974 0.287606 0.707107 
vn -0.473147 0.525483 0.707107 
vn -0.218508 0.672499 0.707107 
vn 0.0739128 0.703233 0.707107 
vn 0.353553 0.612372 0.707107 
vn 0.572061 0.415627 0.707107 
vn 0.691655 0.147016 0.707107 
vn 0.707107 -4.01177e-15 0.707107 
vn 0.691655 -0.147016 0.707107 
vn 0.691655 0.147016 0.707107 
vn 0.572061 -0.415627 0.707107 
vn 0.353553 -0.612372 0.707107 
vn 0.0739128 -0.703233 0.707107 
vn -0.218508 -0.672499 0.707107 
vn -0.473147 -0.525483 0.707107 
vn -0.645974 -0.287606 0.707107 
vn -3.54994e-14 -2.59769e-15 1 
vn 1 -3.19827e-15 3.54994e-14 
vn 0.913545 0.406737 3.34869e-14 
vn 0.669131 0.743145 2.56842e-14 
vn 0.309017 0.951057 1.34405e-14 
vn -0.104528 0.994522 -1.12723e-15 
vn -0.5 0.866025 -1.55e-14 
vn -0.809017 0.587785 -2.71927e-14 
vn -0.978148 0.207912 -3.41835e-14 
vn -0.978148 -0.207912 -3.52637e-14 
vn -0.809017 -0.587785 -3.02465e-14 
vn -0.5 -0.866025 -1.99994e-14 
vn -0.104528 -0.994522 -6.29416e-15 
vn 0.309017 -0.951057 8.49936e-15 
vn 0.669131 -0.743145 2.18233e-14 
vn 0.913545 -0.406737 3.13737e-14 
vn 3.54994e-14 2.59769e-15 -1 
vn -0.999848 3.15244e-15 0.0174524 
vn -0.913406 0.406675 0.0174524 
vn -0.669029 0.743032 0.0174524 
vn -0.30897 0.950912 0.0174524 
vn 0.104513 0.99437 0.0174524 
vn 0.499924 0.865894 0.0174524 
vn 0.808894 0.587696 0.0174524 
vn 0.977999 0.20788 0.0174524 
vn 0.999848 -3.12067e-15 0.0174524 
vn 0.977999 -0.20788 0.0174524 
vn 0.977999 0.20788 0.0174524 
vn 0.808894 -0.587696 0.0174524 
vn 0.499924 -0.865894 0.0174524 
vn 0.104513 -0.99437 0.0174524 
vn -0.30897 -0.950912 0.0174524 
vn -0.669029 -0.743032 0.0174524 
vn -0.913406 -0.406675 0.0174524 
vn -3.54994e-14 -2.59769e-15 1 
vn 1 -3.19827e-15 3.54994e-14 
vn 0.913545 0.406737 3.34869e-14 
vn 0.669131 0.743145 2.56842e-14 
vn 0.309017 0.951057 1.34405e-14 
vn -0.104528 0.994522 -1.12723e-15 
vn -0.5 0.866025 -1.55e-14 
vn -0.809017 0.587785 -2.71927e-14 
vn -0.978148 0.207912 -3.41835e-14 
vn -0.978148 -0.207912 -3.52637e-14 
vn -0.809017 -0.587785 -3.02465e-14 
vn -0.5 -0.866025 -1.99994e-14 
vn -0.104528 -0.994522 -6.29416e-15 
vn 0.309017 -0.951057 8.49936e-15 
vn 0.669131 -0.743145 2.18233e-14 
vn 0.913545 -0.406737 3.13737e-14 
vn 3.54994e-14 2.59769e-15 -1 
vn 0.65715 0.292582 -0.694658 
vn 0.70362 0.149559 -0.694658 
vn 0.71934 -4.96132e-16 -0.694658 
vn 0.481332 0.534574 -0.694658 
vn 0.581958 0.422817 -0.694658 
vn 0.222288 0.684133 -0.694658 
vn 0.35967 0.622967 -0.694658 
vn -0.0751915 0.715399 -0.694658 
vn 0.0751915 0.715399 -0.694658 
vn -0.35967 0.622967 -0.694658 
vn -0.222288 0.684133 -0.694658 
vn -0.581958 0.422817 -0.694658 
vn -0.481332 0.534574 -0.694658 
vn -0.70362 0.149559 -0.694658 
vn -0.65715 0.292582 -0.694658 
vn -0.70362 -0.149559 -0.694658 
vn -0.71934 4.19324e-15 -0.694658 
vn -0.581958 -0.422817 -0.694658 
vn -0.65715 -0.292582 -0.694658 
vn -0.35967 -0.622967 -0.694658 
vn -0.481332 -0.534574 -0.694658 
vn -0.0751915 -0.715399 -0.694658 
vn -0.222288 -0.684133 -0.694658 
vn 0.222288 -0.684133 -0.694658 
vn 0.0751915 -0.715399 -0.694658 
vn 0.481332 -0.534574 -0.694658 
vn 0.35967 -0.622967 -0.694658 
vn 0.65715 -0.292582 -0.694658 
vn 0.581958 -0.422817 -0.694658 
vn 0.71934 -4.96132e-16 -0.694658 
vn 0.70362 -0.149559 -0.694658 
vn -0.913406 0.406675 0.0174524 
vn -0.977999 0.20788 0.0174524 
vn -0.999848 3.15244e-15 0.0174524 
vn -0.669029 0.743032 0.0174524 
vn -0.808894 0.587696 0.0174524 
vn -0.913406 0.406675 0.0174524 
vn -0.30897 0.950912 0.0174524 
vn -0.499924 0.865894 0.0174524 
vn -0.669029 0.743032 0.0174524 
vn 0.104513 0.99437 0.0174524 
vn -0.104513 0.99437 0.0174524 
vn -0.30897 0.950912 0.0174524 
vn 0.499924 0.865894 0.0174524 
vn 0.30897 0.950912 0.0174524 
vn 0.104513 0.99437 0.0174524 
vn 0.808894 0.587696 0.0174524 
vn 0.669029 0.743032 0.0174524 
vn 0.499924 0.865894 0.0174524 
vn 0.977999 0.20788 0.0174524 
vn 0.913406 0.406675 0.0174524 
vn 0.808894 0.587696 0.0174524 
vn 0.977999 -0.20788 0.0174524 
vn 0.999848 -3.12067e-15 0.0174524 
vn 0.977999 0.20788 0.0174524 
vn 0.808894 -0.587696 0.0174524 
vn 0.913406 -0.406675 0.0174524 
vn 0.977999 -0.20788 0.0174524 
vn 0.499924 -0.865894 0.0174524 
vn 0.669029 -0.743032 0.0174524 
vn 0.808894 -0.587696 0.0174524 
vn 0.104513 -0.99437 0.0174524 
vn 0.30897 -0.950912 0.0174524 
vn 0.499924 -0.865894 0.0174524 
vn -0.30897 -0.950912 0.0174524 
vn -0.104513 -0.99437 0.0174524 
vn 0.104513 -0.99437 0.0174524 
vn -0.669029 -0.743032 0.0174524 
vn -0.499924 -0.865894 0.0174524 
vn -0.30897 -0.950912 0.0174524 
vn -0.913406 -0.406675 0.0174524 
vn -0.808894 -0.587696 0.0174524 
vn -0.669029 -0.743032 0.0174524 
vn -0.977999 -0.20788 0.0174524 
vn -0.913406 -0.406675 0.0174524 
vn 0.920078 -3.96026e-15 0.391735 
vn 0.999848 -3.24312e-15 0.0174524 
vn 0.969743 0.206125 0.13081 
vn 0.840533 0.37423 0.391735 
vn 0.913406 0.406675 0.0174524 
vn 0.802065 0.582735 0.13081 
vn 0.615652 0.683751 0.391735 
vn 0.669029 0.743032 0.0174524 
vn 0.495704 0.858584 0.13081 
vn 0.28432 0.875046 0.391735 
vn 0.30897 0.950912 0.0174524 
vn 0.10363 0.985976 0.13081 
vn -0.0961744 0.915038 0.391735 
vn -0.104513 0.99437 0.0174524 
vn -0.306362 0.942884 0.13081 
vn -0.460039 0.796811 0.391735 
vn -0.499924 0.865894 0.0174524 
vn -0.663381 0.736759 0.13081 
vn -0.744359 0.540808 0.391735 
vn -0.808894 0.587696 0.0174524 
vn -0.905696 0.403242 0.13081 
vn -0.899972 0.191295 0.391735 
vn -0.977999 0.20788 0.0174524 
vn -0.991407 2.95239e-15 0.13081 
vn -0.899972 -0.191295 0.391735 
vn -0.977999 -0.20788 0.0174524 
vn -0.905696 -0.403242 0.13081 
vn -0.744359 -0.540808 0.391735 
vn -0.808894 -0.587696 0.0174524 
vn -0.663381 -0.736759 0.13081 
vn -0.460039 -0.796811 0.391735 
vn -0.499924 -0.865894 0.0174524 
vn -0.306362 -0.942884 0.13081 
vn -0.0961744 -0.915038 0.391735 
vn -0.104513 -0.99437 0.0174524 
vn 0.10363 -0.985976 0.13081 
vn 0.28432 -0.875046 0.391735 
vn 0.30897 -0.950912 0.0174524 
vn 0.495704 -0.858584 0.13081 
vn 0.615652 -0.683751 0.391735 
vn 0.669029 -0.743032 0.0174524 
vn 0.802065 -0.582735 0.13081 
vn 0.840533 -0.37423 0.391735 
vn 0.913406 -0.406675 0.0174524 
vn 0.969743 -0.206125 0.13081 
vn 0.705563 -4.09743e-15 0.708647 
vn 0.644564 0.286978 0.708647 
vn 0.472114 0.524335 0.708647 
vn 0.218031 0.67103 0.708647 
vn -0.0737514 0.701698 0.708647 
vn -0.352781 0.611035 0.708647 
vn -0.570812 0.414719 0.708647 
vn -0.690145 0.146695 0.708647 
vn -0.690145 -0.146695 0.708647 
vn -0.570812 -0.414719 0.708647 
vn -0.352781 -0.611035 0.708647 
vn -0.0737514 -0.701698 0.708647 
vn 0.218031 -0.67103 0.708647 
vn 0.472114 -0.524335 0.708647 
vn 0.644564 -0.286978 0.708647 
vn 0.387718 -3.63452e-15 0.921778 
vn 0.354198 0.157699 0.921778 
vn 0.259434 0.28813 0.921778 
vn 0.119811 0.368741 0.921778 
vn -0.0405275 0.385594 0.921778 
vn -0.193859 0.335773 0.921778 
vn -0.31367 0.227895 0.921778 
vn -0.379245 0.080611 0.921778 
vn -0.379245 -0.080611 0.921778 
vn -0.31367 -0.227895 0.921778 
vn -0.193859 -0.335773 0.921778 
vn -0.0405275 -0.385594 0.921778 
vn 0.119811 -0.368741 0.921778 
vn 0.259434 -0.28813 0.921778 
vn 0.354198 -0.157699 0.921778 
vn -0.626044 -0.13307 0.76835 
vn 0.0119591 0.00532454 0.999914 
vn -0.517796 -0.3762 0.76835 
vn 0.00875951 0.00972842 0.999914 
vn -0.320015 -0.554283 0.76835 
vn 0.00404531 0.0124502 0.999914 
vn -0.0669014 -0.636524 0.76835 
vn -0.00136837 0.0130192 0.999914 
vn -0.00654544 0.011337 0.999914 
vn 0.19778 -0.608705 0.76835 
vn 0.428264 -0.475635 0.76835 
vn -0.0105907 0.00769463 0.999914 
vn -0.0128048 0.00272175 0.999914 
vn 0.584697 -0.260324 0.76835 
vn 0.64003 -4.12131e-15 0.76835 
vn -0.0128048 -0.00272175 0.999914 
vn 0.584697 0.260324 0.76835 
vn -0.0105907 -0.00769463 0.999914 
vn 0.428264 0.475635 0.76835 
vn -0.00654544 -0.011337 0.999914 
vn -0.00136837 -0.0130192 0.999914 
vn 0.19778 0.608705 0.76835 
vn -0.0669014 0.636524 0.76835 
vn 0.00404531 -0.0124502 0.999914 
vn -0.320015 0.554283 0.76835 
vn 0.00875951 -0.00972842 0.999914 
vn -0.517796 0.3762 0.76835 
vn 0.0119591 -0.00532454 0.999914 
vn -0.626044 0.13307 0.76835 
vn 0.0130909 -2.63934e-15 0.999914 
vn -0.0128048 0.00272175 0.999914 
vn -0.0130909 -2.5556e-15 0.999914 
vn -0.0119591 0.00532454 0.999914 
vn -0.0105907 0.00769463 0.999914 
vn -0.00875951 0.00972842 0.999914 
vn -0.00654544 0.011337 0.999914 
vn -0.00404531 0.0124502 0.999914 
vn -0.00136837 0.0130192 0.999914 
vn 0.00136837 0.0130192 0.999914 
vn 0.00404531 0.0124502 0.999914 
vn 0.00654544 0.011337 0.999914 
vn 0.00875951 0.00972842 0.999914 
vn 0.0105907 0.00769463 0.999914 
vn 0.0119591 0.00532454 0.999914 
vn 0.0128048 0.00272175 0.999914 
vn 0.0128048 -0.00272175 0.999914 
vn 0.0130909 -2.63774e-15 0.999914 
vn 0.0119591 -0.00532454 0.999914 
vn 0.0128048 -0.00272175 0.999914 
vn 0.0105907 -0.00769463 0.999914 
vn 0.00875951 -0.00972842 0.999914 
vn 0.00654544 -0.011337 0.999914 
vn 0.00404531 -0.0124502 0.999914 
vn 0.00136837 -0.0130192 0.999914 
vn -0.00136837 -0.0130192 0.999914 
vn -0.00404531 -0.0124502 0.999914 
vn -0.00654544 -0.011337 0.999914 
vn -0.00875951 -0.00972842 0.999914 
vn -0.0105907 -0.00769463 0.999914 
vn -0.0119591 -0.00532454 0.999914 
vn -0.0128048 -0.00272175 0.999914 
vn -0.0130909 -2.55466e-15 0.999914 
vn -3.54994e-14 -2.59769e-15 1 
vn 3.54994e-14 2.59769e-15 -1 
vn -1 3.39695e-15 -3.54994e-14 
vn -0.382683 0.92388 -1.11851e-14 
vn 3.01457e-15 1 2.59769e-15 
vn -0.707107 0.707107 -2.3265e-14 
vn -0.382683 0.92388 -1.11851e-14 
vn -0.92388 0.382683 -3.18031e-14 
vn -0.707107 0.707107 -2.3265e-14 
vn -1 3.0758e-15 -3.54994e-14 
vn -0.92388 0.382683 -3.18031e-14 
vn 2.88606e-15 1 2.59769e-15 
vn 0.92388 0.382683 3.37912e-14 
vn 1 -2.95334e-15 3.54994e-14 
vn 0.707107 0.707107 2.69387e-14 
vn 0.92388 0.382683 3.37912e-14 
vn 0.382683 0.92388 1.5985e-14 
vn 0.707107 0.707107 2.69387e-14 
vn 3.01457e-15 1 2.59769e-15 
vn 0.382683 0.92388 1.5985e-14 
vn 1 -3.29761e-15 3.54994e-14 
vn 0.382683 -0.92388 1.11851e-14 
vn -3.13704e-15 -1 -2.59769e-15 
vn 0.707107 -0.707107 2.3265e-14 
vn 0.382683 -0.92388 1.11851e-14 
vn 0.92388 -0.382683 3.18031e-14 
vn 0.707107 -0.707107 2.3265e-14 
vn 1 -3.19827e-15 3.54994e-14 
vn 0.92388 -0.382683 3.18031e-14 
vn -4.1349e-15 -1 -2.59769e-15 
vn -0.92388 -0.382683 -3.37912e-14 
vn -1 3.0758e-15 -3.54994e-14 
vn -0.707107 -0.707107 -2.69387e-14 
vn -0.92388 -0.382683 -3.37912e-14 
vn -0.382683 -0.92388 -1.5985e-14 
vn -0.707107 -0.707107 -2.69387e-14 
vn -3.13704e-15 -1 -2.59769e-15 
vn -0.382683 -0.92388 -1.5985e-14 
vn 3.54994e-14 2.59769e-15 -1 
vn -0.92388 -0.382683 -3.37912e-14 
vn -1 3.0758e-15 -3.54994e-14 
vn -0.707107 -0.707107 -2.69387e-14 
vn -0.92388 -0.382683 -3.37912e-14 
vn -0.382683 -0.92388 -1.5985e-14 
vn -0.707107 -0.707107 -2.69387e-14 
vn -3.13704e-15 -1 -2.59769e-15 
vn -0.382683 -0.92388 -1.5985e-14 
vn -1 3.09893e-15 -3.54994e-14 
vn -0.382683 0.92388 -1.11851e-14 
vn 3.01457e-15 1 2.59769e-15 
vn -0.707107 0.707107 -2.3265e-14 
vn -0.382683 0.92388 -1.11851e-14 
vn -0.92388 0.382683 -3.18031e-14 
vn -0.707107 0.707107 -2.3265e-14 
vn -1 3.0758e-15 -3.54994e-14 
vn -0.92388 0.382683 -3.18031e-14 
vn 3.51048e-15 1 2.59769e-15 
vn 0.92388 0.382683 3.37912e-14 
vn 1 -2.95334e-15 3.54994e-14 
vn 0.707107 0.707107 2.69387e-14 
vn 0.92388 0.382683 3.37912e-14 
vn 0.382683 0.92388 1.5985e-14 
vn 0.707107 0.707107 2.69387e-14 
vn 3.01457e-15 1 2.59769e-15 
vn 0.382683 0.92388 1.5985e-14 
vn 1 -2.99959e-15 3.54994e-14 
vn 0.382683 -0.92388 1.11851e-14 
vn -3.13704e-15 -1 -2.59769e-15 
vn 0.707107 -0.707107 2.3265e-14 
vn 0.382683 -0.92388 1.11851e-14 
vn 0.92388 -0.382683 3.18031e-14 
vn 0.707107 -0.707107 2.3265e-14 
vn 1 -3.19827e-15 3.54994e-14 
vn 0.92388 -0.382683 3.18031e-14 
vn 3.48284e-15 1 2.59769e-15 
vn 3.54994e-14 2.59769e-15 -1 
vn 0.382683 -0.92388 1.11851e-14 
vn -2.89211e-15 -1 -2.59769e-15 
vn 0.707107 -0.707107 2.3265e-14 
vn 0.382683 -0.92388 1.11851e-14 
vn 0.92388 -0.382683 3.18031e-14 
vn 0.707107 -0.707107 2.3265e-14 
vn 1 -2.95334e-15 3.54994e-14 
vn 0.92388 -0.382683 3.18031e-14 
vn 0.92388 0.382683 3.37912e-14 
vn 1 -2.95334e-15 3.54994e-14 
vn 0.707107 0.707107 2.69387e-14 
vn 0.92388 0.382683 3.37912e-14 
vn 0.382683 0.92388 1.5985e-14 
vn 0.707107 0.707107 2.69387e-14 
vn 3.01457e-15 1 2.59769e-15 
vn 0.382683 0.92388 1.5985e-14 
vn -3.48284e-15 -1 -2.59769e-15 
vn -0.382683 0.92388 -1.11851e-14 
vn 3.01457e-15 1 2.59769e-15 
vn -0.707107 0.707107 -2.3265e-14 
vn -0.382683 0.92388 -1.11851e-14 
vn -0.92388 0.382683 -3.18031e-14 
vn -0.707107 0.707107 -2.3265e-14 
vn -1 3.0758e-15 -3.54994e-14 
vn -0.92388 0.382683 -3.18031e-14 
vn -0.92388 -0.382683 -3.37912e-14 
vn -1 3.0758e-15 -3.54994e-14 
vn -0.707107 -0.707107 -2.69387e-14 
vn -0.92388 -0.382683 -3.37912e-14 
vn -0.382683 -0.92388 -1.5985e-14 
vn -0.707107 -0.707107 -2.69387e-14 
vn -3.13704e-15 -1 -2.59769e-15 
vn -0.382683 -0.92388 -1.5985e-14 
vn 0.913545 0.406737 3.34869e-14 
vn 1 -2.95334e-15 3.54994e-14 
vn 0.669131 0.743145 2.56842e-14 
vn 0.913545 0.406737 3.34869e-14 
vn 0.309017 0.951057 1.34405e-14 
vn 0.669131 0.743145 2.56842e-14 
vn -0.104528 0.994522 -1.12723e-15 
vn 0.309017 0.951057 1.34405e-14 
vn -0.5 0.866025 -1.55e-14 
vn -0.104528 0.994522 -1.12723e-15 
vn -0.809017 0.587785 -2.71927e-14 
vn -0.5 0.866025 -1.55e-14 
vn -0.978148 0.207912 -3.41835e-14 
vn -0.809017 0.587785 -2.71927e-14 
vn -0.978148 -0.207912 -3.52637e-14 
vn -0.978148 0.207912 -3.41835e-14 
vn -0.809017 -0.587785 -3.02465e-14 
vn -0.978148 -0.207912 -3.52637e-14 
vn -0.5 -0.866025 -1.99994e-14 
vn -0.809017 -0.587785 -3.02465e-14 
vn -0.104528 -0.994522 -6.29416e-15 
vn -0.5 -0.866025 -1.99994e-14 
vn 0.309017 -0.951057 8.49936e-15 
vn -0.104528 -0.994522 -6.29416e-15 
vn 0.669131 -0.743145 2.18233e-14 
vn 0.309017 -0.951057 8.49936e-15 
vn 0.913545 -0.406737 3.13737e-14 
vn 0.669131 -0.743145 2.18233e-14 
vn 3.54994e-14 2.59769e-15 -1 
vn 0.913545 0.406737 3.34869e-14 
vn 1 -2.95334e-15 3.54994e-14 
vn 0.669131 0.743145 2.56842e-14 
vn 0.913545 0.406737 3.34869e-14 
vn 0.309017 0.951057 1.34405e-14 
vn 0.669131 0.743145 2.56842e-14 
vn -0.104528 0.994522 -1.12723e-15 
vn 0.309017 0.951057 1.34405e-14 
vn -0.5 0.866025 -1.55e-14 
vn -0.104528 0.994522 -1.12723e-15 
vn -0.809017 0.587785 -2.71927e-14 
vn -0.5 0.866025 -1.55e-14 
vn -0.978148 0.207912 -3.41835e-14 
vn -0.809017 0.587785 -2.71927e-14 
vn -0.978148 -0.207912 -3.52637e-14 
vn -0.978148 0.207912 -3.41835e-14 
vn -0.809017 -0.587785 -3.02465e-14 
vn -0.978148 -0.207912 -3.52637e-14 
vn -0.5 -0.866025 -1.99994e-14 
vn -0.809017 -0.587785 -3.02465e-14 
vn -0.104528 -0.994522 -6.29416e-15 
vn -0.5 -0.866025 -1.99994e-14 
vn 0.309017 -0.951057 8.49936e-15 
vn -0.104528 -0.994522 -6.29416e-15 
vn 0.669131 -0.743145 2.18233e-14 
vn 0.309017 -0.951057 8.49936e-15 
vn 0.913545 -0.406737 3.13737e-14 
vn 0.669131 -0.743145 2.18233e-14 
vn 3.54994e-14 2.59769e-15 -1 
usemtl 0.792157_0.819608_0.933333_0.000000_0.000000
o mesh206
f 2674//3280 2658//3280 2659//3280 
f 2659//3280 2660//3280 2674//3280 
f 2660//3280 2661//3280 2674//3280 
f 2661//3280 2662//3280 2674//3280 
f 2662//3280 2663//3280 2674//3280 
f 2663//3280 2664//3280 2674//3280 
f 2664//3280 2665//3280 2674//3280 
f 2665//3280 2666//3280 2674//3280 
f 2666//3280 2667//3280 2674//3280 
f 2667//3280 2668//3280 2674//3280 
f 2668//3280 2669//3280 2674//3280 
f 2669//3280 2670//3280 2674//3280 
f 2670//3280 2671//3280 2674//3280 
f 2671//3280 2672//3280 2674//3280 
f 2672//3280 2673//3280 2674//3280 
f 2673//3280 2658//3280 2674//3280 
o mesh207
f 2661//3281 2660//3282 2675//3282 
f 2661//3281 2676//3281 2677//3283 
f 2662//3283 2677//3283 2678//3284 
f 2663//3284 2678//3284 2679//3285 
f 2679//3285 2664//3286 2663//3284 
f 2664//3286 2680//3286 2681//3287 
f 2666//3288 2665//3287 2681//3287 
f 2667//3289 2666//3288 2682//3290 
f 2666//3288 2683//3291 2682//3290 
f 2668//3292 2667//3289 2684//3293 
f 2669//3294 2668//3292 2685//3295 
f 2669//3294 2686//3294 2687//3296 
f 2670//3296 2687//3296 2688//3297 
f 2671//3297 2688//3297 2689//3298 
f 2689//3298 2690//3299 2673//3300 
f 2690//3299 2658//3299 2673//3300 
f 2659//3301 2658//3299 2690//3299 
f 2659//3301 2691//3301 2692//3302 
f 2692//3302 2660//3282 2659//3301 
f 2692//3302 2675//3282 2660//3282 
f 2690//3299 2691//3301 2659//3301 
f 2673//3300 2672//3303 2689//3298 
f 2689//3298 2672//3303 2671//3297 
f 2688//3297 2671//3297 2670//3296 
f 2687//3296 2670//3296 2669//3294 
f 2685//3295 2686//3294 2669//3294 
f 2684//3293 2685//3295 2668//3292 
f 2682//3290 2684//3293 2667//3289 
f 2681//3287 2683//3291 2666//3288 
f 2681//3287 2665//3287 2664//3286 
f 2679//3285 2680//3286 2664//3286 
f 2678//3284 2663//3284 2662//3283 
f 2677//3283 2662//3283 2661//3281 
f 2675//3282 2676//3281 2661//3281 
o mesh208
f 2693//3304 2694//3304 2695//3305 
f 2696//3305 2695//3305 2697//3306 
f 2698//3306 2697//3306 2699//3307 
f 2700//3308 2701//3308 2702//3309 
f 2703//3309 2702//3309 2704//3310 
f 2705//3311 2706//3311 2707//3312 
f 2708//3313 2704//3310 2706//3311 
f 2706//3311 2705//3311 2708//3313 
f 2709//3314 2710//3314 2711//3315 
f 2711//3315 2707//3312 2709//3314 
f 2710//3314 2709//3314 2712//3316 
f 2713//3316 2712//3316 2714//3317 
f 2714//3317 2715//3318 2716//3319 
f 2715//3318 2717//3318 2716//3319 
f 2717//3318 2715//3318 2718//3320 
f 2719//3320 2718//3320 2720//3321 
f 2694//3304 2693//3304 2721//3322 
f 2721//3322 2720//3321 2694//3304 
f 2701//3308 2680//3323 2679//3324 
f 2701//3308 2700//3308 2681//3325 
f 2681//3325 2680//3323 2701//3308 
f 2700//3308 2722//3326 2682//3327 
f 2682//3327 2683//3328 2700//3308 
f 2683//3328 2681//3325 2700//3308 
f 2722//3326 2685//3329 2684//3330 
f 2722//3326 2723//3331 2686//3332 
f 2688//3333 2687//3334 2723//3331 
f 2723//3331 2724//3335 2688//3333 
f 2724//3335 2689//3336 2688//3333 
f 2724//3335 2699//3307 2690//3337 
f 2690//3337 2689//3336 2724//3335 
f 2687//3334 2686//3332 2723//3331 
f 2699//3307 2675//3338 2692//3339 
f 2692//3339 2691//3340 2699//3307 
f 2699//3307 2725//3341 2676//3342 
f 2676//3342 2675//3338 2699//3307 
f 2725//3341 2677//3343 2676//3342 
f 2725//3341 2678//3344 2677//3343 
f 2725//3341 2679//3324 2678//3344 
f 2691//3340 2690//3337 2699//3307 
f 2686//3332 2685//3329 2722//3326 
f 2684//3330 2682//3327 2722//3326 
f 2679//3324 2725//3341 2701//3308 
f 2721//3322 2726//3345 2720//3321 
f 2720//3321 2726//3345 2719//3320 
f 2718//3320 2719//3320 2717//3318 
f 2716//3319 2727//3346 2714//3317 
f 2714//3317 2727//3346 2713//3316 
f 2712//3316 2713//3316 2710//3314 
f 2711//3315 2728//3347 2707//3312 
f 2707//3312 2728//3347 2705//3311 
f 2704//3310 2708//3313 2703//3309 
f 2702//3309 2703//3309 2700//3308 
f 2699//3307 2724//3335 2698//3306 
f 2697//3306 2698//3306 2696//3305 
f 2695//3305 2696//3305 2693//3304 
o mesh209
f 2694//3348 2729//3348 2730//3349 
f 2695//3349 2730//3349 2731//3350 
f 2697//3350 2731//3350 2732//3351 
f 2699//3351 2732//3351 2733//3352 
f 2725//3352 2733//3352 2734//3353 
f 2701//3353 2734//3353 2735//3354 
f 2702//3354 2735//3354 2736//3355 
f 2706//3356 2737//3356 2738//3357 
f 2704//3358 2736//3355 2737//3356 
f 2737//3356 2706//3356 2704//3358 
f 2707//3357 2738//3357 2739//3359 
f 2709//3359 2739//3359 2740//3360 
f 2712//3360 2740//3360 2741//3361 
f 2714//3361 2741//3361 2742//3362 
f 2715//3362 2742//3362 2743//3363 
f 2718//3363 2743//3363 2744//3364 
f 2720//3364 2744//3364 2729//3348 
f 2729//3348 2694//3348 2720//3364 
f 2744//3364 2720//3364 2718//3363 
f 2743//3363 2718//3363 2715//3362 
f 2742//3362 2715//3362 2714//3361 
f 2741//3361 2714//3361 2712//3360 
f 2740//3360 2712//3360 2709//3359 
f 2739//3359 2709//3359 2707//3357 
f 2738//3357 2707//3357 2706//3356 
f 2736//3355 2704//3358 2702//3354 
f 2735//3354 2702//3354 2701//3353 
f 2734//3353 2701//3353 2725//3352 
f 2733//3352 2725//3352 2699//3351 
f 2732//3351 2699//3351 2697//3350 
f 2731//3350 2697//3350 2695//3349 
f 2730//3349 2695//3349 2694//3348 
o mesh210
f 2734//3365 2745//3365 2746//3365 
f 2733//3365 2747//3365 2745//3365 
f 2732//3365 2748//3365 2747//3365 
f 2731//3365 2749//3365 2748//3365 
f 2743//3365 2750//3365 2751//3365 
f 2742//3365 2752//3365 2750//3365 
f 2753//3365 2737//3365 2736//3365 
f 2735//3365 2746//3365 2754//3365 
f 2745//3365 2734//3365 2733//3365 
f 2748//3365 2732//3365 2731//3365 
f 2730//3365 2755//3365 2749//3365 
f 2729//3365 2756//3365 2755//3365 
f 2744//3365 2751//3365 2756//3365 
f 2750//3365 2743//3365 2742//3365 
f 2754//3365 2736//3365 2735//3365 
f 2747//3365 2733//3365 2732//3365 
f 2755//3365 2730//3365 2729//3365 
f 2751//3365 2744//3365 2743//3365 
f 2741//3365 2757//3365 2752//3365 
f 2740//3365 2758//3365 2757//3365 
f 2746//3365 2735//3365 2734//3365 
f 2756//3365 2729//3365 2744//3365 
f 2757//3365 2741//3365 2740//3365 
f 2739//3365 2759//3365 2758//3365 
f 2749//3365 2731//3365 2730//3365 
f 2758//3365 2740//3365 2739//3365 
f 2753//3365 2759//3365 2738//3365 
f 2752//3365 2742//3365 2741//3365 
f 2738//3365 2737//3365 2753//3365 
f 2759//3365 2739//3365 2738//3365 
f 2736//3365 2754//3365 2753//3365 
o mesh211
f 2760//3366 2753//3366 2754//3367 
f 2761//3367 2754//3367 2746//3368 
f 2762//3368 2746//3368 2745//3369 
f 2763//3369 2745//3369 2747//3370 
f 2764//3370 2747//3370 2748//3371 
f 2765//3371 2748//3371 2749//3372 
f 2766//3372 2749//3372 2755//3373 
f 2767//3373 2755//3373 2756//3374 
f 2768//3374 2756//3374 2751//3375 
f 2769//3375 2751//3375 2750//3376 
f 2770//3376 2750//3376 2752//3377 
f 2771//3377 2752//3377 2757//3378 
f 2772//3378 2757//3378 2758//3379 
f 2773//3379 2758//3379 2759//3380 
f 2774//3380 2759//3380 2753//3366 
f 2753//3366 2760//3366 2774//3380 
f 2759//3380 2774//3380 2773//3379 
f 2758//3379 2773//3379 2772//3378 
f 2757//3378 2772//3378 2771//3377 
f 2752//3377 2771//3377 2770//3376 
f 2750//3376 2770//3376 2769//3375 
f 2751//3375 2769//3375 2768//3374 
f 2756//3374 2768//3374 2767//3373 
f 2755//3373 2767//3373 2766//3372 
f 2749//3372 2766//3372 2765//3371 
f 2748//3371 2765//3371 2764//3370 
f 2747//3370 2764//3370 2763//3369 
f 2745//3369 2763//3369 2762//3368 
f 2746//3368 2762//3368 2761//3367 
f 2754//3367 2761//3367 2760//3366 
usemtl 0.000000_0.000000_0.000000_0.000000_0.000000
o mesh212
f 2775//3381 2776//3381 2762//3381 
f 2776//3381 2777//3381 2761//3381 
f 2761//3381 2762//3381 2776//3381 
f 2760//3381 2761//3381 2777//3381 
f 2778//3381 2775//3381 2763//3381 
f 2777//3381 2779//3381 2760//3381 
f 2760//3381 2779//3381 2780//3381 
f 2781//3381 2782//3381 2773//3381 
f 2782//3381 2783//3381 2772//3381 
f 2784//3381 2785//3381 2770//3381 
f 2785//3381 2786//3381 2769//3381 
f 2762//3381 2763//3381 2775//3381 
f 2780//3381 2781//3381 2774//3381 
f 2772//3381 2773//3381 2782//3381 
f 2783//3381 2784//3381 2771//3381 
f 2769//3381 2770//3381 2785//3381 
f 2786//3381 2787//3381 2768//3381 
f 2788//3381 2789//3381 2765//3381 
f 2789//3381 2778//3381 2764//3381 
f 2780//3381 2774//3381 2760//3381 
f 2771//3381 2772//3381 2783//3381 
f 2768//3381 2769//3381 2786//3381 
f 2787//3381 2790//3381 2767//3381 
f 2790//3381 2788//3381 2766//3381 
f 2764//3381 2765//3381 2789//3381 
f 2773//3381 2774//3381 2781//3381 
f 2767//3381 2768//3381 2787//3381 
f 2765//3381 2766//3381 2788//3381 
f 2770//3381 2771//3381 2784//3381 
f 2763//3381 2764//3381 2778//3381 
f 2766//3381 2767//3381 2790//3381 
o mesh213
f 2787//3382 2791//3382 2792//3383 
f 2790//3383 2792//3383 2793//3384 
f 2788//3384 2793//3384 2794//3385 
f 2789//3385 2794//3385 2795//3386 
f 2778//3386 2795//3386 2796//3387 
f 2775//3387 2796//3387 2797//3388 
f 2776//3388 2797//3388 2798//3389 
f 2779//3390 2799//3390 2800//3391 
f 2777//3392 2798//3389 2799//3390 
f 2799//3390 2779//3390 2777//3392 
f 2780//3391 2800//3391 2801//3393 
f 2781//3393 2801//3393 2802//3394 
f 2782//3394 2802//3394 2803//3395 
f 2783//3395 2803//3395 2804//3396 
f 2784//3396 2804//3396 2805//3397 
f 2785//3397 2805//3397 2806//3398 
f 2786//3398 2806//3398 2791//3382 
f 2791//3382 2787//3382 2786//3398 
f 2806//3398 2786//3398 2785//3397 
f 2805//3397 2785//3397 2784//3396 
f 2804//3396 2784//3396 2783//3395 
f 2803//3395 2783//3395 2782//3394 
f 2802//3394 2782//3394 2781//3393 
f 2801//3393 2781//3393 2780//3391 
f 2800//3391 2780//3391 2779//3390 
f 2798//3389 2777//3392 2776//3388 
f 2797//3388 2776//3388 2775//3387 
f 2796//3387 2775//3387 2778//3386 
f 2795//3386 2778//3386 2789//3385 
f 2794//3385 2789//3385 2788//3384 
f 2793//3384 2788//3384 2790//3383 
f 2792//3383 2790//3383 2787//3382 
o mesh214
f 2794//3399 2807//3399 2808//3399 
f 2793//3399 2809//3399 2807//3399 
f 2792//3399 2810//3399 2809//3399 
f 2791//3399 2811//3399 2810//3399 
f 2806//3399 2812//3399 2811//3399 
f 2805//3399 2813//3399 2812//3399 
f 2796//3399 2814//3399 2815//3399 
f 2795//3399 2808//3399 2814//3399 
f 2807//3399 2794//3399 2793//3399 
f 2810//3399 2792//3399 2791//3399 
f 2812//3399 2806//3399 2805//3399 
f 2815//3399 2797//3399 2796//3399 
f 2808//3399 2795//3399 2794//3399 
f 2811//3399 2791//3399 2806//3399 
f 2804//3399 2816//3399 2813//3399 
f 2803//3399 2817//3399 2816//3399 
f 2802//3399 2818//3399 2817//3399 
f 2814//3399 2796//3399 2795//3399 
f 2813//3399 2805//3399 2804//3399 
f 2817//3399 2803//3399 2802//3399 
f 2801//3399 2819//3399 2818//3399 
f 2820//3399 2799//3399 2798//3399 
f 2809//3399 2793//3399 2792//3399 
f 2818//3399 2802//3399 2801//3399 
f 2798//3399 2797//3399 2821//3399 
f 2816//3399 2804//3399 2803//3399 
f 2820//3399 2819//3399 2800//3399 
f 2815//3399 2821//3399 2797//3399 
f 2800//3399 2799//3399 2820//3399 
f 2819//3399 2801//3399 2800//3399 
f 2798//3399 2821//3399 2820//3399 
usemtl 0.792157_0.819608_0.933333_0.000000_0.000000
o mesh215
f 2822//3400 2820//3400 2821//3401 
f 2823//3401 2821//3401 2815//3402 
f 2824//3402 2815//3402 2814//3403 
f 2825//3403 2814//3403 2808//3404 
f 2826//3404 2808//3404 2807//3405 
f 2827//3405 2807//3405 2809//3406 
f 2828//3406 2809//3406 2810//3407 
f 2829//3407 2810//3407 2811//3408 
f 2830//3408 2811//3408 2812//3409 
f 2831//3409 2812//3409 2813//3410 
f 2832//3410 2813//3410 2816//3411 
f 2833//3411 2816//3411 2817//3412 
f 2834//3412 2817//3412 2818//3413 
f 2835//3413 2818//3413 2819//3414 
f 2836//3414 2819//3414 2820//3400 
f 2820//3400 2822//3400 2836//3414 
f 2819//3414 2836//3414 2835//3413 
f 2818//3413 2835//3413 2834//3412 
f 2817//3412 2834//3412 2833//3411 
f 2816//3411 2833//3411 2832//3410 
f 2813//3410 2832//3410 2831//3409 
f 2812//3409 2831//3409 2830//3408 
f 2811//3408 2830//3408 2829//3407 
f 2810//3407 2829//3407 2828//3406 
f 2809//3406 2828//3406 2827//3405 
f 2807//3405 2827//3405 2826//3404 
f 2808//3404 2826//3404 2825//3403 
f 2814//3403 2825//3403 2824//3402 
f 2815//3402 2824//3402 2823//3401 
f 2821//3401 2823//3401 2822//3400 
o mesh216
f 2837//3415 2823//3415 2824//3415 
f 2838//3415 2822//3415 2823//3415 
f 2839//3415 2825//3415 2826//3415 
f 2839//3415 2840//3415 2824//3415 
f 2823//3415 2837//3415 2838//3415 
f 2841//3415 2836//3415 2822//3415 
f 2842//3415 2834//3415 2835//3415 
f 2843//3415 2833//3415 2834//3415 
f 2844//3415 2831//3415 2832//3415 
f 2845//3415 2830//3415 2831//3415 
f 2824//3415 2825//3415 2839//3415 
f 2822//3415 2838//3415 2841//3415 
f 2846//3415 2835//3415 2836//3415 
f 2834//3415 2842//3415 2843//3415 
f 2847//3415 2832//3415 2833//3415 
f 2831//3415 2844//3415 2845//3415 
f 2848//3415 2827//3415 2828//3415 
f 2848//3415 2849//3415 2826//3415 
f 2824//3415 2840//3415 2837//3415 
f 2835//3415 2846//3415 2842//3415 
f 2832//3415 2847//3415 2844//3415 
f 2850//3415 2829//3415 2830//3415 
f 2851//3415 2828//3415 2829//3415 
f 2826//3415 2827//3415 2848//3415 
f 2836//3415 2841//3415 2846//3415 
f 2830//3415 2845//3415 2850//3415 
f 2828//3415 2851//3415 2848//3415 
f 2833//3415 2843//3415 2847//3415 
f 2826//3415 2849//3415 2839//3415 
f 2829//3415 2850//3415 2851//3415 
o mesh217
f 2837//3416 2852//3416 2853//3417 
f 2853//3417 2838//3418 2837//3416 
f 2837//3416 2840//3419 2854//3420 
f 2840//3419 2855//3419 2854//3420 
f 2840//3419 2839//3421 2856//3422 
f 2839//3421 2857//3421 2856//3422 
f 2849//3423 2858//3423 2859//3424 
f 2859//3424 2839//3421 2849//3423 
f 2849//3423 2848//3425 2860//3426 
f 2848//3425 2861//3425 2860//3426 
f 2851//3427 2862//3427 2863//3428 
f 2863//3428 2848//3425 2851//3427 
f 2851//3427 2850//3429 2864//3430 
f 2850//3429 2865//3429 2864//3430 
f 2850//3429 2845//3431 2866//3432 
f 2845//3431 2867//3431 2866//3432 
f 2844//3433 2868//3433 2869//3434 
f 2869//3434 2845//3431 2844//3433 
f 2844//3433 2847//3435 2870//3436 
f 2847//3435 2871//3435 2870//3436 
f 2847//3435 2843//3437 2872//3438 
f 2843//3437 2873//3437 2872//3438 
f 2842//3439 2874//3439 2875//3440 
f 2875//3440 2843//3437 2842//3439 
f 2846//3441 2876//3441 2877//3442 
f 2877//3442 2842//3439 2846//3441 
f 2846//3441 2841//3443 2878//3444 
f 2841//3443 2879//3443 2878//3444 
f 2838//3418 2880//3445 2881//3446 
f 2881//3446 2841//3443 2838//3418 
f 2881//3446 2879//3443 2841//3443 
f 2878//3444 2876//3441 2846//3441 
f 2877//3442 2874//3439 2842//3439 
f 2875//3440 2873//3437 2843//3437 
f 2872//3438 2871//3435 2847//3435 
f 2870//3436 2868//3433 2844//3433 
f 2869//3434 2867//3431 2845//3431 
f 2866//3432 2865//3429 2850//3429 
f 2864//3430 2862//3427 2851//3427 
f 2863//3428 2861//3425 2848//3425 
f 2860//3426 2858//3423 2849//3423 
f 2859//3424 2857//3421 2839//3421 
f 2856//3422 2855//3419 2840//3419 
f 2854//3420 2852//3416 2837//3416 
f 2853//3417 2880//3445 2838//3418 
o mesh218
f 2864//3447 2865//3448 2882//3448 
f 2866//3449 2883//3449 2882//3448 
f 2882//3448 2865//3448 2866//3449 
f 2863//3450 2862//3451 2884//3451 
f 2864//3447 2885//3452 2884//3451 
f 2884//3451 2862//3451 2864//3447 
f 2860//3453 2861//3454 2886//3454 
f 2863//3450 2887//3455 2886//3454 
f 2886//3454 2861//3454 2863//3450 
f 2859//3456 2858//3457 2888//3457 
f 2860//3453 2889//3458 2888//3457 
f 2888//3457 2858//3457 2860//3453 
f 2856//3459 2857//3460 2890//3460 
f 2859//3456 2891//3461 2890//3460 
f 2890//3460 2857//3460 2859//3456 
f 2854//3462 2855//3463 2892//3463 
f 2856//3459 2893//3464 2892//3463 
f 2892//3463 2855//3463 2856//3459 
f 2853//3465 2852//3466 2894//3466 
f 2854//3462 2895//3467 2894//3466 
f 2894//3466 2852//3466 2854//3462 
f 2881//3468 2880//3469 2896//3469 
f 2853//3465 2897//3470 2896//3469 
f 2896//3469 2880//3469 2853//3465 
f 2878//3471 2879//3472 2898//3472 
f 2881//3468 2899//3473 2898//3472 
f 2898//3472 2879//3472 2881//3468 
f 2877//3474 2876//3475 2900//3475 
f 2878//3471 2901//3476 2900//3475 
f 2900//3475 2876//3475 2878//3471 
f 2875//3477 2874//3478 2902//3478 
f 2877//3474 2903//3479 2902//3478 
f 2902//3478 2874//3478 2877//3474 
f 2872//3480 2873//3481 2904//3481 
f 2875//3477 2905//3482 2904//3481 
f 2904//3481 2873//3481 2875//3477 
f 2870//3483 2871//3484 2906//3484 
f 2872//3480 2907//3485 2906//3484 
f 2906//3484 2871//3484 2872//3480 
f 2869//3486 2868//3487 2908//3487 
f 2870//3483 2909//3488 2908//3487 
f 2908//3487 2868//3487 2870//3483 
f 2866//3449 2867//3489 2910//3489 
f 2869//3486 2911//3490 2910//3489 
f 2910//3489 2867//3489 2869//3486 
f 2910//3489 2883//3449 2866//3449 
f 2908//3487 2911//3490 2869//3486 
f 2906//3484 2909//3488 2870//3483 
f 2904//3481 2907//3485 2872//3480 
f 2902//3478 2905//3482 2875//3477 
f 2900//3475 2903//3479 2877//3474 
f 2898//3472 2901//3476 2878//3471 
f 2896//3469 2899//3473 2881//3468 
f 2894//3466 2897//3470 2853//3465 
f 2892//3463 2895//3467 2854//3462 
f 2890//3460 2893//3464 2856//3459 
f 2888//3457 2891//3461 2859//3456 
f 2886//3454 2889//3458 2860//3453 
f 2884//3451 2887//3455 2863//3450 
f 2882//3448 2885//3452 2864//3447 
o mesh219
f 2942//3491 2896//3492 2897//3493 
f 2897//3493 2943//3494 2942//3491 
f 2943//3494 2894//3495 2895//3496 
f 2895//3496 2944//3497 2943//3494 
f 2944//3497 2892//3498 2893//3499 
f 2893//3499 2945//3500 2944//3497 
f 2945//3500 2890//3501 2891//3502 
f 2891//3502 2946//3503 2945//3500 
f 2946//3503 2888//3504 2889//3505 
f 2889//3505 2947//3506 2946//3503 
f 2947//3506 2886//3507 2887//3508 
f 2887//3508 2948//3509 2947//3506 
f 2948//3509 2884//3510 2885//3511 
f 2885//3511 2949//3512 2948//3509 
f 2949//3512 2882//3513 2883//3514 
f 2883//3514 2950//3515 2949//3512 
f 2950//3515 2910//3516 2911//3517 
f 2911//3517 2951//3518 2950//3515 
f 2951//3518 2908//3519 2909//3520 
f 2909//3520 2952//3521 2951//3518 
f 2952//3521 2906//3522 2907//3523 
f 2907//3523 2953//3524 2952//3521 
f 2953//3524 2904//3525 2905//3526 
f 2905//3526 2954//3527 2953//3524 
f 2954//3527 2902//3528 2903//3529 
f 2903//3529 2955//3530 2954//3527 
f 2955//3530 2900//3531 2901//3532 
f 2901//3532 2956//3533 2955//3530 
f 2956//3533 2898//3534 2899//3535 
f 2899//3535 2942//3491 2956//3533 
f 2957//3536 2942//3491 2943//3494 
f 2958//3537 2943//3494 2944//3497 
f 2959//3538 2944//3497 2945//3500 
f 2960//3539 2945//3500 2946//3503 
f 2961//3540 2946//3503 2947//3506 
f 2962//3541 2947//3506 2948//3509 
f 2963//3542 2948//3509 2949//3512 
f 2964//3543 2949//3512 2950//3515 
f 2965//3544 2950//3515 2951//3518 
f 2966//3545 2951//3518 2952//3521 
f 2967//3546 2952//3521 2953//3524 
f 2968//3547 2953//3524 2954//3527 
f 2969//3548 2954//3527 2955//3530 
f 2970//3549 2955//3530 2956//3533 
f 2971//3550 2956//3533 2942//3491 
f 2972//3551 2957//3536 2958//3537 
f 2973//3552 2958//3537 2959//3538 
f 2974//3553 2959//3538 2960//3539 
f 2975//3554 2960//3539 2961//3540 
f 2976//3555 2961//3540 2962//3541 
f 2977//3556 2962//3541 2963//3542 
f 2978//3557 2963//3542 2964//3543 
f 2979//3558 2964//3543 2965//3544 
f 2980//3559 2965//3544 2966//3545 
f 2981//3560 2966//3545 2967//3546 
f 2982//3561 2967//3546 2968//3547 
f 2983//3562 2968//3547 2969//3548 
f 2984//3563 2969//3548 2970//3549 
f 2985//3564 2970//3549 2971//3550 
f 2986//3565 2971//3550 2957//3536 
f 2972//3551 2973//3552 2912//3566 
f 2973//3552 2913//3567 2912//3566 
f 2973//3552 2974//3553 2914//3568 
f 2974//3553 2915//3569 2914//3568 
f 2974//3553 2975//3554 2916//3570 
f 2975//3554 2917//3571 2916//3570 
f 2975//3554 2976//3555 2918//3572 
f 2976//3555 2919//3573 2918//3572 
f 2977//3556 2920//3574 2921//3575 
f 2921//3575 2976//3555 2977//3556 
f 2977//3556 2978//3557 2922//3576 
f 2978//3557 2923//3577 2922//3576 
f 2979//3558 2924//3578 2925//3579 
f 2925//3579 2978//3557 2979//3558 
f 2979//3558 2980//3559 2926//3580 
f 2980//3559 2927//3581 2926//3580 
f 2980//3559 2981//3560 2928//3582 
f 2981//3560 2929//3583 2928//3582 
f 2981//3560 2982//3561 2930//3584 
f 2982//3561 2931//3585 2930//3584 
f 2983//3562 2932//3586 2933//3587 
f 2933//3587 2982//3561 2983//3562 
f 2983//3562 2984//3563 2934//3588 
f 2984//3563 2935//3589 2934//3588 
f 2984//3563 2985//3564 2936//3590 
f 2985//3564 2937//3591 2936//3590 
f 2985//3564 2986//3565 2938//3592 
f 2986//3565 2939//3593 2938//3592 
f 2986//3565 2972//3551 2940//3594 
f 2972//3551 2941//3595 2940//3594 
f 2940//3594 2939//3593 2986//3565 
f 2938//3592 2937//3591 2985//3564 
f 2936//3590 2935//3589 2984//3563 
f 2934//3588 2932//3586 2983//3562 
f 2933//3587 2931//3585 2982//3561 
f 2930//3584 2929//3583 2981//3560 
f 2928//3582 2927//3581 2980//3559 
f 2926//3580 2924//3578 2979//3558 
f 2925//3579 2923//3577 2978//3557 
f 2922//3576 2920//3574 2977//3556 
f 2921//3575 2919//3573 2976//3555 
f 2918//3572 2917//3571 2975//3554 
f 2916//3570 2915//3569 2974//3553 
f 2914//3568 2913//3567 2973//3552 
f 2912//3566 2941//3595 2972//3551 
f 2957//3536 2972//3551 2986//3565 
f 2971//3550 2986//3565 2985//3564 
f 2970//3549 2985//3564 2984//3563 
f 2969//3548 2984//3563 2983//3562 
f 2968//3547 2983//3562 2982//3561 
f 2967//3546 2982//3561 2981//3560 
f 2966//3545 2981//3560 2980//3559 
f 2965//3544 2980//3559 2979//3558 
f 2964//3543 2979//3558 2978//3557 
f 2963//3542 2978//3557 2977//3556 
f 2962//3541 2977//3556 2976//3555 
f 2961//3540 2976//3555 2975//3554 
f 2960//3539 2975//3554 2974//3553 
f 2959//3538 2974//3553 2973//3552 
f 2958//3537 2973//3552 2972//3551 
f 2942//3491 2957//3536 2971//3550 
f 2956//3533 2971//3550 2970//3549 
f 2955//3530 2970//3549 2969//3548 
f 2954//3527 2969//3548 2968//3547 
f 2953//3524 2968//3547 2967//3546 
f 2952//3521 2967//3546 2966//3545 
f 2951//3518 2966//3545 2965//3544 
f 2950//3515 2965//3544 2964//3543 
f 2949//3512 2964//3543 2963//3542 
f 2948//3509 2963//3542 2962//3541 
f 2947//3506 2962//3541 2961//3540 
f 2946//3503 2961//3540 2960//3539 
f 2945//3500 2960//3539 2959//3538 
f 2944//3497 2959//3538 2958//3537 
f 2943//3494 2958//3537 2957//3536 
f 2899//3535 2896//3492 2942//3491 
f 2901//3532 2898//3534 2956//3533 
f 2903//3529 2900//3531 2955//3530 
f 2905//3526 2902//3528 2954//3527 
f 2907//3523 2904//3525 2953//3524 
f 2909//3520 2906//3522 2952//3521 
f 2911//3517 2908//3519 2951//3518 
f 2883//3514 2910//3516 2950//3515 
f 2885//3511 2882//3513 2949//3512 
f 2887//3508 2884//3510 2948//3509 
f 2889//3505 2886//3507 2947//3506 
f 2891//3502 2888//3504 2946//3503 
f 2893//3499 2890//3501 2945//3500 
f 2895//3496 2892//3498 2944//3497 
f 2897//3493 2894//3495 2943//3494 
o mesh220
f 2924//3596 2987//3597 2988//3598 
f 2988//3598 2925//3598 2924//3596 
f 2923//3599 2988//3598 2989//3600 
f 2989//3600 2922//3600 2923//3599 
f 2920//3601 2989//3600 2990//3602 
f 2990//3602 2921//3602 2920//3601 
f 2919//3603 2921//3602 2990//3602 
f 2991//3604 2918//3604 2919//3603 
f 2917//3605 2991//3604 2992//3606 
f 2992//3606 2916//3606 2917//3605 
f 2915//3607 2992//3606 2993//3608 
f 2993//3608 2914//3608 2915//3607 
f 2913//3609 2993//3608 2994//3610 
f 2994//3610 2912//3610 2913//3609 
f 2940//3611 2941//3612 2995//3612 
f 2912//3610 2994//3610 2995//3612 
f 2995//3612 2941//3612 2912//3610 
f 2939//3613 2940//3611 2996//3614 
f 2997//3615 2938//3615 2939//3613 
f 2937//3616 2938//3615 2997//3615 
f 2998//3617 2936//3617 2937//3616 
f 2935//3618 2936//3617 2998//3617 
f 2999//3619 2934//3619 2935//3618 
f 2932//3620 2999//3619 3000//3621 
f 3000//3621 2933//3621 2932//3620 
f 2931//3622 3000//3621 3001//3623 
f 3001//3623 2930//3623 2931//3622 
f 2929//3624 2930//3623 3001//3623 
f 3002//3625 2928//3625 2929//3624 
f 2927//3626 3002//3625 2987//3597 
f 2987//3597 2926//3627 2927//3626 
f 2927//3626 2928//3625 3002//3625 
f 3001//3623 3002//3625 2929//3624 
f 2931//3622 2933//3621 3000//3621 
f 2932//3620 2934//3619 2999//3619 
f 2998//3617 2999//3619 2935//3618 
f 2997//3615 2998//3617 2937//3616 
f 2996//3614 2997//3615 2939//3613 
f 2995//3612 2996//3614 2940//3611 
f 2913//3609 2914//3608 2993//3608 
f 2915//3607 2916//3606 2992//3606 
f 2917//3605 2918//3604 2991//3604 
f 2990//3602 2991//3604 2919//3603 
f 2920//3601 2922//3600 2989//3600 
f 2923//3599 2925//3598 2988//3598 
f 2924//3596 2926//3627 2987//3597 
o mesh221
f 3003//3628 2994//3628 2993//3628 
f 2993//3628 2992//3628 3003//3628 
f 2992//3628 2991//3628 3003//3628 
f 2991//3628 2990//3628 3003//3628 
f 2990//3628 2989//3628 3003//3628 
f 2989//3628 2988//3628 3003//3628 
f 2988//3628 2987//3628 3003//3628 
f 2987//3628 3002//3628 3003//3628 
f 3002//3628 3001//3628 3003//3628 
f 3001//3628 3000//3628 3003//3628 
f 3000//3628 2999//3628 3003//3628 
f 2999//3628 2998//3628 3003//3628 
f 2998//3628 2997//3628 3003//3628 
f 2997//3628 2996//3628 3003//3628 
f 2996//3628 2995//3628 3003//3628 
f 2995//3628 2994//3628 3003//3628 
o mesh222
f 2717//3629 2719//3629 3004//3629 
f 2716//3629 2717//3629 3005//3629 
f 2719//3629 3006//3629 3004//3629 
f 3004//3629 3005//3629 2717//3629 
f 3005//3629 3007//3629 2716//3629 
f 3096//3629 2716//3629 3008//3629 
f 2719//3629 3009//3629 3006//3629 
f 2726//3629 3010//3629 3009//3629 
f 2721//3629 3011//3629 3012//3629 
f 3008//3629 3013//3629 3096//3629 
f 3009//3629 2719//3629 2726//3629 
f 3012//3629 2726//3629 2721//3629 
f 2716//3629 3014//3629 3008//3629 
f 3012//3629 3010//3629 2726//3629 
f 3007//3629 3014//3629 2716//3629 
f 2724//3629 3015//3629 3016//3629 
f 3016//3629 2698//3629 2724//3629 
f 2723//3629 3017//3629 3015//3629 
f 3015//3629 2724//3629 2723//3629 
f 3096//3629 3018//3629 3019//3629 
f 3016//3629 3020//3629 2698//3629 
f 3019//3629 2723//3629 3096//3629 
f 3021//3629 2698//3629 3022//3629 
f 2723//3629 3023//3629 3017//3629 
f 3019//3629 3024//3629 2723//3629 
f 2693//3629 2696//3629 3025//3629 
f 2698//3629 3026//3629 3022//3629 
f 3024//3629 3023//3629 2723//3629 
f 2696//3629 3027//3629 3025//3629 
f 3021//3629 3027//3629 2696//3629 
f 3020//3629 3026//3629 2698//3629 
f 3011//3629 2721//3629 3028//3629 
f 2721//3629 2693//3629 3029//3629 
f 2696//3629 2698//3629 3021//3629 
f 3022//3629 3030//3629 3031//3629 
f 3030//3629 3022//3629 3032//3629 
f 3011//3629 3033//3629 3034//3629 
f 3028//3629 3035//3629 3011//3629 
f 3029//3629 3036//3629 2721//3629 
f 3022//3629 3031//3629 3021//3629 
f 3034//3629 3032//3629 3011//3629 
f 3035//3629 3037//3629 3011//3629 
f 3036//3629 3038//3629 2721//3629 
f 3032//3629 3034//3629 3030//3629 
f 3038//3629 3028//3629 2721//3629 
f 3025//3629 3039//3629 2693//3629 
f 2693//3629 3040//3629 3029//3629 
f 3037//3629 3033//3629 3011//3629 
f 3041//3629 3042//3629 2713//3629 
f 2727//3629 3043//3629 3041//3629 
f 2710//3629 2713//3629 3044//3629 
f 2713//3629 2727//3629 3041//3629 
f 3042//3629 3044//3629 2713//3629 
f 2716//3629 3045//3629 3043//3629 
f 2711//3629 2710//3629 3046//3629 
f 3043//3629 2727//3629 2716//3629 
f 3096//3629 3047//3629 3048//3629 
f 3046//3629 3049//3629 2711//3629 
f 2716//3629 3048//3629 3045//3629 
f 3096//3629 3050//3629 3047//3629 
f 2710//3629 3051//3629 3046//3629 
f 3048//3629 2716//3629 3096//3629 
f 3044//3629 3051//3629 2710//3629 
f 3052//3629 3053//3629 3054//3629 
f 3054//3629 2703//3629 3052//3629 
f 2703//3629 3055//3629 3052//3629 
f 3055//3629 2703//3629 2708//3629 
f 3053//3629 3056//3629 3057//3629 
f 2708//3629 3058//3629 3055//3629 
f 3059//3629 3060//3629 2728//3629 
f 3054//3629 3061//3629 2703//3629 
f 2711//3629 3062//3629 3059//3629 
f 3063//3629 3064//3629 3062//3629 
f 2708//3629 3065//3629 3058//3629 
f 3062//3629 2711//3629 3063//3629 
f 3066//3629 2722//3629 2700//3629 
f 3057//3629 3054//3629 3053//3629 
f 2708//3629 2705//3629 3067//3629 
f 2728//3629 2711//3629 3059//3629 
f 2700//3629 3068//3629 3066//3629 
f 3067//3629 3065//3629 2708//3629 
f 2728//3629 3069//3629 3070//3629 
f 3063//3629 3071//3629 3064//3629 
f 2700//3629 3072//3629 3068//3629 
f 2703//3629 3061//3629 3072//3629 
f 3056//3629 3073//3629 3057//3629 
f 2705//3629 3070//3629 3074//3629 
f 3060//3629 3069//3629 2728//3629 
f 3075//3629 3076//3629 3077//3629 
f 3078//3629 2722//3629 3076//3629 
f 3072//3629 2700//3629 2703//3629 
f 3074//3629 3067//3629 2705//3629 
f 3063//3629 3079//3629 3071//3629 
f 3077//3629 3080//3629 3081//3629 
f 3050//3629 3082//3629 3080//3629 
f 3096//3629 3083//3629 3084//3629 
f 2722//3629 3085//3629 3076//3629 
f 3066//3629 3086//3629 2722//3629 
f 3070//3629 2705//3629 2728//3629 
f 3063//3629 3057//3629 3087//3629 
f 3080//3629 3077//3629 3050//3629 
f 3084//3629 3050//3629 3096//3629 
f 2723//3629 3088//3629 3089//3629 
f 3086//3629 3085//3629 2722//3629 
f 3087//3629 3079//3629 3063//3629 
f 3050//3629 3090//3629 3082//3629 
f 3084//3629 3091//3629 3050//3629 
f 2723//3629 3092//3629 3088//3629 
f 2723//3629 2722//3629 3078//3629 
f 3073//3629 3087//3629 3057//3629 
f 3091//3629 3090//3629 3050//3629 
f 3096//3629 3093//3629 3094//3629 
f 2723//3629 3095//3629 3092//3629 
f 3076//3629 3075//3629 3078//3629 
f 3094//3629 3083//3629 3096//3629 
f 3078//3629 3095//3629 2723//3629 
f 3096//3629 3089//3629 3093//3629 
f 3077//3629 3081//3629 3075//3629 
f 3089//3629 3096//3629 2723//3629 
f 3049//3629 3063//3629 2711//3629 
f 3039//3629 3040//3629 2693//3629 
f 3013//3629 3018//3629 3096//3629 
o mesh223
f 3097//3630 3057//3630 3063//3630 
f 3063//3630 3098//3630 3097//3630 
f 3063//3630 3049//3630 3098//3630 
o mesh224
f 3099//3629 3098//3629 3100//3629 
f 3101//3629 3102//3629 3103//3629 
f 3098//3629 3104//3629 3102//3629 
f 3100//3629 3105//3629 3099//3629 
f 3106//3629 3107//3629 3108//3629 
f 3103//3629 3109//3629 3101//3629 
f 3099//3629 3104//3629 3098//3629 
f 3097//3629 3110//3629 3106//3629 
f 3097//3629 3111//3629 3112//3629 
f 3111//3629 3113//3629 3114//3629 
f 3102//3629 3101//3629 3098//3629 
f 3097//3629 3098//3629 3101//3629 
f 3112//3629 3110//3629 3097//3629 
f 3114//3629 3115//3629 3111//3629 
f 3101//3629 3111//3629 3097//3629 
f 3115//3629 3112//3629 3111//3629 
f 3108//3629 3097//3629 3106//3629 
f 3109//3629 3116//3629 3101//3629 
o mesh225
f 3044//3631 3042//3632 3104//3632 
f 3051//3633 3044//3631 3099//3634 
f 3046//3635 3051//3633 3105//3636 
f 3049//3637 3046//3635 3100//3638 
f 3100//3638 3098//3637 3049//3637 
f 3105//3636 3100//3638 3046//3635 
f 3099//3634 3105//3636 3051//3633 
f 3104//3632 3099//3634 3044//3631 
o mesh226
f 3104//3639 3042//3639 3041//3639 
f 3041//3639 3102//3639 3104//3639 
o mesh227
f 3048//3640 3047//3641 3101//3641 
f 3045//3642 3048//3640 3116//3643 
f 3043//3644 3045//3642 3109//3645 
f 3041//3646 3043//3644 3103//3647 
f 3103//3647 3102//3646 3041//3646 
f 3109//3645 3103//3647 3043//3644 
f 3116//3643 3109//3645 3045//3642 
f 3101//3641 3116//3643 3048//3640 
o mesh228
f 3111//3648 3101//3648 3050//3648 
f 3101//3648 3047//3648 3050//3648 
f 3050//3648 3077//3648 3111//3648 
o mesh229
f 3086//3649 3066//3650 3112//3650 
f 3085//3651 3086//3649 3115//3652 
f 3076//3653 3085//3651 3114//3654 
f 3077//3655 3076//3653 3113//3656 
f 3113//3656 3111//3655 3077//3655 
f 3114//3654 3113//3656 3076//3653 
f 3115//3652 3114//3654 3085//3651 
f 3112//3650 3115//3652 3086//3649 
o mesh230
f 3112//3657 3066//3657 3068//3657 
f 3068//3657 3110//3657 3112//3657 
o mesh231
f 3054//3658 3057//3659 3097//3659 
f 3061//3660 3054//3658 3108//3661 
f 3072//3662 3061//3660 3107//3663 
f 3068//3664 3072//3662 3106//3665 
f 3106//3665 3110//3664 3068//3664 
f 3107//3663 3106//3665 3072//3662 
f 3108//3661 3107//3663 3061//3660 
f 3097//3659 3108//3661 3054//3658 
o mesh232
f 3117//3664 3016//3664 3015//3664 
f 3015//3664 3118//3664 3117//3664 
o mesh233
f 3119//3666 3120//3666 3121//3666 
f 3122//3666 3123//3666 3124//3666 
f 3122//3666 3120//3666 3125//3666 
f 3121//3666 3126//3666 3119//3666 
f 3127//3666 3128//3666 3129//3666 
f 3124//3666 3130//3666 3122//3666 
f 3119//3666 3125//3666 3120//3666 
f 3127//3666 3118//3666 3128//3666 
f 3127//3666 3131//3666 3117//3666 
f 3132//3666 3131//3666 3133//3666 
f 3127//3666 3120//3666 3122//3666 
f 3125//3666 3123//3666 3122//3666 
f 3117//3666 3118//3666 3127//3666 
f 3133//3666 3134//3666 3132//3666 
f 3130//3666 3135//3666 3122//3666 
f 3132//3666 3117//3666 3131//3666 
f 3129//3666 3136//3666 3127//3666 
f 3122//3666 3131//3666 3127//3666 
o mesh234
f 3024//3667 3019//3668 3127//3668 
f 3023//3669 3024//3667 3136//3670 
f 3017//3671 3023//3669 3129//3672 
f 3015//3673 3017//3671 3128//3674 
f 3128//3674 3118//3673 3015//3673 
f 3129//3672 3128//3674 3017//3671 
f 3136//3670 3129//3672 3023//3669 
f 3127//3668 3136//3670 3024//3667 
o mesh235
f 3127//3675 3019//3675 3018//3675 
f 3018//3675 3120//3675 3127//3675 
f 3018//3675 3013//3675 3120//3675 
o mesh236
f 3007//3676 3005//3677 3125//3677 
f 3014//3678 3007//3676 3119//3679 
f 3008//3680 3014//3678 3126//3681 
f 3013//3682 3008//3680 3121//3683 
f 3121//3683 3120//3682 3013//3682 
f 3126//3681 3121//3683 3008//3680 
f 3119//3679 3126//3681 3014//3678 
f 3125//3677 3119//3679 3007//3676 
o mesh237
f 3125//3684 3005//3684 3004//3684 
f 3004//3684 3123//3684 3125//3684 
o mesh238
f 3010//3685 3012//3686 3122//3686 
f 3009//3687 3010//3685 3135//3688 
f 3006//3689 3009//3687 3130//3690 
f 3004//3691 3006//3689 3124//3692 
f 3124//3692 3123//3691 3004//3691 
f 3130//3690 3124//3692 3006//3689 
f 3135//3688 3130//3690 3009//3687 
f 3122//3686 3135//3688 3010//3685 
o mesh239
f 3131//3693 3122//3693 3011//3693 
f 3122//3693 3012//3693 3011//3693 
f 3011//3693 3032//3693 3131//3693 
o mesh240
f 3020//3694 3016//3695 3117//3695 
f 3026//3696 3020//3694 3132//3697 
f 3022//3698 3026//3696 3134//3699 
f 3032//3700 3022//3698 3133//3701 
f 3133//3701 3131//3700 3032//3700 
f 3134//3699 3133//3701 3022//3698 
f 3132//3697 3134//3699 3026//3696 
f 3117//3695 3132//3697 3020//3694 
o mesh241
f 3137//3702 3059//3702 3062//3702 
f 3062//3702 3138//3702 3137//3702 
o mesh242
f 3139//3703 3140//3703 3141//3703 
f 3142//3703 3143//3703 3144//3703 
f 3139//3703 3145//3703 3140//3703 
f 3137//3703 3146//3703 3147//3703 
f 3142//3703 3148//3703 3143//3703 
f 3149//3703 3150//3703 3151//3703 
f 3147//3703 3139//3703 3137//3703 
f 3137//3703 3152//3703 3153//3703 
f 3151//3703 3142//3703 3149//3703 
f 3149//3703 3138//3703 3154//3703 
f 3149//3703 3152//3703 3137//3703 
f 3153//3703 3146//3703 3137//3703 
f 3154//3703 3150//3703 3149//3703 
f 3141//3703 3137//3703 3139//3703 
f 3137//3703 3138//3703 3149//3703 
f 3144//3703 3149//3703 3142//3703 
o mesh243
f 3053//3704 3052//3705 3149//3705 
f 3056//3706 3053//3704 3144//3707 
f 3073//3708 3056//3706 3143//3709 
f 3087//3710 3073//3708 3148//3711 
f 3079//3712 3087//3710 3142//3713 
f 3071//3714 3079//3712 3151//3715 
f 3064//3716 3071//3714 3150//3717 
f 3062//3718 3064//3716 3154//3719 
f 3154//3719 3138//3718 3062//3718 
f 3150//3717 3154//3719 3064//3716 
f 3151//3715 3150//3717 3071//3714 
f 3142//3713 3151//3715 3079//3712 
f 3148//3711 3142//3713 3087//3710 
f 3143//3709 3148//3711 3073//3708 
f 3144//3707 3143//3709 3056//3706 
f 3149//3705 3144//3707 3053//3704 
o mesh244
f 3149//3720 3052//3720 3055//3720 
f 3055//3720 3152//3720 3149//3720 
o mesh245
f 3060//3721 3059//3722 3137//3722 
f 3069//3723 3060//3721 3141//3724 
f 3070//3725 3069//3723 3140//3726 
f 3074//3727 3070//3725 3145//3728 
f 3067//3729 3074//3727 3139//3730 
f 3065//3731 3067//3729 3147//3732 
f 3058//3733 3065//3731 3146//3734 
f 3055//3735 3058//3733 3153//3736 
f 3153//3736 3152//3735 3055//3735 
f 3146//3734 3153//3736 3058//3733 
f 3147//3732 3146//3734 3065//3731 
f 3139//3730 3147//3732 3067//3729 
f 3145//3728 3139//3730 3074//3727 
f 3140//3726 3145//3728 3070//3725 
f 3141//3724 3140//3726 3069//3723 
f 3137//3722 3141//3724 3060//3721 
o mesh246
f 3029//3737 3040//3738 3155//3738 
f 3036//3739 3029//3737 3156//3740 
f 3038//3741 3036//3739 3157//3742 
f 3028//3743 3038//3741 3158//3744 
f 3035//3745 3028//3743 3159//3746 
f 3037//3747 3035//3745 3160//3748 
f 3033//3749 3037//3747 3161//3750 
f 3034//3751 3033//3749 3162//3752 
f 3030//3753 3034//3751 3163//3754 
f 3031//3755 3030//3753 3164//3756 
f 3021//3757 3031//3755 3165//3758 
f 3027//3759 3021//3757 3166//3760 
f 3025//3761 3027//3759 3167//3762 
f 3039//3763 3025//3761 3168//3764 
f 3040//3738 3039//3763 3169//3763 
f 3169//3763 3155//3738 3040//3738 
f 3168//3764 3169//3763 3039//3763 
f 3167//3762 3168//3764 3025//3761 
f 3166//3760 3167//3762 3027//3759 
f 3165//3758 3166//3760 3021//3757 
f 3164//3756 3165//3758 3031//3755 
f 3163//3754 3164//3756 3030//3753 
f 3162//3752 3163//3754 3034//3751 
f 3161//3750 3162//3752 3033//3749 
f 3160//3748 3161//3750 3037//3747 
f 3159//3746 3160//3748 3035//3745 
f 3158//3744 3159//3746 3028//3743 
f 3157//3742 3158//3744 3038//3741 
f 3156//3740 3157//3742 3036//3739 
f 3155//3738 3156//3740 3029//3737 
o mesh247
f 3170//3765 3169//3765 3168//3765 
f 3168//3765 3167//3765 3170//3765 
f 3167//3765 3166//3765 3170//3765 
f 3166//3765 3165//3765 3170//3765 
f 3165//3765 3164//3765 3170//3765 
f 3164//3765 3163//3765 3170//3765 
f 3163//3765 3162//3765 3170//3765 
f 3162//3765 3161//3765 3170//3765 
f 3161//3765 3160//3765 3170//3765 
f 3160//3765 3159//3765 3170//3765 
f 3159//3765 3158//3765 3170//3765 
f 3158//3765 3157//3765 3170//3765 
f 3157//3765 3156//3765 3170//3765 
f 3156//3765 3155//3765 3170//3765 
f 3155//3765 3169//3765 3170//3765 
o mesh248
f 3093//3766 3089//3767 3171//3767 
f 3094//3768 3093//3766 3172//3769 
f 3083//3770 3094//3768 3173//3771 
f 3084//3772 3083//3770 3174//3773 
f 3091//3774 3084//3772 3175//3775 
f 3090//3776 3091//3774 3176//3777 
f 3082//3778 3090//3776 3177//3779 
f 3080//3780 3082//3778 3178//3781 
f 3081//3782 3080//3780 3179//3783 
f 3075//3784 3081//3782 3180//3785 
f 3078//3786 3075//3784 3181//3787 
f 3095//3788 3078//3786 3182//3789 
f 3092//3790 3095//3788 3183//3791 
f 3088//3792 3092//3790 3184//3793 
f 3089//3767 3088//3792 3185//3792 
f 3185//3792 3171//3767 3089//3767 
f 3184//3793 3185//3792 3088//3792 
f 3183//3791 3184//3793 3092//3790 
f 3182//3789 3183//3791 3095//3788 
f 3181//3787 3182//3789 3078//3786 
f 3180//3785 3181//3787 3075//3784 
f 3179//3783 3180//3785 3081//3782 
f 3178//3781 3179//3783 3080//3780 
f 3177//3779 3178//3781 3082//3778 
f 3176//3777 3177//3779 3090//3776 
f 3175//3775 3176//3777 3091//3774 
f 3174//3773 3175//3775 3084//3772 
f 3173//3771 3174//3773 3083//3770 
f 3172//3769 3173//3771 3094//3768 
f 3171//3767 3172//3769 3093//3766 
o mesh249
f 3186//3794 3185//3794 3184//3794 
f 3184//3794 3183//3794 3186//3794 
f 3183//3794 3182//3794 3186//3794 
f 3182//3794 3181//3794 3186//3794 
f 3181//3794 3180//3794 3186//3794 
f 3180//3794 3179//3794 3186//3794 
f 3179//3794 3178//3794 3186//3794 
f 3178//3794 3177//3794 3186//3794 
f 3177//3794 3176//3794 3186//3794 
f 3176//3794 3175//3794 3186//3794 
f 3175//3794 3174//3794 3186//3794 
f 3174//3794 3173//3794 3186//3794 
f 3173//3794 3172//3794 3186//3794 
f 3172//3794 3171//3794 3186//3794 
f 3171//3794 3185//3794 3186//3794 
g Part 4
v 0.146746 0.00219416 -0.0101917 
v 0.147625 0.00247032 -0.010267 
v 0.147625 0.00247032 -0.00994948 
v 0.147657 0.00246748 -0.00995211 
v 0.146746 0.00219416 -0.00987425 
v 0.14864 0.00238029 -0.010033 
v 0.147674 0.00246601 -0.00995347 
v 0.147674 0.00246601 -0.010271 
v 0.14864 0.00238029 -0.0103505 
v 0.148682 0.00235833 -0.0100369 
v 0.147657 0.00246748 -0.0102696 
v 0.149561 0.00183056 -0.0101214 
v 0.149489 0.00191629 -0.0101122 
v 0.149489 0.00191629 -0.0104297 
v 0.149458 0.0019537 -0.0104257 
v 0.149458 0.0019537 -0.0101082 
v 0.148682 0.00235833 -0.0103544 
v 0.150112 0.00117208 -0.0105092 
v 0.150165 0.00100378 -0.0105236 
v 0.150165 0.00100378 -0.0102061 
v 0.149561 0.00183056 -0.0104389 
v 0.150112 0.00117208 -0.0101917 
v 0.150362 3.7939e-06 -0.0102907 
v 0.150384 0.000244033 -0.010271 
v 0.150384 0.000244033 -0.0105885 
v 0.150388 0.000292636 -0.0105845 
v 0.150388 0.000292636 -0.010267 
v 0.150156 -0.000994098 -0.0103755 
v 0.150298 -0.000722724 -0.0103505 
v 0.150298 -0.000722724 -0.010668 
v 0.150362 3.7939e-06 -0.0106082 
v 0.149834 -0.00157118 -0.0107472 
v 0.149549 -0.00180942 -0.0107776 
v 0.149549 -0.00180942 -0.0104601 
v 0.149834 -0.00157118 -0.0104297 
v 0.149871 -0.00153986 -0.0107432 
v 0.150156 -0.000994098 -0.010693 
v 0.149871 -0.00153986 -0.0104257 
v 0.148674 -0.00232487 -0.0105449 
v 0.14909 -0.00219416 -0.0105092 
v 0.14909 -0.00219416 -0.0108267 
v 0.148162 -0.00246601 -0.010906 
v 0.147662 -0.00242173 -0.0109471 
v 0.147662 -0.00242173 -0.0106296 
v 0.148162 -0.00246601 -0.0105885 
v 0.14821 -0.00247032 -0.010902 
v 0.148674 -0.00232487 -0.0108624 
v 0.14821 -0.00247032 -0.0105845 
v 0.147195 -0.00238029 -0.0109855 
v 0.147195 -0.00238029 -0.010668 
v 0.146693 -0.00211813 -0.0107142 
v 0.146693 -0.00211813 -0.0110317 
v 0.146378 -0.0019537 -0.0110607 
v 0.146378 -0.0019537 -0.0107432 
v 0.145941 -0.00143206 -0.010799 
v 0.146347 -0.00191629 -0.0107472 
v 0.146347 -0.00191629 -0.0110647 
v 0.145941 -0.00143206 -0.0111165 
v 0.145724 -0.00117208 -0.0108267 
v 0.145515 -0.000507651 -0.0108836 
v 0.145724 -0.00117208 -0.0111442 
v 0.145515 -0.000507651 -0.0112011 
v 0.145447 -0.000292636 -0.0112195 
v 0.145447 -0.000292636 -0.010902 
v 0.145519 0.000514136 -0.0109683 
v 0.145452 -0.000244033 -0.010906 
v 0.145452 -0.000244033 -0.0112235 
v 0.145519 0.000514136 -0.0112858 
v 0.145537 0.000722724 -0.011303 
v 0.145537 0.000722724 -0.0109855 
v 0.14592 0.00145468 -0.0110529 
v 0.14592 0.00145468 -0.0113704 
v 0.145964 0.00153986 -0.0110607 
v 0.146001 0.00157118 -0.0113822 
v 0.146684 0.00214244 -0.0114551 
v 0.146684 0.00214244 -0.0111376 
v 0.146001 0.00157118 -0.0110647 
v 0.145964 0.00153986 -0.0113782 
v 0.146746 0.00219416 -0.0114617 
v 0.146746 0.00219416 -0.0111442 
v 0.147625 0.00247032 -0.011537 
v 0.147625 0.00247032 -0.0112195 
v 0.147657 0.00246748 -0.0112221 
v 0.14864 0.00238029 -0.011303 
v 0.147674 0.00246601 -0.0112235 
v 0.147674 0.00246601 -0.011541 
v 0.14864 0.00238029 -0.0116205 
v 0.148682 0.00235833 -0.0113069 
v 0.147657 0.00246748 -0.0115396 
v 0.149489 0.00191629 -0.0116997 
v 0.149561 0.00183056 -0.0117089 
v 0.149561 0.00183056 -0.0113914 
v 0.149489 0.00191629 -0.0113822 
v 0.149458 0.0019537 -0.0116957 
v 0.149458 0.0019537 -0.0113782 
v 0.148682 0.00235833 -0.0116244 
v 0.150165 0.00100378 -0.0114761 
v 0.150112 0.00117208 -0.0114617 
v 0.150112 0.00117208 -0.0117792 
v 0.150384 0.000244033 -0.0118585 
v 0.150362 3.7939e-06 -0.0118782 
v 0.150362 3.7939e-06 -0.0115607 
v 0.150384 0.000244033 -0.011541 
v 0.150388 0.000292636 -0.0118545 
v 0.150388 0.000292636 -0.011537 
v 0.150165 0.00100378 -0.0117936 
v 0.150298 -0.000722724 -0.011938 
v 0.150156 -0.000994098 -0.011963 
v 0.150156 -0.000994098 -0.0116455 
v 0.150298 -0.000722724 -0.0116205 
v 0.149549 -0.00180942 -0.0117301 
v 0.149834 -0.00157118 -0.0116997 
v 0.149834 -0.00157118 -0.0120172 
v 0.149871 -0.00153986 -0.0120132 
v 0.149871 -0.00153986 -0.0116957 
v 0.148674 -0.00232487 -0.0118149 
v 0.14909 -0.00219416 -0.0117792 
v 0.14909 -0.00219416 -0.0120967 
v 0.149549 -0.00180942 -0.0120476 
v 0.147662 -0.00242173 -0.0118996 
v 0.148162 -0.00246601 -0.0118585 
v 0.148162 -0.00246601 -0.012176 
v 0.14821 -0.00247032 -0.012172 
v 0.148674 -0.00232487 -0.0121324 
v 0.14821 -0.00247032 -0.0118545 
v 0.147662 -0.00242173 -0.0122171 
v 0.147195 -0.00238029 -0.0122555 
v 0.147195 -0.00238029 -0.011938 
v 0.146693 -0.00211813 -0.0119842 
v 0.146693 -0.00211813 -0.0123017 
v 0.146378 -0.0019537 -0.0123307 
v 0.146378 -0.0019537 -0.0120132 
v 0.145941 -0.00143206 -0.012069 
v 0.146347 -0.00191629 -0.0120172 
v 0.146347 -0.00191629 -0.0123347 
v 0.145941 -0.00143206 -0.0123865 
v 0.145724 -0.00117208 -0.0124142 
v 0.145724 -0.00117208 -0.0120967 
v 0.145515 -0.000507651 -0.0121536 
v 0.145515 -0.000507651 -0.0124711 
v 0.145447 -0.000292636 -0.0124895 
v 0.145447 -0.000292636 -0.012172 
v 0.145452 -0.000244033 -0.0124935 
v 0.145519 0.000514136 -0.0125558 
v 0.145519 0.000514136 -0.0122383 
v 0.145452 -0.000244033 -0.012176 
v 0.145537 0.000722724 -0.0122555 
v 0.14592 0.00145468 -0.0123229 
v 0.145537 0.000722724 -0.012573 
v 0.14592 0.00145468 -0.0126404 
v 0.145964 0.00153986 -0.0126482 
v 0.145964 0.00153986 -0.0123307 
v 0.146684 0.00214244 -0.0124076 
v 0.146001 0.00157118 -0.0123347 
v 0.146001 0.00157118 -0.0126522 
v 0.146684 0.00214244 -0.0127251 
v 0.146746 0.00219416 -0.0127317 
v 0.146746 0.00219416 -0.0124142 
v 0.147625 0.00247032 -0.0124895 
v 0.147625 0.00247032 -0.012807 
v 0.147657 0.00246748 -0.0124921 
v 0.147674 0.00246601 -0.012811 
v 0.14864 0.00238029 -0.0128905 
v 0.14864 0.00238029 -0.012573 
v 0.148682 0.00235833 -0.0125769 
v 0.147657 0.00246748 -0.0128096 
v 0.147674 0.00246601 -0.0124935 
v 0.149561 0.00183056 -0.0126614 
v 0.149489 0.00191629 -0.0126522 
v 0.149489 0.00191629 -0.0129697 
v 0.149458 0.0019537 -0.0129657 
v 0.149458 0.0019537 -0.0126482 
v 0.148682 0.00235833 -0.0128944 
v 0.150112 0.00117208 -0.0130492 
v 0.150165 0.00100378 -0.0130636 
v 0.150165 0.00100378 -0.0127461 
v 0.149561 0.00183056 -0.0129789 
v 0.150112 0.00117208 -0.0127317 
v 0.150362 3.7939e-06 -0.0128307 
v 0.150384 0.000244033 -0.012811 
v 0.150384 0.000244033 -0.0131285 
v 0.150388 0.000292636 -0.0131245 
v 0.150388 0.000292636 -0.012807 
v 0.150156 -0.000994098 -0.0129155 
v 0.150298 -0.000722724 -0.0128905 
v 0.150298 -0.000722724 -0.013208 
v 0.150362 3.7939e-06 -0.0131482 
v 0.149549 -0.00180942 -0.0130001 
v 0.149834 -0.00157118 -0.0129697 
v 0.149834 -0.00157118 -0.0132872 
v 0.149871 -0.00153986 -0.0132832 
v 0.150156 -0.000994098 -0.013233 
v 0.149871 -0.00153986 -0.0129657 
v 0.148674 -0.00232487 -0.0130849 
v 0.14909 -0.00219416 -0.0130492 
v 0.14909 -0.00219416 -0.0133667 
v 0.149549 -0.00180942 -0.0133176 
v 0.147662 -0.00242173 -0.0131696 
v 0.148162 -0.00246601 -0.0131285 
v 0.148162 -0.00246601 -0.013446 
v 0.14821 -0.00247032 -0.013442 
v 0.148674 -0.00232487 -0.0134024 
v 0.14821 -0.00247032 -0.0131245 
v 0.147662 -0.00242173 -0.0134871 
v 0.147195 -0.00238029 -0.0135255 
v 0.147195 -0.00238029 -0.013208 
v 0.146693 -0.00211813 -0.0132542 
v 0.146693 -0.00211813 -0.0135717 
v 0.146378 -0.0019537 -0.0136007 
v 0.146378 -0.0019537 -0.0132832 
v 0.145941 -0.00143206 -0.013339 
v 0.146347 -0.00191629 -0.0132872 
v 0.146347 -0.00191629 -0.0136047 
v 0.145941 -0.00143206 -0.0136565 
v 0.145724 -0.00117208 -0.0136842 
v 0.145724 -0.00117208 -0.0133667 
v 0.145515 -0.000507651 -0.0134236 
v 0.145515 -0.000507651 -0.0137411 
v 0.145447 -0.000292636 -0.0137595 
v 0.145447 -0.000292636 -0.013442 
v 0.145519 0.000514136 -0.0135083 
v 0.145452 -0.000244033 -0.013446 
v 0.145452 -0.000244033 -0.0137635 
v 0.145519 0.000514136 -0.0138258 
v 0.145537 0.000722724 -0.0135255 
v 0.14592 0.00145468 -0.0135929 
v 0.145537 0.000722724 -0.013843 
v 0.14592 0.00145468 -0.0139104 
v 0.145964 0.00153986 -0.0139182 
v 0.145964 0.00153986 -0.0136007 
v 0.146001 0.00157118 -0.0139222 
v 0.146684 0.00214244 -0.0139951 
v 0.146684 0.00214244 -0.0136776 
v 0.146001 0.00157118 -0.0136047 
v 0.146746 0.00219416 -0.0136842 
v 0.146746 0.00219416 -0.0140017 
v 0.147625 0.00247032 -0.014077 
v 0.147625 0.00247032 -0.0137595 
v 0.147657 0.00246748 -0.0137621 
v 0.14864 0.00238029 -0.013843 
v 0.147674 0.00246601 -0.0137635 
v 0.147674 0.00246601 -0.014081 
v 0.14864 0.00238029 -0.0141605 
v 0.148682 0.00235833 -0.0138469 
v 0.147657 0.00246748 -0.0140796 
v 0.149561 0.00183056 -0.0139314 
v 0.149489 0.00191629 -0.0139222 
v 0.149489 0.00191629 -0.0142397 
v 0.149458 0.0019537 -0.0142357 
v 0.148682 0.00235833 -0.0141644 
v 0.149458 0.0019537 -0.0139182 
v 0.150112 0.00117208 -0.0143192 
v 0.150165 0.00100378 -0.0143336 
v 0.150165 0.00100378 -0.0140161 
v 0.149561 0.00183056 -0.0142489 
v 0.150112 0.00117208 -0.0140017 
v 0.150362 3.7939e-06 -0.0141007 
v 0.150384 0.000244033 -0.014081 
v 0.150384 0.000244033 -0.0143985 
v 0.150388 0.000292636 -0.0143945 
v 0.150388 0.000292636 -0.014077 
v 0.150298 -0.000722724 -0.014478 
v 0.150156 -0.000994098 -0.014503 
v 0.150156 -0.000994098 -0.0141855 
v 0.150362 3.7939e-06 -0.0144182 
v 0.150298 -0.000722724 -0.0141605 
v 0.149549 -0.00180942 -0.0142701 
v 0.149834 -0.00157117 -0.0142397 
v 0.149834 -0.00157117 -0.0145572 
v 0.149871 -0.00153986 -0.0145532 
v 0.149871 -0.00153986 -0.0142357 
v 0.148674 -0.00232487 -0.0143549 
v 0.14909 -0.00219416 -0.0143192 
v 0.14909 -0.00219416 -0.0146367 
v 0.149549 -0.00180942 -0.0145876 
v 0.148162 -0.00246601 -0.014716 
v 0.147662 -0.00242173 -0.0147571 
v 0.147662 -0.00242173 -0.0144396 
v 0.148162 -0.00246601 -0.0143985 
v 0.14821 -0.00247032 -0.014712 
v 0.148674 -0.00232487 -0.0146724 
v 0.14821 -0.00247032 -0.0143945 
v 0.147195 -0.00238029 -0.014478 
v 0.146693 -0.00211814 -0.0145242 
v 0.147195 -0.00238029 -0.0147955 
v 0.146693 -0.00211814 -0.0148417 
v 0.146378 -0.00195375 -0.0148707 
v 0.146378 -0.00195375 -0.0145532 
v 0.145941 -0.00143206 -0.014609 
v 0.146347 -0.00191628 -0.0145572 
v 0.146347 -0.00191628 -0.0148747 
v 0.145941 -0.00143206 -0.0149265 
v 0.145724 -0.00117208 -0.0149542 
v 0.145724 -0.00117208 -0.0146367 
v 0.145515 -0.000507581 -0.0150111 
v 0.145515 -0.000507581 -0.0146936 
v 0.145447 -0.000290685 -0.0147121 
v 0.145451 -0.000244003 -0.0150335 
v 0.145519 0.00051413 -0.0150958 
v 0.145519 0.00051413 -0.0147783 
v 0.145451 -0.000244003 -0.014716 
v 0.145447 -0.000290685 -0.0150296 
v 0.145537 0.000722724 -0.015113 
v 0.145537 0.000722724 -0.0147955 
v 0.145911 0.00145907 -0.0148627 
v 0.145911 0.00145907 -0.0151802 
v 0.14593 0.00149533 -0.0151835 
v 0.146009 0.00156293 -0.0151921 
v 0.146009 0.00156293 -0.0148746 
v 0.14593 0.00149533 -0.014866 
v 0.146685 0.00214186 -0.0149476 
v 0.146685 0.00214186 -0.0152651 
v 0.146746 0.00219416 -0.0152717 
v 0.146746 0.00219416 -0.0149542 
v 0.145481 0.001995 -0.0144777 
v 0.146422 0.00280049 -0.0145574 
v 0.145381 0.00190959 -0.0144693 
v 0.14488 0.000922437 -0.0143986 
v 0.144769 -0.000311413 -0.0143191 
v 0.144764 -0.000369558 -0.0143154 
v 0.145117 -0.00149596 -0.0142399 
v 0.145912 -0.002446 -0.0141604 
v 0.145951 -0.00249274 -0.0141564 
v 0.146995 -0.00303805 -0.0140811 
v 0.148229 -0.00314774 -0.0140016 
v 0.14829 -0.00315313 -0.0139977 
v 0.149414 -0.00280049 -0.0139224 
v 0.150364 -0.00200556 -0.0138429 
v 0.15041 -0.00196651 -0.0138389 
v 0.150956 -0.000922437 -0.0137636 
v 0.151065 0.000311452 -0.0136841 
v 0.151071 0.000372055 -0.0136802 
v 0.150718 0.00149596 -0.0136049 
v 0.149923 0.00244602 -0.0135254 
v 0.149884 0.00249268 -0.0135214 
v 0.14884 0.00303805 -0.0134461 
v 0.147606 0.00314774 -0.0133666 
v 0.147546 0.00315313 -0.0133627 
v 0.146422 0.00280049 -0.0132874 
v 0.145472 0.00200556 -0.0132079 
v 0.145425 0.00196651 -0.0132039 
v 0.14488 0.000922437 -0.0131286 
v 0.14477 -0.000311452 -0.0130491 
v 0.144765 -0.000372054 -0.0130452 
v 0.145117 -0.00149596 -0.0129699 
v 0.145912 -0.00244602 -0.0128904 
v 0.145951 -0.00249268 -0.0128864 
v 0.146995 -0.00303805 -0.0128111 
v 0.148229 -0.00314774 -0.0127316 
v 0.14829 -0.00315313 -0.0127277 
v 0.149414 -0.00280049 -0.0126524 
v 0.150364 -0.00200556 -0.0125729 
v 0.15041 -0.00196651 -0.0125689 
v 0.150956 -0.000922437 -0.0124936 
v 0.151065 0.000311452 -0.0124141 
v 0.151071 0.000372055 -0.0124102 
v 0.150718 0.00149596 -0.0123349 
v 0.149923 0.00244602 -0.0122554 
v 0.149884 0.00249268 -0.0122514 
v 0.14884 0.00303805 -0.0121761 
v 0.147606 0.00314774 -0.0120966 
v 0.147546 0.00315313 -0.0120927 
v 0.146422 0.00280049 -0.0120174 
v 0.145472 0.00200556 -0.0119379 
v 0.145425 0.00196651 -0.0119339 
v 0.14488 0.000922437 -0.0118586 
v 0.14477 -0.000311452 -0.0117791 
v 0.144765 -0.000372054 -0.0117752 
v 0.145117 -0.00149596 -0.0116999 
v 0.145912 -0.00244602 -0.0116204 
v 0.145951 -0.00249268 -0.0116164 
v 0.146995 -0.00303805 -0.0115411 
v 0.148229 -0.00314774 -0.0114616 
v 0.14829 -0.00315313 -0.0114577 
v 0.149414 -0.00280049 -0.0113824 
v 0.150364 -0.00200556 -0.0113029 
v 0.15041 -0.00196651 -0.0112989 
v 0.150956 -0.000922437 -0.0112236 
v 0.151065 0.000311452 -0.0111441 
v 0.151071 0.000372055 -0.0111402 
v 0.150718 0.00149596 -0.0110649 
v 0.149923 0.00244602 -0.0109854 
v 0.149884 0.00249268 -0.0109814 
v 0.14884 0.00303805 -0.0109061 
v 0.147606 0.00314774 -0.0108266 
v 0.147546 0.00315313 -0.0108227 
v 0.146422 0.00280049 -0.0107474 
v 0.145472 0.00200556 -0.0106679 
v 0.145425 0.00196651 -0.0106639 
v 0.14488 0.000922437 -0.0105886 
v 0.14477 -0.000311452 -0.0105091 
v 0.144765 -0.000372054 -0.0105052 
v 0.145117 -0.00149596 -0.0104299 
v 0.145912 -0.00244602 -0.0103504 
v 0.145951 -0.00249268 -0.0103464 
v 0.146995 -0.00303805 -0.0102711 
v 0.148229 -0.00314774 -0.0101916 
v 0.14829 -0.00315313 -0.0101877 
v 0.149414 -0.00280049 -0.0101124 
v 0.150364 -0.00200556 -0.0100329 
v 0.15041 -0.00196651 -0.0100289 
v 0.150956 -0.000922437 -0.00995362 
v 0.151065 0.000311452 -0.0098741 
v 0.151071 0.000372055 -0.0098702 
v 0.150718 0.00149596 -0.00979487 
v 0.149923 0.00244602 -0.00971535 
v 0.149884 0.00249268 -0.00971145 
v 0.14884 0.00303805 -0.00963612 
v 0.147606 0.00314774 -0.0095566 
v 0.147546 0.00315313 -0.0095527 
v 0.146422 0.00280049 -0.00947737 
v 0.145334 0.00211512 -0.0144777 
v 0.145229 0.00202473 -0.0144693 
v 0.144697 0.000977961 -0.0143986 
v 0.14458 -0.000330155 -0.0143191 
v 0.144574 -0.000391533 -0.0143154 
v 0.144949 -0.00158601 -0.0142399 
v 0.145791 -0.00259327 -0.0141604 
v 0.145833 -0.00264261 -0.0141565 
v 0.14694 -0.00322092 -0.0140811 
v 0.148248 -0.00333726 -0.0140016 
v 0.148312 -0.00334295 -0.0139977 
v 0.149504 -0.00296905 -0.0139224 
v 0.150511 -0.00212632 -0.0138429 
v 0.15056 -0.0020851 -0.013839 
v 0.151139 -0.000977961 -0.0137636 
v 0.151255 0.000330196 -0.0136841 
v 0.151261 0.00039418 -0.0136802 
v 0.150887 0.00158601 -0.0136049 
v 0.150044 0.00259328 -0.0135254 
v 0.150003 0.00264255 -0.0135215 
v 0.148896 0.00322092 -0.0134461 
v 0.147587 0.00333726 -0.0133666 
v 0.147524 0.00334295 -0.0133627 
v 0.146332 0.00296905 -0.0132874 
v 0.145324 0.00212632 -0.0132079 
v 0.145275 0.0020851 -0.013204 
v 0.144697 0.000977961 -0.0131286 
v 0.14458 -0.000330196 -0.0130491 
v 0.144575 -0.00039418 -0.0130452 
v 0.144949 -0.00158601 -0.0129699 
v 0.145791 -0.00259328 -0.0128904 
v 0.145833 -0.00264255 -0.0128865 
v 0.14694 -0.00322092 -0.0128111 
v 0.148248 -0.00333726 -0.0127316 
v 0.148312 -0.00334295 -0.0127277 
v 0.149504 -0.00296905 -0.0126524 
v 0.150511 -0.00212632 -0.0125729 
v 0.15056 -0.0020851 -0.012569 
v 0.151139 -0.000977961 -0.0124936 
v 0.151255 0.000330196 -0.0124141 
v 0.151261 0.00039418 -0.0124102 
v 0.150887 0.00158601 -0.0123349 
v 0.150044 0.00259328 -0.0122554 
v 0.150003 0.00264255 -0.0122515 
v 0.148896 0.00322092 -0.0121761 
v 0.147587 0.00333726 -0.0120966 
v 0.147524 0.00334295 -0.0120927 
v 0.146332 0.00296905 -0.0120174 
v 0.145324 0.00212632 -0.0119379 
v 0.145275 0.0020851 -0.011934 
v 0.144697 0.000977961 -0.0118586 
v 0.14458 -0.000330196 -0.0117791 
v 0.144575 -0.00039418 -0.0117752 
v 0.144949 -0.00158601 -0.0116999 
v 0.145791 -0.00259328 -0.0116204 
v 0.145833 -0.00264255 -0.0116165 
v 0.14694 -0.00322092 -0.0115411 
v 0.148248 -0.00333726 -0.0114616 
v 0.148312 -0.00334295 -0.0114577 
v 0.149504 -0.00296905 -0.0113824 
v 0.150511 -0.00212632 -0.0113029 
v 0.15056 -0.0020851 -0.011299 
v 0.151139 -0.000977961 -0.0112236 
v 0.151255 0.000330196 -0.0111441 
v 0.151261 0.00039418 -0.0111402 
v 0.150887 0.00158601 -0.0110649 
v 0.150044 0.00259328 -0.0109854 
v 0.150003 0.00264255 -0.0109815 
v 0.148896 0.00322092 -0.0109061 
v 0.147587 0.00333726 -0.0108266 
v 0.147524 0.00334295 -0.0108227 
v 0.146332 0.00296905 -0.0107474 
v 0.145324 0.00212632 -0.0106679 
v 0.145275 0.0020851 -0.010664 
v 0.144697 0.000977961 -0.0105886 
v 0.14458 -0.000330196 -0.0105091 
v 0.144575 -0.00039418 -0.0105052 
v 0.144949 -0.00158601 -0.0104299 
v 0.145791 -0.00259328 -0.0103504 
v 0.145833 -0.00264255 -0.0103465 
v 0.14694 -0.00322092 -0.0102711 
v 0.148248 -0.00333726 -0.0101916 
v 0.148312 -0.00334295 -0.0101877 
v 0.149504 -0.00296905 -0.0101124 
v 0.150511 -0.00212632 -0.0100329 
v 0.15056 -0.0020851 -0.010029 
v 0.151139 -0.000977961 -0.00995362 
v 0.151255 0.000330196 -0.0098741 
v 0.151261 0.00039418 -0.00987021 
v 0.150887 0.00158601 -0.00979487 
v 0.150044 0.00259328 -0.00971535 
v 0.150003 0.00264255 -0.00971146 
v 0.148896 0.00322092 -0.00963612 
v 0.147587 0.00333726 -0.0095566 
v 0.147524 0.00334295 -0.00955271 
v 0.146332 0.00296905 -0.00947737 
v 0.146332 0.00296905 -0.0145574 
v 0.14584 0.00360856 -0.015027 
v 0.144701 0.00263357 -0.014954 
v 0.145943 0.00369664 -0.0150336 
v 0.14457 0.00252161 -0.0149456 
v 0.144538 0.00245796 -0.0149421 
v 0.143907 0.00121762 -0.0148749 
v 0.143876 0.000866186 -0.0148577 
v 0.143762 -0.00041105 -0.0147954 
v 0.143755 -0.000486517 -0.0147917 
v 0.14387 -0.00085503 -0.014773 
v 0.144221 -0.00197467 -0.0147161 
v 0.144588 -0.00241284 -0.0146883 
v 0.14527 -0.0032289 -0.0146366 
v 0.145321 -0.00328961 -0.0146328 
v 0.145854 -0.00356824 -0.0146036 
v 0.1467 -0.00401022 -0.0145574 
v 0.147487 -0.00408034 -0.0145189 
v 0.148329 -0.00415527 -0.0144779 
v 0.148407 -0.00416228 -0.014474 
v 0.149191 -0.00391657 -0.0144342 
v 0.149892 -0.00369664 -0.0143986 
v 0.150667 -0.00304872 -0.0143495 
v 0.151147 -0.00264753 -0.0143191 
v 0.151207 -0.00259682 -0.0143153 
v 0.151689 -0.0016747 -0.0142649 
v 0.151928 -0.00121762 -0.0142399 
v 0.152037 6.38681e-06 -0.0141801 
v 0.152073 0.000411102 -0.0141604 
v 0.15208 0.000489817 -0.0141565 
v 0.151703 0.00169111 -0.0140955 
v 0.151614 0.00197467 -0.0140811 
v 0.150686 0.00308444 -0.0140108 
v 0.150565 0.00322891 -0.0140016 
v 0.150515 0.00328953 -0.0139978 
v 0.149206 0.0039732 -0.0139262 
v 0.149135 0.00401022 -0.0139224 
v 0.147507 0.00415527 -0.0138429 
v 0.147479 0.00415775 -0.0138415 
v 0.145943 0.00369664 -0.0137636 
v 0.147428 0.00416228 -0.013839 
v 0.145839 0.00360954 -0.013757 
v 0.144689 0.00264753 -0.0136841 
v 0.144628 0.00259682 -0.0136803 
v 0.144552 0.00245054 -0.0136723 
v 0.143907 0.00121762 -0.0136049 
v 0.143876 0.000866196 -0.0135877 
v 0.143762 -0.000411102 -0.0135254 
v 0.143755 -0.000489817 -0.0135215 
v 0.14387 -0.000855148 -0.013503 
v 0.144221 -0.00197467 -0.0134461 
v 0.144588 -0.00241284 -0.0134183 
v 0.14527 -0.00322891 -0.0133666 
v 0.145321 -0.00328953 -0.0133628 
v 0.145854 -0.00356823 -0.0133336 
v 0.1467 -0.00401022 -0.0132874 
v 0.147487 -0.00408034 -0.0132489 
v 0.148329 -0.00415527 -0.0132079 
v 0.148408 -0.00416228 -0.013204 
v 0.149191 -0.00391657 -0.0131642 
v 0.149892 -0.00369664 -0.0131286 
v 0.150667 -0.00304872 -0.0130795 
v 0.151147 -0.00264753 -0.0130491 
v 0.151207 -0.00259682 -0.0130453 
v 0.151689 -0.0016747 -0.0129949 
v 0.151928 -0.00121762 -0.0129699 
v 0.152037 6.38681e-06 -0.0129101 
v 0.152073 0.000411102 -0.0128904 
v 0.15208 0.000489817 -0.0128865 
v 0.151703 0.00169111 -0.0128255 
v 0.151614 0.00197467 -0.0128111 
v 0.150686 0.00308444 -0.0127408 
v 0.150565 0.00322891 -0.0127316 
v 0.150515 0.00328953 -0.0127278 
v 0.149206 0.0039732 -0.0126562 
v 0.149135 0.00401022 -0.0126524 
v 0.147507 0.00415527 -0.0125729 
v 0.147479 0.00415775 -0.0125715 
v 0.145943 0.00369664 -0.0124936 
v 0.147428 0.00416228 -0.012569 
v 0.145839 0.00360954 -0.012487 
v 0.144689 0.00264753 -0.0124141 
v 0.144628 0.00259682 -0.0124103 
v 0.144552 0.00245054 -0.0124023 
v 0.143907 0.00121762 -0.0123349 
v 0.143876 0.000866196 -0.0123177 
v 0.143762 -0.000411102 -0.0122554 
v 0.143755 -0.000489817 -0.0122515 
v 0.14387 -0.000855148 -0.012233 
v 0.144221 -0.00197467 -0.0121761 
v 0.144588 -0.00241284 -0.0121483 
v 0.14527 -0.00322891 -0.0120966 
v 0.145321 -0.00328953 -0.0120928 
v 0.145854 -0.00356823 -0.0120636 
v 0.1467 -0.00401022 -0.0120174 
v 0.147487 -0.00408034 -0.0119789 
v 0.148329 -0.00415527 -0.0119379 
v 0.148408 -0.00416228 -0.011934 
v 0.149191 -0.00391657 -0.0118942 
v 0.149892 -0.00369664 -0.0118586 
v 0.150667 -0.00304872 -0.0118095 
v 0.151147 -0.00264753 -0.0117791 
v 0.151207 -0.00259682 -0.0117753 
v 0.151689 -0.0016747 -0.0117249 
v 0.151928 -0.00121762 -0.0116999 
v 0.152037 6.38681e-06 -0.0116401 
v 0.152073 0.000411102 -0.0116204 
v 0.15208 0.000489817 -0.0116165 
v 0.151703 0.00169111 -0.0115555 
v 0.151614 0.00197467 -0.0115411 
v 0.150686 0.00308444 -0.0114708 
v 0.150565 0.00322891 -0.0114616 
v 0.150515 0.00328953 -0.0114578 
v 0.149206 0.0039732 -0.0113862 
v 0.149135 0.00401022 -0.0113824 
v 0.147507 0.00415527 -0.0113029 
v 0.147479 0.00415775 -0.0113015 
v 0.145943 0.00369664 -0.0112236 
v 0.147428 0.00416228 -0.011299 
v 0.145839 0.00360954 -0.011217 
v 0.144689 0.00264753 -0.0111441 
v 0.144628 0.00259682 -0.0111403 
v 0.144552 0.00245054 -0.0111323 
v 0.143907 0.00121762 -0.0110649 
v 0.143876 0.000866196 -0.0110477 
v 0.143762 -0.000411102 -0.0109854 
v 0.143755 -0.000489817 -0.0109815 
v 0.14387 -0.000855148 -0.010963 
v 0.144221 -0.00197467 -0.0109061 
v 0.144588 -0.00241284 -0.0108783 
v 0.14527 -0.00322891 -0.0108266 
v 0.145321 -0.00328953 -0.0108228 
v 0.145854 -0.00356823 -0.0107936 
v 0.1467 -0.00401022 -0.0107474 
v 0.147487 -0.00408034 -0.0107089 
v 0.148329 -0.00415527 -0.0106679 
v 0.148408 -0.00416228 -0.010664 
v 0.149191 -0.00391657 -0.0106242 
v 0.149892 -0.00369664 -0.0105886 
v 0.150667 -0.00304872 -0.0105395 
v 0.151147 -0.00264753 -0.0105091 
v 0.151207 -0.00259682 -0.0105053 
v 0.151689 -0.0016747 -0.0104549 
v 0.151928 -0.00121762 -0.0104299 
v 0.152037 6.38681e-06 -0.0103701 
v 0.152073 0.000411102 -0.0103504 
v 0.15208 0.000489817 -0.0103465 
v 0.151703 0.00169111 -0.0102855 
v 0.151614 0.00197467 -0.0102711 
v 0.150686 0.00308444 -0.0102008 
v 0.150565 0.00322891 -0.0101916 
v 0.150515 0.00328953 -0.0101878 
v 0.149206 0.0039732 -0.0101162 
v 0.149135 0.00401022 -0.0101124 
v 0.147507 0.00415527 -0.0100329 
v 0.147479 0.00415775 -0.0100315 
v 0.145943 0.00369664 -0.00995362 
v 0.147428 0.00416228 -0.010029 
v 0.147428 0.00416228 -0.0101878 
v 0.145943 0.00369664 -0.0101124 
v 0.147479 0.00415775 -0.0101902 
v 0.147507 0.00415527 -0.0101916 
v 0.149206 0.0039732 -0.010275 
v 0.149135 0.00401022 -0.0102711 
v 0.150565 0.00322891 -0.0103504 
v 0.150515 0.00328953 -0.0103465 
v 0.150686 0.00308444 -0.0103595 
v 0.151614 0.00197467 -0.0104299 
v 0.151703 0.00169111 -0.0104443 
v 0.15208 0.000489817 -0.0105053 
v 0.152073 0.000411102 -0.0105091 
v 0.152037 6.38681e-06 -0.0105289 
v 0.151928 -0.00121762 -0.0105886 
v 0.151689 -0.0016747 -0.0106136 
v 0.151207 -0.00259682 -0.010664 
v 0.151147 -0.00264753 -0.0106679 
v 0.150667 -0.00304872 -0.0106983 
v 0.149892 -0.00369664 -0.0107474 
v 0.149191 -0.00391657 -0.010783 
v 0.148408 -0.00416228 -0.0108228 
v 0.148329 -0.00415527 -0.0108266 
v 0.147487 -0.00408034 -0.0108677 
v 0.1467 -0.00401022 -0.0109061 
v 0.14527 -0.00322891 -0.0109854 
v 0.145321 -0.00328953 -0.0109815 
v 0.145854 -0.00356823 -0.0109524 
v 0.144221 -0.00197467 -0.0110649 
v 0.144588 -0.00241284 -0.0110371 
v 0.143762 -0.000411102 -0.0111441 
v 0.143755 -0.000489817 -0.0111403 
v 0.14387 -0.000855148 -0.0111217 
v 0.143907 0.00121762 -0.0112236 
v 0.143876 0.000866196 -0.0112065 
v 0.144689 0.00264753 -0.0113029 
v 0.144628 0.00259682 -0.011299 
v 0.144552 0.00245054 -0.011291 
v 0.147428 0.00416228 -0.0114578 
v 0.145943 0.00369664 -0.0113824 
v 0.145839 0.00360954 -0.0113758 
v 0.147479 0.00415775 -0.0114602 
v 0.147507 0.00415527 -0.0114616 
v 0.149135 0.00401022 -0.0115411 
v 0.149206 0.0039732 -0.011545 
v 0.150515 0.00328953 -0.0116165 
v 0.150565 0.00322891 -0.0116204 
v 0.150686 0.00308444 -0.0116295 
v 0.151614 0.00197467 -0.0116999 
v 0.151703 0.00169111 -0.0117143 
v 0.15208 0.000489817 -0.0117753 
v 0.152073 0.000411102 -0.0117791 
v 0.152037 6.38681e-06 -0.0117989 
v 0.151928 -0.00121762 -0.0118586 
v 0.151689 -0.0016747 -0.0118836 
v 0.151207 -0.00259682 -0.011934 
v 0.151147 -0.00264753 -0.0119379 
v 0.150667 -0.00304872 -0.0119683 
v 0.149892 -0.00369664 -0.0120174 
v 0.149191 -0.00391657 -0.012053 
v 0.148408 -0.00416228 -0.0120928 
v 0.147487 -0.00408034 -0.0121377 
v 0.148329 -0.00415527 -0.0120966 
v 0.1467 -0.00401022 -0.0121761 
v 0.14527 -0.00322891 -0.0122554 
v 0.145321 -0.00328953 -0.0122515 
v 0.145854 -0.00356823 -0.0122224 
v 0.144221 -0.00197467 -0.0123349 
v 0.144588 -0.00241284 -0.0123071 
v 0.143762 -0.000411102 -0.0124141 
v 0.143755 -0.000489817 -0.0124103 
v 0.14387 -0.000855148 -0.0123917 
v 0.143907 0.00121762 -0.0124936 
v 0.143876 0.000866196 -0.0124765 
v 0.144689 0.00264753 -0.0125729 
v 0.144628 0.00259682 -0.012569 
v 0.144552 0.00245054 -0.012561 
v 0.147428 0.00416228 -0.0127278 
v 0.145943 0.00369664 -0.0126524 
v 0.145839 0.00360954 -0.0126458 
v 0.147479 0.00415775 -0.0127302 
v 0.147507 0.00415527 -0.0127316 
v 0.149135 0.00401022 -0.0128111 
v 0.149206 0.0039732 -0.012815 
v 0.150515 0.00328953 -0.0128865 
v 0.150565 0.00322891 -0.0128904 
v 0.150686 0.00308444 -0.0128995 
v 0.151614 0.00197467 -0.0129699 
v 0.151703 0.00169111 -0.0129843 
v 0.152073 0.000411102 -0.0130491 
v 0.15208 0.000489817 -0.0130453 
v 0.152037 6.38681e-06 -0.0130689 
v 0.151928 -0.00121762 -0.0131286 
v 0.151689 -0.0016747 -0.0131536 
v 0.151207 -0.00259682 -0.013204 
v 0.151147 -0.00264753 -0.0132079 
v 0.150667 -0.00304872 -0.0132383 
v 0.149892 -0.00369664 -0.0132874 
v 0.149191 -0.00391657 -0.013323 
v 0.148408 -0.00416228 -0.0133628 
v 0.148329 -0.00415527 -0.0133666 
v 0.147487 -0.00408034 -0.0134077 
v 0.1467 -0.00401022 -0.0134461 
v 0.14527 -0.00322891 -0.0135254 
v 0.145321 -0.00328953 -0.0135215 
v 0.145854 -0.00356823 -0.0134924 
v 0.144221 -0.00197467 -0.0136049 
v 0.144588 -0.00241284 -0.0135771 
v 0.143755 -0.000489817 -0.0136803 
v 0.143762 -0.000411102 -0.0136841 
v 0.143876 0.000866196 -0.0137465 
v 0.14387 -0.000855148 -0.0136617 
v 0.143907 0.00121762 -0.0137636 
v 0.144689 0.00264753 -0.0138429 
v 0.144628 0.00259682 -0.013839 
v 0.145839 0.00360954 -0.0139158 
v 0.144552 0.00245054 -0.013831 
v 0.147428 0.00416228 -0.0139978 
v 0.145943 0.00369664 -0.0139224 
v 0.147479 0.00415775 -0.0140002 
v 0.149135 0.00401022 -0.0140811 
v 0.147507 0.00415527 -0.0140016 
v 0.149206 0.0039732 -0.014085 
v 0.150515 0.00328953 -0.0141565 
v 0.150565 0.00322891 -0.0141604 
v 0.150686 0.00308444 -0.0141695 
v 0.151614 0.00197467 -0.0142399 
v 0.151703 0.00169111 -0.0142543 
v 0.15208 0.000489817 -0.0143153 
v 0.152073 0.000411102 -0.0143191 
v 0.152037 6.38681e-06 -0.0143389 
v 0.151928 -0.00121762 -0.0143986 
v 0.151689 -0.0016747 -0.0144236 
v 0.151207 -0.00259682 -0.014474 
v 0.151147 -0.00264753 -0.0144779 
v 0.150667 -0.00304872 -0.0145083 
v 0.149892 -0.00369664 -0.0145574 
v 0.149191 -0.00391657 -0.014593 
v 0.148407 -0.00416228 -0.0146328 
v 0.148329 -0.00415527 -0.0146366 
v 0.147487 -0.00408034 -0.0146777 
v 0.1467 -0.00401022 -0.0147161 
v 0.14527 -0.0032289 -0.0147954 
v 0.145321 -0.00328961 -0.0147915 
v 0.145854 -0.00356824 -0.0147624 
v 0.144221 -0.00197467 -0.0148749 
v 0.144588 -0.00241284 -0.0148471 
v 0.143762 -0.00041105 -0.0149541 
v 0.143755 -0.000486517 -0.0149504 
v 0.143876 0.000866186 -0.0150165 
v 0.14387 -0.00085503 -0.0149317 
v 0.143907 0.00121762 -0.0150336 
v 0.14584 0.00360856 -0.0151858 
v 0.144701 0.00263357 -0.0151127 
v 0.14457 0.00252161 -0.0151043 
v 0.144538 0.00245796 -0.0151009 
v 0.145943 0.00369664 -0.0151924 
v 0.146332 0.00296905 -0.0156686 
v 0.146422 0.00280049 -0.0156686 
v 0.146422 0.00280049 -0.0105886 
v 0.146332 0.00296905 -0.0105886 
v 0.145334 0.00211512 -0.015589 
v 0.145229 0.00202473 -0.0155805 
v 0.144697 0.000977961 -0.0155099 
v 0.14458 -0.000330155 -0.0154304 
v 0.144574 -0.000391533 -0.0154266 
v 0.144949 -0.00158601 -0.0153511 
v 0.145791 -0.00259327 -0.0152716 
v 0.14694 -0.00322092 -0.0151924 
v 0.145833 -0.00264261 -0.0152677 
v 0.148248 -0.00333726 -0.0151129 
v 0.148312 -0.00334295 -0.015109 
v 0.149504 -0.00296905 -0.0150336 
v 0.150511 -0.00212632 -0.0149541 
v 0.15056 -0.0020851 -0.0149502 
v 0.151139 -0.000977961 -0.0148749 
v 0.151255 0.000330196 -0.0147954 
v 0.151261 0.00039418 -0.0147915 
v 0.150887 0.00158601 -0.0147161 
v 0.150044 0.00259328 -0.0146366 
v 0.150003 0.00264255 -0.0146327 
v 0.148896 0.00322092 -0.0145574 
v 0.147587 0.00333726 -0.0144779 
v 0.147524 0.00334295 -0.014474 
v 0.146332 0.00296905 -0.0143986 
v 0.145324 0.00212632 -0.0143191 
v 0.145275 0.0020851 -0.0143152 
v 0.144697 0.000977961 -0.0142399 
v 0.14458 -0.000330196 -0.0141604 
v 0.144949 -0.00158601 -0.0140811 
v 0.144575 -0.00039418 -0.0141565 
v 0.145791 -0.00259328 -0.0140016 
v 0.14694 -0.00322092 -0.0139224 
v 0.145833 -0.00264255 -0.0139977 
v 0.148248 -0.00333726 -0.0138429 
v 0.148312 -0.00334295 -0.013839 
v 0.149504 -0.00296905 -0.0137636 
v 0.150511 -0.00212632 -0.0136841 
v 0.15056 -0.0020851 -0.0136802 
v 0.151139 -0.000977961 -0.0136049 
v 0.151255 0.000330196 -0.0135254 
v 0.151261 0.00039418 -0.0135215 
v 0.150887 0.00158601 -0.0134461 
v 0.150044 0.00259328 -0.0133666 
v 0.150003 0.00264255 -0.0133627 
v 0.148896 0.00322092 -0.0132874 
v 0.147587 0.00333726 -0.0132079 
v 0.147524 0.00334295 -0.013204 
v 0.146332 0.00296905 -0.0131286 
v 0.145324 0.00212632 -0.0130491 
v 0.145275 0.0020851 -0.0130452 
v 0.144697 0.000977961 -0.0129699 
v 0.14458 -0.000330196 -0.0128904 
v 0.144949 -0.00158601 -0.0128111 
v 0.144575 -0.00039418 -0.0128865 
v 0.145791 -0.00259328 -0.0127316 
v 0.14694 -0.00322092 -0.0126524 
v 0.145833 -0.00264255 -0.0127277 
v 0.148248 -0.00333726 -0.0125729 
v 0.148312 -0.00334295 -0.012569 
v 0.149504 -0.00296905 -0.0124936 
v 0.150511 -0.00212632 -0.0124141 
v 0.15056 -0.0020851 -0.0124102 
v 0.151139 -0.000977961 -0.0123349 
v 0.151255 0.000330196 -0.0122554 
v 0.151261 0.00039418 -0.0122515 
v 0.150887 0.00158601 -0.0121761 
v 0.150044 0.00259328 -0.0120966 
v 0.150003 0.00264255 -0.0120927 
v 0.148896 0.00322092 -0.0120174 
v 0.147587 0.00333726 -0.0119379 
v 0.147524 0.00334295 -0.011934 
v 0.146332 0.00296905 -0.0118586 
v 0.145324 0.00212632 -0.0117791 
v 0.145275 0.0020851 -0.0117752 
v 0.144697 0.000977961 -0.0116999 
v 0.14458 -0.000330196 -0.0116204 
v 0.144949 -0.00158601 -0.0115411 
v 0.144575 -0.00039418 -0.0116165 
v 0.145791 -0.00259328 -0.0114616 
v 0.14694 -0.00322092 -0.0113824 
v 0.145833 -0.00264255 -0.0114577 
v 0.148248 -0.00333726 -0.0113029 
v 0.148312 -0.00334295 -0.011299 
v 0.149504 -0.00296905 -0.0112236 
v 0.150511 -0.00212632 -0.0111441 
v 0.15056 -0.0020851 -0.0111402 
v 0.151139 -0.000977961 -0.0110649 
v 0.151255 0.000330196 -0.0109854 
v 0.151261 0.00039418 -0.0109815 
v 0.150887 0.00158601 -0.0109061 
v 0.150044 0.00259328 -0.0108266 
v 0.150003 0.00264255 -0.0108227 
v 0.148896 0.00322092 -0.0107474 
v 0.147587 0.00333726 -0.0106679 
v 0.147524 0.00334295 -0.010664 
v 0.145381 0.00190959 -0.0155805 
v 0.145481 0.001995 -0.015589 
v 0.14488 0.000922437 -0.0155099 
v 0.144764 -0.000369558 -0.0154266 
v 0.144769 -0.000311413 -0.0154304 
v 0.145117 -0.00149596 -0.0153511 
v 0.145951 -0.00249274 -0.0152677 
v 0.145912 -0.002446 -0.0152716 
v 0.146995 -0.00303805 -0.0151924 
v 0.14829 -0.00315313 -0.0151089 
v 0.148229 -0.00314774 -0.0151129 
v 0.149414 -0.00280049 -0.0150336 
v 0.15041 -0.00196651 -0.0149502 
v 0.150364 -0.00200556 -0.0149541 
v 0.150956 -0.000922437 -0.0148749 
v 0.151071 0.000372055 -0.0147914 
v 0.151065 0.000311452 -0.0147954 
v 0.150718 0.00149596 -0.0147161 
v 0.149884 0.00249268 -0.0146327 
v 0.149923 0.00244602 -0.0146366 
v 0.14884 0.00303805 -0.0145574 
v 0.147546 0.00315313 -0.0144739 
v 0.147606 0.00314774 -0.0144779 
v 0.146422 0.00280049 -0.0143986 
v 0.145425 0.00196651 -0.0143152 
v 0.145472 0.00200556 -0.0143191 
v 0.14488 0.000922437 -0.0142399 
v 0.144765 -0.000372054 -0.0141564 
v 0.14477 -0.000311452 -0.0141604 
v 0.145117 -0.00149596 -0.0140811 
v 0.145951 -0.00249268 -0.0139977 
v 0.145912 -0.00244602 -0.0140016 
v 0.146995 -0.00303805 -0.0139224 
v 0.14829 -0.00315313 -0.0138389 
v 0.148229 -0.00314774 -0.0138429 
v 0.149414 -0.00280049 -0.0137636 
v 0.15041 -0.00196651 -0.0136802 
v 0.150364 -0.00200556 -0.0136841 
v 0.150956 -0.000922437 -0.0136049 
v 0.151071 0.000372055 -0.0135214 
v 0.151065 0.000311452 -0.0135254 
v 0.150718 0.00149596 -0.0134461 
v 0.149884 0.00249268 -0.0133627 
v 0.149923 0.00244602 -0.0133666 
v 0.14884 0.00303805 -0.0132874 
v 0.147546 0.00315313 -0.0132039 
v 0.147606 0.00314774 -0.0132079 
v 0.146422 0.00280049 -0.0131286 
v 0.145425 0.00196651 -0.0130452 
v 0.145472 0.00200556 -0.0130491 
v 0.14488 0.000922437 -0.0129699 
v 0.144765 -0.000372054 -0.0128864 
v 0.14477 -0.000311452 -0.0128904 
v 0.145117 -0.00149596 -0.0128111 
v 0.145951 -0.00249268 -0.0127277 
v 0.145912 -0.00244602 -0.0127316 
v 0.146995 -0.00303805 -0.0126524 
v 0.14829 -0.00315313 -0.0125689 
v 0.148229 -0.00314774 -0.0125729 
v 0.149414 -0.00280049 -0.0124936 
v 0.15041 -0.00196651 -0.0124102 
v 0.150364 -0.00200556 -0.0124141 
v 0.150956 -0.000922437 -0.0123349 
v 0.151071 0.000372055 -0.0122514 
v 0.151065 0.000311452 -0.0122554 
v 0.150718 0.00149596 -0.0121761 
v 0.149884 0.00249268 -0.0120927 
v 0.149923 0.00244602 -0.0120966 
v 0.14884 0.00303805 -0.0120174 
v 0.147546 0.00315313 -0.0119339 
v 0.147606 0.00314774 -0.0119379 
v 0.146422 0.00280049 -0.0118586 
v 0.145425 0.00196651 -0.0117752 
v 0.145472 0.00200556 -0.0117791 
v 0.14488 0.000922437 -0.0116999 
v 0.144765 -0.000372054 -0.0116164 
v 0.14477 -0.000311452 -0.0116204 
v 0.145117 -0.00149596 -0.0115411 
v 0.145951 -0.00249268 -0.0114577 
v 0.145912 -0.00244602 -0.0114616 
v 0.146995 -0.00303805 -0.0113824 
v 0.14829 -0.00315313 -0.0112989 
v 0.148229 -0.00314774 -0.0113029 
v 0.149414 -0.00280049 -0.0112236 
v 0.15041 -0.00196651 -0.0111402 
v 0.150364 -0.00200556 -0.0111441 
v 0.150956 -0.000922437 -0.0110649 
v 0.151071 0.000372055 -0.0109814 
v 0.151065 0.000311452 -0.0109854 
v 0.150718 0.00149596 -0.0109061 
v 0.149884 0.00249268 -0.0108227 
v 0.149923 0.00244602 -0.0108266 
v 0.14884 0.00303805 -0.0107474 
v 0.147546 0.00315313 -0.0106639 
v 0.147606 0.00314774 -0.0106679 
vn 0.471169 -0.882043 1.44349e-14 
vn 0.117638 -0.993057 1.59642e-15 
vn 0.105028 -0.994469 1.14511e-15 
vn 0.471169 -0.882043 1.44349e-14 
vn -0.290531 -0.956865 -1.27993e-14 
vn 0.0984777 -0.995139 9.10831e-16 
vn -0.308478 -0.951231 -1.34218e-14 
vn 0.105028 -0.994469 1.14511e-15 
vn -0.667939 -0.744216 -2.56447e-14 
vn -0.634035 -0.773304 -2.45167e-14 
vn -0.619014 -0.78538 -2.40148e-14 
vn -0.308478 -0.951231 -1.34218e-14 
vn -0.882043 -0.471169 -3.25359e-14 
vn -0.91304 -0.407869 -3.34719e-14 
vn -0.667939 -0.744216 -2.56447e-14 
vn -0.882043 -0.471169 -3.25359e-14 
vn -0.999999 -0.00155184 -3.55034e-14 
vn -0.995139 -0.0984777 -3.55826e-14 
vn -0.993057 -0.117638 -3.55585e-14 
vn -0.913939 0.405851 -3.139e-14 
vn -0.956865 0.290531 -3.32134e-14 
vn -0.999999 -0.00155184 -3.55034e-14 
vn -0.773304 0.634035 -2.58048e-14 
vn -0.669692 0.742639 -2.18445e-14 
vn -0.78538 0.619014 -2.62725e-14 
vn -0.913939 0.405851 -3.139e-14 
vn -0.309182 0.951003 -8.50535e-15 
vn -0.471169 0.882043 -1.44349e-14 
vn -0.0984777 0.995139 -9.10831e-16 
vn 0.104876 0.994485 6.30642e-15 
vn -0.117638 0.993057 -1.59642e-15 
vn -0.309182 0.951003 -8.50535e-15 
vn 0.290531 0.956865 1.27993e-14 
vn 0.500612 0.865672 2.00202e-14 
vn 0.619014 0.78538 2.40148e-14 
vn 0.809789 0.586721 3.02711e-14 
vn 0.634035 0.773304 2.45167e-14 
vn 0.882043 0.471169 3.25359e-14 
vn 0.978402 0.206711 3.52696e-14 
vn 0.993057 0.117638 3.55585e-14 
vn 0.977793 -0.209572 3.41666e-14 
vn 0.995139 0.0984777 3.55826e-14 
vn 0.956865 -0.290531 3.32134e-14 
vn 0.808454 -0.58856 2.71707e-14 
vn 0.78538 -0.619014 2.62725e-14 
vn 0.773304 -0.634035 2.58048e-14 
vn 0.499066 -0.866564 1.54655e-14 
vn 0.78538 -0.619014 2.62725e-14 
vn 0.471169 -0.882043 1.44349e-14 
vn 0.117638 -0.993057 1.59642e-15 
vn 0.105028 -0.994469 1.14511e-15 
vn -0.290531 -0.956865 -1.27993e-14 
vn 0.0984777 -0.995139 9.10831e-16 
vn -0.308478 -0.951231 -1.34218e-14 
vn 0.105028 -0.994469 1.14511e-15 
vn -0.634035 -0.773304 -2.45167e-14 
vn -0.667939 -0.744216 -2.56447e-14 
vn -0.619014 -0.78538 -2.40148e-14 
vn -0.308478 -0.951231 -1.34218e-14 
vn -0.91304 -0.407869 -3.34719e-14 
vn -0.882043 -0.471169 -3.25359e-14 
vn -0.995139 -0.0984777 -3.55826e-14 
vn -0.999999 -0.00155184 -3.55034e-14 
vn -0.993057 -0.117638 -3.55585e-14 
vn -0.91304 -0.407869 -3.34719e-14 
vn -0.956865 0.290531 -3.32134e-14 
vn -0.913939 0.405851 -3.139e-14 
vn -0.669692 0.742639 -2.18445e-14 
vn -0.773304 0.634035 -2.58048e-14 
vn -0.78538 0.619014 -2.62725e-14 
vn -0.309182 0.951003 -8.50535e-15 
vn -0.471169 0.882043 -1.44349e-14 
vn -0.669692 0.742639 -2.18445e-14 
vn 0.104876 0.994485 6.30642e-15 
vn -0.0984777 0.995139 -9.10831e-16 
vn -0.117638 0.993057 -1.59642e-15 
vn -0.309182 0.951003 -8.50535e-15 
vn 0.104876 0.994485 6.30642e-15 
vn 0.290531 0.956865 1.27993e-14 
vn 0.500612 0.865672 2.00202e-14 
vn 0.619014 0.78538 2.40148e-14 
vn 0.809789 0.586721 3.02711e-14 
vn 0.634035 0.773304 2.45167e-14 
vn 0.882043 0.471169 3.25359e-14 
vn 0.978402 0.206711 3.52696e-14 
vn 0.993057 0.117638 3.55585e-14 
vn 0.995139 0.0984777 3.55826e-14 
vn 0.977793 -0.209572 3.41666e-14 
vn 0.956865 -0.290531 3.32134e-14 
vn 0.808454 -0.58856 2.71707e-14 
vn 0.78538 -0.619014 2.62725e-14 
vn 0.499066 -0.866564 1.54655e-14 
vn 0.773304 -0.634035 2.58048e-14 
vn 0.471169 -0.882043 1.44349e-14 
vn 0.117638 -0.993057 1.59642e-15 
vn 0.105028 -0.994469 1.14511e-15 
vn 0.0984777 -0.995139 9.10831e-16 
vn -0.290531 -0.956865 -1.27993e-14 
vn -0.308478 -0.951231 -1.34218e-14 
vn 0.105028 -0.994469 1.14511e-15 
vn 0.0984777 -0.995139 9.10831e-16 
vn -0.667939 -0.744216 -2.56447e-14 
vn -0.634035 -0.773304 -2.45167e-14 
vn -0.619014 -0.78538 -2.40148e-14 
vn -0.308478 -0.951231 -1.34218e-14 
vn -0.882043 -0.471169 -3.25359e-14 
vn -0.91304 -0.407869 -3.34719e-14 
vn -0.667939 -0.744216 -2.56447e-14 
vn -0.882043 -0.471169 -3.25359e-14 
vn -0.999999 -0.00155184 -3.55034e-14 
vn -0.995139 -0.0984777 -3.55826e-14 
vn -0.993057 -0.117638 -3.55585e-14 
vn -0.913939 0.405851 -3.139e-14 
vn -0.956865 0.290531 -3.32134e-14 
vn -0.999999 -0.00155184 -3.55034e-14 
vn -0.669692 0.742639 -2.18445e-14 
vn -0.773304 0.634035 -2.58048e-14 
vn -0.78538 0.619014 -2.62725e-14 
vn -0.913939 0.405851 -3.139e-14 
vn -0.309182 0.951003 -8.50535e-15 
vn -0.471169 0.882043 -1.44349e-14 
vn -0.669692 0.742639 -2.18445e-14 
vn 0.104876 0.994485 6.30642e-15 
vn -0.0984777 0.995139 -9.10831e-16 
vn -0.117638 0.993057 -1.59642e-15 
vn -0.309182 0.951003 -8.50535e-15 
vn 0.104876 0.994485 6.30642e-15 
vn 0.290531 0.956865 1.27993e-14 
vn 0.500612 0.865672 2.00202e-14 
vn 0.619014 0.78538 2.40148e-14 
vn 0.809789 0.586721 3.02711e-14 
vn 0.634035 0.773304 2.45167e-14 
vn 0.882043 0.471169 3.25359e-14 
vn 0.978402 0.206711 3.52696e-14 
vn 0.993057 0.117638 3.55585e-14 
vn 0.977793 -0.209572 3.41666e-14 
vn 0.995139 0.0984777 3.55826e-14 
vn 0.956865 -0.290531 3.32134e-14 
vn 0.808454 -0.58856 2.71707e-14 
vn 0.78538 -0.619014 2.62725e-14 
vn 0.773304 -0.634035 2.58048e-14 
vn 0.499066 -0.866564 1.54655e-14 
vn 0.471169 -0.882043 1.44349e-14 
vn 0.117638 -0.993057 1.59642e-15 
vn 0.105028 -0.994469 1.14511e-15 
vn -0.290531 -0.956865 -1.27993e-14 
vn 0.0984777 -0.995139 9.10831e-16 
vn -0.308478 -0.951231 -1.34218e-14 
vn 0.105028 -0.994469 1.14511e-15 
vn -0.667939 -0.744216 -2.56447e-14 
vn -0.634035 -0.773304 -2.45167e-14 
vn -0.619014 -0.78538 -2.40148e-14 
vn -0.308478 -0.951231 -1.34218e-14 
vn -0.882043 -0.471169 -3.25359e-14 
vn -0.91304 -0.407869 -3.34719e-14 
vn -0.667939 -0.744216 -2.56447e-14 
vn -0.882043 -0.471169 -3.25359e-14 
vn -0.999999 -0.00155184 -3.55034e-14 
vn -0.995139 -0.0984777 -3.55826e-14 
vn -0.993057 -0.117638 -3.55585e-14 
vn -0.956865 0.290531 -3.32134e-14 
vn -0.913939 0.405851 -3.139e-14 
vn -0.999999 -0.00155184 -3.55034e-14 
vn -0.956865 0.290531 -3.32134e-14 
vn -0.669692 0.742639 -2.18445e-14 
vn -0.773304 0.634035 -2.58048e-14 
vn -0.78538 0.619014 -2.62725e-14 
vn -0.309182 0.951003 -8.50535e-15 
vn -0.471169 0.882043 -1.44349e-14 
vn -0.669692 0.742639 -2.18445e-14 
vn -0.0984777 0.995139 -9.1083e-16 
vn 0.104876 0.994485 6.30642e-15 
vn -0.117637 0.993057 -1.59638e-15 
vn -0.309182 0.951003 -8.50535e-15 
vn 0.290531 0.956865 1.27993e-14 
vn 0.500612 0.865672 2.00202e-14 
vn 0.618991 0.785398 2.4014e-14 
vn 0.80979 0.58672 3.02712e-14 
vn 0.634035 0.773305 2.45166e-14 
vn 0.882043 0.471169 3.25359e-14 
vn 0.978403 0.206706 3.52697e-14 
vn 0.993149 0.116854 3.55597e-14 
vn 0.995142 0.0984507 3.55827e-14 
vn 0.977795 -0.209563 3.41667e-14 
vn 0.993149 0.116854 3.55597e-14 
vn 0.956865 -0.290531 3.32134e-14 
vn 0.808762 -0.588137 2.71827e-14 
vn 0.799164 -0.601114 2.68083e-14 
vn 0.773766 -0.633472 2.58226e-14 
vn 0.498947 -0.866632 1.54611e-14 
vn 0.471169 -0.882043 1.44349e-14 
vn 0.421652 -0.273135 0.864643 
vn 0.431125 -0.26081 0.863776 
vn 0.307692 -0.398455 0.864037 
vn 0.281304 -0.415826 0.864845 
vn 0.432763 -0.255157 0.864645 
vn 0.4418 -0.242272 0.86378 
vn 0.492946 -0.0951212 0.864845 
vn 0.496711 -0.0812497 0.864105 
vn 0.445725 -0.234994 0.863775 
vn 0.491288 0.105017 0.864643 
vn 0.489272 0.120431 0.863776 
vn 0.502271 -0.0364748 0.863941 
vn 0.489235 0.114197 0.864643 
vn 0.4729 0.174023 0.86376 
vn 0.486871 0.129791 0.863777 
vn 0.415826 0.281304 0.864845 
vn 0.40868 0.293775 0.864105 
vn 0.273135 0.421652 0.864643 
vn 0.26081 0.431125 0.863776 
vn 0.36217 0.350113 0.86386 
vn 0.264842 0.426908 0.864643 
vn 0.187097 0.467843 0.863781 
vn 0.252137 0.436252 0.863777 
vn 0.0951212 0.492946 0.864845 
vn 0.0812497 0.496711 0.864105 
vn -0.105017 0.491288 0.864643 
vn -0.120431 0.489272 0.863776 
vn -0.0193811 0.503466 0.863798 
vn -0.130174 0.486769 0.863777 
vn -0.114583 0.489145 0.864643 
vn -0.281304 0.415826 0.864845 
vn -0.293775 0.40868 0.864105 
vn -0.22225 0.452122 0.863823 
vn -0.421652 0.273135 0.864643 
vn -0.387936 0.321605 0.863757 
vn -0.431125 0.26081 0.863776 
vn -0.4269 0.264855 0.864643 
vn -0.492946 0.0951212 0.864845 
vn -0.48442 0.137975 0.863886 
vn -0.436244 0.25215 0.863777 
vn -0.496711 0.0812497 0.864105 
vn -0.491288 -0.105017 0.864643 
vn -0.498519 -0.0737205 0.863738 
vn -0.489272 -0.120431 0.863776 
vn -0.489145 -0.114583 0.864643 
vn -0.415826 -0.281304 0.864845 
vn -0.427246 -0.266495 0.863968 
vn -0.486768 -0.130174 0.863777 
vn -0.40868 -0.293775 0.864105 
vn -0.273135 -0.421652 0.864643 
vn -0.278915 -0.419709 0.863743 
vn -0.26081 -0.431125 0.863776 
vn -0.264855 -0.4269 0.864643 
vn -0.0951212 -0.492946 0.864845 
vn -0.0898774 -0.495291 0.864066 
vn -0.25215 -0.436244 0.863777 
vn -0.0812497 -0.496711 0.864105 
vn 0.105017 -0.491288 0.864643 
vn 0.120431 -0.489272 0.863776 
vn 0.130174 -0.486768 0.863777 
vn 0.124182 -0.488348 0.863768 
vn 0.114583 -0.489145 0.864643 
vn 0.281304 -0.415826 0.864845 
vn 0.293775 -0.40868 0.864105 
vn 0.421652 -0.273135 0.864643 
vn 0.431125 -0.26081 0.863776 
vn 0.307729 -0.398424 0.864037 
vn 0.4269 -0.264855 0.864643 
vn 0.445747 -0.234998 0.863762 
vn 0.436244 -0.25215 0.863777 
vn 0.492946 -0.0951212 0.864845 
vn 0.496711 -0.0812497 0.864105 
vn 0.491288 0.105017 0.864643 
vn 0.489272 0.120431 0.863776 
vn 0.502271 -0.0364776 0.863941 
vn 0.489145 0.114583 0.864643 
vn 0.472901 0.174018 0.86376 
vn 0.486768 0.130174 0.863777 
vn 0.415826 0.281304 0.864845 
vn 0.40868 0.293775 0.864105 
vn 0.273135 0.421652 0.864643 
vn 0.26081 0.431125 0.863776 
vn 0.36217 0.350113 0.86386 
vn 0.264855 0.4269 0.864643 
vn 0.187097 0.467844 0.863781 
vn 0.25215 0.436244 0.863777 
vn 0.0951212 0.492946 0.864845 
vn 0.0812497 0.496711 0.864105 
vn -0.105017 0.491288 0.864643 
vn -0.120431 0.489272 0.863776 
vn -0.0193811 0.503466 0.863798 
vn -0.130174 0.486768 0.863777 
vn -0.114583 0.489145 0.864643 
vn -0.281304 0.415826 0.864845 
vn -0.293775 0.40868 0.864105 
vn -0.22225 0.452122 0.863823 
vn -0.421652 0.273135 0.864643 
vn -0.387936 0.321605 0.863757 
vn -0.431125 0.26081 0.863776 
vn -0.4269 0.264855 0.864643 
vn -0.492946 0.0951212 0.864845 
vn -0.48442 0.137975 0.863886 
vn -0.436244 0.25215 0.863777 
vn -0.496711 0.0812497 0.864105 
vn -0.491288 -0.105017 0.864643 
vn -0.498519 -0.0737205 0.863738 
vn -0.489272 -0.120431 0.863776 
vn -0.489145 -0.114583 0.864643 
vn -0.415826 -0.281304 0.864845 
vn -0.427246 -0.266495 0.863968 
vn -0.486768 -0.130174 0.863777 
vn -0.40868 -0.293775 0.864105 
vn -0.273135 -0.421652 0.864643 
vn -0.278915 -0.419709 0.863743 
vn -0.26081 -0.431125 0.863776 
vn -0.264855 -0.4269 0.864643 
vn -0.0951212 -0.492946 0.864845 
vn -0.0898774 -0.495291 0.864066 
vn -0.25215 -0.436244 0.863777 
vn -0.0812497 -0.496711 0.864105 
vn 0.105017 -0.491288 0.864643 
vn 0.120431 -0.489272 0.863776 
vn 0.130174 -0.486768 0.863777 
vn 0.124182 -0.488348 0.863768 
vn 0.114583 -0.489145 0.864643 
vn 0.281304 -0.415826 0.864845 
vn 0.293775 -0.40868 0.864105 
vn 0.421652 -0.273135 0.864643 
vn 0.431125 -0.26081 0.863776 
vn 0.307729 -0.398424 0.864037 
vn 0.4269 -0.264855 0.864643 
vn 0.445747 -0.234998 0.863762 
vn 0.436244 -0.25215 0.863777 
vn 0.492946 -0.0951212 0.864845 
vn 0.496711 -0.0812497 0.864105 
vn 0.491288 0.105017 0.864643 
vn 0.489272 0.120431 0.863776 
vn 0.502271 -0.0364776 0.863941 
vn 0.489145 0.114583 0.864643 
vn 0.472901 0.174018 0.86376 
vn 0.486768 0.130174 0.863777 
vn 0.415826 0.281304 0.864845 
vn 0.40868 0.293775 0.864105 
vn 0.273135 0.421652 0.864643 
vn 0.26081 0.431125 0.863776 
vn 0.36217 0.350113 0.86386 
vn 0.264855 0.4269 0.864643 
vn 0.187097 0.467844 0.863781 
vn 0.25215 0.436244 0.863777 
vn 0.0951212 0.492946 0.864845 
vn 0.0812497 0.496711 0.864105 
vn -0.105017 0.491288 0.864643 
vn -0.120431 0.489272 0.863776 
vn -0.0193811 0.503466 0.863798 
vn -0.130174 0.486768 0.863777 
vn -0.114583 0.489145 0.864643 
vn -0.281304 0.415826 0.864845 
vn -0.293775 0.40868 0.864105 
vn -0.22225 0.452122 0.863823 
vn -0.421652 0.273135 0.864643 
vn -0.387936 0.321605 0.863757 
vn -0.431125 0.26081 0.863776 
vn -0.4269 0.264855 0.864643 
vn -0.492946 0.0951212 0.864845 
vn -0.48442 0.137975 0.863886 
vn -0.436244 0.25215 0.863777 
vn -0.496711 0.0812497 0.864105 
vn -0.491288 -0.105017 0.864643 
vn -0.498519 -0.0737205 0.863738 
vn -0.489272 -0.120431 0.863776 
vn -0.489145 -0.114583 0.864643 
vn -0.415826 -0.281304 0.864845 
vn -0.427246 -0.266495 0.863968 
vn -0.486768 -0.130174 0.863777 
vn -0.40868 -0.293775 0.864105 
vn -0.273135 -0.421652 0.864643 
vn -0.278915 -0.419709 0.863743 
vn -0.26081 -0.431125 0.863776 
vn -0.264855 -0.4269 0.864643 
vn -0.0951212 -0.492946 0.864845 
vn -0.0898774 -0.495291 0.864066 
vn -0.25215 -0.436244 0.863777 
vn -0.0812497 -0.496711 0.864105 
vn 0.105017 -0.491288 0.864643 
vn 0.120431 -0.489272 0.863776 
vn 0.130174 -0.486768 0.863777 
vn 0.124182 -0.488348 0.863768 
vn 0.114583 -0.489145 0.864643 
vn 0.281304 -0.415826 0.864845 
vn 0.293775 -0.40868 0.864105 
vn 0.421652 -0.273135 0.864643 
vn 0.431125 -0.26081 0.863776 
vn 0.307729 -0.398424 0.864037 
vn 0.4269 -0.264855 0.864643 
vn 0.445747 -0.234998 0.863762 
vn 0.436244 -0.25215 0.863777 
vn 0.492946 -0.0951212 0.864845 
vn 0.496711 -0.0812497 0.864105 
vn 0.491288 0.105017 0.864643 
vn 0.489272 0.120431 0.863776 
vn 0.502271 -0.0364776 0.863941 
vn 0.489145 0.114583 0.864643 
vn 0.472901 0.174018 0.86376 
vn 0.486768 0.130174 0.863777 
vn 0.415826 0.281304 0.864845 
vn 0.40868 0.293775 0.864105 
vn 0.273135 0.421652 0.864643 
vn 0.26081 0.431125 0.863776 
vn 0.36217 0.350113 0.86386 
vn 0.264855 0.4269 0.864643 
vn 0.187097 0.467844 0.863781 
vn 0.25215 0.436244 0.863777 
vn 0.0951212 0.492946 0.864845 
vn 0.0812497 0.496711 0.864105 
vn -0.105017 0.491288 0.864643 
vn -0.120431 0.489272 0.863776 
vn -0.0193811 0.503466 0.863798 
vn -0.130174 0.486768 0.863777 
vn -0.114583 0.489145 0.864643 
vn -0.281304 0.415826 0.864845 
vn -0.293775 0.40868 0.864105 
vn -0.22225 0.452122 0.863823 
vn -0.421652 0.273135 0.864643 
vn -0.387936 0.321605 0.863757 
vn -0.431125 0.26081 0.863776 
vn -0.4269 0.264855 0.864643 
vn -0.492946 0.0951212 0.864845 
vn -0.48442 0.137975 0.863886 
vn -0.436244 0.25215 0.863777 
vn -0.496711 0.0812497 0.864105 
vn -0.491288 -0.105017 0.864643 
vn -0.498519 -0.0737205 0.863738 
vn -0.489272 -0.120431 0.863776 
vn -0.489145 -0.114583 0.864643 
vn -0.415826 -0.281304 0.864845 
vn -0.427246 -0.266495 0.863968 
vn -0.486768 -0.130174 0.863777 
vn -0.40868 -0.293775 0.864105 
vn -0.273135 -0.421652 0.864643 
vn -0.278915 -0.419709 0.863743 
vn -0.26081 -0.431125 0.863776 
vn -0.264855 -0.4269 0.864643 
vn -0.0951212 -0.492946 0.864845 
vn -0.0898774 -0.495291 0.864066 
vn -0.25215 -0.436244 0.863777 
vn -0.0812497 -0.496711 0.864105 
vn 0.105017 -0.491288 0.864643 
vn 0.120431 -0.489272 0.863776 
vn 0.130174 -0.486768 0.863777 
vn 0.124182 -0.488348 0.863768 
vn 0.114583 -0.489145 0.864643 
vn 0.281304 -0.415826 0.864845 
vn 0.293775 -0.40868 0.864105 
vn 0.039029 0.047532 0.998107 
vn 0.0413686 0.0503813 0.997873 
vn 0.0531393 0.0283859 0.998184 
vn 0.0369614 0.0490891 0.99811 
vn 0.0391731 0.0520344 0.997877 
vn 0.0165128 0.054385 0.998383 
vn 0.0175033 0.057647 0.998184 
vn -0.00601252 0.0612079 0.998107 
vn -0.00637293 0.0648769 0.997873 
vn -0.00715249 0.0610744 0.998108 
vn -0.00758646 0.0647348 0.997874 
vn -0.0267797 0.0501323 0.998383 
vn -0.0283859 0.0531393 0.998184 
vn -0.047532 0.039029 0.998107 
vn -0.0503813 0.0413686 0.997873 
vn -0.0482743 0.0380883 0.998108 
vn -0.0511712 0.0403673 0.997874 
vn -0.054385 0.0165128 0.998383 
vn -0.057647 0.0175033 0.998184 
vn -0.0612079 -0.00601252 0.998107 
vn -0.0648769 -0.00637293 0.997873 
vn -0.0610678 -0.00720067 0.998108 
vn -0.0647278 -0.00763751 0.997874 
vn -0.0501323 -0.0267797 0.998383 
vn -0.0531393 -0.0283859 0.998184 
vn -0.039029 -0.047532 0.998107 
vn -0.0413686 -0.0503813 0.997873 
vn -0.0380898 -0.0482732 0.998108 
vn -0.0403689 -0.05117 0.997874 
vn -0.0165128 -0.054385 0.998383 
vn -0.0175033 -0.057647 0.998184 
vn 0.00601252 -0.0612079 0.998107 
vn 0.00637293 -0.0648769 0.997873 
vn 0.00720074 -0.0610678 0.998108 
vn 0.00763758 -0.0647278 0.997874 
vn 0.0267797 -0.0501323 0.998383 
vn 0.0283859 -0.0531393 0.998184 
vn 0.047532 -0.039029 0.998107 
vn 0.0503813 -0.0413686 0.997873 
vn 0.0482732 -0.0380898 0.998108 
vn 0.05117 -0.0403689 0.997874 
vn 0.054385 -0.0165128 0.998383 
vn 0.057647 -0.0175033 0.998184 
vn 0.0612079 0.00601252 0.998107 
vn 0.0648769 0.00637293 0.997873 
vn 0.0610678 0.00720074 0.998108 
vn 0.0647278 0.00763758 0.997874 
vn 0.0501323 0.0267797 0.998383 
vn 0.0531393 0.0283859 0.998184 
vn 0.039029 0.047532 0.998107 
vn 0.0413686 0.0503813 0.997873 
vn 0.0380898 0.0482732 0.998108 
vn 0.0403689 0.05117 0.997874 
vn 0.0165128 0.054385 0.998383 
vn 0.0175033 0.057647 0.998184 
vn -0.00601252 0.0612079 0.998107 
vn -0.00637293 0.0648769 0.997873 
vn -0.00720074 0.0610678 0.998108 
vn -0.00763758 0.0647278 0.997874 
vn -0.0267797 0.0501323 0.998383 
vn -0.0283859 0.0531393 0.998184 
vn -0.047532 0.039029 0.998107 
vn -0.0503813 0.0413686 0.997873 
vn -0.0482732 0.0380898 0.998108 
vn -0.05117 0.0403689 0.997874 
vn -0.054385 0.0165128 0.998383 
vn -0.057647 0.0175033 0.998184 
vn -0.0612079 -0.00601252 0.998107 
vn -0.0648769 -0.00637293 0.997873 
vn -0.0610678 -0.00720074 0.998108 
vn -0.0647278 -0.00763758 0.997874 
vn -0.0501323 -0.0267797 0.998383 
vn -0.0531393 -0.0283859 0.998184 
vn -0.039029 -0.047532 0.998107 
vn -0.0413686 -0.0503813 0.997873 
vn -0.0380898 -0.0482732 0.998108 
vn -0.0403689 -0.05117 0.997874 
vn -0.0165128 -0.054385 0.998383 
vn -0.0175033 -0.057647 0.998184 
vn 0.00601252 -0.0612079 0.998107 
vn 0.00637293 -0.0648769 0.997873 
vn 0.00720074 -0.0610678 0.998108 
vn 0.00763758 -0.0647278 0.997874 
vn 0.0267797 -0.0501323 0.998383 
vn 0.0283859 -0.0531393 0.998184 
vn 0.047532 -0.039029 0.998107 
vn 0.0503813 -0.0413686 0.997873 
vn 0.0482732 -0.0380898 0.998108 
vn 0.05117 -0.0403689 0.997874 
vn 0.054385 -0.0165128 0.998383 
vn 0.057647 -0.0175033 0.998184 
vn 0.0612079 0.00601252 0.998107 
vn 0.0648769 0.00637293 0.997873 
vn 0.0610678 0.00720074 0.998108 
vn 0.0647278 0.00763758 0.997874 
vn 0.0501323 0.0267797 0.998383 
vn 0.0531393 0.0283859 0.998184 
vn 0.039029 0.047532 0.998107 
vn 0.0413686 0.0503813 0.997873 
vn 0.0380898 0.0482732 0.998108 
vn 0.0403689 0.05117 0.997874 
vn 0.0165128 0.054385 0.998383 
vn 0.0175033 0.057647 0.998184 
vn -0.00601252 0.0612079 0.998107 
vn -0.00637293 0.0648769 0.997873 
vn -0.00720074 0.0610678 0.998108 
vn -0.00763758 0.0647278 0.997874 
vn -0.0267797 0.0501323 0.998383 
vn -0.0283859 0.0531393 0.998184 
vn -0.047532 0.039029 0.998107 
vn -0.0503813 0.0413686 0.997873 
vn -0.0482732 0.0380898 0.998108 
vn -0.05117 0.0403689 0.997874 
vn -0.054385 0.0165128 0.998383 
vn -0.057647 0.0175033 0.998184 
vn -0.0612079 -0.00601252 0.998107 
vn -0.0648769 -0.00637293 0.997873 
vn -0.0610678 -0.00720074 0.998108 
vn -0.0647278 -0.00763758 0.997874 
vn -0.0501323 -0.0267797 0.998383 
vn -0.0531393 -0.0283859 0.998184 
vn -0.039029 -0.047532 0.998107 
vn -0.0413686 -0.0503813 0.997873 
vn -0.0380898 -0.0482732 0.998108 
vn -0.0403689 -0.05117 0.997874 
vn -0.0165128 -0.054385 0.998383 
vn -0.0175033 -0.057647 0.998184 
vn 0.00601252 -0.0612079 0.998107 
vn 0.00637293 -0.0648769 0.997873 
vn 0.00720074 -0.0610678 0.998108 
vn 0.00763758 -0.0647278 0.997874 
vn 0.0267797 -0.0501323 0.998383 
vn 0.0283859 -0.0531393 0.998184 
vn 0.047532 -0.039029 0.998107 
vn 0.0503813 -0.0413686 0.997873 
vn 0.0482732 -0.0380898 0.998108 
vn 0.05117 -0.0403689 0.997874 
vn 0.054385 -0.0165128 0.998383 
vn 0.057647 -0.0175033 0.998184 
vn 0.0612079 0.00601252 0.998107 
vn 0.0648769 0.00637293 0.997873 
vn 0.0610678 0.00720074 0.998108 
vn 0.0647278 0.00763758 0.997874 
vn 0.0501323 0.0267797 0.998383 
vn 0.0531393 0.0283859 0.998184 
vn 0.039029 0.047532 0.998107 
vn 0.0413686 0.0503813 0.997873 
vn 0.0380898 0.0482732 0.998108 
vn 0.0403689 0.05117 0.997874 
vn 0.0165128 0.054385 0.998383 
vn 0.0175033 0.057647 0.998184 
vn -0.00601252 0.0612079 0.998107 
vn -0.00637293 0.0648769 0.997873 
vn -0.00720074 0.0610678 0.998108 
vn -0.00763758 0.0647278 0.997874 
vn -0.0267797 0.0501323 0.998383 
vn -0.0283859 0.0531393 0.998184 
vn -0.047532 0.039029 0.998107 
vn -0.0503813 0.0413686 0.997873 
vn -0.0482732 0.0380898 0.998108 
vn -0.05117 0.0403689 0.997874 
vn -0.054385 0.0165128 0.998383 
vn -0.057647 0.0175033 0.998184 
vn -0.0612079 -0.00601252 0.998107 
vn -0.0648769 -0.00637293 0.997873 
vn -0.0610678 -0.00720074 0.998108 
vn -0.0647278 -0.00763758 0.997874 
vn -0.0501323 -0.0267797 0.998383 
vn -0.0531393 -0.0283859 0.998184 
vn -0.039029 -0.047532 0.998107 
vn -0.0413686 -0.0503813 0.997873 
vn -0.0380898 -0.0482732 0.998108 
vn -0.0403689 -0.05117 0.997874 
vn -0.0165128 -0.054385 0.998383 
vn -0.0175033 -0.057647 0.998184 
vn 0.00601252 -0.0612079 0.998107 
vn 0.00637293 -0.0648769 0.997873 
vn 0.00720074 -0.0610678 0.998108 
vn 0.00763758 -0.0647278 0.997874 
vn 0.0267797 -0.0501323 0.998383 
vn 0.0283859 -0.0531393 0.998184 
vn 0.047532 -0.039029 0.998107 
vn 0.0503813 -0.0413686 0.997873 
vn 0.0482732 -0.0380898 0.998108 
vn 0.05117 -0.0403689 0.997874 
vn 0.054385 -0.0165128 0.998383 
vn 0.057647 -0.0175033 0.998184 
vn 0.0612079 0.00601252 0.998107 
vn 0.0648769 0.00637293 0.997873 
vn 0.0610678 0.00720074 0.998108 
vn 0.0647278 0.00763758 0.997874 
vn 0.0501323 0.0267797 0.998383 
vn 0.0531393 0.0283859 0.998184 
vn -0.214323 0.45308 0.865323 
vn -0.358895 0.350099 0.865231 
vn -0.352058 0.358029 0.864795 
vn -0.191865 0.463688 0.864975 
vn -0.2005 0.459319 0.865347 
vn -0.373264 0.334733 0.865232 
vn -0.366844 0.342858 0.864797 
vn -0.378789 0.328474 0.86523 
vn -0.466563 0.183012 0.865347 
vn -0.463546 0.192207 0.864975 
vn -0.502107 0.00422184 0.864795 
vn -0.479804 0.145128 0.865289 
vn -0.501335 -0.00621939 0.865231 
vn -0.501134 -0.0154654 0.865231 
vn -0.502098 -0.00515838 0.864795 
vn -0.463688 -0.191865 0.864975 
vn -0.497651 -0.0610608 0.865225 
vn -0.459319 -0.2005 0.865347 
vn -0.358029 -0.352058 0.864795 
vn -0.429288 -0.258913 0.865261 
vn -0.350099 -0.358895 0.865231 
vn -0.343119 -0.365574 0.865231 
vn -0.351094 -0.358974 0.864795 
vn -0.192207 -0.463546 0.864975 
vn -0.28726 -0.410919 0.865233 
vn -0.183012 -0.466563 0.865347 
vn -0.00422184 -0.502107 0.864795 
vn -0.0949863 -0.49228 0.865239 
vn 0.00621939 -0.501335 0.865231 
vn 0.0158628 -0.501122 0.865231 
vn 0.00555626 -0.502094 0.864795 
vn 0.113972 -0.488218 0.865248 
vn 0.191865 -0.463688 0.864975 
vn 0.2005 -0.459319 0.865347 
vn 0.302425 -0.399907 0.865224 
vn 0.352058 -0.358029 0.864795 
vn 0.358895 -0.350099 0.865231 
vn 0.365564 -0.34313 0.865231 
vn 0.358963 -0.351105 0.864795 
vn 0.439545 -0.241056 0.86527 
vn 0.463546 -0.192207 0.864975 
vn 0.466563 -0.183012 0.865347 
vn 0.499584 -0.0425883 0.865218 
vn 0.502107 -0.00422184 0.864795 
vn 0.501335 0.00621939 0.865231 
vn 0.501122 0.0158634 0.865231 
vn 0.502094 0.00555682 0.864795 
vn 0.472876 0.166272 0.865299 
vn 0.463688 0.191865 0.864975 
vn 0.459319 0.2005 0.865347 
vn 0.365849 0.342856 0.865219 
vn 0.358029 0.352058 0.864795 
vn 0.350099 0.358895 0.865231 
vn 0.34313 0.365564 0.865231 
vn 0.351105 0.358963 0.864795 
vn 0.192166 0.462894 0.865333 
vn 0.192207 0.463546 0.864975 
vn 0.183012 0.466563 0.865347 
vn -0.00621939 0.501335 0.865231 
vn 0.00422184 0.502107 0.864795 
vn -0.00555682 0.502094 0.864795 
vn -0.00976533 0.501283 0.865228 
vn -0.2005 0.459319 0.865347 
vn -0.191865 0.463688 0.864975 
vn -0.0158634 0.501122 0.865231 
vn -0.214396 0.453045 0.865323 
vn -0.358895 0.350099 0.865231 
vn -0.352058 0.358029 0.864795 
vn -0.365564 0.34313 0.865231 
vn -0.358963 0.351105 0.864795 
vn -0.378517 0.3288 0.865226 
vn -0.466563 0.183012 0.865347 
vn -0.463546 0.192207 0.864975 
vn -0.502107 0.00422184 0.864795 
vn -0.479803 0.145134 0.865289 
vn -0.501335 -0.00621939 0.865231 
vn -0.501122 -0.0158634 0.865231 
vn -0.502094 -0.00555682 0.864795 
vn -0.463688 -0.191865 0.864975 
vn -0.49765 -0.0610684 0.865225 
vn -0.459319 -0.2005 0.865347 
vn -0.358029 -0.352058 0.864795 
vn -0.429288 -0.258913 0.865261 
vn -0.350099 -0.358895 0.865231 
vn -0.34313 -0.365564 0.865231 
vn -0.351105 -0.358963 0.864795 
vn -0.192207 -0.463546 0.864975 
vn -0.28726 -0.410919 0.865233 
vn -0.183012 -0.466563 0.865347 
vn -0.00422184 -0.502107 0.864795 
vn -0.0949863 -0.49228 0.865239 
vn 0.00621939 -0.501335 0.865231 
vn 0.0158634 -0.501122 0.865231 
vn 0.00555682 -0.502094 0.864795 
vn 0.113972 -0.488218 0.865248 
vn 0.191865 -0.463688 0.864975 
vn 0.2005 -0.459319 0.865347 
vn 0.302425 -0.399907 0.865224 
vn 0.352058 -0.358029 0.864795 
vn 0.358895 -0.350099 0.865231 
vn 0.365564 -0.34313 0.865231 
vn 0.358963 -0.351105 0.864795 
vn 0.439545 -0.241056 0.86527 
vn 0.463546 -0.192207 0.864975 
vn 0.466563 -0.183012 0.865347 
vn 0.499584 -0.0425883 0.865218 
vn 0.502107 -0.00422184 0.864795 
vn 0.501335 0.00621939 0.865231 
vn 0.501122 0.0158634 0.865231 
vn 0.502094 0.00555682 0.864795 
vn 0.472876 0.166272 0.865299 
vn 0.463688 0.191865 0.864975 
vn 0.459319 0.2005 0.865347 
vn 0.365849 0.342856 0.865219 
vn 0.358029 0.352058 0.864795 
vn 0.350099 0.358895 0.865231 
vn 0.34313 0.365564 0.865231 
vn 0.351105 0.358963 0.864795 
vn 0.192166 0.462894 0.865333 
vn 0.192207 0.463546 0.864975 
vn 0.183012 0.466563 0.865347 
vn -0.00621939 0.501335 0.865231 
vn 0.00422184 0.502107 0.864795 
vn -0.00555682 0.502094 0.864795 
vn -0.00976533 0.501283 0.865228 
vn -0.2005 0.459319 0.865347 
vn -0.191865 0.463688 0.864975 
vn -0.0158634 0.501122 0.865231 
vn -0.214396 0.453045 0.865323 
vn -0.358895 0.350099 0.865231 
vn -0.352058 0.358029 0.864795 
vn -0.365564 0.34313 0.865231 
vn -0.358963 0.351105 0.864795 
vn -0.378517 0.3288 0.865226 
vn -0.466563 0.183012 0.865347 
vn -0.463546 0.192207 0.864975 
vn -0.502107 0.00422184 0.864795 
vn -0.479803 0.145134 0.865289 
vn -0.501335 -0.00621939 0.865231 
vn -0.501122 -0.0158634 0.865231 
vn -0.502094 -0.00555682 0.864795 
vn -0.463688 -0.191865 0.864975 
vn -0.49765 -0.0610684 0.865225 
vn -0.459319 -0.2005 0.865347 
vn -0.358029 -0.352058 0.864795 
vn -0.429288 -0.258913 0.865261 
vn -0.350099 -0.358895 0.865231 
vn -0.34313 -0.365564 0.865231 
vn -0.351105 -0.358963 0.864795 
vn -0.192207 -0.463546 0.864975 
vn -0.28726 -0.410919 0.865233 
vn -0.183012 -0.466563 0.865347 
vn -0.00422184 -0.502107 0.864795 
vn -0.0949863 -0.49228 0.865239 
vn 0.00621939 -0.501335 0.865231 
vn 0.0158634 -0.501122 0.865231 
vn 0.00555682 -0.502094 0.864795 
vn 0.113972 -0.488218 0.865248 
vn 0.191865 -0.463688 0.864975 
vn 0.2005 -0.459319 0.865347 
vn 0.302425 -0.399907 0.865224 
vn 0.352058 -0.358029 0.864795 
vn 0.358895 -0.350099 0.865231 
vn 0.365564 -0.34313 0.865231 
vn 0.358963 -0.351105 0.864795 
vn 0.439545 -0.241056 0.86527 
vn 0.463546 -0.192207 0.864975 
vn 0.466563 -0.183012 0.865347 
vn 0.499584 -0.0425883 0.865218 
vn 0.502107 -0.00422184 0.864795 
vn 0.501335 0.00621939 0.865231 
vn 0.501122 0.0158634 0.865231 
vn 0.502094 0.00555682 0.864795 
vn 0.472876 0.166272 0.865299 
vn 0.463688 0.191865 0.864975 
vn 0.459319 0.2005 0.865347 
vn 0.365849 0.342856 0.865219 
vn 0.358029 0.352058 0.864795 
vn 0.350099 0.358895 0.865231 
vn 0.34313 0.365564 0.865231 
vn 0.351105 0.358963 0.864795 
vn 0.192166 0.462894 0.865333 
vn 0.192207 0.463546 0.864975 
vn 0.183012 0.466563 0.865347 
vn -0.00621939 0.501335 0.865231 
vn 0.00422184 0.502107 0.864795 
vn -0.00555682 0.502094 0.864795 
vn -0.00976533 0.501283 0.865228 
vn -0.2005 0.459319 0.865347 
vn -0.191865 0.463688 0.864975 
vn -0.0158634 0.501122 0.865231 
vn -0.214396 0.453045 0.865323 
vn -0.358895 0.350099 0.865231 
vn -0.352058 0.358029 0.864795 
vn -0.365564 0.34313 0.865231 
vn -0.358963 0.351105 0.864795 
vn -0.378517 0.3288 0.865226 
vn -0.466563 0.183012 0.865347 
vn -0.463546 0.192207 0.864975 
vn -0.502107 0.00422184 0.864795 
vn -0.479803 0.145134 0.865289 
vn -0.501335 -0.00621939 0.865231 
vn -0.501122 -0.0158634 0.865231 
vn -0.502094 -0.00555682 0.864795 
vn -0.463688 -0.191865 0.864975 
vn -0.49765 -0.0610684 0.865225 
vn -0.459319 -0.2005 0.865347 
vn -0.358029 -0.352058 0.864795 
vn -0.429288 -0.258913 0.865261 
vn -0.350099 -0.358895 0.865231 
vn -0.34313 -0.365564 0.865231 
vn -0.351105 -0.358963 0.864795 
vn -0.192207 -0.463546 0.864975 
vn -0.28726 -0.410919 0.865233 
vn -0.183012 -0.466563 0.865347 
vn -0.00422184 -0.502107 0.864795 
vn -0.0949863 -0.49228 0.865239 
vn 0.00621939 -0.501335 0.865231 
vn 0.0158634 -0.501122 0.865231 
vn 0.00555682 -0.502094 0.864795 
vn 0.113972 -0.488218 0.865248 
vn 0.191865 -0.463688 0.864975 
vn 0.2005 -0.459319 0.865347 
vn 0.302425 -0.399907 0.865224 
vn 0.352058 -0.358029 0.864795 
vn 0.358895 -0.350099 0.865231 
vn 0.365564 -0.34313 0.865231 
vn 0.358963 -0.351105 0.864795 
vn 0.439545 -0.241056 0.86527 
vn 0.463546 -0.192207 0.864975 
vn 0.466563 -0.183012 0.865347 
vn 0.499584 -0.0425883 0.865218 
vn 0.502107 -0.00422184 0.864795 
vn 0.501335 0.00621939 0.865231 
vn 0.501122 0.0158634 0.865231 
vn 0.502094 0.00555682 0.864795 
vn 0.472876 0.166272 0.865299 
vn 0.463688 0.191865 0.864975 
vn 0.459319 0.2005 0.865347 
vn 0.365849 0.342856 0.865219 
vn 0.358029 0.352058 0.864795 
vn 0.350099 0.358895 0.865231 
vn 0.34313 0.365564 0.865231 
vn 0.351105 0.358963 0.864795 
vn 0.192166 0.462894 0.865333 
vn 0.192207 0.463546 0.864975 
vn 0.183012 0.466563 0.865347 
vn -0.00621939 0.501335 0.865231 
vn 0.00422184 0.502107 0.864795 
vn -0.00555682 0.502094 0.864795 
vn -0.00976533 0.501283 0.865228 
vn -0.2005 0.459319 0.865347 
vn -0.191865 0.463688 0.864975 
vn -0.0158634 0.501122 0.865231 
vn -0.116874 0.993147 -1.56905e-15 
vn -0.471169 0.882043 -1.44349e-14 
vn -0.105001 0.994472 -1.14413e-15 
vn -0.0984544 0.995142 -9.09998e-16 
vn 0.290531 0.956865 1.27993e-14 
vn 0.308475 0.951232 1.34217e-14 
vn 0.619619 0.784903 2.4035e-14 
vn 0.634054 0.773289 2.45173e-14 
vn 0.667948 0.744208 2.5645e-14 
vn 0.619619 0.784903 2.4035e-14 
vn 0.882043 0.471169 3.25359e-14 
vn 0.913037 0.407878 3.34718e-14 
vn 0.993147 0.116874 3.55597e-14 
vn 0.995142 0.0984544 3.55827e-14 
vn 0.999999 0.00155046 3.55034e-14 
vn 0.956865 -0.290531 3.32134e-14 
vn 0.913944 -0.405841 3.13902e-14 
vn 0.784903 -0.619619 2.6254e-14 
vn 0.773289 -0.634054 2.58042e-14 
vn 0.669696 -0.742635 2.18447e-14 
vn 0.471169 -0.882043 1.44349e-14 
vn 0.309189 -0.951001 8.50562e-15 
vn 0.116874 -0.993147 1.56905e-15 
vn 0.0984544 -0.995142 9.09998e-16 
vn -0.104868 -0.994486 -6.3061e-15 
vn -0.290531 -0.956865 -1.27993e-14 
vn -0.500611 -0.865673 -2.00201e-14 
vn -0.634054 -0.773289 -2.45173e-14 
vn -0.809784 -0.586728 -3.0271e-14 
vn -0.619619 -0.784903 -2.4035e-14 
vn -0.500611 -0.865673 -2.00201e-14 
vn -0.882043 -0.471169 -3.25359e-14 
vn -0.978403 -0.206704 -3.52697e-14 
vn -0.809784 -0.586728 -3.0271e-14 
vn -0.995142 -0.0984544 -3.55827e-14 
vn -0.977795 0.209565 -3.41667e-14 
vn -0.993147 -0.116874 -3.55597e-14 
vn -0.978403 -0.206704 -3.52697e-14 
vn -0.956865 0.290531 -3.32134e-14 
vn -0.808443 0.588574 -2.71703e-14 
vn -0.977795 0.209565 -3.41667e-14 
vn -0.773289 0.634054 -2.58042e-14 
vn -0.499069 0.866562 -1.54656e-14 
vn -0.784903 0.619619 -2.6254e-14 
vn -0.808443 0.588574 -2.71703e-14 
vn -0.116874 0.993147 -1.56905e-15 
vn -0.471169 0.882043 -1.44349e-14 
vn -0.499069 0.866562 -1.54656e-14 
vn -0.105001 0.994472 -1.14413e-15 
vn -0.0984544 0.995142 -9.09998e-16 
vn 0.290531 0.956865 1.27993e-14 
vn 0.308475 0.951232 1.34217e-14 
vn 0.619619 0.784903 2.4035e-14 
vn 0.634054 0.773289 2.45173e-14 
vn 0.667948 0.744208 2.5645e-14 
vn 0.882043 0.471169 3.25359e-14 
vn 0.913037 0.407878 3.34718e-14 
vn 0.993147 0.116874 3.55597e-14 
vn 0.995142 0.0984544 3.55827e-14 
vn 0.999999 0.00155046 3.55034e-14 
vn 0.956865 -0.290531 3.32134e-14 
vn 0.913944 -0.405841 3.13902e-14 
vn 0.784903 -0.619619 2.6254e-14 
vn 0.773289 -0.634054 2.58042e-14 
vn 0.669696 -0.742635 2.18447e-14 
vn 0.471169 -0.882043 1.44349e-14 
vn 0.309189 -0.951001 8.50562e-15 
vn 0.116874 -0.993147 1.56905e-15 
vn -0.104868 -0.994486 -6.3061e-15 
vn 0.0984544 -0.995142 9.09998e-16 
vn -0.290531 -0.956865 -1.27993e-14 
vn -0.500611 -0.865673 -2.00201e-14 
vn -0.634054 -0.773289 -2.45173e-14 
vn -0.809784 -0.586728 -3.0271e-14 
vn -0.619619 -0.784903 -2.4035e-14 
vn -0.500611 -0.865673 -2.00201e-14 
vn -0.882043 -0.471169 -3.25359e-14 
vn -0.978403 -0.206704 -3.52697e-14 
vn -0.809784 -0.586728 -3.0271e-14 
vn -0.995142 -0.0984544 -3.55827e-14 
vn -0.977795 0.209565 -3.41667e-14 
vn -0.993147 -0.116874 -3.55597e-14 
vn -0.978403 -0.206704 -3.52697e-14 
vn -0.956865 0.290531 -3.32134e-14 
vn -0.808443 0.588574 -2.71703e-14 
vn -0.977795 0.209565 -3.41667e-14 
vn -0.773289 0.634054 -2.58042e-14 
vn -0.499069 0.866562 -1.54656e-14 
vn -0.784903 0.619619 -2.6254e-14 
vn -0.808443 0.588574 -2.71703e-14 
vn -0.116874 0.993147 -1.56905e-15 
vn -0.471169 0.882043 -1.44349e-14 
vn -0.499069 0.866562 -1.54656e-14 
vn -0.105001 0.994472 -1.14413e-15 
vn -0.0984544 0.995142 -9.09998e-16 
vn 0.290531 0.956865 1.27993e-14 
vn 0.308475 0.951232 1.34217e-14 
vn 0.619619 0.784903 2.4035e-14 
vn 0.634054 0.773289 2.45173e-14 
vn 0.667948 0.744208 2.5645e-14 
vn 0.882043 0.471169 3.25359e-14 
vn 0.913037 0.407878 3.34718e-14 
vn 0.993147 0.116874 3.55597e-14 
vn 0.995142 0.0984544 3.55827e-14 
vn 0.999999 0.00155046 3.55034e-14 
vn 0.993147 0.116874 3.55597e-14 
vn 0.956865 -0.290531 3.32134e-14 
vn 0.913944 -0.405841 3.13902e-14 
vn 0.784903 -0.619619 2.6254e-14 
vn 0.773289 -0.634054 2.58042e-14 
vn 0.669696 -0.742635 2.18447e-14 
vn 0.471169 -0.882043 1.44349e-14 
vn 0.309189 -0.951001 8.50562e-15 
vn 0.116874 -0.993147 1.56905e-15 
vn 0.0984544 -0.995142 9.09998e-16 
vn -0.104868 -0.994486 -6.3061e-15 
vn -0.290531 -0.956865 -1.27993e-14 
vn -0.500611 -0.865673 -2.00201e-14 
vn -0.634054 -0.773289 -2.45173e-14 
vn -0.809784 -0.586728 -3.0271e-14 
vn -0.619619 -0.784903 -2.4035e-14 
vn -0.500611 -0.865673 -2.00201e-14 
vn -0.882043 -0.471169 -3.25359e-14 
vn -0.978403 -0.206704 -3.52697e-14 
vn -0.809784 -0.586728 -3.0271e-14 
vn -0.993147 -0.116874 -3.55597e-14 
vn -0.995142 -0.0984544 -3.55827e-14 
vn -0.977795 0.209565 -3.41667e-14 
vn -0.978403 -0.206704 -3.52697e-14 
vn -0.956865 0.290531 -3.32134e-14 
vn -0.808443 0.588574 -2.71703e-14 
vn -0.773289 0.634054 -2.58042e-14 
vn -0.784903 0.619619 -2.6254e-14 
vn -0.499069 0.866562 -1.54656e-14 
vn -0.808443 0.588574 -2.71703e-14 
vn -0.116874 0.993147 -1.56905e-15 
vn -0.471169 0.882043 -1.44349e-14 
vn -0.105001 0.994472 -1.14413e-15 
vn 0.290531 0.956865 1.27993e-14 
vn -0.0984544 0.995142 -9.09998e-16 
vn 0.308475 0.951232 1.34217e-14 
vn 0.619619 0.784903 2.4035e-14 
vn 0.634054 0.773289 2.45173e-14 
vn 0.667948 0.744208 2.5645e-14 
vn 0.882043 0.471169 3.25359e-14 
vn 0.913037 0.407878 3.34718e-14 
vn 0.993147 0.116874 3.55597e-14 
vn 0.995142 0.0984544 3.55827e-14 
vn 0.999999 0.00155046 3.55034e-14 
vn 0.956865 -0.290531 3.32134e-14 
vn 0.913944 -0.405841 3.13902e-14 
vn 0.784903 -0.619619 2.6254e-14 
vn 0.773289 -0.634054 2.58042e-14 
vn 0.669696 -0.742635 2.18447e-14 
vn 0.471169 -0.882043 1.44349e-14 
vn 0.309189 -0.951001 8.50562e-15 
vn 0.116873 -0.993147 1.56901e-15 
vn 0.0984544 -0.995142 9.09996e-16 
vn -0.104867 -0.994486 -6.3061e-15 
vn -0.290531 -0.956865 -1.27993e-14 
vn -0.500611 -0.865673 -2.00201e-14 
vn -0.634053 -0.77329 -2.45173e-14 
vn -0.809784 -0.586728 -3.0271e-14 
vn -0.619595 -0.784921 -2.40342e-14 
vn -0.500611 -0.865673 -2.00201e-14 
vn -0.882043 -0.471169 -3.25359e-14 
vn -0.978405 -0.206699 -3.52697e-14 
vn -0.809784 -0.586728 -3.0271e-14 
vn -0.995144 -0.0984271 -3.55827e-14 
vn -0.993239 -0.116086 -3.55609e-14 
vn -0.977797 0.209556 -3.41668e-14 
vn -0.978405 -0.206699 -3.52697e-14 
vn -0.956865 0.290531 -3.32134e-14 
vn -0.808751 0.588151 -2.71823e-14 
vn -0.49895 0.866631 -1.54612e-14 
vn -0.773756 0.633484 -2.58223e-14 
vn -0.798744 0.601671 -2.67919e-14 
vn -0.808751 0.588151 -2.71823e-14 
vn -0.471169 0.882043 -1.44349e-14 
vn 0.882043 0.471169 3.25359e-14 
vn -0.882043 -0.471169 -3.25359e-14 
vn -0.28422 0.412837 -0.865323 
vn -0.278732 0.417285 -0.864975 
vn -0.419691 0.275662 -0.864795 
vn -0.413243 0.283911 -0.865231 
vn -0.429215 0.259134 -0.86523 
vn -0.430893 0.257793 -0.864797 
vn -0.492159 0.0979716 -0.864975 
vn -0.489554 0.107292 -0.865347 
vn -0.424748 0.266387 -0.865232 
vn -0.491689 -0.101844 -0.864795 
vn -0.492962 -0.0914515 -0.865231 
vn -0.49714 0.0642375 -0.865289 
vn -0.489704 -0.110992 -0.864795 
vn -0.479826 -0.14544 -0.865225 
vn -0.491194 -0.100514 -0.865231 
vn -0.417285 -0.278732 -0.864975 
vn -0.422033 -0.2703 -0.865347 
vn -0.275662 -0.419691 -0.864795 
vn -0.283911 -0.413243 -0.865231 
vn -0.379749 -0.327284 -0.865261 
vn -0.0979716 -0.492159 -0.864975 
vn -0.107292 -0.489554 -0.865347 
vn -0.212881 -0.453932 -0.865233 
vn -0.267441 -0.424976 -0.864795 
vn -0.275909 -0.418628 -0.865231 
vn 0.101844 -0.491689 -0.864795 
vn 0.0914515 -0.492962 -0.865231 
vn -0.00977379 -0.501265 -0.865239 
vn 0.111379 -0.489616 -0.864795 
vn 0.278732 -0.417285 -0.864975 
vn 0.194923 -0.4619 -0.865248 
vn 0.2703 -0.422033 -0.865347 
vn 0.100903 -0.491114 -0.865231 
vn 0.419691 -0.275662 -0.864795 
vn 0.36663 -0.342008 -0.865224 
vn 0.413243 -0.283911 -0.865231 
vn 0.424968 -0.267453 -0.864795 
vn 0.492159 -0.0979716 -0.864975 
vn 0.473573 -0.164428 -0.86527 
vn 0.489554 -0.107292 -0.865347 
vn 0.41862 -0.275921 -0.865231 
vn 0.491689 0.101844 -0.864795 
vn 0.499449 0.0441404 -0.865218 
vn 0.492962 0.0914515 -0.865231 
vn 0.439381 0.241251 -0.865299 
vn 0.491114 0.100903 -0.865231 
vn 0.489616 0.111379 -0.864795 
vn 0.417285 0.278732 -0.864975 
vn 0.422033 0.2703 -0.865347 
vn 0.301463 0.400644 -0.865219 
vn 0.275662 0.419691 -0.864795 
vn 0.283911 0.413243 -0.865231 
vn 0.116063 0.487573 -0.865333 
vn 0.275921 0.41862 -0.865231 
vn 0.267453 0.424968 -0.864795 
vn 0.0979716 0.492159 -0.864975 
vn 0.107292 0.489554 -0.865347 
vn -0.101844 0.491689 -0.864795 
vn -0.100903 0.491114 -0.865231 
vn -0.111379 0.489616 -0.864795 
vn -0.278732 0.417285 -0.864975 
vn -0.2703 0.422033 -0.865347 
vn -0.0951382 0.492269 -0.865228 
vn -0.0914515 0.492962 -0.865231 
vn -0.284267 0.412805 -0.865323 
vn -0.419691 0.275662 -0.864795 
vn -0.413243 0.283911 -0.865231 
vn -0.42917 0.259224 -0.865226 
vn -0.424968 0.267453 -0.864795 
vn -0.492159 0.0979716 -0.864975 
vn -0.489554 0.107292 -0.865347 
vn -0.41862 0.275921 -0.865231 
vn -0.491689 -0.101844 -0.864795 
vn -0.492962 -0.0914515 -0.865231 
vn -0.497139 0.064241 -0.865289 
vn -0.417285 -0.278732 -0.864975 
vn -0.422033 -0.2703 -0.865347 
vn -0.479826 -0.145437 -0.865225 
vn -0.489616 -0.111379 -0.864795 
vn -0.491114 -0.100903 -0.865231 
vn -0.275662 -0.419691 -0.864795 
vn -0.283911 -0.413243 -0.865231 
vn -0.379749 -0.327284 -0.865261 
vn -0.0979716 -0.492159 -0.864975 
vn -0.107292 -0.489554 -0.865347 
vn -0.212881 -0.453932 -0.865233 
vn -0.267453 -0.424968 -0.864795 
vn -0.275921 -0.41862 -0.865231 
vn 0.101844 -0.491689 -0.864795 
vn 0.0914515 -0.492962 -0.865231 
vn -0.00977379 -0.501265 -0.865239 
vn 0.111379 -0.489616 -0.864795 
vn 0.278732 -0.417285 -0.864975 
vn 0.194923 -0.4619 -0.865248 
vn 0.2703 -0.422033 -0.865347 
vn 0.100903 -0.491114 -0.865231 
vn 0.419691 -0.275662 -0.864795 
vn 0.36663 -0.342008 -0.865224 
vn 0.413243 -0.283911 -0.865231 
vn 0.424968 -0.267453 -0.864795 
vn 0.492159 -0.0979716 -0.864975 
vn 0.473573 -0.164428 -0.86527 
vn 0.489554 -0.107292 -0.865347 
vn 0.41862 -0.275921 -0.865231 
vn 0.491689 0.101844 -0.864795 
vn 0.499449 0.0441404 -0.865218 
vn 0.492962 0.0914515 -0.865231 
vn 0.439381 0.241251 -0.865299 
vn 0.491114 0.100903 -0.865231 
vn 0.489616 0.111379 -0.864795 
vn 0.417285 0.278732 -0.864975 
vn 0.422033 0.2703 -0.865347 
vn 0.301463 0.400644 -0.865219 
vn 0.275662 0.419691 -0.864795 
vn 0.283911 0.413243 -0.865231 
vn 0.116063 0.487573 -0.865333 
vn 0.275921 0.41862 -0.865231 
vn 0.267453 0.424968 -0.864795 
vn 0.0979716 0.492159 -0.864975 
vn 0.107292 0.489554 -0.865347 
vn -0.101844 0.491689 -0.864795 
vn -0.100903 0.491114 -0.865231 
vn -0.111379 0.489616 -0.864795 
vn -0.278732 0.417285 -0.864975 
vn -0.2703 0.422033 -0.865347 
vn -0.0951382 0.492269 -0.865228 
vn -0.0914515 0.492962 -0.865231 
vn -0.284267 0.412805 -0.865323 
vn -0.419691 0.275662 -0.864795 
vn -0.413243 0.283911 -0.865231 
vn -0.42917 0.259224 -0.865226 
vn -0.424968 0.267453 -0.864795 
vn -0.492159 0.0979716 -0.864975 
vn -0.489554 0.107292 -0.865347 
vn -0.41862 0.275921 -0.865231 
vn -0.491689 -0.101844 -0.864795 
vn -0.492962 -0.0914515 -0.865231 
vn -0.497139 0.064241 -0.865289 
vn -0.417285 -0.278732 -0.864975 
vn -0.422033 -0.2703 -0.865347 
vn -0.479826 -0.145437 -0.865225 
vn -0.489616 -0.111379 -0.864795 
vn -0.491114 -0.100903 -0.865231 
vn -0.275662 -0.419691 -0.864795 
vn -0.283911 -0.413243 -0.865231 
vn -0.379749 -0.327284 -0.865261 
vn -0.0979716 -0.492159 -0.864975 
vn -0.107292 -0.489554 -0.865347 
vn -0.212881 -0.453932 -0.865233 
vn -0.267453 -0.424968 -0.864795 
vn -0.275921 -0.41862 -0.865231 
vn 0.101844 -0.491689 -0.864795 
vn 0.0914515 -0.492962 -0.865231 
vn -0.00977379 -0.501265 -0.865239 
vn 0.111379 -0.489616 -0.864795 
vn 0.278732 -0.417285 -0.864975 
vn 0.194923 -0.4619 -0.865248 
vn 0.2703 -0.422033 -0.865347 
vn 0.100903 -0.491114 -0.865231 
vn 0.419691 -0.275662 -0.864795 
vn 0.36663 -0.342008 -0.865224 
vn 0.413243 -0.283911 -0.865231 
vn 0.424968 -0.267453 -0.864795 
vn 0.492159 -0.0979716 -0.864975 
vn 0.473573 -0.164428 -0.86527 
vn 0.489554 -0.107292 -0.865347 
vn 0.41862 -0.275921 -0.865231 
vn 0.491689 0.101844 -0.864795 
vn 0.499449 0.0441404 -0.865218 
vn 0.492962 0.0914515 -0.865231 
vn 0.439381 0.241251 -0.865299 
vn 0.491114 0.100903 -0.865231 
vn 0.489616 0.111379 -0.864795 
vn 0.417285 0.278732 -0.864975 
vn 0.422033 0.2703 -0.865347 
vn 0.301463 0.400644 -0.865219 
vn 0.275662 0.419691 -0.864795 
vn 0.283911 0.413243 -0.865231 
vn 0.116063 0.487573 -0.865333 
vn 0.275921 0.41862 -0.865231 
vn 0.267453 0.424968 -0.864795 
vn 0.0979716 0.492159 -0.864975 
vn 0.107292 0.489554 -0.865347 
vn -0.101844 0.491689 -0.864795 
vn -0.100903 0.491114 -0.865231 
vn -0.111379 0.489616 -0.864795 
vn -0.278732 0.417285 -0.864975 
vn -0.2703 0.422033 -0.865347 
vn -0.0951382 0.492269 -0.865228 
vn -0.0914515 0.492962 -0.865231 
vn -0.284267 0.412805 -0.865323 
vn -0.419691 0.275662 -0.864795 
vn -0.413243 0.283911 -0.865231 
vn -0.42917 0.259224 -0.865226 
vn -0.424968 0.267453 -0.864795 
vn -0.492159 0.0979716 -0.864975 
vn -0.489554 0.107292 -0.865347 
vn -0.41862 0.275921 -0.865231 
vn -0.491689 -0.101844 -0.864795 
vn -0.492962 -0.0914515 -0.865231 
vn -0.497139 0.064241 -0.865289 
vn -0.417285 -0.278732 -0.864975 
vn -0.422033 -0.2703 -0.865347 
vn -0.479826 -0.145437 -0.865225 
vn -0.489616 -0.111379 -0.864795 
vn -0.491114 -0.100903 -0.865231 
vn -0.275662 -0.419691 -0.864795 
vn -0.283911 -0.413243 -0.865231 
vn -0.379749 -0.327284 -0.865261 
vn -0.0979716 -0.492159 -0.864975 
vn -0.107292 -0.489554 -0.865347 
vn -0.212881 -0.453932 -0.865233 
vn -0.267453 -0.424968 -0.864795 
vn -0.275921 -0.41862 -0.865231 
vn 0.101844 -0.491689 -0.864795 
vn 0.0914515 -0.492962 -0.865231 
vn -0.00977379 -0.501265 -0.865239 
vn 0.111379 -0.489616 -0.864795 
vn 0.278732 -0.417285 -0.864975 
vn 0.194923 -0.4619 -0.865248 
vn 0.2703 -0.422033 -0.865347 
vn 0.100903 -0.491114 -0.865231 
vn 0.419691 -0.275662 -0.864795 
vn 0.36663 -0.342008 -0.865224 
vn 0.413243 -0.283911 -0.865231 
vn 0.424968 -0.267453 -0.864795 
vn 0.492159 -0.0979716 -0.864975 
vn 0.473573 -0.164428 -0.86527 
vn 0.489554 -0.107292 -0.865347 
vn 0.41862 -0.275921 -0.865231 
vn 0.491689 0.101844 -0.864795 
vn 0.499449 0.0441404 -0.865218 
vn 0.492962 0.0914515 -0.865231 
vn 0.439381 0.241251 -0.865299 
vn 0.491114 0.100903 -0.865231 
vn 0.489616 0.111379 -0.864795 
vn 0.417285 0.278732 -0.864975 
vn 0.422033 0.2703 -0.865347 
vn 0.301463 0.400644 -0.865219 
vn 0.275662 0.419691 -0.864795 
vn 0.283911 0.413243 -0.865231 
vn 0.116063 0.487573 -0.865333 
vn 0.275921 0.41862 -0.865231 
vn 0.267453 0.424968 -0.864795 
vn 0.0979716 0.492159 -0.864975 
vn 0.107292 0.489554 -0.865347 
vn -0.101844 0.491689 -0.864795 
vn -0.100903 0.491114 -0.865231 
vn -0.111379 0.489616 -0.864795 
vn -0.278732 0.417285 -0.864975 
vn -0.2703 0.422033 -0.865347 
vn -0.0951382 0.492269 -0.865228 
vn -0.0914515 0.492962 -0.865231 
vn -0.2703 0.422033 -0.865347 
vn -0.039029 -0.047532 -0.998107 
vn -0.0501323 -0.0267797 -0.998383 
vn -0.0531393 -0.0283859 -0.998184 
vn -0.0165128 -0.054385 -0.998383 
vn -0.0369614 -0.0490891 -0.99811 
vn -0.0391731 -0.0520344 -0.997877 
vn -0.0413686 -0.0503813 -0.997873 
vn 0.00601252 -0.0612079 -0.998107 
vn -0.0175033 -0.057647 -0.998184 
vn 0.0267797 -0.0501323 -0.998383 
vn 0.00715249 -0.0610744 -0.998108 
vn 0.00758646 -0.0647348 -0.997874 
vn 0.00637293 -0.0648769 -0.997873 
vn 0.047532 -0.039029 -0.998107 
vn 0.0283859 -0.0531393 -0.998184 
vn 0.054385 -0.0165128 -0.998383 
vn 0.0482743 -0.0380883 -0.998108 
vn 0.0511712 -0.0403673 -0.997874 
vn 0.0503813 -0.0413686 -0.997873 
vn 0.0612079 0.00601252 -0.998107 
vn 0.057647 -0.0175033 -0.998184 
vn 0.0501323 0.0267797 -0.998383 
vn 0.0610678 0.00720067 -0.998108 
vn 0.0647278 0.00763751 -0.997874 
vn 0.0648769 0.00637293 -0.997873 
vn 0.039029 0.047532 -0.998107 
vn 0.0531393 0.0283859 -0.998184 
vn 0.0165128 0.054385 -0.998383 
vn 0.0380898 0.0482732 -0.998108 
vn 0.0403689 0.05117 -0.997874 
vn 0.0413686 0.0503813 -0.997873 
vn -0.00601252 0.0612079 -0.998107 
vn 0.0175033 0.057647 -0.998184 
vn -0.0267797 0.0501323 -0.998383 
vn -0.00720074 0.0610678 -0.998108 
vn -0.00763758 0.0647278 -0.997874 
vn -0.00637293 0.0648769 -0.997873 
vn -0.047532 0.039029 -0.998107 
vn -0.0283859 0.0531393 -0.998184 
vn -0.054385 0.0165128 -0.998383 
vn -0.0482732 0.0380898 -0.998108 
vn -0.05117 0.0403689 -0.997874 
vn -0.0503813 0.0413686 -0.997873 
vn -0.0612079 -0.00601252 -0.998107 
vn -0.057647 0.0175033 -0.998184 
vn -0.0501323 -0.0267797 -0.998383 
vn -0.0610678 -0.00720074 -0.998108 
vn -0.0647278 -0.00763758 -0.997874 
vn -0.0648769 -0.00637293 -0.997873 
vn -0.039029 -0.047532 -0.998107 
vn -0.0531393 -0.0283859 -0.998184 
vn -0.0165128 -0.054385 -0.998383 
vn -0.0380898 -0.0482732 -0.998108 
vn -0.0403689 -0.05117 -0.997874 
vn -0.0413686 -0.0503813 -0.997873 
vn 0.00601252 -0.0612079 -0.998107 
vn -0.0175033 -0.057647 -0.998184 
vn 0.0267797 -0.0501323 -0.998383 
vn 0.00720074 -0.0610678 -0.998108 
vn 0.00763758 -0.0647278 -0.997874 
vn 0.00637293 -0.0648769 -0.997873 
vn 0.047532 -0.039029 -0.998107 
vn 0.0283859 -0.0531393 -0.998184 
vn 0.054385 -0.0165128 -0.998383 
vn 0.0482732 -0.0380898 -0.998108 
vn 0.05117 -0.0403689 -0.997874 
vn 0.0503813 -0.0413686 -0.997873 
vn 0.0612079 0.00601252 -0.998107 
vn 0.057647 -0.0175033 -0.998184 
vn 0.0501323 0.0267797 -0.998383 
vn 0.0610678 0.00720074 -0.998108 
vn 0.0647278 0.00763758 -0.997874 
vn 0.0648769 0.00637293 -0.997873 
vn 0.039029 0.047532 -0.998107 
vn 0.0531393 0.0283859 -0.998184 
vn 0.0165128 0.054385 -0.998383 
vn 0.0380898 0.0482732 -0.998108 
vn 0.0403689 0.05117 -0.997874 
vn 0.0413686 0.0503813 -0.997873 
vn -0.00601252 0.0612079 -0.998107 
vn 0.0175033 0.057647 -0.998184 
vn -0.0267797 0.0501323 -0.998383 
vn -0.00720074 0.0610678 -0.998108 
vn -0.00763758 0.0647278 -0.997874 
vn -0.00637293 0.0648769 -0.997873 
vn -0.047532 0.039029 -0.998107 
vn -0.0283859 0.0531393 -0.998184 
vn -0.054385 0.0165128 -0.998383 
vn -0.0482732 0.0380898 -0.998108 
vn -0.05117 0.0403689 -0.997874 
vn -0.0503813 0.0413686 -0.997873 
vn -0.0612079 -0.00601252 -0.998107 
vn -0.057647 0.0175033 -0.998184 
vn -0.0501323 -0.0267797 -0.998383 
vn -0.0610678 -0.00720074 -0.998108 
vn -0.0647278 -0.00763758 -0.997874 
vn -0.0648769 -0.00637293 -0.997873 
vn -0.039029 -0.047532 -0.998107 
vn -0.0531393 -0.0283859 -0.998184 
vn -0.0165128 -0.054385 -0.998383 
vn -0.0380898 -0.0482732 -0.998108 
vn -0.0403689 -0.05117 -0.997874 
vn -0.0413686 -0.0503813 -0.997873 
vn 0.00601252 -0.0612079 -0.998107 
vn -0.0175033 -0.057647 -0.998184 
vn 0.0267797 -0.0501323 -0.998383 
vn 0.00720074 -0.0610678 -0.998108 
vn 0.00763758 -0.0647278 -0.997874 
vn 0.00637293 -0.0648769 -0.997873 
vn 0.047532 -0.039029 -0.998107 
vn 0.0283859 -0.0531393 -0.998184 
vn 0.054385 -0.0165128 -0.998383 
vn 0.0482732 -0.0380898 -0.998108 
vn 0.05117 -0.0403689 -0.997874 
vn 0.0503813 -0.0413686 -0.997873 
vn 0.0612079 0.00601252 -0.998107 
vn 0.057647 -0.0175033 -0.998184 
vn 0.0501323 0.0267797 -0.998383 
vn 0.0610678 0.00720074 -0.998108 
vn 0.0647278 0.00763758 -0.997874 
vn 0.0648769 0.00637293 -0.997873 
vn 0.039029 0.047532 -0.998107 
vn 0.0531393 0.0283859 -0.998184 
vn 0.0165128 0.054385 -0.998383 
vn 0.0380898 0.0482732 -0.998108 
vn 0.0403689 0.05117 -0.997874 
vn 0.0413686 0.0503813 -0.997873 
vn -0.00601252 0.0612079 -0.998107 
vn 0.0175033 0.057647 -0.998184 
vn -0.0267797 0.0501323 -0.998383 
vn -0.00720074 0.0610678 -0.998108 
vn -0.00763758 0.0647278 -0.997874 
vn -0.00637293 0.0648769 -0.997873 
vn -0.047532 0.039029 -0.998107 
vn -0.0283859 0.0531393 -0.998184 
vn -0.054385 0.0165128 -0.998383 
vn -0.0482732 0.0380898 -0.998108 
vn -0.05117 0.0403689 -0.997874 
vn -0.0503813 0.0413686 -0.997873 
vn -0.0612079 -0.00601252 -0.998107 
vn -0.057647 0.0175033 -0.998184 
vn -0.0501323 -0.0267797 -0.998383 
vn -0.0610678 -0.00720074 -0.998108 
vn -0.0647278 -0.00763758 -0.997874 
vn -0.0648769 -0.00637293 -0.997873 
vn -0.039029 -0.047532 -0.998107 
vn -0.0531393 -0.0283859 -0.998184 
vn -0.0165128 -0.054385 -0.998383 
vn -0.0380898 -0.0482732 -0.998108 
vn -0.0403689 -0.05117 -0.997874 
vn -0.0413686 -0.0503813 -0.997873 
vn 0.00601252 -0.0612079 -0.998107 
vn -0.0175033 -0.057647 -0.998184 
vn 0.0267797 -0.0501323 -0.998383 
vn 0.00720074 -0.0610678 -0.998108 
vn 0.00763758 -0.0647278 -0.997874 
vn 0.00637293 -0.0648769 -0.997873 
vn 0.047532 -0.039029 -0.998107 
vn 0.0283859 -0.0531393 -0.998184 
vn 0.054385 -0.0165128 -0.998383 
vn 0.0482732 -0.0380898 -0.998108 
vn 0.05117 -0.0403689 -0.997874 
vn 0.0503813 -0.0413686 -0.997873 
vn 0.0612079 0.00601252 -0.998107 
vn 0.057647 -0.0175033 -0.998184 
vn 0.0501323 0.0267797 -0.998383 
vn 0.0610678 0.00720074 -0.998108 
vn 0.0647278 0.00763758 -0.997874 
vn 0.0648769 0.00637293 -0.997873 
vn 0.039029 0.047532 -0.998107 
vn 0.0531393 0.0283859 -0.998184 
vn 0.0165128 0.054385 -0.998383 
vn 0.0380898 0.0482732 -0.998108 
vn 0.0403689 0.05117 -0.997874 
vn 0.0413686 0.0503813 -0.997873 
vn -0.00601252 0.0612079 -0.998107 
vn 0.0175033 0.057647 -0.998184 
vn -0.0267797 0.0501323 -0.998383 
vn -0.00720074 0.0610678 -0.998108 
vn -0.00763758 0.0647278 -0.997874 
vn -0.00637293 0.0648769 -0.997873 
vn -0.047532 0.039029 -0.998107 
vn -0.0283859 0.0531393 -0.998184 
vn -0.054385 0.0165128 -0.998383 
vn -0.0482732 0.0380898 -0.998108 
vn -0.05117 0.0403689 -0.997874 
vn -0.0503813 0.0413686 -0.997873 
vn -0.0612079 -0.00601252 -0.998107 
vn -0.057647 0.0175033 -0.998184 
vn -0.0501323 -0.0267797 -0.998383 
vn -0.0610678 -0.00720074 -0.998108 
vn -0.0647278 -0.00763758 -0.997874 
vn -0.0648769 -0.00637293 -0.997873 
vn -0.0531393 -0.0283859 -0.998184 
vn 0.349961 -0.360444 -0.864643 
vn 0.189223 -0.465014 -0.864845 
vn 0.190105 -0.466155 -0.864037 
vn 0.176349 -0.471407 -0.864105 
vn 0.462615 -0.195014 -0.864845 
vn 0.364877 -0.345331 -0.864645 
vn 0.360923 -0.351607 -0.863775 
vn 0.355291 -0.357283 -0.86378 
vn 0.339715 -0.372134 -0.863776 
vn 0.502333 -0.0074127 -0.864643 
vn 0.47311 -0.172548 -0.863941 
vn 0.458032 -0.208637 -0.864105 
vn 0.465014 0.189223 -0.864845 
vn 0.502382 0.00201354 -0.864643 
vn 0.502879 0.0321211 -0.86376 
vn 0.5037 -0.0132404 -0.863777 
vn 0.503354 -0.0229238 -0.863776 
vn 0.360444 0.349961 -0.864643 
vn 0.445502 0.235104 -0.86386 
vn 0.471407 0.176349 -0.864105 
vn 0.195014 0.462615 -0.864845 
vn 0.35352 0.356953 -0.864643 
vn 0.312186 0.395503 -0.863781 
vn 0.365247 0.347107 -0.863777 
vn 0.372134 0.339715 -0.863776 
vn 0.208637 0.458032 -0.864105 
vn 0.123953 0.488353 -0.863798 
vn 0.0074127 0.502333 -0.864643 
vn -0.00241152 0.502381 -0.864643 
vn 0.0128421 0.50371 -0.863777 
vn -0.0860996 0.496383 -0.863823 
vn -0.189223 0.465014 -0.864845 
vn 0.0229238 0.503354 -0.863776 
vn -0.176349 0.471407 -0.864105 
vn -0.279941 0.418996 -0.863757 
vn -0.349961 0.360444 -0.864643 
vn -0.356942 0.353531 -0.864643 
vn -0.347097 0.365257 -0.863777 
vn -0.427183 0.266862 -0.863886 
vn -0.462615 0.195014 -0.864845 
vn -0.339715 0.372134 -0.863776 
vn -0.458032 0.208637 -0.864105 
vn -0.498747 0.0721639 -0.863738 
vn -0.502333 0.0074127 -0.864643 
vn -0.502381 -0.00241208 -0.864643 
vn -0.50371 0.0128415 -0.863777 
vn -0.483586 -0.140369 -0.863968 
vn -0.465014 -0.189223 -0.864845 
vn -0.503354 0.0229238 -0.863776 
vn -0.471407 -0.176349 -0.864105 
vn -0.387221 -0.322503 -0.863743 
vn -0.360444 -0.349961 -0.864643 
vn -0.195014 -0.462615 -0.864845 
vn -0.353531 -0.356942 -0.864643 
vn -0.365257 -0.347097 -0.863777 
vn -0.217903 -0.453772 -0.864066 
vn -0.372134 -0.339715 -0.863776 
vn -0.0074127 -0.502333 -0.864643 
vn -0.208637 -0.458032 -0.864105 
vn 0.189223 -0.465014 -0.864845 
vn 0.00241208 -0.502381 -0.864643 
vn -0.0128415 -0.50371 -0.863777 
vn -0.0194292 -0.503515 -0.863768 
vn -0.0229238 -0.503354 -0.863776 
vn 0.349961 -0.360444 -0.864643 
vn 0.190187 -0.466121 -0.864037 
vn 0.176349 -0.471407 -0.864105 
vn 0.462615 -0.195014 -0.864845 
vn 0.356942 -0.353531 -0.864643 
vn 0.360565 -0.352005 -0.863762 
vn 0.347097 -0.365257 -0.863777 
vn 0.339715 -0.372134 -0.863776 
vn 0.502333 -0.0074127 -0.864643 
vn 0.473108 -0.172555 -0.863941 
vn 0.458032 -0.208637 -0.864105 
vn 0.465014 0.189223 -0.864845 
vn 0.502381 0.00241208 -0.864643 
vn 0.502877 0.032132 -0.86376 
vn 0.50371 -0.0128415 -0.863777 
vn 0.503354 -0.0229238 -0.863776 
vn 0.360444 0.349961 -0.864643 
vn 0.445502 0.235105 -0.86386 
vn 0.471407 0.176349 -0.864105 
vn 0.195014 0.462615 -0.864845 
vn 0.353531 0.356942 -0.864643 
vn 0.312187 0.395503 -0.863781 
vn 0.365257 0.347097 -0.863777 
vn 0.372134 0.339715 -0.863776 
vn 0.208637 0.458032 -0.864105 
vn 0.123953 0.488353 -0.863798 
vn 0.0074127 0.502333 -0.864643 
vn -0.00241208 0.502381 -0.864643 
vn 0.0128415 0.50371 -0.863777 
vn -0.0860996 0.496383 -0.863823 
vn -0.189223 0.465014 -0.864845 
vn 0.0229238 0.503354 -0.863776 
vn -0.176349 0.471407 -0.864105 
vn -0.279941 0.418996 -0.863757 
vn -0.349961 0.360444 -0.864643 
vn -0.356942 0.353531 -0.864643 
vn -0.347097 0.365257 -0.863777 
vn -0.427183 0.266862 -0.863886 
vn -0.462615 0.195014 -0.864845 
vn -0.339715 0.372134 -0.863776 
vn -0.458032 0.208637 -0.864105 
vn -0.498747 0.0721639 -0.863738 
vn -0.502333 0.0074127 -0.864643 
vn -0.502381 -0.00241208 -0.864643 
vn -0.50371 0.0128415 -0.863777 
vn -0.483586 -0.140369 -0.863968 
vn -0.465014 -0.189223 -0.864845 
vn -0.503354 0.0229238 -0.863776 
vn -0.471407 -0.176349 -0.864105 
vn -0.387221 -0.322503 -0.863743 
vn -0.360444 -0.349961 -0.864643 
vn -0.195014 -0.462615 -0.864845 
vn -0.353531 -0.356942 -0.864643 
vn -0.365257 -0.347097 -0.863777 
vn -0.217903 -0.453772 -0.864066 
vn -0.372134 -0.339715 -0.863776 
vn -0.0074127 -0.502333 -0.864643 
vn -0.208637 -0.458032 -0.864105 
vn 0.189223 -0.465014 -0.864845 
vn 0.00241208 -0.502381 -0.864643 
vn -0.0128415 -0.50371 -0.863777 
vn -0.0194292 -0.503515 -0.863768 
vn -0.0229238 -0.503354 -0.863776 
vn 0.349961 -0.360444 -0.864643 
vn 0.190187 -0.466121 -0.864037 
vn 0.176349 -0.471407 -0.864105 
vn 0.462615 -0.195014 -0.864845 
vn 0.356942 -0.353531 -0.864643 
vn 0.360565 -0.352005 -0.863762 
vn 0.347097 -0.365257 -0.863777 
vn 0.339715 -0.372134 -0.863776 
vn 0.502333 -0.0074127 -0.864643 
vn 0.473108 -0.172555 -0.863941 
vn 0.458032 -0.208637 -0.864105 
vn 0.465014 0.189223 -0.864845 
vn 0.502381 0.00241208 -0.864643 
vn 0.502877 0.032132 -0.86376 
vn 0.50371 -0.0128415 -0.863777 
vn 0.503354 -0.0229238 -0.863776 
vn 0.360444 0.349961 -0.864643 
vn 0.445502 0.235105 -0.86386 
vn 0.471407 0.176349 -0.864105 
vn 0.195014 0.462615 -0.864845 
vn 0.353531 0.356942 -0.864643 
vn 0.312187 0.395503 -0.863781 
vn 0.365257 0.347097 -0.863777 
vn 0.372134 0.339715 -0.863776 
vn 0.208637 0.458032 -0.864105 
vn 0.123953 0.488353 -0.863798 
vn 0.0074127 0.502333 -0.864643 
vn -0.00241208 0.502381 -0.864643 
vn 0.0128415 0.50371 -0.863777 
vn -0.0860996 0.496383 -0.863823 
vn -0.189223 0.465014 -0.864845 
vn 0.0229238 0.503354 -0.863776 
vn -0.176349 0.471407 -0.864105 
vn -0.279941 0.418996 -0.863757 
vn -0.349961 0.360444 -0.864643 
vn -0.356942 0.353531 -0.864643 
vn -0.347097 0.365257 -0.863777 
vn -0.427183 0.266862 -0.863886 
vn -0.462615 0.195014 -0.864845 
vn -0.339715 0.372134 -0.863776 
vn -0.458032 0.208637 -0.864105 
vn -0.498747 0.0721639 -0.863738 
vn -0.502333 0.0074127 -0.864643 
vn -0.502381 -0.00241208 -0.864643 
vn -0.50371 0.0128415 -0.863777 
vn -0.483586 -0.140369 -0.863968 
vn -0.465014 -0.189223 -0.864845 
vn -0.503354 0.0229238 -0.863776 
vn -0.471407 -0.176349 -0.864105 
vn -0.387221 -0.322503 -0.863743 
vn -0.360444 -0.349961 -0.864643 
vn -0.195014 -0.462615 -0.864845 
vn -0.353531 -0.356942 -0.864643 
vn -0.365257 -0.347097 -0.863777 
vn -0.217903 -0.453772 -0.864066 
vn -0.372134 -0.339715 -0.863776 
vn -0.0074127 -0.502333 -0.864643 
vn -0.208637 -0.458032 -0.864105 
vn 0.189223 -0.465014 -0.864845 
vn 0.00241208 -0.502381 -0.864643 
vn -0.0128415 -0.50371 -0.863777 
vn -0.0194292 -0.503515 -0.863768 
vn -0.0229238 -0.503354 -0.863776 
vn 0.349961 -0.360444 -0.864643 
vn 0.190187 -0.466121 -0.864037 
vn 0.176349 -0.471407 -0.864105 
vn 0.462615 -0.195014 -0.864845 
vn 0.356942 -0.353531 -0.864643 
vn 0.360565 -0.352005 -0.863762 
vn 0.347097 -0.365257 -0.863777 
vn 0.339715 -0.372134 -0.863776 
vn 0.502333 -0.0074127 -0.864643 
vn 0.473108 -0.172555 -0.863941 
vn 0.458032 -0.208637 -0.864105 
vn 0.465014 0.189223 -0.864845 
vn 0.502381 0.00241208 -0.864643 
vn 0.502877 0.032132 -0.86376 
vn 0.50371 -0.0128415 -0.863777 
vn 0.503354 -0.0229238 -0.863776 
vn 0.360444 0.349961 -0.864643 
vn 0.445502 0.235105 -0.86386 
vn 0.471407 0.176349 -0.864105 
vn 0.195014 0.462615 -0.864845 
vn 0.353531 0.356942 -0.864643 
vn 0.312187 0.395503 -0.863781 
vn 0.365257 0.347097 -0.863777 
vn 0.372134 0.339715 -0.863776 
vn 0.208637 0.458032 -0.864105 
vn 0.123953 0.488353 -0.863798 
vn 0.0074127 0.502333 -0.864643 
vn -0.00241208 0.502381 -0.864643 
vn 0.0128415 0.50371 -0.863777 
vn -0.0860996 0.496383 -0.863823 
vn -0.189223 0.465014 -0.864845 
vn 0.0229238 0.503354 -0.863776 
vn -0.176349 0.471407 -0.864105 
vn -0.279941 0.418996 -0.863757 
vn -0.349961 0.360444 -0.864643 
vn -0.356942 0.353531 -0.864643 
vn -0.347097 0.365257 -0.863777 
vn -0.427183 0.266862 -0.863886 
vn -0.462615 0.195014 -0.864845 
vn -0.339715 0.372134 -0.863776 
vn -0.458032 0.208637 -0.864105 
vn -0.498747 0.0721639 -0.863738 
vn -0.502333 0.0074127 -0.864643 
vn -0.502381 -0.00241208 -0.864643 
vn -0.50371 0.0128415 -0.863777 
vn -0.483586 -0.140369 -0.863968 
vn -0.465014 -0.189223 -0.864845 
vn -0.503354 0.0229238 -0.863776 
vn -0.471407 -0.176349 -0.864105 
vn -0.387221 -0.322503 -0.863743 
vn -0.360444 -0.349961 -0.864643 
vn -0.195014 -0.462615 -0.864845 
vn -0.353531 -0.356942 -0.864643 
vn -0.365257 -0.347097 -0.863777 
vn -0.217903 -0.453772 -0.864066 
vn -0.372134 -0.339715 -0.863776 
vn -0.0074127 -0.502333 -0.864643 
vn -0.208637 -0.458032 -0.864105 
vn 0.189223 -0.465014 -0.864845 
vn 0.00241208 -0.502381 -0.864643 
vn -0.0128415 -0.50371 -0.863777 
vn -0.0194292 -0.503515 -0.863768 
vn -0.0229238 -0.503354 -0.863776 
vn 0.176349 -0.471407 -0.864105 
o mesh250
f 3187//3795 3188//3796 3189//3796 
f 3188//3796 3190//3797 3189//3796 
f 3189//3796 3191//3798 3187//3795 
f 3192//3799 3193//3800 3194//3800 
f 3195//3799 3196//3801 3192//3799 
f 3197//3802 3194//3800 3193//3800 
f 3193//3800 3190//3797 3197//3802 
f 3194//3800 3195//3799 3192//3799 
f 3198//3803 3199//3804 3200//3804 
f 3199//3804 3201//3805 3200//3804 
f 3202//3805 3196//3801 3203//3806 
f 3201//3805 3199//3804 3202//3805 
f 3203//3806 3201//3805 3202//3805 
f 3204//3807 3205//3808 3206//3808 
f 3207//3809 3204//3807 3208//3810 
f 3208//3810 3198//3803 3207//3809 
f 3209//3811 3210//3812 3211//3812 
f 3210//3812 3212//3813 3211//3812 
f 3205//3808 3212//3813 3213//3813 
f 3212//3813 3210//3812 3213//3813 
f 3213//3813 3206//3808 3205//3808 
f 3214//3814 3215//3815 3216//3815 
f 3215//3815 3209//3811 3217//3816 
f 3217//3816 3216//3815 3215//3815 
f 3218//3817 3219//3818 3220//3818 
f 3221//3817 3222//3819 3218//3817 
f 3223//3820 3222//3819 3224//3819 
f 3222//3819 3221//3817 3224//3819 
f 3224//3819 3214//3814 3223//3820 
f 3225//3821 3226//3822 3227//3822 
f 3219//3818 3227//3822 3226//3822 
f 3226//3822 3220//3818 3219//3818 
f 3228//3823 3229//3824 3230//3824 
f 3231//3823 3232//3825 3228//3823 
f 3233//3826 3232//3825 3234//3825 
f 3232//3825 3231//3823 3234//3825 
f 3234//3825 3225//3821 3233//3826 
f 3229//3824 3235//3827 3236//3827 
f 3237//3828 3236//3827 3235//3827 
f 3235//3827 3238//3828 3237//3828 
f 3238//3828 3239//3829 3240//3829 
f 3241//3830 3242//3831 3243//3831 
f 3242//3831 3239//3829 3243//3831 
f 3243//3831 3244//3830 3241//3830 
f 3242//3831 3240//3829 3239//3829 
f 3245//3832 3241//3830 3244//3830 
f 3246//3833 3245//3832 3247//3832 
f 3247//3832 3248//3833 3246//3833 
f 3248//3833 3249//3834 3250//3834 
f 3251//3835 3252//3836 3253//3836 
f 3249//3834 3253//3836 3252//3836 
f 3252//3836 3250//3834 3249//3834 
f 3253//3836 3254//3835 3251//3835 
f 3254//3835 3255//3837 3256//3837 
f 3257//3838 3256//3837 3255//3837 
f 3255//3837 3258//3838 3257//3838 
f 3259//3839 3257//3838 3258//3838 
f 3260//3840 3261//3841 3262//3841 
f 3263//3840 3259//3839 3264//3842 
f 3264//3842 3260//3840 3263//3840 
f 3262//3841 3263//3840 3260//3840 
f 3261//3841 3265//3843 3266//3843 
f 3265//3843 3267//3844 3268//3844 
f 3267//3844 3269//3845 3268//3844 
f 3268//3844 3266//3843 3265//3843 
f 3266//3843 3262//3841 3261//3841 
f 3270//3846 3271//3847 3272//3847 
f 3273//3846 3274//3848 3270//3846 
f 3271//3847 3269//3845 3275//3849 
f 3275//3849 3272//3847 3271//3847 
f 3272//3847 3273//3846 3270//3846 
f 3276//3850 3277//3851 3278//3851 
f 3279//3850 3280//3852 3276//3850 
f 3281//3852 3274//3848 3282//3853 
f 3280//3852 3279//3850 3281//3852 
f 3282//3853 3280//3852 3281//3852 
f 3283//3854 3284//3855 3285//3855 
f 3277//3851 3285//3855 3284//3855 
f 3284//3855 3278//3851 3277//3851 
f 3286//3856 3287//3857 3288//3857 
f 3289//3856 3290//3858 3286//3856 
f 3291//3858 3283//3854 3292//3859 
f 3290//3858 3289//3856 3291//3858 
f 3292//3859 3290//3858 3291//3858 
f 3293//3860 3294//3861 3295//3861 
f 3287//3857 3293//3860 3296//3860 
f 3296//3860 3288//3857 3287//3857 
f 3297//3862 3298//3863 3299//3863 
f 3298//3863 3300//3864 3299//3863 
f 3294//3861 3300//3864 3301//3864 
f 3300//3864 3298//3863 3301//3864 
f 3301//3864 3295//3861 3294//3861 
f 3302//3865 3303//3866 3304//3866 
f 3303//3866 3297//3862 3305//3867 
f 3305//3867 3304//3866 3303//3866 
f 3306//3868 3307//3869 3308//3869 
f 3307//3869 3309//3870 3308//3869 
f 3310//3871 3309//3870 3311//3870 
f 3309//3870 3307//3869 3311//3870 
f 3311//3870 3302//3865 3310//3871 
f 3312//3872 3313//3873 3314//3873 
f 3315//3874 3314//3873 3313//3873 
f 3313//3873 3316//3874 3315//3874 
f 3316//3874 3317//3875 3318//3875 
f 3319//3876 3320//3877 3321//3877 
f 3320//3877 3317//3875 3321//3877 
f 3321//3877 3322//3876 3319//3876 
f 3320//3877 3318//3875 3317//3875 
f 3322//3876 3323//3878 3324//3878 
f 3325//3879 3324//3878 3323//3878 
f 3323//3878 3326//3879 3325//3879 
f 3326//3879 3327//3880 3328//3880 
f 3329//3881 3330//3882 3331//3882 
f 3332//3881 3328//3880 3327//3880 
f 3327//3880 3329//3881 3332//3881 
f 3331//3882 3332//3881 3329//3881 
f 3333//3883 3331//3882 3330//3882 
f 3334//3884 3333//3883 3335//3883 
f 3335//3883 3336//3884 3334//3884 
f 3336//3884 3337//3885 3338//3885 
f 3339//3886 3340//3887 3341//3887 
f 3340//3887 3337//3885 3341//3887 
f 3341//3887 3342//3886 3339//3886 
f 3340//3887 3338//3885 3337//3885 
f 3342//3886 3343//3888 3344//3888 
f 3345//3889 3344//3888 3343//3888 
f 3346//3889 3347//3890 3345//3889 
f 3343//3888 3346//3889 3345//3889 
f 3344//3888 3339//3886 3342//3886 
f 3348//3891 3349//3892 3350//3892 
f 3349//3892 3351//3893 3350//3892 
f 3352//3894 3348//3891 3353//3895 
f 3353//3895 3347//3890 3352//3894 
f 3350//3892 3353//3895 3348//3891 
f 3354//3896 3355//3897 3356//3897 
f 3355//3897 3357//3898 3356//3897 
f 3358//3898 3351//3893 3359//3899 
f 3357//3898 3355//3897 3358//3898 
f 3359//3899 3357//3898 3358//3898 
f 3360//3900 3361//3901 3362//3901 
f 3363//3902 3360//3900 3364//3903 
f 3364//3903 3354//3896 3363//3902 
f 3365//3904 3366//3905 3367//3905 
f 3366//3905 3368//3906 3367//3905 
f 3369//3906 3362//3901 3361//3901 
f 3368//3906 3366//3905 3369//3906 
f 3361//3901 3368//3906 3369//3906 
f 3370//3907 3371//3908 3372//3908 
f 3373//3909 3372//3908 3371//3908 
f 3371//3908 3365//3904 3373//3909 
f 3374//3910 3375//3911 3376//3911 
f 3375//3911 3377//3912 3376//3911 
f 3378//3913 3377//3912 3379//3912 
f 3377//3912 3375//3911 3379//3912 
f 3379//3912 3370//3907 3378//3913 
f 3380//3914 3381//3915 3382//3915 
f 3383//3916 3382//3915 3381//3915 
f 3381//3915 3374//3910 3383//3916 
f 3384//3917 3385//3918 3386//3918 
f 3385//3918 3387//3919 3386//3918 
f 3388//3920 3387//3919 3389//3919 
f 3387//3919 3385//3918 3389//3919 
f 3389//3919 3380//3914 3388//3920 
f 3390//3921 3391//3922 3392//3922 
f 3393//3923 3392//3922 3391//3922 
f 3391//3922 3394//3923 3393//3923 
f 3394//3923 3395//3924 3396//3924 
f 3397//3925 3398//3926 3399//3926 
f 3398//3926 3395//3924 3399//3926 
f 3399//3926 3400//3925 3397//3925 
f 3398//3926 3396//3924 3395//3924 
f 3400//3925 3401//3927 3402//3927 
f 3403//3928 3402//3927 3401//3927 
f 3401//3927 3404//3928 3403//3928 
f 3404//3928 3405//3929 3406//3929 
f 3407//3930 3408//3931 3409//3931 
f 3408//3931 3405//3929 3409//3931 
f 3409//3931 3410//3930 3407//3930 
f 3408//3931 3406//3929 3405//3929 
f 3411//3932 3407//3930 3410//3930 
f 3412//3933 3411//3932 3413//3932 
f 3413//3932 3414//3933 3412//3933 
f 3414//3933 3415//3934 3416//3934 
f 3417//3935 3418//3936 3419//3936 
f 3420//3935 3416//3934 3415//3934 
f 3415//3934 3417//3935 3420//3935 
f 3419//3936 3420//3935 3417//3935 
f 3421//3937 3419//3936 3418//3936 
f 3422//3937 3423//3938 3424//3938 
f 3423//3938 3425//3939 3424//3938 
f 3424//3938 3421//3937 3422//3937 
f 3418//3936 3422//3937 3421//3937 
f 3426//3940 3427//3941 3428//3941 
f 3429//3940 3430//3942 3426//3940 
f 3427//3941 3431//3943 3428//3941 
f 3428//3941 3429//3940 3426//3940 
f 3427//3941 3425//3939 3431//3943 
f 3432//3944 3433//3945 3434//3945 
f 3433//3945 3435//3946 3434//3945 
f 3436//3947 3435//3946 3437//3946 
f 3435//3946 3433//3945 3437//3946 
f 3437//3946 3430//3942 3436//3947 
f 3438//3948 3439//3949 3440//3949 
f 3441//3950 3438//3948 3442//3951 
f 3442//3951 3432//3944 3441//3950 
f 3443//3952 3444//3953 3445//3953 
f 3444//3953 3446//3954 3445//3953 
f 3447//3954 3440//3949 3439//3949 
f 3446//3954 3444//3953 3447//3954 
f 3439//3949 3446//3954 3447//3954 
f 3448//3955 3449//3956 3450//3956 
f 3451//3957 3448//3955 3452//3958 
f 3452//3958 3443//3952 3451//3957 
f 3453//3959 3454//3960 3455//3960 
f 3454//3960 3456//3961 3455//3960 
f 3457//3961 3450//3956 3449//3956 
f 3456//3961 3454//3960 3457//3961 
f 3449//3956 3456//3961 3457//3961 
f 3458//3962 3459//3963 3460//3963 
f 3461//3964 3460//3963 3459//3963 
f 3459//3963 3453//3959 3461//3964 
f 3462//3965 3463//3966 3464//3966 
f 3465//3965 3466//3967 3462//3965 
f 3467//3968 3466//3967 3468//3967 
f 3466//3967 3465//3965 3468//3967 
f 3468//3967 3458//3962 3467//3968 
f 3469//3969 3464//3966 3463//3966 
f 3470//3970 3469//3969 3471//3969 
f 3471//3969 3472//3970 3470//3970 
f 3472//3970 3473//3971 3474//3971 
f 3475//3972 3476//3973 3477//3973 
f 3476//3973 3473//3971 3477//3973 
f 3477//3973 3478//3972 3475//3972 
f 3476//3973 3474//3971 3473//3971 
f 3478//3972 3479//3974 3480//3974 
f 3479//3974 3481//3975 3482//3975 
f 3482//3975 3480//3974 3479//3974 
f 3483//3976 3482//3975 3481//3975 
f 3484//3977 3485//3978 3486//3978 
f 3487//3977 3483//3976 3488//3979 
f 3488//3979 3484//3977 3487//3977 
f 3486//3978 3487//3977 3484//3977 
f 3485//3978 3489//3980 3490//3980 
f 3491//3981 3490//3980 3489//3980 
f 3489//3980 3492//3981 3491//3981 
f 3493//3982 3494//3983 3495//3983 
f 3496//3982 3492//3981 3493//3982 
f 3497//3984 3495//3983 3494//3983 
f 3494//3983 3498//3984 3497//3984 
f 3495//3983 3496//3982 3493//3982 
f 3498//3984 3499//3985 3500//3985 
f 3500//3985 3497//3984 3498//3984 
f 3496//3982 3491//3981 3492//3981 
f 3490//3980 3486//3978 3485//3978 
f 3481//3975 3488//3979 3483//3976 
f 3480//3974 3475//3972 3478//3972 
f 3474//3971 3470//3970 3472//3970 
f 3463//3966 3471//3969 3469//3969 
f 3464//3966 3465//3965 3462//3965 
f 3460//3963 3467//3968 3458//3962 
f 3455//3960 3461//3964 3453//3959 
f 3450//3956 3452//3958 3448//3955 
f 3445//3953 3451//3957 3443//3952 
f 3440//3949 3442//3951 3438//3948 
f 3434//3945 3441//3950 3432//3944 
f 3429//3940 3436//3947 3430//3942 
f 3423//3938 3431//3943 3425//3939 
f 3416//3934 3412//3933 3414//3933 
f 3410//3930 3413//3932 3411//3932 
f 3406//3929 3403//3928 3404//3928 
f 3402//3927 3397//3925 3400//3925 
f 3396//3924 3393//3923 3394//3923 
f 3392//3922 3384//3917 3390//3921 
f 3386//3918 3390//3921 3384//3917 
f 3382//3915 3388//3920 3380//3914 
f 3376//3911 3383//3916 3374//3910 
f 3372//3908 3378//3913 3370//3907 
f 3367//3905 3373//3909 3365//3904 
f 3362//3901 3364//3903 3360//3900 
f 3356//3897 3363//3902 3354//3896 
f 3349//3892 3359//3899 3351//3893 
f 3346//3889 3352//3894 3347//3890 
f 3338//3885 3334//3884 3336//3884 
f 3330//3882 3335//3883 3333//3883 
f 3328//3880 3325//3879 3326//3879 
f 3324//3878 3319//3876 3322//3876 
f 3318//3875 3315//3874 3316//3874 
f 3314//3873 3306//3868 3312//3872 
f 3308//3869 3312//3872 3306//3868 
f 3304//3866 3310//3871 3302//3865 
f 3299//3863 3305//3867 3297//3862 
f 3295//3861 3296//3860 3293//3860 
f 3288//3857 3289//3856 3286//3856 
f 3285//3855 3292//3859 3283//3854 
f 3278//3851 3279//3850 3276//3850 
f 3273//3846 3282//3853 3274//3848 
f 3267//3844 3275//3849 3269//3845 
f 3258//3838 3264//3842 3259//3839 
f 3256//3837 3251//3835 3254//3835 
f 3250//3834 3246//3833 3248//3833 
f 3244//3830 3247//3832 3245//3832 
f 3240//3829 3237//3828 3238//3828 
f 3236//3827 3230//3824 3229//3824 
f 3230//3824 3231//3823 3228//3823 
f 3227//3822 3233//3826 3225//3821 
f 3220//3818 3221//3817 3218//3817 
f 3216//3815 3223//3820 3214//3814 
f 3211//3812 3217//3816 3209//3811 
f 3206//3808 3208//3810 3204//3807 
f 3200//3804 3207//3809 3198//3803 
f 3195//3799 3203//3806 3196//3801 
f 3188//3796 3197//3802 3190//3797 
o mesh251
f 3501//3986 3495//3987 3497//3988 
f 3497//3988 3502//3989 3501//3986 
f 3501//3986 3503//3990 3496//3991 
f 3503//3990 3504//3992 3490//3993 
f 3490//3993 3491//3994 3503//3990 
f 3491//3994 3496//3991 3503//3990 
f 3505//3995 3487//3996 3486//3997 
f 3486//3997 3504//3992 3505//3995 
f 3506//3998 3482//3999 3483//4000 
f 3507//4001 3480//4002 3482//3999 
f 3482//3999 3506//3998 3507//4001 
f 3483//4000 3505//3995 3506//3998 
f 3508//4003 3476//4004 3475//4005 
f 3475//4005 3507//4001 3508//4003 
f 3509//4006 3470//4007 3474//4008 
f 3510//4009 3469//4010 3470//4007 
f 3470//4007 3509//4006 3510//4009 
f 3474//4008 3508//4003 3509//4006 
f 3511//4011 3465//4012 3464//4013 
f 3464//4013 3510//4009 3511//4011 
f 3468//4014 3511//4011 3512//4015 
f 3513//4016 3459//4017 3458//4018 
f 3458//4018 3512//4015 3513//4016 
f 3512//4015 3458//4018 3468//4014 
f 3513//4016 3514//4019 3453//4020 
f 3514//4019 3454//4021 3453//4020 
f 3515//4022 3516//4023 3450//4024 
f 3457//4025 3514//4019 3515//4022 
f 3516//4023 3452//4026 3450//4024 
f 3450//4024 3457//4025 3515//4022 
f 3516//4023 3517//4027 3443//4028 
f 3517//4027 3444//4029 3443//4028 
f 3518//4030 3519//4031 3440//4032 
f 3447//4033 3517//4027 3518//4030 
f 3519//4031 3442//4034 3440//4032 
f 3440//4032 3447//4033 3518//4030 
f 3519//4031 3520//4035 3432//4036 
f 3520//4035 3433//4037 3432//4036 
f 3521//4038 3522//4039 3430//4040 
f 3437//4041 3520//4035 3521//4038 
f 3522//4039 3426//4042 3430//4040 
f 3430//4040 3437//4041 3521//4038 
f 3522//4039 3523//4043 3427//4044 
f 3523//4043 3424//4045 3425//4046 
f 3524//4047 3525//4048 3421//4049 
f 3424//4045 3523//4043 3524//4047 
f 3421//4049 3424//4045 3524//4047 
f 3526//4050 3420//4051 3419//4052 
f 3419//4052 3525//4048 3526//4050 
f 3527//4053 3412//4054 3416//4055 
f 3528//4056 3411//4057 3412//4054 
f 3412//4054 3527//4053 3528//4056 
f 3416//4055 3526//4050 3527//4053 
f 3529//4058 3408//4059 3407//4060 
f 3407//4060 3528//4056 3529//4058 
f 3530//4061 3403//4062 3406//4063 
f 3531//4064 3402//4065 3403//4062 
f 3403//4062 3530//4061 3531//4064 
f 3406//4063 3529//4058 3530//4061 
f 3532//4066 3398//4067 3397//4068 
f 3397//4068 3531//4064 3532//4066 
f 3533//4069 3393//4070 3396//4071 
f 3534//4072 3392//4073 3393//4070 
f 3393//4070 3533//4069 3534//4072 
f 3396//4071 3532//4066 3533//4069 
f 3535//4074 3385//4075 3384//4076 
f 3384//4076 3534//4072 3535//4074 
f 3389//4077 3535//4074 3536//4078 
f 3537//4079 3381//4080 3380//4081 
f 3380//4081 3536//4078 3537//4079 
f 3536//4078 3380//4081 3389//4077 
f 3537//4079 3538//4082 3374//4083 
f 3538//4082 3375//4084 3374//4083 
f 3539//4085 3540//4086 3370//4087 
f 3379//4088 3538//4082 3539//4085 
f 3540//4086 3371//4089 3370//4087 
f 3370//4087 3379//4088 3539//4085 
f 3540//4086 3541//4090 3365//4091 
f 3541//4090 3366//4092 3365//4091 
f 3542//4093 3543//4094 3362//4095 
f 3369//4096 3541//4090 3542//4093 
f 3543//4094 3364//4097 3362//4095 
f 3362//4095 3369//4096 3542//4093 
f 3543//4094 3544//4098 3354//4099 
f 3544//4098 3355//4100 3354//4099 
f 3545//4101 3546//4102 3351//4103 
f 3358//4104 3544//4098 3545//4101 
f 3546//4102 3350//4105 3351//4103 
f 3351//4103 3358//4104 3545//4101 
f 3546//4102 3547//4106 3353//4107 
f 3547//4106 3345//4108 3347//4109 
f 3548//4110 3549//4111 3344//4112 
f 3345//4108 3547//4106 3548//4110 
f 3344//4112 3345//4108 3548//4110 
f 3550//4113 3340//4114 3339//4115 
f 3339//4115 3549//4111 3550//4113 
f 3551//4116 3334//4117 3338//4118 
f 3552//4119 3333//4120 3334//4117 
f 3334//4117 3551//4116 3552//4119 
f 3338//4118 3550//4113 3551//4116 
f 3553//4121 3332//4122 3331//4123 
f 3331//4123 3552//4119 3553//4121 
f 3554//4124 3325//4125 3328//4126 
f 3555//4127 3324//4128 3325//4125 
f 3325//4125 3554//4124 3555//4127 
f 3328//4126 3553//4121 3554//4124 
f 3556//4129 3320//4130 3319//4131 
f 3319//4131 3555//4127 3556//4129 
f 3557//4132 3315//4133 3318//4134 
f 3558//4135 3314//4136 3315//4133 
f 3315//4133 3557//4132 3558//4135 
f 3318//4134 3556//4129 3557//4132 
f 3559//4137 3307//4138 3306//4139 
f 3306//4139 3558//4135 3559//4137 
f 3311//4140 3559//4137 3560//4141 
f 3561//4142 3303//4143 3302//4144 
f 3302//4144 3560//4141 3561//4142 
f 3560//4141 3302//4144 3311//4140 
f 3561//4142 3562//4145 3297//4146 
f 3562//4145 3298//4147 3297//4146 
f 3563//4148 3564//4149 3295//4150 
f 3301//4151 3562//4145 3563//4148 
f 3564//4149 3296//4152 3295//4150 
f 3295//4150 3301//4151 3563//4148 
f 3564//4149 3565//4153 3288//4154 
f 3565//4153 3289//4155 3288//4154 
f 3566//4156 3567//4157 3283//4158 
f 3291//4159 3565//4153 3566//4156 
f 3567//4157 3284//4160 3283//4158 
f 3283//4158 3291//4159 3566//4156 
f 3567//4157 3568//4161 3278//4162 
f 3568//4161 3279//4163 3278//4162 
f 3569//4164 3570//4165 3274//4166 
f 3281//4167 3568//4161 3569//4164 
f 3570//4165 3270//4168 3274//4166 
f 3274//4166 3281//4167 3569//4164 
f 3570//4165 3571//4169 3271//4170 
f 3571//4169 3268//4171 3269//4172 
f 3572//4173 3573//4174 3266//4175 
f 3268//4171 3571//4169 3572//4173 
f 3266//4175 3268//4171 3572//4173 
f 3574//4176 3263//4177 3262//4178 
f 3262//4178 3573//4174 3574//4176 
f 3575//4179 3257//4180 3259//4181 
f 3576//4182 3256//4183 3257//4180 
f 3257//4180 3575//4179 3576//4182 
f 3259//4181 3574//4176 3575//4179 
f 3577//4184 3252//4185 3251//4186 
f 3251//4186 3576//4182 3577//4184 
f 3578//4187 3246//4188 3250//4189 
f 3579//4190 3245//4191 3246//4188 
f 3246//4188 3578//4187 3579//4190 
f 3250//4189 3577//4184 3578//4187 
f 3580//4192 3242//4193 3241//4194 
f 3241//4194 3579//4190 3580//4192 
f 3581//4195 3237//4196 3240//4197 
f 3582//4198 3236//4199 3237//4196 
f 3237//4196 3581//4195 3582//4198 
f 3240//4197 3580//4192 3581//4195 
f 3583//4200 3231//4201 3230//4202 
f 3230//4202 3582//4198 3583//4200 
f 3234//4203 3583//4200 3584//4204 
f 3585//4205 3226//4206 3225//4207 
f 3225//4207 3584//4204 3585//4205 
f 3584//4204 3225//4207 3234//4203 
f 3585//4205 3586//4208 3220//4209 
f 3586//4208 3221//4210 3220//4209 
f 3587//4211 3588//4212 3214//4213 
f 3224//4214 3586//4208 3587//4211 
f 3588//4212 3215//4215 3214//4213 
f 3214//4213 3224//4214 3587//4211 
f 3588//4212 3589//4216 3209//4217 
f 3589//4216 3210//4218 3209//4217 
f 3590//4219 3591//4220 3206//4221 
f 3213//4222 3589//4216 3590//4219 
f 3591//4220 3208//4223 3206//4221 
f 3206//4221 3213//4222 3590//4219 
f 3591//4220 3592//4224 3198//4225 
f 3592//4224 3199//4226 3198//4225 
f 3593//4227 3594//4228 3196//4229 
f 3202//4230 3592//4224 3593//4227 
f 3594//4228 3192//4231 3196//4229 
f 3196//4229 3202//4230 3593//4227 
f 3594//4228 3595//4232 3193//4233 
f 3595//4232 3189//4234 3190//4235 
f 3596//4236 3597//4237 3191//4238 
f 3189//4234 3595//4232 3596//4236 
f 3191//4238 3189//4234 3596//4236 
f 3190//4235 3193//4233 3595//4232 
f 3193//4233 3192//4231 3594//4228 
f 3202//4230 3199//4226 3592//4224 
f 3198//4225 3208//4223 3591//4220 
f 3213//4222 3210//4218 3589//4216 
f 3209//4217 3215//4215 3588//4212 
f 3224//4214 3221//4210 3586//4208 
f 3220//4209 3226//4206 3585//4205 
f 3234//4203 3231//4201 3583//4200 
f 3230//4202 3236//4199 3582//4198 
f 3240//4197 3242//4193 3580//4192 
f 3241//4194 3245//4191 3579//4190 
f 3250//4189 3252//4185 3577//4184 
f 3251//4186 3256//4183 3576//4182 
f 3259//4181 3263//4177 3574//4176 
f 3262//4178 3266//4175 3573//4174 
f 3269//4172 3271//4170 3571//4169 
f 3271//4170 3270//4168 3570//4165 
f 3281//4167 3279//4163 3568//4161 
f 3278//4162 3284//4160 3567//4157 
f 3291//4159 3289//4155 3565//4153 
f 3288//4154 3296//4152 3564//4149 
f 3301//4151 3298//4147 3562//4145 
f 3297//4146 3303//4143 3561//4142 
f 3311//4140 3307//4138 3559//4137 
f 3306//4139 3314//4136 3558//4135 
f 3318//4134 3320//4130 3556//4129 
f 3319//4131 3324//4128 3555//4127 
f 3328//4126 3332//4122 3553//4121 
f 3331//4123 3333//4120 3552//4119 
f 3338//4118 3340//4114 3550//4113 
f 3339//4115 3344//4112 3549//4111 
f 3347//4109 3353//4107 3547//4106 
f 3353//4107 3350//4105 3546//4102 
f 3358//4104 3355//4100 3544//4098 
f 3354//4099 3364//4097 3543//4094 
f 3369//4096 3366//4092 3541//4090 
f 3365//4091 3371//4089 3540//4086 
f 3379//4088 3375//4084 3538//4082 
f 3374//4083 3381//4080 3537//4079 
f 3389//4077 3385//4075 3535//4074 
f 3384//4076 3392//4073 3534//4072 
f 3396//4071 3398//4067 3532//4066 
f 3397//4068 3402//4065 3531//4064 
f 3406//4063 3408//4059 3529//4058 
f 3407//4060 3411//4057 3528//4056 
f 3416//4055 3420//4051 3526//4050 
f 3419//4052 3421//4049 3525//4048 
f 3425//4046 3427//4044 3523//4043 
f 3427//4044 3426//4042 3522//4039 
f 3437//4041 3433//4037 3520//4035 
f 3432//4036 3442//4034 3519//4031 
f 3447//4033 3444//4029 3517//4027 
f 3443//4028 3452//4026 3516//4023 
f 3457//4025 3454//4021 3514//4019 
f 3453//4020 3459//4017 3513//4016 
f 3468//4014 3465//4012 3511//4011 
f 3464//4013 3469//4010 3510//4009 
f 3474//4008 3476//4004 3508//4003 
f 3475//4005 3480//4002 3507//4001 
f 3483//4000 3487//3996 3505//3995 
f 3486//3997 3490//3993 3504//3992 
f 3496//3991 3495//3987 3501//3986 
f 3497//3988 3500//4238 3502//3989 
o mesh252
f 3598//4239 3501//4240 3502//4241 
f 3598//4239 3599//4242 3503//4243 
f 3600//4244 3504//4245 3503//4243 
f 3503//4243 3599//4242 3600//4244 
f 3601//4246 3505//4247 3504//4245 
f 3601//4246 3602//4248 3506//4249 
f 3603//4250 3507//4251 3506//4249 
f 3506//4249 3602//4248 3603//4250 
f 3604//4252 3508//4253 3507//4251 
f 3604//4252 3605//4254 3509//4255 
f 3606//4256 3510//4257 3509//4255 
f 3509//4255 3605//4254 3606//4256 
f 3607//4258 3511//4259 3510//4257 
f 3607//4258 3608//4260 3512//4261 
f 3609//4262 3513//4263 3512//4261 
f 3512//4261 3608//4260 3609//4262 
f 3610//4264 3514//4265 3513//4263 
f 3610//4264 3611//4266 3515//4267 
f 3612//4268 3516//4269 3515//4267 
f 3515//4267 3611//4266 3612//4268 
f 3613//4270 3517//4271 3516//4269 
f 3613//4270 3614//4272 3518//4273 
f 3615//4274 3519//4275 3518//4273 
f 3518//4273 3614//4272 3615//4274 
f 3616//4276 3520//4277 3519//4275 
f 3616//4276 3617//4278 3521//4279 
f 3618//4280 3522//4281 3521//4279 
f 3521//4279 3617//4278 3618//4280 
f 3619//4282 3523//4283 3522//4281 
f 3619//4282 3620//4284 3524//4285 
f 3621//4286 3525//4287 3524//4285 
f 3524//4285 3620//4284 3621//4286 
f 3622//4288 3526//4289 3525//4287 
f 3622//4288 3623//4290 3527//4291 
f 3624//4292 3528//4293 3527//4291 
f 3527//4291 3623//4290 3624//4292 
f 3625//4294 3529//4295 3528//4293 
f 3625//4294 3626//4296 3530//4297 
f 3627//4298 3531//4299 3530//4297 
f 3530//4297 3626//4296 3627//4298 
f 3628//4300 3532//4301 3531//4299 
f 3628//4300 3629//4302 3533//4303 
f 3630//4304 3534//4305 3533//4303 
f 3533//4303 3629//4302 3630//4304 
f 3631//4306 3535//4307 3534//4305 
f 3631//4306 3632//4308 3536//4309 
f 3633//4310 3537//4311 3536//4309 
f 3536//4309 3632//4308 3633//4310 
f 3634//4312 3538//4313 3537//4311 
f 3634//4312 3635//4314 3539//4315 
f 3636//4316 3540//4317 3539//4315 
f 3539//4315 3635//4314 3636//4316 
f 3637//4318 3541//4319 3540//4317 
f 3637//4318 3638//4320 3542//4321 
f 3639//4322 3543//4323 3542//4321 
f 3542//4321 3638//4320 3639//4322 
f 3640//4324 3544//4325 3543//4323 
f 3640//4324 3641//4326 3545//4327 
f 3642//4328 3546//4329 3545//4327 
f 3545//4327 3641//4326 3642//4328 
f 3643//4330 3547//4331 3546//4329 
f 3643//4330 3644//4332 3548//4333 
f 3645//4334 3549//4335 3548//4333 
f 3548//4333 3644//4332 3645//4334 
f 3646//4336 3550//4337 3549//4335 
f 3646//4336 3647//4338 3551//4339 
f 3648//4340 3552//4341 3551//4339 
f 3551//4339 3647//4338 3648//4340 
f 3649//4342 3553//4343 3552//4341 
f 3649//4342 3650//4344 3554//4345 
f 3651//4346 3555//4347 3554//4345 
f 3554//4345 3650//4344 3651//4346 
f 3652//4348 3556//4349 3555//4347 
f 3652//4348 3653//4350 3557//4351 
f 3654//4352 3558//4353 3557//4351 
f 3557//4351 3653//4350 3654//4352 
f 3655//4354 3559//4355 3558//4353 
f 3655//4354 3656//4356 3560//4357 
f 3657//4358 3561//4359 3560//4357 
f 3560//4357 3656//4356 3657//4358 
f 3658//4360 3562//4361 3561//4359 
f 3658//4360 3659//4362 3563//4363 
f 3660//4364 3564//4365 3563//4363 
f 3563//4363 3659//4362 3660//4364 
f 3661//4366 3565//4367 3564//4365 
f 3661//4366 3662//4368 3566//4369 
f 3663//4370 3567//4371 3566//4369 
f 3566//4369 3662//4368 3663//4370 
f 3664//4372 3568//4373 3567//4371 
f 3664//4372 3665//4374 3569//4375 
f 3666//4376 3570//4377 3569//4375 
f 3569//4375 3665//4374 3666//4376 
f 3667//4378 3571//4379 3570//4377 
f 3667//4378 3668//4380 3572//4381 
f 3669//4382 3573//4383 3572//4381 
f 3572//4381 3668//4380 3669//4382 
f 3670//4384 3574//4385 3573//4383 
f 3670//4384 3671//4386 3575//4387 
f 3672//4388 3576//4389 3575//4387 
f 3575//4387 3671//4386 3672//4388 
f 3673//4390 3577//4391 3576//4389 
f 3673//4390 3674//4392 3578//4393 
f 3675//4394 3579//4395 3578//4393 
f 3578//4393 3674//4392 3675//4394 
f 3676//4396 3580//4397 3579//4395 
f 3676//4396 3677//4398 3581//4399 
f 3678//4400 3582//4401 3581//4399 
f 3581//4399 3677//4398 3678//4400 
f 3679//4402 3583//4403 3582//4401 
f 3679//4402 3680//4404 3584//4405 
f 3681//4406 3585//4407 3584//4405 
f 3584//4405 3680//4404 3681//4406 
f 3682//4408 3586//4409 3585//4407 
f 3682//4408 3683//4410 3587//4411 
f 3684//4412 3588//4413 3587//4411 
f 3587//4411 3683//4410 3684//4412 
f 3685//4414 3589//4415 3588//4413 
f 3685//4414 3686//4416 3590//4417 
f 3687//4418 3591//4419 3590//4417 
f 3590//4417 3686//4416 3687//4418 
f 3688//4420 3592//4421 3591//4419 
f 3688//4420 3689//4422 3593//4423 
f 3690//4424 3594//4425 3593//4423 
f 3593//4423 3689//4422 3690//4424 
f 3691//4426 3595//4427 3594//4425 
f 3691//4426 3692//4428 3596//4429 
f 3693//4430 3597//4431 3596//4429 
f 3596//4429 3692//4428 3693//4430 
f 3596//4429 3595//4427 3691//4426 
f 3594//4425 3690//4424 3691//4426 
f 3593//4423 3592//4421 3688//4420 
f 3591//4419 3687//4418 3688//4420 
f 3590//4417 3589//4415 3685//4414 
f 3588//4413 3684//4412 3685//4414 
f 3587//4411 3586//4409 3682//4408 
f 3585//4407 3681//4406 3682//4408 
f 3584//4405 3583//4403 3679//4402 
f 3582//4401 3678//4400 3679//4402 
f 3581//4399 3580//4397 3676//4396 
f 3579//4395 3675//4394 3676//4396 
f 3578//4393 3577//4391 3673//4390 
f 3576//4389 3672//4388 3673//4390 
f 3575//4387 3574//4385 3670//4384 
f 3573//4383 3669//4382 3670//4384 
f 3572//4381 3571//4379 3667//4378 
f 3570//4377 3666//4376 3667//4378 
f 3569//4375 3568//4373 3664//4372 
f 3567//4371 3663//4370 3664//4372 
f 3566//4369 3565//4367 3661//4366 
f 3564//4365 3660//4364 3661//4366 
f 3563//4363 3562//4361 3658//4360 
f 3561//4359 3657//4358 3658//4360 
f 3560//4357 3559//4355 3655//4354 
f 3558//4353 3654//4352 3655//4354 
f 3557//4351 3556//4349 3652//4348 
f 3555//4347 3651//4346 3652//4348 
f 3554//4345 3553//4343 3649//4342 
f 3552//4341 3648//4340 3649//4342 
f 3551//4339 3550//4337 3646//4336 
f 3549//4335 3645//4334 3646//4336 
f 3548//4333 3547//4331 3643//4330 
f 3546//4329 3642//4328 3643//4330 
f 3545//4327 3544//4325 3640//4324 
f 3543//4323 3639//4322 3640//4324 
f 3542//4321 3541//4319 3637//4318 
f 3540//4317 3636//4316 3637//4318 
f 3539//4315 3538//4313 3634//4312 
f 3537//4311 3633//4310 3634//4312 
f 3536//4309 3535//4307 3631//4306 
f 3534//4305 3630//4304 3631//4306 
f 3533//4303 3532//4301 3628//4300 
f 3531//4299 3627//4298 3628//4300 
f 3530//4297 3529//4295 3625//4294 
f 3528//4293 3624//4292 3625//4294 
f 3527//4291 3526//4289 3622//4288 
f 3525//4287 3621//4286 3622//4288 
f 3524//4285 3523//4283 3619//4282 
f 3522//4281 3618//4280 3619//4282 
f 3521//4279 3520//4277 3616//4276 
f 3519//4275 3615//4274 3616//4276 
f 3518//4273 3517//4271 3613//4270 
f 3516//4269 3612//4268 3613//4270 
f 3515//4267 3514//4265 3610//4264 
f 3513//4263 3609//4262 3610//4264 
f 3512//4261 3511//4259 3607//4258 
f 3510//4257 3606//4256 3607//4258 
f 3509//4255 3508//4253 3604//4252 
f 3507//4251 3603//4250 3604//4252 
f 3506//4249 3505//4247 3601//4246 
f 3504//4245 3600//4244 3601//4246 
f 3503//4243 3501//4240 3598//4239 
f 3502//4241 3694//4430 3598//4239 
o mesh253
f 3695//4432 3696//4433 3598//4434 
f 3694//4435 3697//4436 3695//4432 
f 3696//4433 3698//4437 3599//4438 
f 3699//4439 3700//4440 3600//4441 
f 3599//4438 3698//4437 3699//4439 
f 3600//4441 3599//4438 3699//4439 
f 3601//4442 3600//4441 3701//4443 
f 3600//4441 3700//4440 3701//4443 
f 3702//4444 3703//4445 3602//4446 
f 3603//4447 3602//4446 3704//4448 
f 3602//4446 3703//4445 3704//4448 
f 3704//4448 3705//4449 3603//4447 
f 3604//4450 3603//4447 3706//4451 
f 3603//4447 3705//4449 3706//4451 
f 3707//4452 3708//4453 3605//4454 
f 3606//4455 3605//4454 3709//4456 
f 3605//4454 3708//4453 3709//4456 
f 3709//4456 3710//4457 3606//4455 
f 3607//4458 3606//4455 3711//4459 
f 3606//4455 3710//4457 3711//4459 
f 3712//4460 3713//4461 3608//4462 
f 3608//4462 3713//4461 3714//4463 
f 3714//4463 3609//4464 3608//4462 
f 3714//4463 3715//4465 3609//4464 
f 3609//4464 3715//4465 3716//4466 
f 3716//4466 3610//4467 3609//4464 
f 3717//4468 3718//4469 3611//4470 
f 3611//4470 3718//4469 3719//4471 
f 3719//4471 3612//4472 3611//4470 
f 3719//4471 3720//4473 3612//4472 
f 3612//4472 3720//4473 3721//4474 
f 3721//4474 3613//4475 3612//4472 
f 3722//4476 3723//4477 3614//4478 
f 3724//4479 3615//4480 3614//4478 
f 3614//4478 3723//4477 3724//4479 
f 3724//4479 3725//4481 3615//4480 
f 3726//4482 3616//4483 3615//4480 
f 3615//4480 3725//4481 3726//4482 
f 3727//4484 3728//4485 3617//4486 
f 3729//4487 3618//4488 3617//4486 
f 3617//4486 3728//4485 3729//4487 
f 3729//4487 3730//4489 3618//4488 
f 3731//4490 3619//4491 3618//4488 
f 3620//4492 3619//4491 3731//4490 
f 3731//4490 3732//4493 3620//4492 
f 3733//4494 3621//4495 3620//4492 
f 3620//4492 3734//4496 3733//4494 
f 3735//4497 3736//4498 3622//4499 
f 3621//4495 3733//4494 3735//4497 
f 3736//4498 3737//4500 3623//4501 
f 3738//4502 3739//4503 3624//4504 
f 3623//4501 3737//4500 3738//4502 
f 3624//4504 3623//4501 3738//4502 
f 3625//4505 3624//4504 3740//4506 
f 3624//4504 3739//4503 3740//4506 
f 3741//4507 3742//4508 3626//4509 
f 3627//4510 3626//4509 3743//4511 
f 3626//4509 3742//4508 3743//4511 
f 3743//4511 3744//4512 3627//4510 
f 3628//4513 3627//4510 3745//4514 
f 3627//4510 3744//4512 3745//4514 
f 3746//4515 3747//4516 3629//4517 
f 3630//4518 3629//4517 3748//4519 
f 3629//4517 3747//4516 3748//4519 
f 3748//4519 3749//4520 3630//4518 
f 3631//4521 3630//4518 3750//4522 
f 3630//4518 3749//4520 3750//4522 
f 3751//4523 3752//4524 3632//4525 
f 3632//4525 3752//4524 3753//4526 
f 3753//4526 3633//4527 3632//4525 
f 3753//4526 3754//4528 3633//4527 
f 3633//4527 3754//4528 3755//4529 
f 3755//4529 3634//4530 3633//4527 
f 3756//4531 3757//4532 3635//4533 
f 3635//4533 3757//4532 3758//4534 
f 3758//4534 3636//4535 3635//4533 
f 3758//4534 3759//4536 3636//4535 
f 3636//4535 3759//4536 3760//4537 
f 3760//4537 3637//4538 3636//4535 
f 3761//4539 3762//4540 3638//4541 
f 3763//4542 3639//4543 3638//4541 
f 3638//4541 3762//4540 3763//4542 
f 3763//4542 3764//4544 3639//4543 
f 3765//4545 3640//4546 3639//4543 
f 3639//4543 3764//4544 3765//4545 
f 3766//4547 3767//4548 3641//4549 
f 3768//4550 3642//4551 3641//4549 
f 3641//4549 3767//4548 3768//4550 
f 3768//4550 3769//4552 3642//4551 
f 3770//4553 3643//4554 3642//4551 
f 3644//4555 3643//4554 3770//4553 
f 3770//4553 3771//4556 3644//4555 
f 3772//4557 3645//4558 3644//4555 
f 3644//4555 3773//4559 3772//4557 
f 3774//4560 3775//4561 3646//4562 
f 3645//4558 3772//4557 3774//4560 
f 3775//4561 3776//4563 3647//4564 
f 3777//4565 3778//4566 3648//4567 
f 3647//4564 3776//4563 3777//4565 
f 3648//4567 3647//4564 3777//4565 
f 3649//4568 3648//4567 3779//4569 
f 3648//4567 3778//4566 3779//4569 
f 3780//4570 3781//4571 3650//4572 
f 3651//4573 3650//4572 3782//4574 
f 3650//4572 3781//4571 3782//4574 
f 3782//4574 3783//4575 3651//4573 
f 3652//4576 3651//4573 3784//4577 
f 3651//4573 3783//4575 3784//4577 
f 3785//4578 3786//4579 3653//4580 
f 3654//4581 3653//4580 3787//4582 
f 3653//4580 3786//4579 3787//4582 
f 3787//4582 3788//4583 3654//4581 
f 3655//4584 3654//4581 3789//4585 
f 3654//4581 3788//4583 3789//4585 
f 3790//4586 3791//4587 3656//4588 
f 3656//4588 3791//4587 3792//4589 
f 3792//4589 3657//4590 3656//4588 
f 3792//4589 3793//4591 3657//4590 
f 3657//4590 3793//4591 3794//4592 
f 3794//4592 3658//4593 3657//4590 
f 3795//4594 3796//4595 3659//4596 
f 3659//4596 3796//4595 3797//4597 
f 3797//4597 3660//4598 3659//4596 
f 3797//4597 3798//4599 3660//4598 
f 3660//4598 3798//4599 3799//4600 
f 3799//4600 3661//4601 3660//4598 
f 3800//4602 3801//4603 3662//4604 
f 3802//4605 3663//4606 3662//4604 
f 3662//4604 3801//4603 3802//4605 
f 3802//4605 3803//4607 3663//4606 
f 3804//4608 3664//4609 3663//4606 
f 3663//4606 3803//4607 3804//4608 
f 3805//4610 3806//4611 3665//4612 
f 3807//4613 3666//4614 3665//4612 
f 3665//4612 3806//4611 3807//4613 
f 3807//4613 3808//4615 3666//4614 
f 3809//4616 3667//4617 3666//4614 
f 3668//4618 3667//4617 3809//4616 
f 3809//4616 3810//4619 3668//4618 
f 3811//4620 3669//4621 3668//4618 
f 3668//4618 3812//4622 3811//4620 
f 3813//4623 3814//4624 3670//4625 
f 3669//4621 3811//4620 3813//4623 
f 3814//4624 3815//4626 3671//4627 
f 3816//4628 3817//4629 3672//4630 
f 3671//4627 3815//4626 3816//4628 
f 3672//4630 3671//4627 3816//4628 
f 3673//4631 3672//4630 3818//4632 
f 3672//4630 3817//4629 3818//4632 
f 3819//4633 3820//4634 3674//4635 
f 3675//4636 3674//4635 3821//4637 
f 3674//4635 3820//4634 3821//4637 
f 3821//4637 3822//4638 3675//4636 
f 3676//4639 3675//4636 3823//4640 
f 3675//4636 3822//4638 3823//4640 
f 3824//4641 3825//4642 3677//4643 
f 3678//4644 3677//4643 3826//4645 
f 3677//4643 3825//4642 3826//4645 
f 3826//4645 3827//4646 3678//4644 
f 3679//4647 3678//4644 3828//4648 
f 3678//4644 3827//4646 3828//4648 
f 3829//4649 3830//4650 3680//4651 
f 3680//4651 3830//4650 3831//4652 
f 3831//4652 3681//4653 3680//4651 
f 3831//4652 3832//4654 3681//4653 
f 3681//4653 3832//4654 3833//4655 
f 3833//4655 3682//4656 3681//4653 
f 3834//4657 3835//4658 3683//4659 
f 3683//4659 3835//4658 3836//4660 
f 3836//4660 3684//4661 3683//4659 
f 3836//4660 3837//4662 3684//4661 
f 3684//4661 3837//4662 3838//4663 
f 3838//4663 3685//4664 3684//4661 
f 3839//4665 3840//4666 3686//4667 
f 3841//4668 3687//4669 3686//4667 
f 3686//4667 3840//4666 3841//4668 
f 3841//4668 3842//4670 3687//4669 
f 3843//4671 3688//4672 3687//4669 
f 3687//4669 3842//4670 3843//4671 
f 3844//4673 3845//4674 3689//4675 
f 3846//4676 3690//4677 3689//4675 
f 3689//4675 3845//4674 3846//4676 
f 3846//4676 3847//4678 3690//4677 
f 3848//4679 3691//4680 3690//4677 
f 3692//4681 3691//4680 3848//4679 
f 3848//4679 3849//4682 3692//4681 
f 3850//4683 3693//4684 3692//4681 
f 3692//4681 3851//4685 3850//4683 
f 3849//4682 3851//4685 3692//4681 
f 3690//4677 3847//4678 3848//4679 
f 3689//4675 3688//4672 3844//4673 
f 3843//4671 3844//4673 3688//4672 
f 3686//4667 3685//4664 3839//4665 
f 3838//4663 3839//4665 3685//4664 
f 3683//4659 3682//4656 3834//4657 
f 3833//4655 3834//4657 3682//4656 
f 3680//4651 3679//4647 3829//4649 
f 3828//4648 3829//4649 3679//4647 
f 3677//4643 3676//4639 3824//4641 
f 3823//4640 3824//4641 3676//4639 
f 3674//4635 3673//4631 3819//4633 
f 3818//4632 3819//4633 3673//4631 
f 3671//4627 3670//4625 3814//4624 
f 3670//4625 3669//4621 3813//4623 
f 3810//4619 3812//4622 3668//4618 
f 3666//4614 3808//4615 3809//4616 
f 3665//4612 3664//4609 3805//4610 
f 3804//4608 3805//4610 3664//4609 
f 3662//4604 3661//4601 3800//4602 
f 3799//4600 3800//4602 3661//4601 
f 3659//4596 3658//4593 3795//4594 
f 3794//4592 3795//4594 3658//4593 
f 3656//4588 3655//4584 3790//4586 
f 3789//4585 3790//4586 3655//4584 
f 3653//4580 3652//4576 3785//4578 
f 3784//4577 3785//4578 3652//4576 
f 3650//4572 3649//4568 3780//4570 
f 3779//4569 3780//4570 3649//4568 
f 3647//4564 3646//4562 3775//4561 
f 3646//4562 3645//4558 3774//4560 
f 3771//4556 3773//4559 3644//4555 
f 3642//4551 3769//4552 3770//4553 
f 3641//4549 3640//4546 3766//4547 
f 3765//4545 3766//4547 3640//4546 
f 3638//4541 3637//4538 3761//4539 
f 3760//4537 3761//4539 3637//4538 
f 3635//4533 3634//4530 3756//4531 
f 3755//4529 3756//4531 3634//4530 
f 3632//4525 3631//4521 3751//4523 
f 3750//4522 3751//4523 3631//4521 
f 3629//4517 3628//4513 3746//4515 
f 3745//4514 3746//4515 3628//4513 
f 3626//4509 3625//4505 3741//4507 
f 3740//4506 3741//4507 3625//4505 
f 3623//4501 3622//4499 3736//4498 
f 3622//4499 3621//4495 3735//4497 
f 3732//4493 3734//4496 3620//4492 
f 3618//4488 3730//4489 3731//4490 
f 3617//4486 3616//4483 3727//4484 
f 3726//4482 3727//4484 3616//4483 
f 3614//4478 3613//4475 3722//4476 
f 3721//4474 3722//4476 3613//4475 
f 3611//4470 3610//4467 3717//4468 
f 3716//4466 3717//4468 3610//4467 
f 3608//4462 3607//4458 3712//4460 
f 3711//4459 3712//4460 3607//4458 
f 3605//4454 3604//4450 3707//4452 
f 3706//4451 3707//4452 3604//4450 
f 3602//4446 3601//4442 3702//4444 
f 3701//4443 3702//4444 3601//4442 
f 3599//4438 3598//4434 3696//4433 
f 3598//4434 3694//4435 3695//4432 
o mesh254
f 3851//4686 3852//4686 3853//4687 
f 3852//4686 3851//4686 3849//4688 
f 3849//4688 3854//4688 3852//4686 
f 3855//4689 3848//4689 3847//4690 
f 3848//4689 3855//4689 3854//4688 
f 3854//4688 3849//4688 3848//4689 
f 3846//4691 3856//4691 3857//4690 
f 3857//4690 3847//4690 3846//4691 
f 3856//4691 3846//4691 3845//4692 
f 3858//4693 3844//4693 3843//4694 
f 3844//4693 3858//4693 3859//4695 
f 3859//4695 3845//4692 3844//4693 
f 3843//4694 3860//4694 3858//4693 
f 3842//4696 3861//4696 3860//4694 
f 3861//4696 3842//4696 3841//4697 
f 3841//4697 3862//4697 3861//4696 
f 3840//4698 3863//4698 3862//4697 
f 3864//4699 3839//4699 3838//4700 
f 3863//4698 3840//4698 3839//4699 
f 3839//4699 3864//4699 3863//4698 
f 3838//4700 3865//4700 3864//4699 
f 3837//4701 3866//4701 3865//4700 
f 3866//4701 3837//4701 3836//4702 
f 3836//4702 3867//4702 3866//4701 
f 3835//4703 3868//4703 3867//4702 
f 3869//4704 3834//4704 3833//4705 
f 3868//4703 3835//4703 3834//4704 
f 3834//4704 3869//4704 3868//4703 
f 3833//4705 3870//4705 3869//4704 
f 3832//4706 3871//4706 3870//4705 
f 3871//4706 3832//4706 3831//4707 
f 3831//4707 3872//4707 3871//4706 
f 3830//4708 3873//4708 3872//4707 
f 3874//4709 3829//4709 3828//4710 
f 3829//4709 3874//4709 3873//4708 
f 3873//4708 3830//4708 3829//4709 
f 3828//4710 3875//4710 3874//4709 
f 3876//4711 3827//4711 3826//4712 
f 3827//4711 3876//4711 3875//4710 
f 3875//4710 3828//4710 3827//4711 
f 3877//4713 3824//4713 3823//4714 
f 3824//4713 3877//4713 3878//4715 
f 3878//4715 3825//4715 3824//4713 
f 3825//4715 3878//4715 3879//4716 
f 3879//4716 3826//4712 3825//4715 
f 3880//4717 3822//4717 3821//4718 
f 3822//4717 3880//4717 3881//4719 
f 3881//4719 3823//4714 3822//4717 
f 3882//4720 3819//4720 3818//4721 
f 3819//4720 3882//4720 3883//4722 
f 3883//4722 3820//4722 3819//4720 
f 3820//4722 3883//4722 3884//4723 
f 3884//4723 3821//4718 3820//4722 
f 3885//4724 3817//4724 3816//4725 
f 3817//4724 3885//4724 3886//4726 
f 3886//4726 3818//4721 3817//4724 
f 3887//4727 3814//4727 3813//4728 
f 3814//4727 3887//4727 3888//4729 
f 3888//4729 3815//4729 3814//4727 
f 3815//4729 3888//4729 3889//4730 
f 3889//4730 3816//4725 3815//4729 
f 3812//4731 3890//4731 3891//4732 
f 3811//4732 3891//4732 3892//4733 
f 3892//4733 3813//4728 3811//4732 
f 3890//4731 3812//4731 3810//4734 
f 3810//4734 3893//4734 3890//4731 
f 3894//4735 3809//4735 3808//4736 
f 3809//4735 3894//4735 3893//4734 
f 3893//4734 3810//4734 3809//4735 
f 3895//4736 3808//4736 3807//4737 
f 3807//4737 3896//4737 3895//4736 
f 3806//4738 3897//4738 3896//4737 
f 3898//4739 3805//4739 3804//4740 
f 3805//4739 3898//4739 3897//4738 
f 3897//4738 3806//4738 3805//4739 
f 3804//4740 3899//4740 3898//4739 
f 3803//4741 3900//4741 3899//4740 
f 3900//4741 3803//4741 3802//4742 
f 3802//4742 3901//4742 3900//4741 
f 3801//4743 3902//4743 3901//4742 
f 3903//4744 3800//4744 3799//4745 
f 3902//4743 3801//4743 3800//4744 
f 3800//4744 3903//4744 3902//4743 
f 3799//4745 3904//4745 3903//4744 
f 3798//4746 3905//4746 3904//4745 
f 3797//4747 3906//4747 3905//4746 
f 3905//4746 3798//4746 3797//4747 
f 3796//4748 3907//4748 3906//4747 
f 3908//4749 3795//4749 3794//4750 
f 3795//4749 3908//4749 3907//4748 
f 3907//4748 3796//4748 3795//4749 
f 3794//4750 3909//4750 3908//4749 
f 3793//4751 3910//4751 3909//4750 
f 3910//4751 3793//4751 3792//4752 
f 3792//4752 3911//4752 3910//4751 
f 3791//4753 3912//4753 3911//4752 
f 3789//4754 3913//4754 3914//4755 
f 3912//4753 3791//4753 3790//4755 
f 3790//4755 3914//4755 3912//4753 
f 3914//4755 3790//4755 3789//4754 
f 3915//4756 3788//4756 3787//4757 
f 3788//4756 3915//4756 3913//4754 
f 3913//4754 3789//4754 3788//4756 
f 3916//4758 3785//4758 3784//4759 
f 3917//4760 3786//4760 3785//4758 
f 3785//4758 3916//4758 3917//4760 
f 3786//4760 3917//4760 3918//4761 
f 3918//4761 3787//4757 3786//4760 
f 3919//4762 3783//4762 3782//4763 
f 3783//4762 3919//4762 3920//4764 
f 3920//4764 3784//4759 3783//4762 
f 3921//4765 3780//4765 3779//4766 
f 3922//4767 3781//4767 3780//4765 
f 3780//4765 3921//4765 3922//4767 
f 3781//4767 3922//4767 3923//4768 
f 3923//4768 3782//4763 3781//4767 
f 3924//4769 3778//4769 3777//4770 
f 3778//4769 3924//4769 3925//4771 
f 3925//4771 3779//4766 3778//4769 
f 3926//4772 3775//4772 3774//4773 
f 3775//4772 3926//4772 3927//4774 
f 3927//4774 3776//4774 3775//4772 
f 3776//4774 3927//4774 3928//4775 
f 3928//4775 3777//4770 3776//4774 
f 3773//4776 3929//4776 3930//4777 
f 3772//4777 3930//4777 3931//4778 
f 3931//4778 3774//4773 3772//4777 
f 3929//4776 3773//4776 3771//4779 
f 3771//4779 3932//4779 3929//4776 
f 3933//4780 3770//4780 3769//4781 
f 3932//4779 3771//4779 3770//4780 
f 3770//4780 3933//4780 3932//4779 
f 3934//4781 3769//4781 3768//4782 
f 3768//4782 3935//4782 3934//4781 
f 3767//4783 3936//4783 3935//4782 
f 3937//4784 3766//4784 3765//4785 
f 3766//4784 3937//4784 3936//4783 
f 3936//4783 3767//4783 3766//4784 
f 3765//4785 3938//4785 3937//4784 
f 3764//4786 3939//4786 3938//4785 
f 3939//4786 3764//4786 3763//4787 
f 3763//4787 3940//4787 3939//4786 
f 3940//4787 3763//4787 3762//4788 
f 3941//4789 3761//4789 3760//4790 
f 3761//4789 3941//4789 3942//4791 
f 3942//4791 3762//4788 3761//4789 
f 3760//4790 3943//4790 3941//4789 
f 3759//4792 3944//4792 3943//4790 
f 3944//4792 3759//4792 3758//4793 
f 3758//4793 3945//4793 3944//4792 
f 3757//4794 3946//4794 3945//4793 
f 3947//4795 3756//4795 3755//4796 
f 3946//4794 3757//4794 3756//4795 
f 3756//4795 3947//4795 3946//4794 
f 3755//4796 3948//4796 3947//4795 
f 3754//4797 3949//4797 3948//4796 
f 3949//4797 3754//4797 3753//4798 
f 3753//4798 3950//4798 3949//4797 
f 3752//4799 3951//4799 3950//4798 
f 3952//4800 3751//4800 3750//4801 
f 3951//4799 3752//4799 3751//4800 
f 3751//4800 3952//4800 3951//4799 
f 3750//4801 3953//4801 3952//4800 
f 3954//4802 3749//4802 3748//4803 
f 3749//4802 3954//4802 3953//4801 
f 3953//4801 3750//4801 3749//4802 
f 3955//4804 3746//4804 3745//4805 
f 3746//4804 3955//4804 3956//4806 
f 3956//4806 3747//4806 3746//4804 
f 3747//4806 3956//4806 3957//4807 
f 3957//4807 3748//4803 3747//4806 
f 3958//4808 3744//4808 3743//4809 
f 3744//4808 3958//4808 3959//4810 
f 3959//4810 3745//4805 3744//4808 
f 3960//4811 3742//4811 3741//4812 
f 3961//4812 3741//4812 3740//4813 
f 3740//4813 3962//4813 3961//4812 
f 3742//4811 3960//4811 3963//4814 
f 3963//4814 3743//4809 3742//4811 
f 3964//4815 3739//4815 3738//4816 
f 3739//4815 3964//4815 3962//4813 
f 3962//4813 3740//4813 3739//4815 
f 3736//4817 3965//4817 3966//4818 
f 3965//4817 3736//4817 3735//4819 
f 3735//4819 3967//4819 3965//4817 
f 3737//4818 3966//4818 3968//4820 
f 3968//4820 3738//4816 3737//4818 
f 3734//4821 3969//4821 3970//4822 
f 3733//4822 3970//4822 3967//4819 
f 3967//4819 3735//4819 3733//4822 
f 3969//4821 3734//4821 3732//4823 
f 3732//4823 3971//4823 3969//4821 
f 3730//4824 3972//4824 3973//4825 
f 3971//4823 3732//4823 3731//4825 
f 3731//4825 3973//4825 3971//4823 
f 3972//4824 3730//4824 3729//4826 
f 3729//4826 3974//4826 3972//4824 
f 3728//4827 3975//4827 3974//4826 
f 3976//4828 3727//4828 3726//4829 
f 3727//4828 3976//4828 3975//4827 
f 3975//4827 3728//4827 3727//4828 
f 3726//4829 3977//4829 3976//4828 
f 3725//4830 3978//4830 3977//4829 
f 3978//4830 3725//4830 3724//4831 
f 3724//4831 3979//4831 3978//4830 
f 3723//4832 3980//4832 3979//4831 
f 3980//4832 3723//4832 3722//4833 
f 3981//4833 3722//4833 3721//4834 
f 3721//4834 3982//4834 3981//4833 
f 3722//4833 3981//4833 3980//4832 
f 3720//4835 3983//4835 3982//4834 
f 3983//4835 3720//4835 3719//4836 
f 3719//4836 3984//4836 3983//4835 
f 3718//4837 3985//4837 3984//4836 
f 3986//4838 3717//4838 3716//4839 
f 3985//4837 3718//4837 3717//4838 
f 3717//4838 3986//4838 3985//4837 
f 3716//4839 3987//4839 3986//4838 
f 3715//4840 3988//4840 3987//4839 
f 3988//4840 3715//4840 3714//4841 
f 3714//4841 3989//4841 3988//4840 
f 3713//4842 3990//4842 3989//4841 
f 3990//4842 3713//4842 3712//4843 
f 3991//4843 3712//4843 3711//4844 
f 3711//4844 3992//4844 3991//4843 
f 3712//4843 3991//4843 3990//4842 
f 3993//4845 3710//4845 3709//4846 
f 3710//4845 3993//4845 3992//4844 
f 3992//4844 3711//4844 3710//4845 
f 3994//4847 3707//4847 3706//4848 
f 3707//4847 3994//4847 3995//4849 
f 3995//4849 3708//4849 3707//4847 
f 3708//4849 3995//4849 3996//4850 
f 3996//4850 3709//4846 3708//4849 
f 3997//4851 3705//4851 3704//4852 
f 3705//4851 3997//4851 3998//4853 
f 3998//4853 3706//4848 3705//4851 
f 3702//4854 3999//4854 4000//4855 
f 3999//4854 3702//4854 3701//4856 
f 3701//4856 4001//4856 3999//4854 
f 3703//4855 4000//4855 4002//4857 
f 4002//4857 3704//4852 3703//4855 
f 4003//4858 3700//4858 3699//4859 
f 3700//4858 4003//4858 4001//4856 
f 4001//4856 3701//4856 3700//4858 
f 3695//4860 4004//4860 4005//4861 
f 3696//4861 4005//4861 4006//4862 
f 4006//4862 3698//4862 3696//4861 
f 3698//4862 4006//4862 4007//4863 
f 4007//4863 3699//4859 3698//4862 
f 4004//4860 3695//4860 3697//4864 
f 3697//4864 4008//4864 4004//4860 
f 4005//4861 3696//4861 3695//4860 
f 3699//4859 4007//4863 4003//4858 
f 4000//4855 3703//4855 3702//4854 
f 3704//4852 4002//4857 3997//4851 
f 3706//4848 3998//4853 3994//4847 
f 3709//4846 3996//4850 3993//4845 
f 3989//4841 3714//4841 3713//4842 
f 3987//4839 3716//4839 3715//4840 
f 3984//4836 3719//4836 3718//4837 
f 3982//4834 3721//4834 3720//4835 
f 3979//4831 3724//4831 3723//4832 
f 3977//4829 3726//4829 3725//4830 
f 3974//4826 3729//4826 3728//4827 
f 3973//4825 3731//4825 3730//4824 
f 3970//4822 3733//4822 3734//4821 
f 3966//4818 3737//4818 3736//4817 
f 3738//4816 3968//4820 3964//4815 
f 3741//4812 3961//4812 3960//4811 
f 3743//4809 3963//4814 3958//4808 
f 3745//4805 3959//4810 3955//4804 
f 3748//4803 3957//4807 3954//4802 
f 3950//4798 3753//4798 3752//4799 
f 3948//4796 3755//4796 3754//4797 
f 3945//4793 3758//4793 3757//4794 
f 3943//4790 3760//4790 3759//4792 
f 3762//4788 3942//4791 3940//4787 
f 3938//4785 3765//4785 3764//4786 
f 3935//4782 3768//4782 3767//4783 
f 3769//4781 3934//4781 3933//4780 
f 3930//4777 3772//4777 3773//4776 
f 3774//4773 3931//4778 3926//4772 
f 3777//4770 3928//4775 3924//4769 
f 3779//4766 3925//4771 3921//4765 
f 3782//4763 3923//4768 3919//4762 
f 3784//4759 3920//4764 3916//4758 
f 3787//4757 3918//4761 3915//4756 
f 3911//4752 3792//4752 3791//4753 
f 3909//4750 3794//4750 3793//4751 
f 3906//4747 3797//4747 3796//4748 
f 3904//4745 3799//4745 3798//4746 
f 3901//4742 3802//4742 3801//4743 
f 3899//4740 3804//4740 3803//4741 
f 3896//4737 3807//4737 3806//4738 
f 3808//4736 3895//4736 3894//4735 
f 3891//4732 3811//4732 3812//4731 
f 3813//4728 3892//4733 3887//4727 
f 3816//4725 3889//4730 3885//4724 
f 3818//4721 3886//4726 3882//4720 
f 3821//4718 3884//4723 3880//4717 
f 3823//4714 3881//4719 3877//4713 
f 3826//4712 3879//4716 3876//4711 
f 3872//4707 3831//4707 3830//4708 
f 3870//4705 3833//4705 3832//4706 
f 3867//4702 3836//4702 3835//4703 
f 3865//4700 3838//4700 3837//4701 
f 3862//4697 3841//4697 3840//4698 
f 3860//4694 3843//4694 3842//4696 
f 3845//4692 3859//4695 3856//4691 
f 3847//4690 3857//4690 3855//4689 
f 3853//4687 3850//4864 3851//4686 
o mesh255
f 4009//4865 4008//4865 3697//4865 
f 4010//4865 3502//4865 3500//4865 
f 3697//4865 3694//4865 4009//4865 
f 3500//4865 3499//4865 4010//4865 
f 4010//4865 4009//4865 3502//4865 
f 3694//4865 3502//4865 4009//4865 
o mesh256
f 3693//4866 3850//4866 3853//4866 
f 3597//4866 4011//4866 3187//4866 
f 3853//4866 4012//4866 3693//4866 
f 3187//4866 3191//4866 3597//4866 
f 3597//4866 3693//4866 4011//4866 
f 4012//4866 4011//4866 3693//4866 
o mesh257
f 4004//4867 4009//4868 4013//4869 
f 4013//4869 4005//4870 4004//4867 
f 4007//4871 4014//4872 4015//4873 
f 4015//4873 4003//4874 4007//4871 
f 4005//4870 4013//4869 4014//4872 
f 4014//4872 4006//4875 4005//4870 
f 4016//4876 3999//4877 4001//4878 
f 4001//4878 4015//4873 4016//4876 
f 4017//4879 4002//4880 4000//4881 
f 4018//4882 3997//4883 4002//4880 
f 4002//4880 4017//4879 4018//4882 
f 3999//4877 4016//4876 4017//4879 
f 4019//4884 3994//4885 3998//4886 
f 3998//4886 4018//4882 4019//4884 
f 4020//4887 3993//4888 3996//4889 
f 3996//4889 4021//4890 4020//4887 
f 3994//4885 4019//4884 4021//4890 
f 4021//4890 3995//4891 3994//4885 
f 4022//4892 3991//4893 3992//4894 
f 3992//4894 4020//4887 4022//4892 
f 4023//4895 4024//4896 3989//4897 
f 4024//4896 3988//4898 3989//4897 
f 3991//4893 4022//4892 4023//4895 
f 4023//4895 3990//4899 3991//4893 
f 4024//4896 4025//4900 3987//4901 
f 4025//4900 3986//4902 3987//4901 
f 4026//4903 4027//4904 3984//4905 
f 4027//4904 3983//4906 3984//4905 
f 3986//4902 4025//4900 4026//4903 
f 4026//4903 3985//4907 3986//4902 
f 4027//4904 4028//4908 3982//4909 
f 4028//4908 3981//4910 3982//4909 
f 3979//4911 3980//4912 4029//4913 
f 4030//4914 3978//4915 3979//4911 
f 3981//4910 4028//4908 4029//4913 
f 4029//4913 3980//4912 3981//4910 
f 3977//4916 3978//4915 4030//4914 
f 4031//4917 3976//4918 3977//4916 
f 3974//4919 3975//4920 4032//4921 
f 4032//4921 4033//4922 3974//4919 
f 4033//4922 3972//4923 3974//4919 
f 3976//4918 4031//4917 4032//4921 
f 3972//4923 4033//4922 4034//4924 
f 3969//4925 4035//4926 4036//4927 
f 4036//4927 3970//4928 3969//4925 
f 4035//4926 3971//4929 3973//4930 
f 3973//4930 4034//4924 4035//4926 
f 3967//4931 4036//4927 4037//4932 
f 4037//4932 3965//4933 3967//4931 
f 3968//4934 4038//4935 4039//4936 
f 4039//4936 3964//4937 3968//4934 
f 3965//4933 4037//4932 4038//4935 
f 4038//4935 3966//4938 3965//4933 
f 4040//4939 3961//4940 3962//4941 
f 3962//4941 4039//4936 4040//4939 
f 4041//4942 3958//4943 3963//4944 
f 3963//4944 4042//4945 4041//4942 
f 3961//4940 4040//4939 4042//4945 
f 4042//4945 3960//4946 3961//4940 
f 4043//4947 3955//4948 3959//4949 
f 3959//4949 4041//4942 4043//4947 
f 4044//4950 3954//4951 3957//4952 
f 3957//4952 4045//4953 4044//4950 
f 3955//4948 4043//4947 4045//4953 
f 4045//4953 3956//4954 3955//4948 
f 4046//4955 3952//4956 3953//4957 
f 3953//4957 4044//4950 4046//4955 
f 4047//4958 4048//4959 3950//4960 
f 4048//4959 3949//4961 3950//4960 
f 3952//4956 4046//4955 4047//4958 
f 4047//4958 3951//4962 3952//4956 
f 4048//4959 4049//4963 3948//4964 
f 4049//4963 3947//4965 3948//4964 
f 4050//4966 4051//4967 3945//4968 
f 4051//4967 3944//4969 3945//4968 
f 3947//4965 4049//4963 4050//4966 
f 4050//4966 3946//4970 3947//4965 
f 4051//4967 4052//4971 3943//4972 
f 4052//4971 3941//4973 3943//4972 
f 3940//4974 3942//4975 4053//4976 
f 4054//4977 3939//4978 3940//4974 
f 3941//4973 4052//4971 4053//4976 
f 4053//4976 3942//4975 3941//4973 
f 3938//4979 3939//4978 4054//4977 
f 4055//4980 3937//4981 3938//4979 
f 3935//4982 3936//4983 4056//4984 
f 4056//4984 4057//4985 3935//4982 
f 4057//4985 3934//4986 3935//4982 
f 3937//4981 4055//4980 4056//4984 
f 3934//4986 4057//4985 4058//4987 
f 3929//4988 4059//4989 4060//4990 
f 4060//4990 3930//4991 3929//4988 
f 4059//4989 3932//4992 3933//4993 
f 3933//4993 4058//4987 4059//4989 
f 3931//4994 4060//4990 4061//4995 
f 4061//4995 3926//4996 3931//4994 
f 3928//4997 4062//4998 4063//4999 
f 4063//4999 3924//5000 3928//4997 
f 3926//4996 4061//4995 4062//4998 
f 4062//4998 3927//5001 3926//4996 
f 4064//5002 3921//5003 3925//5004 
f 3925//5004 4063//4999 4064//5002 
f 4065//5005 3919//5006 3923//5007 
f 3923//5007 4066//5008 4065//5005 
f 3921//5003 4064//5002 4066//5008 
f 4066//5008 3922//5009 3921//5003 
f 4067//5010 3916//5011 3920//5012 
f 3920//5012 4065//5005 4067//5010 
f 4068//5013 3915//5014 3918//5015 
f 3918//5015 4069//5016 4068//5013 
f 3916//5011 4067//5010 4069//5016 
f 4069//5016 3917//5017 3916//5011 
f 4070//5018 3914//5019 3913//5020 
f 3913//5020 4068//5013 4070//5018 
f 4071//5021 4072//5022 3911//5023 
f 4072//5022 3910//5024 3911//5023 
f 3914//5019 4070//5018 4071//5021 
f 4071//5021 3912//5025 3914//5019 
f 4072//5022 4073//5026 3909//5027 
f 4073//5026 3908//5028 3909//5027 
f 4074//5029 4075//5030 3906//5031 
f 4075//5030 3905//5032 3906//5031 
f 3908//5028 4073//5026 4074//5029 
f 4074//5029 3907//5033 3908//5028 
f 4075//5030 4076//5034 3904//5035 
f 4076//5034 3903//5036 3904//5035 
f 3901//5037 3902//5038 4077//5039 
f 4078//5040 3900//5041 3901//5037 
f 3903//5036 4076//5034 4077//5039 
f 4077//5039 3902//5038 3903//5036 
f 3899//5042 3900//5041 4078//5040 
f 4079//5043 3898//5044 3899//5042 
f 3896//5045 3897//5046 4080//5047 
f 4080//5047 4081//5048 3896//5045 
f 4081//5048 3895//5049 3896//5045 
f 3898//5044 4079//5043 4080//5047 
f 3895//5049 4081//5048 4082//5050 
f 3890//5051 4083//5052 4084//5053 
f 4084//5053 3891//5054 3890//5051 
f 4083//5052 3893//5055 3894//5056 
f 3894//5056 4082//5050 4083//5052 
f 3892//5057 4084//5053 4085//5058 
f 4085//5058 3887//5059 3892//5057 
f 3889//5060 4086//5061 4087//5062 
f 4087//5062 3885//5063 3889//5060 
f 3887//5059 4085//5058 4086//5061 
f 4086//5061 3888//5064 3887//5059 
f 4088//5065 3882//5066 3886//5067 
f 3886//5067 4087//5062 4088//5065 
f 4089//5068 3880//5069 3884//5070 
f 3884//5070 4090//5071 4089//5068 
f 3882//5066 4088//5065 4090//5071 
f 4090//5071 3883//5072 3882//5066 
f 4091//5073 3877//5074 3881//5075 
f 3881//5075 4089//5068 4091//5073 
f 4092//5076 3876//5077 3879//5078 
f 3879//5078 4093//5079 4092//5076 
f 3877//5074 4091//5073 4093//5079 
f 4093//5079 3878//5080 3877//5074 
f 4094//5081 3874//5082 3875//5083 
f 3875//5083 4092//5076 4094//5081 
f 4095//5084 4096//5085 3872//5086 
f 4096//5085 3871//5087 3872//5086 
f 3874//5082 4094//5081 4095//5084 
f 4095//5084 3873//5088 3874//5082 
f 4096//5085 4097//5089 3870//5090 
f 4097//5089 3869//5091 3870//5090 
f 4098//5092 4099//5093 3867//5094 
f 4099//5093 3866//5095 3867//5094 
f 3869//5091 4097//5089 4098//5092 
f 4098//5092 3868//5096 3869//5091 
f 4099//5093 4100//5097 3865//5098 
f 4100//5097 3864//5099 3865//5098 
f 3862//5100 3863//5101 4101//5102 
f 4102//5103 3861//5104 3862//5100 
f 3864//5099 4100//5097 4101//5102 
f 4101//5102 3863//5101 3864//5099 
f 3860//5105 3861//5104 4102//5103 
f 4103//5106 3858//5107 3860//5105 
f 3856//5108 3859//5109 4104//5110 
f 4104//5110 4105//5111 3856//5108 
f 4105//5111 3857//5112 3856//5108 
f 3858//5107 4103//5106 4104//5110 
f 3857//5112 4105//5111 4106//5113 
f 3852//5114 4107//5115 4012//5116 
f 4012//5116 3853//5117 3852//5114 
f 4107//5115 3854//5118 3855//5119 
f 3855//5119 4106//5113 4107//5115 
f 3852//5114 3854//5118 4107//5115 
f 4106//5113 3855//5119 3857//5112 
f 3859//5109 3858//5107 4104//5110 
f 4102//5103 4103//5106 3860//5105 
f 4101//5102 4102//5103 3862//5100 
f 3865//5098 3866//5095 4099//5093 
f 3867//5094 3868//5096 4098//5092 
f 3870//5090 3871//5087 4096//5085 
f 3872//5086 3873//5088 4095//5084 
f 3875//5083 3876//5077 4092//5076 
f 3879//5078 3878//5080 4093//5079 
f 3881//5075 3880//5069 4089//5068 
f 3884//5070 3883//5072 4090//5071 
f 3886//5067 3885//5063 4087//5062 
f 3889//5060 3888//5064 4086//5061 
f 3892//5057 3891//5054 4084//5053 
f 3890//5051 3893//5055 4083//5052 
f 4082//5050 3894//5056 3895//5049 
f 3897//5046 3898//5044 4080//5047 
f 4078//5040 4079//5043 3899//5042 
f 4077//5039 4078//5040 3901//5037 
f 3904//5035 3905//5032 4075//5030 
f 3906//5031 3907//5033 4074//5029 
f 3909//5027 3910//5024 4072//5022 
f 3911//5023 3912//5025 4071//5021 
f 3913//5020 3915//5014 4068//5013 
f 3918//5015 3917//5017 4069//5016 
f 3920//5012 3919//5006 4065//5005 
f 3923//5007 3922//5009 4066//5008 
f 3925//5004 3924//5000 4063//4999 
f 3928//4997 3927//5001 4062//4998 
f 3931//4994 3930//4991 4060//4990 
f 3929//4988 3932//4992 4059//4989 
f 4058//4987 3933//4993 3934//4986 
f 3936//4983 3937//4981 4056//4984 
f 4054//4977 4055//4980 3938//4979 
f 4053//4976 4054//4977 3940//4974 
f 3943//4972 3944//4969 4051//4967 
f 3945//4968 3946//4970 4050//4966 
f 3948//4964 3949//4961 4048//4959 
f 3950//4960 3951//4962 4047//4958 
f 3953//4957 3954//4951 4044//4950 
f 3957//4952 3956//4954 4045//4953 
f 3959//4949 3958//4943 4041//4942 
f 3963//4944 3960//4946 4042//4945 
f 3962//4941 3964//4937 4039//4936 
f 3968//4934 3966//4938 4038//4935 
f 3967//4931 3970//4928 4036//4927 
f 3969//4925 3971//4929 4035//4926 
f 4034//4924 3973//4930 3972//4923 
f 3975//4920 3976//4918 4032//4921 
f 4030//4914 4031//4917 3977//4916 
f 4029//4913 4030//4914 3979//4911 
f 3982//4909 3983//4906 4027//4904 
f 3984//4905 3985//4907 4026//4903 
f 3987//4901 3988//4898 4024//4896 
f 3989//4897 3990//4899 4023//4895 
f 3992//4894 3993//4888 4020//4887 
f 3996//4889 3995//4891 4021//4890 
f 3998//4886 3997//4883 4018//4882 
f 4000//4881 3999//4877 4017//4879 
f 4001//4878 4003//4874 4015//4873 
f 4007//4871 4006//4875 4014//4872 
f 4004//4867 4008//5120 4009//4868 
o mesh258
f 4013//5121 4009//5122 4010//5123 
f 4015//5124 4014//5125 4108//5126 
f 4013//5121 4109//5127 4108//5126 
f 4108//5126 4014//5125 4013//5121 
f 4016//5128 4015//5124 4110//5129 
f 4018//5130 4017//5131 4111//5132 
f 4016//5128 4112//5133 4111//5132 
f 4111//5132 4017//5131 4016//5128 
f 4019//5134 4018//5130 4113//5135 
f 4020//5136 4021//5137 4114//5138 
f 4019//5134 4115//5139 4114//5138 
f 4114//5138 4021//5137 4019//5134 
f 4022//5140 4020//5136 4116//5141 
f 4024//5142 4023//5143 4117//5144 
f 4022//5140 4118//5145 4117//5144 
f 4117//5144 4023//5143 4022//5140 
f 4025//5146 4024//5142 4119//5147 
f 4027//5148 4026//5149 4120//5150 
f 4025//5146 4121//5151 4120//5150 
f 4120//5150 4026//5149 4025//5146 
f 4028//5152 4027//5148 4122//5153 
f 4030//5154 4029//5155 4123//5156 
f 4028//5152 4124//5157 4123//5156 
f 4123//5156 4029//5155 4028//5152 
f 4031//5158 4030//5154 4125//5159 
f 4033//5160 4032//5161 4126//5162 
f 4031//5158 4127//5163 4126//5162 
f 4126//5162 4032//5161 4031//5158 
f 4034//5164 4033//5160 4128//5165 
f 4036//5166 4035//5167 4129//5168 
f 4034//5164 4130//5169 4129//5168 
f 4129//5168 4035//5167 4034//5164 
f 4037//5170 4036//5166 4131//5171 
f 4039//5172 4038//5173 4132//5174 
f 4037//5170 4133//5175 4132//5174 
f 4132//5174 4038//5173 4037//5170 
f 4040//5176 4039//5172 4134//5177 
f 4041//5178 4042//5179 4135//5180 
f 4040//5176 4136//5181 4135//5180 
f 4135//5180 4042//5179 4040//5176 
f 4043//5182 4041//5178 4137//5183 
f 4044//5184 4045//5185 4138//5186 
f 4043//5182 4139//5187 4138//5186 
f 4138//5186 4045//5185 4043//5182 
f 4046//5188 4044//5184 4140//5189 
f 4048//5190 4047//5191 4141//5192 
f 4046//5188 4142//5193 4141//5192 
f 4141//5192 4047//5191 4046//5188 
f 4049//5194 4048//5190 4143//5195 
f 4051//5196 4050//5197 4144//5198 
f 4049//5194 4145//5199 4144//5198 
f 4144//5198 4050//5197 4049//5194 
f 4052//5200 4051//5196 4146//5201 
f 4054//5202 4053//5203 4147//5204 
f 4052//5200 4148//5205 4147//5204 
f 4147//5204 4053//5203 4052//5200 
f 4055//5206 4054//5202 4149//5207 
f 4057//5208 4056//5209 4150//5210 
f 4055//5206 4151//5211 4150//5210 
f 4150//5210 4056//5209 4055//5206 
f 4058//5212 4057//5208 4152//5213 
f 4060//5214 4059//5215 4153//5216 
f 4058//5212 4154//5217 4153//5216 
f 4153//5216 4059//5215 4058//5212 
f 4061//5218 4060//5214 4155//5219 
f 4063//5220 4062//5221 4156//5222 
f 4061//5218 4157//5223 4156//5222 
f 4156//5222 4062//5221 4061//5218 
f 4064//5224 4063//5220 4158//5225 
f 4065//5226 4066//5227 4159//5228 
f 4064//5224 4160//5229 4159//5228 
f 4159//5228 4066//5227 4064//5224 
f 4067//5230 4065//5226 4161//5231 
f 4068//5232 4069//5233 4162//5234 
f 4067//5230 4163//5235 4162//5234 
f 4162//5234 4069//5233 4067//5230 
f 4070//5236 4068//5232 4164//5237 
f 4072//5238 4071//5239 4165//5240 
f 4070//5236 4166//5241 4165//5240 
f 4165//5240 4071//5239 4070//5236 
f 4073//5242 4072//5238 4167//5243 
f 4075//5244 4074//5245 4168//5246 
f 4073//5242 4169//5247 4168//5246 
f 4168//5246 4074//5245 4073//5242 
f 4076//5248 4075//5244 4170//5249 
f 4078//5250 4077//5251 4171//5252 
f 4076//5248 4172//5253 4171//5252 
f 4171//5252 4077//5251 4076//5248 
f 4079//5254 4078//5250 4173//5255 
f 4081//5256 4080//5257 4174//5258 
f 4079//5254 4175//5259 4174//5258 
f 4174//5258 4080//5257 4079//5254 
f 4082//5260 4081//5256 4176//5261 
f 4084//5262 4083//5263 4177//5264 
f 4082//5260 4178//5265 4177//5264 
f 4177//5264 4083//5263 4082//5260 
f 4085//5266 4084//5262 4179//5267 
f 4087//5268 4086//5269 4180//5270 
f 4085//5266 4181//5271 4180//5270 
f 4180//5270 4086//5269 4085//5266 
f 4088//5272 4087//5268 4182//5273 
f 4089//5274 4090//5275 4183//5276 
f 4088//5272 4184//5277 4183//5276 
f 4183//5276 4090//5275 4088//5272 
f 4091//5278 4089//5274 4185//5279 
f 4092//5280 4093//5281 4186//5282 
f 4091//5278 4187//5283 4186//5282 
f 4186//5282 4093//5281 4091//5278 
f 4094//5284 4092//5280 4188//5285 
f 4096//5286 4095//5287 4189//5288 
f 4094//5284 4190//5289 4189//5288 
f 4189//5288 4095//5287 4094//5284 
f 4097//5290 4096//5286 4191//5291 
f 4099//5292 4098//5293 4192//5294 
f 4097//5290 4193//5295 4192//5294 
f 4192//5294 4098//5293 4097//5290 
f 4100//5296 4099//5292 4194//5297 
f 4102//5298 4101//5299 4195//5300 
f 4100//5296 4196//5301 4195//5300 
f 4195//5300 4101//5299 4100//5296 
f 4103//5302 4102//5298 4197//5303 
f 4105//5304 4104//5305 4198//5306 
f 4103//5302 4199//5307 4198//5306 
f 4198//5306 4104//5305 4103//5302 
f 4106//5308 4105//5304 4200//5309 
f 4012//5310 4107//5311 4201//5312 
f 4106//5308 4202//5313 4201//5312 
f 4201//5312 4107//5311 4106//5308 
f 4201//5312 4011//5314 4012//5310 
f 4200//5309 4202//5313 4106//5308 
f 4198//5306 4200//5309 4105//5304 
f 4197//5303 4199//5307 4103//5302 
f 4195//5300 4197//5303 4102//5298 
f 4194//5297 4196//5301 4100//5296 
f 4192//5294 4194//5297 4099//5292 
f 4191//5291 4193//5295 4097//5290 
f 4189//5288 4191//5291 4096//5286 
f 4188//5285 4190//5289 4094//5284 
f 4186//5282 4188//5285 4092//5280 
f 4185//5279 4187//5283 4091//5278 
f 4183//5276 4185//5279 4089//5274 
f 4182//5273 4184//5277 4088//5272 
f 4180//5270 4182//5273 4087//5268 
f 4179//5267 4181//5271 4085//5266 
f 4177//5264 4179//5267 4084//5262 
f 4176//5261 4178//5265 4082//5260 
f 4174//5258 4176//5261 4081//5256 
f 4173//5255 4175//5259 4079//5254 
f 4171//5252 4173//5255 4078//5250 
f 4170//5249 4172//5253 4076//5248 
f 4168//5246 4170//5249 4075//5244 
f 4167//5243 4169//5247 4073//5242 
f 4165//5240 4167//5243 4072//5238 
f 4164//5237 4166//5241 4070//5236 
f 4162//5234 4164//5237 4068//5232 
f 4161//5231 4163//5235 4067//5230 
f 4159//5228 4161//5231 4065//5226 
f 4158//5225 4160//5229 4064//5224 
f 4156//5222 4158//5225 4063//5220 
f 4155//5219 4157//5223 4061//5218 
f 4153//5216 4155//5219 4060//5214 
f 4152//5213 4154//5217 4058//5212 
f 4150//5210 4152//5213 4057//5208 
f 4149//5207 4151//5211 4055//5206 
f 4147//5204 4149//5207 4054//5202 
f 4146//5201 4148//5205 4052//5200 
f 4144//5198 4146//5201 4051//5196 
f 4143//5195 4145//5199 4049//5194 
f 4141//5192 4143//5195 4048//5190 
f 4140//5189 4142//5193 4046//5188 
f 4138//5186 4140//5189 4044//5184 
f 4137//5183 4139//5187 4043//5182 
f 4135//5180 4137//5183 4041//5178 
f 4134//5177 4136//5181 4040//5176 
f 4132//5174 4134//5177 4039//5172 
f 4131//5171 4133//5175 4037//5170 
f 4129//5168 4131//5171 4036//5166 
f 4128//5165 4130//5169 4034//5164 
f 4126//5162 4128//5165 4033//5160 
f 4125//5159 4127//5163 4031//5158 
f 4123//5156 4125//5159 4030//5154 
f 4122//5153 4124//5157 4028//5152 
f 4120//5150 4122//5153 4027//5148 
f 4119//5147 4121//5151 4025//5146 
f 4117//5144 4119//5147 4024//5142 
f 4116//5141 4118//5145 4022//5140 
f 4114//5138 4116//5141 4020//5136 
f 4113//5135 4115//5139 4019//5134 
f 4111//5132 4113//5135 4018//5130 
f 4110//5129 4112//5133 4016//5128 
f 4108//5126 4110//5129 4015//5124 
f 4010//5123 4109//5127 4013//5121 
o mesh259
f 4109//5315 4010//5316 3498//5317 
f 4010//5316 3499//5318 3498//5317 
f 4110//5319 4108//5320 3492//5321 
f 4108//5320 3493//5322 3492//5321 
f 4109//5315 3494//5323 3493//5322 
f 3493//5322 4108//5320 4109//5315 
f 4112//5324 4110//5319 3485//5325 
f 4110//5319 3489//5326 3485//5325 
f 4113//5327 4111//5328 3481//5329 
f 4111//5328 3488//5330 3481//5329 
f 4112//5324 3484//5331 3488//5330 
f 3488//5330 4111//5328 4112//5324 
f 4115//5332 4113//5327 3478//5333 
f 4113//5327 3479//5334 3478//5333 
f 4116//5335 4114//5336 3472//5337 
f 4114//5336 3473//5338 3472//5337 
f 4115//5332 3477//5339 3473//5338 
f 3473//5338 4114//5336 4115//5332 
f 4116//5335 3471//5340 3463//5341 
f 3463//5341 4118//5342 4116//5335 
f 4117//5343 3466//5344 3467//5345 
f 3467//5345 4119//5346 4117//5343 
f 4118//5342 3462//5347 3466//5344 
f 3466//5344 4117//5343 4118//5342 
f 4119//5346 3460//5348 3461//5349 
f 3461//5349 4121//5350 4119//5346 
f 4120//5351 3456//5352 3449//5353 
f 3449//5353 4122//5354 4120//5351 
f 4121//5350 3455//5355 3456//5352 
f 3456//5352 4120//5351 4121//5350 
f 4122//5354 3448//5356 3451//5357 
f 3451//5357 4124//5358 4122//5354 
f 4123//5359 3446//5360 3439//5361 
f 3439//5361 4125//5362 4123//5359 
f 4124//5358 3445//5363 3446//5360 
f 3446//5360 4123//5359 4124//5358 
f 4125//5362 3438//5364 3441//5365 
f 3441//5365 4127//5366 4125//5362 
f 4128//5367 4126//5368 3435//5369 
f 3435//5369 3436//5370 4128//5367 
f 4127//5366 3434//5371 3435//5369 
f 3435//5369 4126//5368 4127//5366 
f 4130//5372 4128//5367 3429//5373 
f 4131//5374 4129//5375 3423//5376 
f 4130//5372 3431//5377 3423//5376 
f 4130//5372 3428//5378 3431//5377 
f 3423//5376 4129//5375 4130//5372 
f 4133//5379 4131//5374 3418//5380 
f 4131//5374 3422//5381 3418//5380 
f 4134//5382 4132//5383 3414//5384 
f 4132//5383 3415//5385 3414//5384 
f 4133//5379 3417//5386 3415//5385 
f 3415//5385 4132//5383 4133//5379 
f 4136//5387 4134//5382 3410//5388 
f 4134//5382 3413//5389 3410//5388 
f 4137//5390 4135//5391 3404//5392 
f 4135//5391 3405//5393 3404//5392 
f 4136//5387 3409//5394 3405//5393 
f 3405//5393 4135//5391 4136//5387 
f 4139//5395 4137//5390 3400//5396 
f 4137//5390 3401//5397 3400//5396 
f 4140//5398 4138//5399 3394//5400 
f 4138//5399 3395//5401 3394//5400 
f 4139//5395 3399//5402 3395//5401 
f 3395//5401 4138//5399 4139//5395 
f 4140//5398 3391//5403 3390//5404 
f 3390//5404 4142//5405 4140//5398 
f 4141//5406 3387//5407 3388//5408 
f 3388//5408 4143//5409 4141//5406 
f 4142//5405 3386//5410 3387//5407 
f 3387//5407 4141//5406 4142//5405 
f 4143//5409 3382//5411 3383//5412 
f 3383//5412 4145//5413 4143//5409 
f 4144//5414 3377//5415 3378//5416 
f 3378//5416 4146//5417 4144//5414 
f 4145//5413 3376//5418 3377//5415 
f 3377//5415 4144//5414 4145//5413 
f 4146//5417 3372//5419 3373//5420 
f 3373//5420 4148//5421 4146//5417 
f 4147//5422 3368//5423 3361//5424 
f 3361//5424 4149//5425 4147//5422 
f 4148//5421 3367//5426 3368//5423 
f 3368//5423 4147//5422 4148//5421 
f 4149//5425 3360//5427 3363//5428 
f 3363//5428 4151//5429 4149//5425 
f 4152//5430 4150//5431 3357//5432 
f 3357//5432 3359//5433 4152//5430 
f 4151//5429 3356//5434 3357//5432 
f 3357//5432 4150//5431 4151//5429 
f 4154//5435 4152//5430 3349//5436 
f 4155//5437 4153//5438 3346//5439 
f 4154//5435 3352//5440 3346//5439 
f 4154//5435 3348//5441 3352//5440 
f 3346//5439 4153//5438 4154//5435 
f 4157//5442 4155//5437 3342//5443 
f 4155//5437 3343//5444 3342//5443 
f 4158//5445 4156//5446 3336//5447 
f 4156//5446 3337//5448 3336//5447 
f 4157//5442 3341//5449 3337//5448 
f 3337//5448 4156//5446 4157//5442 
f 4160//5450 4158//5445 3330//5451 
f 4158//5445 3335//5452 3330//5451 
f 4161//5453 4159//5454 3326//5455 
f 4159//5454 3327//5456 3326//5455 
f 4160//5450 3329//5457 3327//5456 
f 3327//5456 4159//5454 4160//5450 
f 4163//5458 4161//5453 3322//5459 
f 4161//5453 3323//5460 3322//5459 
f 4164//5461 4162//5462 3316//5463 
f 4162//5462 3317//5464 3316//5463 
f 4163//5458 3321//5465 3317//5464 
f 3317//5464 4162//5462 4163//5458 
f 4164//5461 3313//5466 3312//5467 
f 3312//5467 4166//5468 4164//5461 
f 4165//5469 3309//5470 3310//5471 
f 3310//5471 4167//5472 4165//5469 
f 4166//5468 3308//5473 3309//5470 
f 3309//5470 4165//5469 4166//5468 
f 4167//5472 3304//5474 3305//5475 
f 3305//5475 4169//5476 4167//5472 
f 4168//5477 3300//5478 3294//5479 
f 3294//5479 4170//5480 4168//5477 
f 4169//5476 3299//5481 3300//5478 
f 3300//5478 4168//5477 4169//5476 
f 4170//5480 3293//5482 3287//5483 
f 3287//5483 4172//5484 4170//5480 
f 4171//5485 3290//5486 3292//5487 
f 3292//5487 4173//5488 4171//5485 
f 4172//5484 3286//5489 3290//5486 
f 3290//5486 4171//5485 4172//5484 
f 4173//5488 3285//5490 3277//5491 
f 3277//5491 4175//5492 4173//5488 
f 4176//5493 4174//5494 3280//5495 
f 3280//5495 3282//5496 4176//5493 
f 4175//5492 3276//5497 3280//5495 
f 3280//5495 4174//5494 4175//5492 
f 4178//5498 4176//5493 3273//5499 
f 4179//5500 4177//5501 3267//5502 
f 4178//5498 3275//5503 3267//5502 
f 4178//5498 3272//5504 3275//5503 
f 3267//5502 4177//5501 4178//5498 
f 4181//5505 4179//5500 3261//5506 
f 4179//5500 3265//5507 3261//5506 
f 4182//5508 4180//5509 3258//5510 
f 4180//5509 3264//5511 3258//5510 
f 4181//5505 3260//5512 3264//5511 
f 3264//5511 4180//5509 4181//5505 
f 4184//5513 4182//5508 3254//5514 
f 4182//5508 3255//5515 3254//5514 
f 4185//5516 4183//5517 3248//5518 
f 4183//5517 3249//5519 3248//5518 
f 4184//5513 3253//5520 3249//5519 
f 3249//5519 4183//5517 4184//5513 
f 4187//5521 4185//5516 3244//5522 
f 4185//5516 3247//5523 3244//5522 
f 4188//5524 4186//5525 3238//5526 
f 4186//5525 3239//5527 3238//5526 
f 4187//5521 3243//5528 3239//5527 
f 3239//5527 4186//5525 4187//5521 
f 4188//5524 3235//5529 3229//5530 
f 3229//5530 4190//5531 4188//5524 
f 4189//5532 3232//5533 3233//5534 
f 3233//5534 4191//5535 4189//5532 
f 4190//5531 3228//5536 3232//5533 
f 3232//5533 4189//5532 4190//5531 
f 4191//5535 3227//5537 3219//5538 
f 3219//5538 4193//5539 4191//5535 
f 4192//5540 3222//5541 3223//5542 
f 3223//5542 4194//5543 4192//5540 
f 4193//5539 3218//5544 3222//5541 
f 3222//5541 4192//5540 4193//5539 
f 4194//5543 3216//5545 3217//5546 
f 3217//5546 4196//5547 4194//5543 
f 4195//5548 3212//5549 3205//5550 
f 3205//5550 4197//5551 4195//5548 
f 4196//5547 3211//5552 3212//5549 
f 3212//5549 4195//5548 4196//5547 
f 4197//5551 3204//5553 3207//5554 
f 3207//5554 4199//5555 4197//5551 
f 4200//5556 4198//5557 3201//5558 
f 3201//5558 3203//5559 4200//5556 
f 4199//5555 3200//5560 3201//5558 
f 3201//5558 4198//5557 4199//5555 
f 4202//5561 4200//5556 3195//5562 
f 4011//5563 4201//5564 3188//5565 
f 4202//5561 3197//5566 3188//5565 
f 4202//5561 3194//5567 3197//5566 
f 3188//5565 4201//5564 4202//5561 
f 3188//5565 3187//5568 4011//5563 
f 3195//5562 3194//5567 4202//5561 
f 3203//5559 3195//5562 4200//5556 
f 3207//5554 3200//5560 4199//5555 
f 3205//5550 3204//5553 4197//5551 
f 3217//5546 3211//5552 4196//5547 
f 3223//5542 3216//5545 4194//5543 
f 3219//5538 3218//5544 4193//5539 
f 3233//5534 3227//5537 4191//5535 
f 3229//5530 3228//5536 4190//5531 
f 3238//5526 3235//5529 4188//5524 
f 3244//5522 3243//5528 4187//5521 
f 3248//5518 3247//5523 4185//5516 
f 3254//5514 3253//5520 4184//5513 
f 3258//5510 3255//5515 4182//5508 
f 3261//5506 3260//5512 4181//5505 
f 3267//5502 3265//5507 4179//5500 
f 3273//5499 3272//5504 4178//5498 
f 3282//5496 3273//5499 4176//5493 
f 3277//5491 3276//5497 4175//5492 
f 3292//5487 3285//5490 4173//5488 
f 3287//5483 3286//5489 4172//5484 
f 3294//5479 3293//5482 4170//5480 
f 3305//5475 3299//5481 4169//5476 
f 3310//5471 3304//5474 4167//5472 
f 3312//5467 3308//5473 4166//5468 
f 3316//5463 3313//5466 4164//5461 
f 3322//5459 3321//5465 4163//5458 
f 3326//5455 3323//5460 4161//5453 
f 3330//5451 3329//5457 4160//5450 
f 3336//5447 3335//5452 4158//5445 
f 3342//5443 3341//5449 4157//5442 
f 3346//5439 3343//5444 4155//5437 
f 3349//5436 3348//5441 4154//5435 
f 3359//5433 3349//5436 4152//5430 
f 3363//5428 3356//5434 4151//5429 
f 3361//5424 3360//5427 4149//5425 
f 3373//5420 3367//5426 4148//5421 
f 3378//5416 3372//5419 4146//5417 
f 3383//5412 3376//5418 4145//5413 
f 3388//5408 3382//5411 4143//5409 
f 3390//5404 3386//5410 4142//5405 
f 3394//5400 3391//5403 4140//5398 
f 3400//5396 3399//5402 4139//5395 
f 3404//5392 3401//5397 4137//5390 
f 3410//5388 3409//5394 4136//5387 
f 3414//5384 3413//5389 4134//5382 
f 3418//5380 3417//5386 4133//5379 
f 3423//5376 3422//5381 4131//5374 
f 3429//5373 3428//5378 4130//5372 
f 3436//5370 3429//5373 4128//5367 
f 3441//5365 3434//5371 4127//5366 
f 3439//5361 3438//5364 4125//5362 
f 3451//5357 3445//5363 4124//5358 
f 3449//5353 3448//5356 4122//5354 
f 3461//5349 3455//5355 4121//5350 
f 3467//5345 3460//5348 4119//5346 
f 3463//5341 3462//5347 4118//5342 
f 3472//5337 3471//5340 4116//5335 
f 3478//5333 3477//5339 4115//5332 
f 3481//5329 3479//5334 4113//5327 
f 3485//5325 3484//5331 4112//5324 
f 3492//5321 3489//5326 4110//5319 
f 3498//5317 3494//5323 4109//5315 
g Part 1
v 0.137092 0.0509321 -0.015875 
v 0.117312 0.0421255 -0.015875 
v 0.102824 0.026035 -0.015875 
v 0.0961329 0.0054428 -0.015875 
v 0.0983962 -0.0160905 -0.015875 
v 0.109222 -0.0348416 -0.015875 
v 0.126739 -0.0475683 -0.015875 
v 0.147918 -0.05207 -0.015875 
v 0.169096 -0.0475683 -0.015875 
v 0.186613 -0.0348416 -0.015875 
v 0.197439 -0.0160905 -0.015875 
v 0.199702 0.0054428 -0.015875 
v 0.193012 0.026035 -0.015875 
v 0.178524 0.0421255 -0.015875 
v 0.158744 0.0509321 -0.015875 
v 0.147918 0.05207 -0.015875 
v 0.147918 9.8714e-11 -0.015875 
v 0.147918 -0.05207 -0.00635 
v 0.169096 -0.0475683 -0.00635 
v 0.186613 -0.0348416 -0.00635 
v 0.197439 -0.0160905 -0.00635 
v 0.199702 0.0054428 -0.00635 
v 0.193012 0.026035 -0.00635 
v 0.178524 0.0421255 -0.00635 
v 0.137092 0.0509321 -0.00635 
v 0.158744 0.0509321 -0.00635 
v 0.147918 0.05207 -0.00635 
v 0.117312 0.0421255 -0.00635 
v 0.102824 0.026035 -0.00635 
v 0.0961329 0.0054428 -0.00635 
v 0.0983962 -0.0160905 -0.00635 
v 0.109222 -0.0348416 -0.00635 
v 0.126739 -0.0475683 -0.00635 
v 0.119069 -0.0471142 -0.00635 
v 0.184458 -0.0414347 -0.00635 
v 0.19827 -0.0227306 -0.00635 
v 0.19827 0.0227306 -0.00635 
v 0.184458 0.0414347 -0.00635 
v 0.164173 0.0527994 -0.00635 
v 0.141009 0.0548113 -0.00635 
v 0.102239 -0.0310716 -0.00635 
v 0.141009 -0.0548113 -0.00635 
v 0.203163 9.87108e-11 -0.00635 
v 0.119069 0.0471142 -0.00635 
v 0.102239 0.0310716 -0.00635 
v 0.0935 0.009525 -0.00635 
v 0.164173 -0.0527994 -0.00635 
v 0.0930388 0.00635 -0.00635 
v 0.0935 -0.009525 -0.00635 
v 0.0681 -0.009525 -0.00635 
v 0.0930388 -0.00635 -0.00635 
v 0.0681 0.009525 -0.00635 
v 0.0681 0.00635 -0.00635 
v 0.0681 -0.00635 -0.00635 
v 0.0935 0.009525 -0.01905 
v 0.0681 0.009525 -0.01905 
v 0.0681 -0.009525 -0.01905 
v 0.0935 -0.009525 -0.01905 
v 0.102239 0.0310716 -0.01905 
v 0.119069 0.0471142 -0.01905 
v 0.141009 0.0548113 -0.01905 
v 0.164173 0.0527994 -0.01905 
v 0.184458 0.0414347 -0.01905 
v 0.19827 0.0227306 -0.01905 
v 0.203163 9.87109e-11 -0.01905 
v 0.19827 -0.0227306 -0.01905 
v 0.184458 -0.0414347 -0.01905 
v 0.164173 -0.0527994 -0.01905 
v 0.141009 -0.0548113 -0.01905 
v 0.119069 -0.0471142 -0.01905 
v 0.102239 -0.0310716 -0.01905 
v 0.0930388 -0.00635 -0.015875 
v 0.0930388 0.00635 -0.015875 
v 0.0681 -0.00635 -0.015875 
v 0.0681 0.00635 -0.015875 
v 0.0681 0.01905 -0.01905 
v 0.0681 0.01905 0.01905 
v 0.0681 -0.01905 0.01905 
v 0.0681 -0.01905 -0.01905 
v 0.03 0.01905 -0.01905 
v 0.03 -0.01905 -0.01905 
v 0.03 -0.01905 0.01905 
v 0.03 0.01905 0.01905 
vn -3.54994e-14 -2.59769e-15 1 
vn -0.406737 0.913545 -1.20658e-14 
vn 2.95334e-15 1 2.59769e-15 
vn -0.743145 0.669131 -2.4643e-14 
vn -0.406737 0.913545 -1.20658e-14 
vn -0.951057 0.309017 -3.29592e-14 
vn -0.743145 0.669131 -2.4643e-14 
vn -0.994522 -0.104528 -3.55764e-14 
vn -0.951057 0.309017 -3.29592e-14 
vn -0.866025 -0.5 -3.20422e-14 
vn -0.994522 -0.104528 -3.55764e-14 
vn -0.587785 -0.809017 -2.29676e-14 
vn -0.866025 -0.5 -3.20422e-14 
vn -0.207912 -0.978148 -9.92166e-15 
vn -0.587785 -0.809017 -2.29676e-14 
vn 0.207912 -0.978148 4.83981e-15 
vn -2.83087e-15 -1 -2.59769e-15 
vn -0.207912 -0.978148 -9.92166e-15 
vn 0.587785 -0.809017 1.87644e-14 
vn 0.866025 -0.5 2.94445e-14 
vn 0.994522 -0.104528 3.50334e-14 
vn 0.951057 0.309017 3.45646e-14 
vn 0.743145 0.669131 2.81194e-14 
vn 0.406737 0.913545 1.6812e-14 
vn -3.54994e-14 -2.59769e-15 1 
vn 3.19827e-15 1 2.59769e-15 
vn -3.19827e-15 -1 -2.59769e-15 
vn -0.985025 0.172414 -3.45199e-14 
vn -0.826843 0.562432 -2.78914e-14 
vn -0.522199 0.852824 -1.63224e-14 
vn -0.125054 0.99215 -1.86205e-15 
vn 0.294242 0.955731 1.29281e-14 
vn 0.661417 0.750018 2.54282e-14 
vn 0.911432 0.41145 3.34241e-14 
vn 1 -2.96599e-14 3.54994e-14 
vn 0.911432 -0.41145 3.12865e-14 
vn 0.661417 -0.750018 2.15316e-14 
vn 0.294242 -0.955731 7.96271e-15 
vn -0.125054 -0.99215 -7.01665e-15 
vn -0.522199 -0.852824 -2.07531e-14 
vn -0.826843 -0.562432 -3.08135e-14 
vn -0.985025 -0.172414 -3.54156e-14 
vn -0.993372 -0.114943 -3.55627e-14 
vn -0.993372 0.114943 -3.49655e-14 
vn 3.19827e-15 1 2.59769e-15 
vn -3.19827e-15 -1 -2.59769e-15 
vn -3.54994e-14 -2.59769e-15 1 
vn 1 -3.19827e-15 3.54994e-14 
vn 3.54994e-14 2.59769e-15 -1 
vn -3.54994e-14 -2.59769e-15 1 
vn -3.38039e-15 -1 -2.59769e-15 
vn -1 3.19827e-15 -3.54994e-14 
vn 3.38039e-15 1 2.59769e-15 
usemtl 0.776471_0.756863_0.737255_0.000000_0.000000
o mesh260
f 4219//5569 4203//5569 4204//5569 
f 4204//5569 4205//5569 4219//5569 
f 4205//5569 4206//5569 4219//5569 
f 4206//5569 4207//5569 4219//5569 
f 4207//5569 4208//5569 4219//5569 
f 4208//5569 4209//5569 4219//5569 
f 4209//5569 4210//5569 4219//5569 
f 4210//5569 4211//5569 4219//5569 
f 4211//5569 4212//5569 4219//5569 
f 4212//5569 4213//5569 4219//5569 
f 4213//5569 4214//5569 4219//5569 
f 4214//5569 4215//5569 4219//5569 
f 4215//5569 4216//5569 4219//5569 
f 4216//5569 4217//5569 4219//5569 
f 4217//5569 4218//5569 4219//5569 
f 4218//5569 4203//5569 4219//5569 
o mesh261
f 4211//5570 4210//5571 4220//5571 
f 4212//5572 4211//5570 4221//5573 
f 4213//5574 4212//5572 4222//5575 
f 4214//5576 4213//5574 4223//5577 
f 4215//5578 4214//5576 4224//5579 
f 4216//5580 4215//5578 4225//5581 
f 4217//5582 4216//5580 4226//5583 
f 4227//5584 4203//5584 4218//5585 
f 4217//5582 4228//5586 4229//5585 
f 4229//5585 4218//5585 4217//5582 
f 4204//5587 4203//5584 4227//5584 
f 4205//5588 4204//5587 4230//5587 
f 4206//5589 4205//5588 4231//5588 
f 4207//5590 4206//5589 4232//5589 
f 4208//5591 4207//5590 4233//5590 
f 4209//5592 4208//5591 4234//5591 
f 4210//5571 4209//5592 4235//5592 
f 4235//5592 4220//5571 4210//5571 
f 4234//5591 4235//5592 4209//5592 
f 4233//5590 4234//5591 4208//5591 
f 4232//5589 4233//5590 4207//5590 
f 4231//5588 4232//5589 4206//5589 
f 4230//5587 4231//5588 4205//5588 
f 4227//5584 4230//5587 4204//5587 
f 4218//5585 4229//5585 4227//5584 
f 4226//5583 4228//5586 4217//5582 
f 4225//5581 4226//5583 4216//5580 
f 4224//5579 4225//5581 4215//5578 
f 4223//5577 4224//5579 4214//5576 
f 4222//5575 4223//5577 4213//5574 
f 4221//5573 4222//5575 4212//5572 
f 4220//5571 4221//5573 4211//5570 
o mesh262
f 4236//5593 4235//5593 4234//5593 
f 4237//5593 4222//5593 4221//5593 
f 4238//5593 4223//5593 4222//5593 
f 4239//5593 4225//5593 4224//5593 
f 4240//5593 4226//5593 4225//5593 
f 4241//5593 4228//5593 4226//5593 
f 4241//5593 4242//5593 4229//5593 
f 4234//5593 4243//5593 4236//5593 
f 4244//5593 4220//5593 4235//5593 
f 4222//5593 4237//5593 4238//5593 
f 4245//5593 4224//5593 4223//5593 
f 4225//5593 4239//5593 4240//5593 
f 4229//5593 4228//5593 4241//5593 
f 4246//5593 4230//5593 4227//5593 
f 4247//5593 4231//5593 4230//5593 
f 4231//5593 4247//5593 4248//5593 
f 4235//5593 4236//5593 4244//5593 
f 4249//5593 4221//5593 4220//5593 
f 4223//5593 4238//5593 4245//5593 
f 4226//5593 4240//5593 4241//5593 
f 4227//5593 4242//5593 4246//5593 
f 4248//5593 4250//5593 4231//5593 
f 4220//5593 4244//5593 4249//5593 
f 4224//5593 4245//5593 4239//5593 
f 4251//5593 4234//5593 4233//5593 
f 4252//5593 4251//5593 4253//5593 
f 4232//5593 4250//5593 4253//5593 
f 4254//5593 4255//5593 4250//5593 
f 4230//5593 4246//5593 4247//5593 
f 4221//5593 4249//5593 4237//5593 
f 4253//5593 4256//5593 4252//5593 
f 4253//5593 4233//5593 4232//5593 
f 4227//5593 4229//5593 4242//5593 
f 4233//5593 4253//5593 4251//5593 
f 4250//5593 4248//5593 4254//5593 
f 4232//5593 4231//5593 4250//5593 
f 4234//5593 4251//5593 4243//5593 
o mesh263
f 4248//5594 4257//5594 4258//5594 
f 4258//5594 4254//5594 4248//5594 
o mesh264
f 4252//5595 4259//5595 4260//5595 
f 4260//5595 4251//5595 4252//5595 
o mesh265
f 4257//5596 4248//5596 4247//5597 
f 4261//5597 4247//5597 4246//5598 
f 4262//5598 4246//5598 4242//5599 
f 4263//5599 4242//5599 4241//5600 
f 4264//5600 4241//5600 4240//5601 
f 4265//5601 4240//5601 4239//5602 
f 4266//5602 4239//5602 4245//5603 
f 4267//5603 4245//5603 4238//5604 
f 4268//5604 4238//5604 4237//5605 
f 4269//5605 4237//5605 4249//5606 
f 4270//5606 4249//5606 4244//5607 
f 4271//5607 4244//5607 4236//5608 
f 4272//5608 4236//5608 4243//5609 
f 4273//5609 4243//5609 4251//5610 
f 4251//5610 4260//5610 4273//5609 
f 4243//5609 4273//5609 4272//5608 
f 4236//5608 4272//5608 4271//5607 
f 4244//5607 4271//5607 4270//5606 
f 4249//5606 4270//5606 4269//5605 
f 4237//5605 4269//5605 4268//5604 
f 4238//5604 4268//5604 4267//5603 
f 4245//5603 4267//5603 4266//5602 
f 4239//5602 4266//5602 4265//5601 
f 4240//5601 4265//5601 4264//5600 
f 4241//5600 4264//5600 4263//5599 
f 4242//5599 4263//5599 4262//5598 
f 4246//5598 4262//5598 4261//5597 
f 4247//5597 4261//5597 4257//5596 
o mesh266
f 4274//5611 4253//5611 4250//5612 
f 4250//5612 4275//5612 4274//5611 
o mesh267
f 4253//5613 4274//5613 4276//5613 
f 4276//5613 4256//5613 4253//5613 
o mesh268
f 4277//5614 4275//5614 4250//5614 
f 4250//5614 4255//5614 4277//5614 
o mesh269
f 4276//5615 4274//5615 4275//5615 
f 4275//5615 4277//5615 4276//5615 
o mesh270
f 4278//5616 4279//5616 4254//5616 
f 4279//5616 4256//5616 4255//5616 
f 4255//5616 4254//5616 4279//5616 
f 4277//5616 4255//5616 4256//5616 
f 4256//5616 4276//5616 4277//5616 
f 4280//5616 4252//5616 4256//5616 
f 4256//5616 4279//5616 4280//5616 
f 4281//5616 4259//5616 4252//5616 
f 4252//5616 4280//5616 4281//5616 
f 4254//5616 4258//5616 4278//5616 
o mesh271
f 4264//5617 4269//5617 4270//5617 
f 4268//5617 4265//5617 4266//5617 
f 4257//5617 4261//5617 4262//5617 
f 4264//5617 4268//5617 4269//5617 
f 4268//5617 4264//5617 4265//5617 
f 4273//5617 4260//5617 4263//5617 
f 4264//5617 4271//5617 4272//5617 
f 4263//5617 4260//5617 4257//5617 
f 4258//5617 4257//5617 4260//5617 
f 4266//5617 4267//5617 4268//5617 
f 4272//5617 4273//5617 4264//5617 
f 4260//5617 4259//5617 4258//5617 
f 4263//5617 4264//5617 4273//5617 
f 4270//5617 4271//5617 4264//5617 
f 4282//5617 4278//5617 4258//5617 
f 4283//5617 4282//5617 4259//5617 
f 4258//5617 4259//5617 4282//5617 
f 4262//5617 4263//5617 4257//5617 
f 4259//5617 4281//5617 4283//5617 
o mesh272
f 4284//5618 4280//5618 4279//5618 
f 4279//5618 4285//5618 4284//5618 
o mesh273
f 4284//5619 4283//5619 4281//5619 
f 4281//5619 4280//5619 4284//5619 
o mesh274
f 4285//5620 4282//5620 4283//5620 
f 4283//5620 4284//5620 4285//5620 
o mesh275
f 4279//5621 4278//5621 4282//5621 
f 4282//5621 4285//5621 4279//5621 
