<?xml version="1.0" encoding="UTF-8" standalone="no" ?>
<COLLADA version="1.4.1" xmlns="http://www.collada.org/2005/11/COLLADASchema">

  <asset>
    <contributor>
      <authoring_tool>ONSHAPE BY PTC INC, 1.211</authoring_tool>
    </contributor>
    <created>2026-03-13T15:05:12</created>
    <modified>2026-03-13T15:05:12</modified>
    <unit meter="1" name="meters"/>
    <up_axis>Z_UP</up_axis>
  </asset>

  <library_materials>
    <material id="ID10" name="ID10">
      <instance_effect url="#ID10-fx"/>
    </material>
  </library_materials>

  <library_effects>
    <effect id="ID10-fx" name="ID10">
      <profile_COMMON>
        <technique sid="COMMON">
          <lambert>
            <diffuse>
              <color sid="diffuse">1 0.945098 0.901961 1</color>
            </diffuse>
            <transparent opaque="A_ONE">
              <color sid="transparent">1 1 1 1</color>
            </transparent>
            <transparency>
              <float sid="transparency">1</float>
            </transparency>
          </lambert>
        </technique>
        <extra>
          <technique profile="OTHER">
            <double_sided>1</double_sided>
          </technique>
        </extra>
      </profile_COMMON>
    </effect>
  </library_effects>

  <library_geometries>
    <geometry id="ID4">
      <mesh>
        <source id="ID5">
          <float_array count="72" id="ID6">-0.065 0 0.050215 -0.065 -0.003 0.050215 -0.065 -0.003 -0.050215 -0.065 0 -0.050215 0.065 0 -0.050215 -0.065 -0.003 -0.050215 0.065 -0.003 -0.050215 -0.065 0 -0.050215 0.065 -0.003 -0.050215 0.065 -0.003 0.050215 0.065 0 0.050215 0.065 0 -0.050215 0.065 0 0.050215 0.065 -0.003 0.050215 -0.065 -0.003 0.050215 -0.065 0 0.050215 -0.065 -0.003 0.050215 0.065 -0.003 0.050215 0.065 -0.003 -0.050215 -0.065 -0.003 -0.050215 -0.065 0 0.050215 0.065 0 -0.050215 0.065 0 0.050215 -0.065 0 -0.050215</float_array>
          <technique_common>
            <accessor count="24" source="#ID6" stride="3">
              <param name="X" type="float"/>
              <param name="Y" type="float"/>
              <param name="Z" type="float"/>
            </accessor>
          </technique_common>
        </source>
        <source id="ID7">
          <float_array count="72" id="ID8">-1 -0 -2.76367e-16 -1 -0 -2.76367e-16 -1 -0 -2.76367e-16 -1 -0 -2.76367e-16 -0 -0 -1 -0 -0 -1 -0 -0 -1 -0 -0 -1 1 0 2.76367e-16 1 0 2.76367e-16 1 0 2.76367e-16 1 0 2.76367e-16 0 0 1 0 0 1 0 0 1 0 0 1 0 -1 0 0 -1 0 0 -1 0 0 -1 0 0 1 0 0 1 0 0 1 0 0 1 0</float_array>
          <technique_common>
            <accessor count="24" source="#ID8" stride="3">
              <param name="X" type="float"/>
              <param name="Y" type="float"/>
              <param name="Z" type="float"/>
            </accessor>
          </technique_common>
        </source>
        <vertices id="ID9">
          <input semantic="POSITION" source="#ID5"/>
          <input semantic="NORMAL" source="#ID7"/>
        </vertices>
        <triangles count="12" material="ID10">
          <input offset="0" semantic="VERTEX" source="#ID9"/>
          <p>0 2 1 0 3 2 4 6 5 5 7 4 8 10 9 10 8 11 12 14 13 14 12 15 16 18 17 18 16 19 20 22 21 21 23 20</p>
        </triangles>
      </mesh>
    </geometry>
    <geometry id="ID12">
      <mesh>
        <source id="ID13">
          <float_array count="9528" id="ID14">0.0391213 0.0391213 0.92257 0.0391213 0.0391213 0 0.0387634 0.0394271 0 0.038362 0.039673 0 0.0387634 0.0394271 0.92257 0.0379271 0.0398532 0 0.038362 0.039673 0.92257 0.0379271 0.0398532 0.92257 0.0374693 0.0399631 0 0.037 0.04 0 0.0374693 0.0399631 0.92257 0.037 0.04 0.92257 0.0394271 0.0387634 0.92257 0.0394271 0.0387634 0 0.039673 0.038362 0.92257 0.0398532 0.0379271 0.92257 0.039673 0.038362 0 0.0399631 0.0374693 0.92257 0.0398532 0.0379271 0 0.0399631 0.0374693 0 0.04 0.037 0.92257 0.04 0.037 0 0.0255 0.04 0.307523 0.037 0.04 0 0.0255 0.04 0 0.037 0.04 0.92257 0.0255 0.04 0.615047 0.0255 0.04 0.92257 0.0242865 0.0393817 0.307523 0.0241635 0.039181 0 0.0241635 0.039181 0.307523 0.0240185 0.0387347 0 0.0240734 0.0389635 0.307523 0.0240734 0.0389635 0 0.0241635 0.039181 0.615047 0.0242865 0.0393817 0.615047 0.0240185 0.0387347 0.307523 0.0240734 0.0389635 0.615047 0.024 0.0385 0.615047 0.0240185 0.0387347 0.615047 0.024 0.0385 0.307523 0.0240185 0.0387347 0.92257 0.024 0.0385 0.92257 0.0240734 0.0389635 0.92257 0.024 0.0385 0 0.0242865 0.0393817 0 0.0246183 0.0397135 0.92257 0.0246183 0.0397135 0.615047 0.0244393 0.0395607 0.615047 0.0244393 0.0395607 0.307523 0.0246183 0.0397135 0.307523 0.0244393 0.0395607 0 0.024819 0.0398365 0.307523 0.024819 0.0398365 0.615047 0.0246183 0.0397135 0 0.0252653 0.0399815 0.615047 0.0252653 0.0399815 0.307523 0.0250365 0.0399266 0.307523 0.0250365 0.0399266 0.615047 0.0255 0.04 0.92257 0.0255 0.04 0.615047 0.0250365 0.0399266 0 0.0252653 0.0399815 0 0.0255 0.04 0 0.0255 0.04 0.307523 0.024819 0.0398365 0 0.0241635 0.039181 0.92257 0.0242865 0.0393817 0.92257 0.0244393 0.0395607 0.92257 0.024819 0.0398365 0.92257 0.0250365 0.0399266 0.92257 0.0252653 0.0399815 0.92257 0.024 0.0385 0.307523 0.024 0.037 0 0.024 0.037 0.307523 0.024 0.037 0.615047 0.024 0.0385 0.615047 0.024 0.037 0.92257 0.024 0.0385 0.92257 0.024 0.0385 0 0.0246183 0.0357865 0.307523 0.024819 0.0356635 0 0.024819 0.0356635 0.307523 0.0252653 0.0355185 0 0.0250365 0.0355734 0.307523 0.0250365 0.0355734 0 0.024819 0.0356635 0.615047 0.0246183 0.0357865 0.615047 0.0252653 0.0355185 0.307523 0.0250365 0.0355734 0.615047 0.0255 0.0355 0.615047 0.0252653 0.0355185 0.615047 0.0255 0.0355 0.307523 0.0252653 0.0355185 0.92257 0.0255 0.0355 0.92257 0.0250365 0.0355734 0.92257 0.0255 0.0355 0 0.0246183 0.0357865 0 0.0242865 0.0361183 0.92257 0.0242865 0.0361183 0.615047 0.0244393 0.0359393 0.615047 0.0244393 0.0359393 0.307523 0.0242865 0.0361183 0.307523 0.0244393 0.0359393 0 0.0241635 0.036319 0.307523 0.0241635 0.036319 0.615047 0.0242865 0.0361183 0 0.0240185 0.0367653 0.615047 0.0240185 0.0367653 0.307523 0.0240734 0.0365365 0.307523 0.0240734 0.0365365 0.615047 0.024 0.037 0.92257 0.024 0.037 0.615047 0.0240734 0.0365365 0 0.0240185 0.0367653 0 0.024 0.037 0 0.024 0.037 0.307523 0.0241635 0.036319 0 0.024819 0.0356635 0.92257 0.0246183 0.0357865 0.92257 0.0244393 0.0359393 0.92257 0.0241635 0.036319 0.92257 0.0240734 0.0365365 0.92257 0.0240185 0.0367653 0.92257 0.03 0.0355 0.184514 0.0255 0.0355 0 0.03 0.0355 0 0.03 0.0355 0.553542 0.0255 0.0355 0.615047 0.03 0.0355 0.369028 0.03 0.0355 0.738056 0.0255 0.0355 0.307523 0.03 0.0355 0.92257 0.0255 0.0355 0.92257 0.030454 0.035391 0.184514 0.0305878 0.035309 0.369028 0.030454 0.035391 0.369028 0.0301564 0.0354877 0.92257 0.03 0.0355 0.738056 0.0301564 0.0354877 0.738056 0.03 0.0355 0.553542 0.0301564 0.0354877 0.553542 0.030891 0.034954 0.184514 0.0309511 0.034809 0.369028 0.030891 0.034954 0.369028 0.030309 0.0354511 0.92257 0.0307071 0.0352071 0.738056 0.030809 0.0350878 0.92257 0.0307071 0.0352071 0.92257 0.03 0.0355 0.92257 0.0307071 0.0352071 0.369028 0.0305878 0.035309 0.184514 0.030809 0.0350878 0.738056 0.0309511 0.034809 0.184514 0.030891 0.034954 0 0.0309511 0.034809 0 0.0309877 0.0346564 0.553542 0.0309877 0.0346564 0.738056 0.0309511 0.034809 0.553542 0.031 0.0345 0.738056 0.031 0.0345 0.553542 0.031 0.0345 0.92257 0.0309877 0.0346564 0.184514 0.0309877 0.0346564 0 0.030809 0.0350878 0.184514 0.030809 0.0350878 0.369028 0.031 0.0345 0 0.031 0.0345 0.184514 0.0309511 0.034809 0.92257 0.0309511 0.034809 0.738056 0.0309877 0.0346564 0.92257 0.0307071 0.0352071 0.184514 0.030309 0.0354511 0.369028 0.030309 0.0354511 0.184514 0.030891 0.034954 0.92257 0.0301564 0.0354877 0.369028 0.0301564 0.0354877 0.184514 0.0305878 0.035309 0.738056 0.0305878 0.035309 0.92257 0.03 0.0355 0.369028 0.030454 0.035391 0.738056 0.030454 0.035391 0.92257 0.03 0.0355 0.184514 0.03 0.0355 0 0.030309 0.0354511 0.738056 0.030309 0.0354511 0.553542 0.0301564 0.0354877 0 0.030309 0.0354511 0 0.030454 0.035391 0.553542 0.0305878 0.035309 0.553542 0.030454 0.035391 0 0.0305878 0.035309 0 0.0307071 0.0352071 0.553542 0.030809 0.0350878 0.553542 0.0307071 0.0352071 0 0.030891 0.034954 0.738056 0.030809 0.0350878 0 0.030891 0.034954 0.553542 0.0309877 0.0346564 0.369028 0.031 0.0345 0.369028 0.031 0.0343107 0.131796 0.031 0.0345 0 0.031 0.0343107 0 0.031 0.0343107 0.263591 0.031 0.0345 0.369028 0.031 0.0345 0.184514 0.031 0.0345 0.553542 0.031 0.0343107 0.658979 0.031 0.0345 0.738056 0.031 0.0343107 0.395387 0.031 0.0345 0.92257 0.031 0.0343107 0.790774 0.031 0.0343107 0.92257 0.031 0.0343107 0.527183 0.0307803 0.0337803 0.92257 0.0308568 0.0338698 0.790774 0.0307803 0.0337803 0.790774 0.0307803 0.0337803 0.658979 0.0308568 0.0338698 0.658979 0.0309183 0.0339702 0.658979 0.0309183 0.0339702 0.92257 0.0309633 0.0340789 0.92257 0.0309633 0.0340789 0.790774 0.0309183 0.0339702 0.527183 0.0309633 0.0340789 0.527183 0.0309633 0.0340789 0.395387 0.031 0.0343107 0.790774 0.0309908 0.0341933 0.92257 0.031 0.0343107 0.92257 0.0309908 0.0341933 0.790774 0.031 0.0343107 0.658979 0.0309908 0.0341933 0.658979 0.0308568 0.0338698 0.92257 0.0309908 0.0341933 0.527183 0.031 0.0343107 0.527183 0.0309183 0.0339702 0.790774 0.031 0.0343107 0.395387 0.0309908 0.0341933 0.395387 0.0308568 0.0338698 0.131796 0.0309183 0.0339702 0 0.0308568 0.0338698 0 0.0309633 0.0340789 0.131796 0.0309633 0.0340789 0.263591 0.0309908 0.0341933 0.131796 0.0309183 0.0339702 0.263591 0.0309183 0.0339702 0.395387 0.0309183 0.0339702 0.131796 0.031 0.0343107 0.263591 0.0307803 0.0337803 0.131796 0.0307803 0.0337803 0 0.0309908 0.0341933 0.263591 0.031 0.0343107 0.131796 0.031 0.0343107 0 0.0309633 0.0340789 0.658979 0.0309908 0.0341933 0 0.0309633 0.0340789 0 0.0308568 0.0338698 0.527183 0.0308568 0.0338698 0.395387 0.0308568 0.0338698 0.263591 0.0307803 0.0337803 0.527183 0.0307803 0.0337803 0.395387 0.0307803 0.0337803 0.263591 0.0307803 0.0337803 0.790774 0.0260251 0.0290251 0.92257 0.0307803 0.0337803 0.92257 0.0307803 0.0337803 0.658979 0.0307803 0.0337803 0.131796 0.0307803 0.0337803 0 0.0260251 0.0290251 1.13687e-16 0.0307803 0.0337803 0.527183 0.0307803 0.0337803 0.395387 0.0307803 0.0337803 0.263591 0.0256075 0.0286684 0.92257 0.0260251 0.0290251 0.92257 0.0260251 0.0290251 1.13687e-16 0.0240978 0.0280431 0.92257 0.0246318 0.0281713 0.92257 0.0246318 0.0281713 0 0.0251392 0.0283815 0.92257 0.0256075 0.0286684 0 0.0251392 0.0283815 0 0.0235503 0.028 0.92257 0.0240978 0.0280431 0 0.0235503 0.028 0 0.0235503 0.028 0.92257 0.0164497 0.028 0 0.0164497 0.028 0.92257 0.0235503 0.028 0 0.0159022 0.0280431 0.92257 0.0164497 0.028 0.92257 0.0164497 0.028 0 0.0143925 0.0286684 0.92257 0.0148608 0.0283815 0.92257 0.0148608 0.0283815 0 0.0153682 0.0281713 0.92257 0.0159022 0.0280431 0 0.0153682 0.0281713 0 0.0139749 0.0290251 0.92257 0.0143925 0.0286684 0 0.0139749 0.0290251 0 0.00921967 0.0337803 0.131796 0.0139749 0.0290251 0 0.00921967 0.0337803 0 0.00921967 0.0337803 0.790774 0.00921967 0.0337803 0.92257 0.0139749 0.0290251 0.92257 0.00921967 0.0337803 0.263591 0.00921967 0.0337803 0.395387 0.00921967 0.0337803 0.527183 0.00921967 0.0337803 0.658979 0.009 0.0343107 0.92257 0.00900923 0.0341933 0.790774 0.009 0.0343107 0.790774 0.009 0.0343107 0.658979 0.00900923 0.0341933 0.658979 0.00903671 0.0340789 0.658979 0.00903671 0.0340789 0.92257 0.00908175 0.0339702 0.92257 0.00908175 0.0339702 0.790774 0.00903671 0.0340789 0.527183 0.00908175 0.0339702 0.527183 0.00908175 0.0339702 0.395387 0.00921967 0.0337803 0.790774 0.00914324 0.0338698 0.92257 0.00921967 0.0337803 0.92257 0.00914324 0.0338698 0.790774 0.00921967 0.0337803 0.658979 0.00914324 0.0338698 0.658979 0.00900923 0.0341933 0.92257 0.00914324 0.0338698 0.527183 0.00921967 0.0337803 0.527183 0.00903671 0.0340789 0.790774 0.00921967 0.0337803 0.395387 0.00914324 0.0338698 0.395387 0.00900923 0.0341933 0.131796 0.00903671 0.0340789 0 0.00900923 0.0341933 0 0.00908175 0.0339702 0.131796 0.00908175 0.0339702 0.263591 0.00914324 0.0338698 0.131796 0.00903671 0.0340789 0.263591 0.00903671 0.0340789 0.395387 0.00903671 0.0340789 0.131796 0.00921967 0.0337803 0.263591 0.009 0.0343107 0.131796 0.009 0.0343107 0 0.00914324 0.0338698 0.263591 0.00921967 0.0337803 0.131796 0.00921967 0.0337803 0 0.00908175 0.0339702 0.658979 0.00914324 0.0338698 0 0.00908175 0.0339702 0 0.00900923 0.0341933 0.527183 0.00900923 0.0341933 0.395387 0.00900923 0.0341933 0.263591 0.009 0.0343107 0.527183 0.009 0.0343107 0.395387 0.009 0.0343107 0.263591 0.009 0.0343107 0.131796 0.009 0.0345 0 0.009 0.0345 0.184514 0.009 0.0345 0.369028 0.009 0.0343107 0.527183 0.009 0.0343107 0.395387 0.009 0.0343107 0.790774 0.009 0.0345 0.738056 0.009 0.0345 0.92257 0.009 0.0343107 0.658979 0.009 0.0345 0.553542 0.009 0.0343107 0.92257 0.009 0.0343107 0.263591 0.009 0.0343107 0 0.00910899 0.034954 0.184514 0.00919098 0.0350878 0.369028 0.00910899 0.034954 0.369028 0.00901231 0.0346564 0.92257 0.009 0.0345 0.738056 0.00901231 0.0346564 0.738056 0.009 0.0345 0.553542 0.00901231 0.0346564 0.553542 0.00954601 0.035391 0.184514 0.00969098 0.0354511 0.369028 0.00954601 0.035391 0.369028 0.00904894 0.034809 0.92257 0.00929289 0.0352071 0.738056 0.00941221 0.035309 0.92257 0.00929289 0.0352071 0.92257 0.009 0.0345 0.92257 0.00929289 0.0352071 0.369028 0.00919098 0.0350878 0.184514 0.00941221 0.035309 0.738056 0.00969098 0.0354511 0.184514 0.00954601 0.035391 0 0.00969098 0.0354511 0 0.00984357 0.0354877 0.553542 0.00984357 0.0354877 0.738056 0.00969098 0.0354511 0.553542 0.01 0.0355 0.738056 0.01 0.0355 0.553542 0.01 0.0355 0.92257 0.00984357 0.0354877 0.184514 0.00984357 0.0354877 0 0.00941221 0.035309 0.184514 0.00941221 0.035309 0.369028 0.01 0.0355 0 0.01 0.0355 0.184514 0.00969098 0.0354511 0.92257 0.00969098 0.0354511 0.738056 0.00984357 0.0354877 0.92257 0.00929289 0.0352071 0.184514 0.00904894 0.034809 0.369028 0.00904894 0.034809 0.184514 0.00954601 0.035391 0.92257 0.00901231 0.0346564 0.369028 0.00901231 0.0346564 0.184514 0.00919098 0.0350878 0.738056 0.00919098 0.0350878 0.92257 0.009 0.0345 0.369028 0.00910899 0.034954 0.738056 0.00910899 0.034954 0.92257 0.009 0.0345 0.184514 0.009 0.0345 0 0.00904894 0.034809 0.738056 0.00904894 0.034809 0.553542 0.00901231 0.0346564 0 0.00904894 0.034809 0 0.00910899 0.034954 0.553542 0.00919098 0.0350878 0.553542 0.00910899 0.034954 0 0.00919098 0.0350878 0 0.00929289 0.0352071 0.553542 0.00941221 0.035309 0.553542 0.00929289 0.0352071 0 0.00954601 0.035391 0.738056 0.00941221 0.035309 0 0.00954601 0.035391 0.553542 0.00984357 0.0354877 0.369028 0.01 0.0355 0.369028 0.01 0.0355 0.184514 0.0145 0.0355 0 0.0145 0.0355 0.307523 0.0145 0.0355 0.615047 0.01 0.0355 0.738056 0.01 0.0355 0.553542 0.0145 0.0355 0.92257 0.01 0.0355 0.92257 0.01 0.0355 0.369028 0.01 0.0355 0 0.0157135 0.0361183 0.307523 0.0158365 0.036319 0 0.0158365 0.036319 0.307523 0.0159815 0.0367653 0 0.0159266 0.0365365 0.307523 0.0159266 0.0365365 0 0.0158365 0.036319 0.615047 0.0157135 0.0361183 0.615047 0.0159815 0.0367653 0.307523 0.0159266 0.0365365 0.615047 0.016 0.037 0.615047 0.0159815 0.0367653 0.615047 0.016 0.037 0.307523 0.0159815 0.0367653 0.92257 0.016 0.037 0.92257 0.0159266 0.0365365 0.92257 0.016 0.037 0 0.0157135 0.0361183 0 0.0153817 0.0357865 0.92257 0.0153817 0.0357865 0.615047 0.0155607 0.0359393 0.615047 0.0155607 0.0359393 0.307523 0.0153817 0.0357865 0.307523 0.0155607 0.0359393 0 0.015181 0.0356635 0.307523 0.015181 0.0356635 0.615047 0.0153817 0.0357865 0 0.0147347 0.0355185 0.615047 0.0147347 0.0355185 0.307523 0.0149635 0.0355734 0.307523 0.0149635 0.0355734 0.615047 0.0145 0.0355 0.92257 0.0145 0.0355 0.615047 0.0149635 0.0355734 0 0.0147347 0.0355185 0 0.0145 0.0355 0 0.0145 0.0355 0.307523 0.015181 0.0356635 0 0.0158365 0.036319 0.92257 0.0157135 0.0361183 0.92257 0.0155607 0.0359393 0.92257 0.015181 0.0356635 0.92257 0.0149635 0.0355734 0.92257 0.0147347 0.0355185 0.92257 0.016 0.037 0.307523 0.016 0.0385 0 0.016 0.0385 0.307523 0.016 0.0385 0.615047 0.016 0.037 0.615047 0.016 0.0385 0.92257 0.016 0.037 0.92257 0.016 0.037 0 0.0153817 0.0397135 0.307523 0.015181 0.0398365 0 0.015181 0.0398365 0.307523 0.0147347 0.0399815 0 0.0149635 0.0399266 0.307523 0.0149635 0.0399266 0 0.015181 0.0398365 0.615047 0.0153817 0.0397135 0.615047 0.0147347 0.0399815 0.307523 0.0149635 0.0399266 0.615047 0.0145 0.04 0.615047 0.0147347 0.0399815 0.615047 0.0145 0.04 0.307523 0.0147347 0.0399815 0.92257 0.0145 0.04 0.92257 0.0149635 0.0399266 0.92257 0.0145 0.04 0 0.0153817 0.0397135 0 0.0157135 0.0393817 0.92257 0.0157135 0.0393817 0.615047 0.0155607 0.0395607 0.615047 0.0155607 0.0395607 0.307523 0.0157135 0.0393817 0.307523 0.0155607 0.0395607 0 0.0158365 0.039181 0.307523 0.0158365 0.039181 0.615047 0.0157135 0.0393817 0 0.0159815 0.0387347 0.615047 0.0159815 0.0387347 0.307523 0.0159266 0.0389635 0.307523 0.0159266 0.0389635 0.615047 0.016 0.0385 0.92257 0.016 0.0385 0.615047 0.0159266 0.0389635 0 0.0159815 0.0387347 0 0.016 0.0385 0 0.016 0.0385 0.307523 0.0158365 0.039181 0 0.015181 0.0398365 0.92257 0.0153817 0.0397135 0.92257 0.0155607 0.0395607 0.92257 0.0158365 0.039181 0.92257 0.0159266 0.0389635 0.92257 0.0159815 0.0387347 0.92257 0.0145 0.04 0.615047 0.003 0.04 0.92257 0.0145 0.04 0.92257 0.003 0.04 0 0.0145 0.04 0 0.0145 0.04 0.307523 0.00087868 0.0391213 0.92257 0.00087868 0.0391213 0 0.000572949 0.0387634 0 0.00032698 0.038362 0 0.000572949 0.0387634 0.92257 0.00014683 0.0379271 0 0.00032698 0.038362 0.92257 0.00014683 0.0379271 0.92257 3.6935e-05 0.0374693 0 -4.95159e-17 0.037 0 3.6935e-05 0.0374693 0.92257 -4.95159e-17 0.037 0.92257 0.00123664 0.0394271 0.92257 0.00123664 0.0394271 0 0.00163803 0.039673 0.92257 0.00207295 0.0398532 0.92257 0.00163803 0.039673 0 0.0025307 0.0399631 0.92257 0.00207295 0.0398532 0 0.0025307 0.0399631 0 0.003 0.04 0.92257 0.003 0.04 0 -4.996e-17 0.0255 0.307523 -4.95159e-17 0.037 0 -4.85723e-17 0.0255 0 -4.95159e-17 0.037 0.92257 -4.996e-17 0.0255 0.615047 -4.85723e-17 0.0255 0.92257 0.000618322 0.0242865 0.307523 0.000819014 0.0241635 0 0.000819014 0.0241635 0.307523 0.00126535 0.0240185 0 0.00103647 0.0240734 0.307523 0.00103647 0.0240734 0 0.000819014 0.0241635 0.615047 0.000618322 0.0242865 0.615047 0.00126535 0.0240185 0.307523 0.00103647 0.0240734 0.615047 0.0015 0.024 0.615047 0.00126535 0.0240185 0.615047 0.0015 0.024 0.307523 0.00126535 0.0240185 0.92257 0.0015 0.024 0.92257 0.00103647 0.0240734 0.92257 0.0015 0.024 0 0.000618322 0.0242865 0 0.000286475 0.0246183 0.92257 0.000286475 0.0246183 0.615047 0.00043934 0.0244393 0.615047 0.00043934 0.0244393 0.307523 0.000286475 0.0246183 0.307523 0.00043934 0.0244393 0 0.00016349 0.024819 0.307523 0.00016349 0.024819 0.615047 0.000286475 0.0246183 0 1.84675e-05 0.0252653 0.615047 1.84675e-05 0.0252653 0.307523 7.34152e-05 0.0250365 0.307523 7.34152e-05 0.0250365 0.615047 -4.85723e-17 0.0255 0.92257 -4.996e-17 0.0255 0.615047 7.34152e-05 0.0250365 0 1.84675e-05 0.0252653 0 -4.85723e-17 0.0255 0 -4.996e-17 0.0255 0.307523 0.00016349 0.024819 0 0.000819014 0.0241635 0.92257 0.000618322 0.0242865 0.92257 0.00043934 0.0244393 0.92257 0.00016349 0.024819 0.92257 7.34152e-05 0.0250365 0.92257 1.84675e-05 0.0252653 0.92257 0.0015 0.024 0.307523 0.003 0.024 0 0.003 0.024 0.307523 0.003 0.024 0.615047 0.0015 0.024 0.615047 0.003 0.024 0.92257 0.0015 0.024 0.92257 0.0015 0.024 0 0.00421353 0.0246183 0.307523 0.00433651 0.024819 0 0.00433651 0.024819 0.307523 0.00448153 0.0252653 0 0.00442658 0.0250365 0.307523 0.00442658 0.0250365 0 0.00433651 0.024819 0.615047 0.00421353 0.0246183 0.615047 0.00448153 0.0252653 0.307523 0.00442658 0.0250365 0.615047 0.0045 0.0255 0.615047 0.00448153 0.0252653 0.615047 0.0045 0.0255 0.307523 0.00448153 0.0252653 0.92257 0.0045 0.0255 0.92257 0.00442658 0.0250365 0.92257 0.0045 0.0255 0 0.00421353 0.0246183 0 0.00388168 0.0242865 0.92257 0.00388168 0.0242865 0.615047 0.00406066 0.0244393 0.615047 0.00406066 0.0244393 0.307523 0.00388168 0.0242865 0.307523 0.00406066 0.0244393 0 0.00368099 0.0241635 0.307523 0.00368099 0.0241635 0.615047 0.00388168 0.0242865 0 0.00323465 0.0240185 0.615047 0.00323465 0.0240185 0.307523 0.00346353 0.0240734 0.307523 0.00346353 0.0240734 0.615047 0.003 0.024 0.92257 0.003 0.024 0.615047 0.00346353 0.0240734 0 0.00323465 0.0240185 0 0.003 0.024 0 0.003 0.024 0.307523 0.00368099 0.0241635 0 0.00433651 0.024819 0.92257 0.00421353 0.0246183 0.92257 0.00406066 0.0244393 0.92257 0.00368099 0.0241635 0.92257 0.00346353 0.0240734 0.92257 0.00323465 0.0240185 0.92257 0.0045 0.03 0.184514 0.0045 0.0255 0 0.0045 0.03 0 0.0045 0.03 0.553542 0.0045 0.0255 0.615047 0.0045 0.03 0.369028 0.0045 0.03 0.738056 0.0045 0.0255 0.307523 0.0045 0.03 0.92257 0.0045 0.0255 0.92257 0.00460899 0.030454 0.184514 0.00469098 0.0305878 0.369028 0.00460899 0.030454 0.369028 0.00451231 0.0301564 0.92257 0.0045 0.03 0.738056 0.00451231 0.0301564 0.738056 0.0045 0.03 0.553542 0.00451231 0.0301564 0.553542 0.00504601 0.030891 0.184514 0.00519098 0.0309511 0.369028 0.00504601 0.030891 0.369028 0.00454894 0.030309 0.92257 0.00479289 0.0307071 0.738056 0.00491221 0.030809 0.92257 0.00479289 0.0307071 0.92257 0.0045 0.03 0.92257 0.00479289 0.0307071 0.369028 0.00469098 0.0305878 0.184514 0.00491221 0.030809 0.738056 0.00519098 0.0309511 0.184514 0.00504601 0.030891 0 0.00519098 0.0309511 0 0.00534357 0.0309877 0.553542 0.00534357 0.0309877 0.738056 0.00519098 0.0309511 0.553542 0.0055 0.031 0.738056 0.0055 0.031 0.553542 0.0055 0.031 0.92257 0.00534357 0.0309877 0.184514 0.00534357 0.0309877 0 0.00491221 0.030809 0.184514 0.00491221 0.030809 0.369028 0.0055 0.031 0 0.0055 0.031 0.184514 0.00519098 0.0309511 0.92257 0.00519098 0.0309511 0.738056 0.00534357 0.0309877 0.92257 0.00479289 0.0307071 0.184514 0.00454894 0.030309 0.369028 0.00454894 0.030309 0.184514 0.00504601 0.030891 0.92257 0.00451231 0.0301564 0.369028 0.00451231 0.0301564 0.184514 0.00469098 0.0305878 0.738056 0.00469098 0.0305878 0.92257 0.0045 0.03 0.369028 0.00460899 0.030454 0.738056 0.00460899 0.030454 0.92257 0.0045 0.03 0.184514 0.0045 0.03 0 0.00454894 0.030309 0.738056 0.00454894 0.030309 0.553542 0.00451231 0.0301564 0 0.00454894 0.030309 0 0.00460899 0.030454 0.553542 0.00469098 0.0305878 0.553542 0.00460899 0.030454 0 0.00469098 0.0305878 0 0.00479289 0.0307071 0.553542 0.00491221 0.030809 0.553542 0.00479289 0.0307071 0 0.00504601 0.030891 0.738056 0.00491221 0.030809 0 0.00504601 0.030891 0.553542 0.00534357 0.0309877 0.369028 0.0055 0.031 0.369028 0.00568934 0.031 0.131796 0.0055 0.031 0 0.00568934 0.031 0 0.00568934 0.031 0.263591 0.0055 0.031 0.369028 0.0055 0.031 0.184514 0.0055 0.031 0.553542 0.00568934 0.031 0.658979 0.0055 0.031 0.738056 0.00568934 0.031 0.395387 0.0055 0.031 0.92257 0.00568934 0.031 0.790774 0.00568934 0.031 0.92257 0.00568934 0.031 0.527183 0.00621967 0.0307803 0.92257 0.00613018 0.0308568 0.790774 0.00621967 0.0307803 0.790774 0.00621967 0.0307803 0.658979 0.00613018 0.0308568 0.658979 0.00602983 0.0309183 0.658979 0.00602983 0.0309183 0.92257 0.0059211 0.0309633 0.92257 0.0059211 0.0309633 0.790774 0.00602983 0.0309183 0.527183 0.0059211 0.0309633 0.527183 0.0059211 0.0309633 0.395387 0.00568934 0.031 0.790774 0.00580667 0.0309908 0.92257 0.00568934 0.031 0.92257 0.00580667 0.0309908 0.790774 0.00568934 0.031 0.658979 0.00580667 0.0309908 0.658979 0.00613018 0.0308568 0.92257 0.00580667 0.0309908 0.527183 0.00568934 0.031 0.527183 0.00602983 0.0309183 0.790774 0.00568934 0.031 0.395387 0.00580667 0.0309908 0.395387 0.00613018 0.0308568 0.131796 0.00602983 0.0309183 0 0.00613018 0.0308568 0 0.0059211 0.0309633 0.131796 0.0059211 0.0309633 0.263591 0.00580667 0.0309908 0.131796 0.00602983 0.0309183 0.263591 0.00602983 0.0309183 0.395387 0.00602983 0.0309183 0.131796 0.00568934 0.031 0.263591 0.00621967 0.0307803 0.131796 0.00621967 0.0307803 1.13687e-16 0.00580667 0.0309908 0.263591 0.00568934 0.031 0.131796 0.00568934 0.031 0 0.0059211 0.0309633 0.658979 0.00580667 0.0309908 0 0.0059211 0.0309633 0 0.00613018 0.0308568 0.527183 0.00613018 0.0308568 0.395387 0.00613018 0.0308568 0.263591 0.00621967 0.0307803 0.527183 0.00621967 0.0307803 0.395387 0.00621967 0.0307803 0.263591 0.00621967 0.0307803 0.790774 0.0109749 0.0260251 0.92257 0.00621967 0.0307803 0.92257 0.00621967 0.0307803 0.658979 0.00621967 0.0307803 0.131796 0.00621967 0.0307803 1.13687e-16 0.0109749 0.0260251 0 0.00621967 0.0307803 0.527183 0.00621967 0.0307803 0.395387 0.00621967 0.0307803 0.263591 0.0113316 0.0256075 0.92257 0.0109749 0.0260251 0.92257 0.0109749 0.0260251 0 0.0119569 0.0240978 0.92257 0.0118287 0.0246318 0.92257 0.0118287 0.0246318 0 0.0116185 0.0251392 0.92257 0.0113316 0.0256075 0 0.0116185 0.0251392 0 0.012 0.0235503 0.92257 0.0119569 0.0240978 0 0.012 0.0235503 0 0.012 0.0235503 0.92257 0.012 0.0164497 0 0.012 0.0164497 0.92257 0.012 0.0235503 0 0.0119569 0.0159022 0.92257 0.012 0.0164497 0.92257 0.012 0.0164497 0 0.0113316 0.0143925 0.92257 0.0116185 0.0148608 0.92257 0.0116185 0.0148608 0 0.0118287 0.0153682 0.92257 0.0119569 0.0159022 0 0.0118287 0.0153682 0 0.0109749 0.0139749 0.92257 0.0113316 0.0143925 0 0.0109749 0.0139749 0 0.00621967 0.00921967 0.131796 0.0109749 0.0139749 0 0.00621967 0.00921967 1.13687e-16 0.00621967 0.00921967 0.790774 0.00621967 0.00921967 0.92257 0.0109749 0.0139749 0.92257 0.00621967 0.00921967 0.263591 0.00621967 0.00921967 0.395387 0.00621967 0.00921967 0.527183 0.00621967 0.00921967 0.658979 0.00568934 0.009 0.92257 0.00580667 0.00900923 0.790774 0.00568934 0.009 0.790774 0.00568934 0.009 0.658979 0.00580667 0.00900923 0.658979 0.0059211 0.00903671 0.658979 0.0059211 0.00903671 0.92257 0.00602983 0.00908175 0.92257 0.00602983 0.00908175 0.790774 0.0059211 0.00903671 0.527183 0.00602983 0.00908175 0.527183 0.00602983 0.00908175 0.395387 0.00621967 0.00921967 0.790774 0.00613018 0.00914324 0.92257 0.00621967 0.00921967 0.92257 0.00613018 0.00914324 0.790774 0.00621967 0.00921967 0.658979 0.00613018 0.00914324 0.658979 0.00580667 0.00900923 0.92257 0.00613018 0.00914324 0.527183 0.00621967 0.00921967 0.527183 0.0059211 0.00903671 0.790774 0.00621967 0.00921967 0.395387 0.00613018 0.00914324 0.395387 0.00580667 0.00900923 0.131796 0.0059211 0.00903671 0 0.00580667 0.00900923 0 0.00602983 0.00908175 0.131796 0.00602983 0.00908175 0.263591 0.00613018 0.00914324 0.131796 0.0059211 0.00903671 0.263591 0.0059211 0.00903671 0.395387 0.0059211 0.00903671 0.131796 0.00621967 0.00921967 0.263591 0.00568934 0.009 0.131796 0.00568934 0.009 0 0.00613018 0.00914324 0.263591 0.00621967 0.00921967 0.131796 0.00621967 0.00921967 1.13687e-16 0.00602983 0.00908175 0.658979 0.00613018 0.00914324 0 0.00602983 0.00908175 0 0.00580667 0.00900923 0.527183 0.00580667 0.00900923 0.395387 0.00580667 0.00900923 0.263591 0.00568934 0.009 0.527183 0.00568934 0.009 0.395387 0.00568934 0.009 0.263591 0.00568934 0.009 0.131796 0.0055 0.009 0 0.0055 0.009 0.184514 0.0055 0.009 0.369028 0.00568934 0.009 0.527183 0.00568934 0.009 0.395387 0.00568934 0.009 0.790774 0.0055 0.009 0.738056 0.0055 0.009 0.92257 0.00568934 0.009 0.658979 0.0055 0.009 0.553542 0.00568934 0.009 0.92257 0.00568934 0.009 0.263591 0.00568934 0.009 0 0.00504601 0.00910899 0.184514 0.00491221 0.00919098 0.369028 0.00504601 0.00910899 0.369028 0.00534357 0.00901231 0.92257 0.0055 0.009 0.738056 0.00534357 0.00901231 0.738056 0.0055 0.009 0.553542 0.00534357 0.00901231 0.553542 0.00460899 0.00954601 0.184514 0.00454894 0.00969098 0.369028 0.00460899 0.00954601 0.369028 0.00519098 0.00904894 0.92257 0.00479289 0.00929289 0.738056 0.00469098 0.00941221 0.92257 0.00479289 0.00929289 0.92257 0.0055 0.009 0.92257 0.00479289 0.00929289 0.369028 0.00491221 0.00919098 0.184514 0.00469098 0.00941221 0.738056 0.00454894 0.00969098 0.184514 0.00460899 0.00954601 0 0.00454894 0.00969098 0 0.00451231 0.00984357 0.553542 0.00451231 0.00984357 0.738056 0.00454894 0.00969098 0.553542 0.0045 0.01 0.738056 0.0045 0.01 0.553542 0.0045 0.01 0.92257 0.00451231 0.00984357 0.184514 0.00451231 0.00984357 0 0.00469098 0.00941221 0.184514 0.00469098 0.00941221 0.369028 0.0045 0.01 0 0.0045 0.01 0.184514 0.00454894 0.00969098 0.92257 0.00454894 0.00969098 0.738056 0.00451231 0.00984357 0.92257 0.00479289 0.00929289 0.184514 0.00519098 0.00904894 0.369028 0.00519098 0.00904894 0.184514 0.00460899 0.00954601 0.92257 0.00534357 0.00901231 0.369028 0.00534357 0.00901231 0.184514 0.00491221 0.00919098 0.738056 0.00491221 0.00919098 0.92257 0.0055 0.009 0.369028 0.00504601 0.00910899 0.738056 0.00504601 0.00910899 0.92257 0.0055 0.009 0.184514 0.0055 0.009 0 0.00519098 0.00904894 0.738056 0.00519098 0.00904894 0.553542 0.00534357 0.00901231 0 0.00519098 0.00904894 0 0.00504601 0.00910899 0.553542 0.00491221 0.00919098 0.553542 0.00504601 0.00910899 0 0.00491221 0.00919098 0 0.00479289 0.00929289 0.553542 0.00469098 0.00941221 0.553542 0.00479289 0.00929289 0 0.00460899 0.00954601 0.738056 0.00469098 0.00941221 0 0.00460899 0.00954601 0.553542 0.00451231 0.00984357 0.369028 0.0045 0.01 0.369028 0.0045 0.01 0.184514 0.0045 0.0145 0 0.0045 0.0145 0.307523 0.0045 0.0145 0.615047 0.0045 0.01 0.738056 0.0045 0.01 0.553542 0.0045 0.0145 0.92257 0.0045 0.01 0.92257 0.0045 0.01 0.369028 0.0045 0.01 0 0.00388168 0.0157135 0.307523 0.00368099 0.0158365 0 0.00368099 0.0158365 0.307523 0.00323465 0.0159815 0 0.00346353 0.0159266 0.307523 0.00346353 0.0159266 0 0.00368099 0.0158365 0.615047 0.00388168 0.0157135 0.615047 0.00323465 0.0159815 0.307523 0.00346353 0.0159266 0.615047 0.003 0.016 0.615047 0.00323465 0.0159815 0.615047 0.003 0.016 0.307523 0.00323465 0.0159815 0.92257 0.003 0.016 0.92257 0.00346353 0.0159266 0.92257 0.003 0.016 0 0.00388168 0.0157135 0 0.00421353 0.0153817 0.92257 0.00421353 0.0153817 0.615047 0.00406066 0.0155607 0.615047 0.00406066 0.0155607 0.307523 0.00421353 0.0153817 0.307523 0.00406066 0.0155607 0 0.00433651 0.015181 0.307523 0.00433651 0.015181 0.615047 0.00421353 0.0153817 0 0.00448153 0.0147347 0.615047 0.00448153 0.0147347 0.307523 0.00442658 0.0149635 0.307523 0.00442658 0.0149635 0.615047 0.0045 0.0145 0.92257 0.0045 0.0145 0.615047 0.00442658 0.0149635 0 0.00448153 0.0147347 0 0.0045 0.0145 0 0.0045 0.0145 0.307523 0.00433651 0.015181 0 0.00368099 0.0158365 0.92257 0.00388168 0.0157135 0.92257 0.00406066 0.0155607 0.92257 0.00433651 0.015181 0.92257 0.00442658 0.0149635 0.92257 0.00448153 0.0147347 0.92257 0.003 0.016 0.307523 0.0015 0.016 0 0.0015 0.016 0.307523 0.0015 0.016 0.615047 0.003 0.016 0.615047 0.0015 0.016 0.92257 0.003 0.016 0.92257 0.003 0.016 0 0.000286475 0.0153817 0.307523 0.00016349 0.015181 0 0.00016349 0.015181 0.307523 1.84675e-05 0.0147347 0 7.34152e-05 0.0149635 0.307523 7.34152e-05 0.0149635 0 0.00016349 0.015181 0.615047 0.000286475 0.0153817 0.615047 1.84675e-05 0.0147347 0.307523 7.34152e-05 0.0149635 0.615047 -4.68375e-17 0.0145 0.615047 1.84675e-05 0.0147347 0.615047 -4.68375e-17 0.0145 0.307523 1.84675e-05 0.0147347 0.92257 -4.01901e-17 0.0145 0.92257 7.34152e-05 0.0149635 0.92257 -4.01901e-17 0.0145 0 0.000286475 0.0153817 0 0.000618322 0.0157135 0.92257 0.000618322 0.0157135 0.615047 0.00043934 0.0155607 0.615047 0.00043934 0.0155607 0.307523 0.000618322 0.0157135 0.307523 0.00043934 0.0155607 0 0.000819014 0.0158365 0.307523 0.000819014 0.0158365 0.615047 0.000618322 0.0157135 0 0.00126535 0.0159815 0.615047 0.00126535 0.0159815 0.307523 0.00103647 0.0159266 0.307523 0.00103647 0.0159266 0.615047 0.0015 0.016 0.92257 0.0015 0.016 0.615047 0.00103647 0.0159266 0 0.00126535 0.0159815 0 0.0015 0.016 0 0.0015 0.016 0.307523 0.000819014 0.0158365 0 0.00016349 0.015181 0.92257 0.000286475 0.0153817 0.92257 0.00043934 0.0155607 0.92257 0.000819014 0.0158365 0.92257 0.00103647 0.0159266 0.92257 0.00126535 0.0159815 0.92257 -4.68375e-17 0.0145 0.615047 -4.85723e-17 0.003 0.92257 -4.01901e-17 0.0145 0.92257 -4.85723e-17 0.003 0 -4.01901e-17 0.0145 0 -4.68375e-17 0.0145 0.307523 0.00087868 0.00087868 0.92257 0.00087868 0.00087868 0 0.00123664 0.000572949 0 0.00163803 0.00032698 0 0.00123664 0.000572949 0.92257 0.00207295 0.00014683 0 0.00163803 0.00032698 0.92257 0.00207295 0.00014683 0.92257 0.0025307 3.6935e-05 0 0.003 0 0 0.0025307 3.6935e-05 0.92257 0.003 0 0.92257 0.000572949 0.00123664 0.92257 0.000572949 0.00123664 0 0.00032698 0.00163803 0.92257 0.00014683 0.00207295 0.92257 0.00032698 0.00163803 0 3.6935e-05 0.0025307 0.92257 0.00014683 0.00207295 0 3.6935e-05 0.0025307 0 -4.85723e-17 0.003 0.92257 -4.85723e-17 0.003 0 0.0145 0 0.307523 0.003 0 0 0.0145 0 0 0.003 0 0.92257 0.0145 0 0.615047 0.0145 0 0.92257 0.0157135 0.000618322 0.307523 0.0158365 0.000819014 0 0.0158365 0.000819014 0.307523 0.0159815 0.00126535 0 0.0159266 0.00103647 0.307523 0.0159266 0.00103647 0 0.0158365 0.000819014 0.615047 0.0157135 0.000618322 0.615047 0.0159815 0.00126535 0.307523 0.0159266 0.00103647 0.615047 0.016 0.0015 0.615047 0.0159815 0.00126535 0.615047 0.016 0.0015 0.307523 0.0159815 0.00126535 0.92257 0.016 0.0015 0.92257 0.0159266 0.00103647 0.92257 0.016 0.0015 0 0.0157135 0.000618322 0 0.0153817 0.000286475 0.92257 0.0153817 0.000286475 0.615047 0.0155607 0.00043934 0.615047 0.0155607 0.00043934 0.307523 0.0153817 0.000286475 0.307523 0.0155607 0.00043934 0 0.015181 0.00016349 0.307523 0.015181 0.00016349 0.615047 0.0153817 0.000286475 0 0.0147347 1.84675e-05 0.615047 0.0147347 1.84675e-05 0.307523 0.0149635 7.34152e-05 0.307523 0.0149635 7.34152e-05 0.615047 0.0145 0 0.92257 0.0145 0 0.615047 0.0149635 7.34152e-05 0 0.0147347 1.84675e-05 0 0.0145 0 0 0.0145 0 0.307523 0.015181 0.00016349 0 0.0158365 0.000819014 0.92257 0.0157135 0.000618322 0.92257 0.0155607 0.00043934 0.92257 0.015181 0.00016349 0.92257 0.0149635 7.34152e-05 0.92257 0.0147347 1.84675e-05 0.92257 0.016 0.0015 0.307523 0.016 0.003 0 0.016 0.003 0.307523 0.016 0.003 0.615047 0.016 0.0015 0.615047 0.016 0.003 0.92257 0.016 0.0015 0.92257 0.016 0.0015 0 0.0153817 0.00421353 0.307523 0.015181 0.00433651 0 0.015181 0.00433651 0.307523 0.0147347 0.00448153 0 0.0149635 0.00442658 0.307523 0.0149635 0.00442658 0 0.015181 0.00433651 0.615047 0.0153817 0.00421353 0.615047 0.0147347 0.00448153 0.307523 0.0149635 0.00442658 0.615047 0.0145 0.0045 0.615047 0.0147347 0.00448153 0.615047 0.0145 0.0045 0.307523 0.0147347 0.00448153 0.92257 0.0145 0.0045 0.92257 0.0149635 0.00442658 0.92257 0.0145 0.0045 0 0.0153817 0.00421353 0 0.0157135 0.00388168 0.92257 0.0157135 0.00388168 0.615047 0.0155607 0.00406066 0.615047 0.0155607 0.00406066 0.307523 0.0157135 0.00388168 0.307523 0.0155607 0.00406066 0 0.0158365 0.00368099 0.307523 0.0158365 0.00368099 0.615047 0.0157135 0.00388168 0 0.0159815 0.00323465 0.615047 0.0159815 0.00323465 0.307523 0.0159266 0.00346353 0.307523 0.0159266 0.00346353 0.615047 0.016 0.003 0.92257 0.016 0.003 0.615047 0.0159266 0.00346353 0 0.0159815 0.00323465 0 0.016 0.003 0 0.016 0.003 0.307523 0.0158365 0.00368099 0 0.015181 0.00433651 0.92257 0.0153817 0.00421353 0.92257 0.0155607 0.00406066 0.92257 0.0158365 0.00368099 0.92257 0.0159266 0.00346353 0.92257 0.0159815 0.00323465 0.92257 0.01 0.0045 0.184514 0.0145 0.0045 0 0.01 0.0045 0 0.01 0.0045 0.553542 0.0145 0.0045 0.615047 0.01 0.0045 0.369028 0.01 0.0045 0.738056 0.0145 0.0045 0.307523 0.01 0.0045 0.92257 0.0145 0.0045 0.92257 0.00954601 0.00460899 0.184514 0.00941221 0.00469098 0.369028 0.00954601 0.00460899 0.369028 0.00984357 0.00451231 0.92257 0.01 0.0045 0.738056 0.00984357 0.00451231 0.738056 0.01 0.0045 0.553542 0.00984357 0.00451231 0.553542 0.00910899 0.00504601 0.184514 0.00904894 0.00519098 0.369028 0.00910899 0.00504601 0.369028 0.00969098 0.00454894 0.92257 0.00929289 0.00479289 0.738056 0.00919098 0.00491221 0.92257 0.00929289 0.00479289 0.92257 0.01 0.0045 0.92257 0.00929289 0.00479289 0.369028 0.00941221 0.00469098 0.184514 0.00919098 0.00491221 0.738056 0.00904894 0.00519098 0.184514 0.00910899 0.00504601 0 0.00904894 0.00519098 0 0.00901231 0.00534357 0.553542 0.00901231 0.00534357 0.738056 0.00904894 0.00519098 0.553542 0.009 0.0055 0.738056 0.009 0.0055 0.553542 0.009 0.0055 0.92257 0.00901231 0.00534357 0.184514 0.00901231 0.00534357 0 0.00919098 0.00491221 0.184514 0.00919098 0.00491221 0.369028 0.009 0.0055 0 0.009 0.0055 0.184514 0.00904894 0.00519098 0.92257 0.00904894 0.00519098 0.738056 0.00901231 0.00534357 0.92257 0.00929289 0.00479289 0.184514 0.00969098 0.00454894 0.369028 0.00969098 0.00454894 0.184514 0.00910899 0.00504601 0.92257 0.00984357 0.00451231 0.369028 0.00984357 0.00451231 0.184514 0.00941221 0.00469098 0.738056 0.00941221 0.00469098 0.92257 0.01 0.0045 0.369028 0.00954601 0.00460899 0.738056 0.00954601 0.00460899 0.92257 0.01 0.0045 0.184514 0.01 0.0045 0 0.00969098 0.00454894 0.738056 0.00969098 0.00454894 0.553542 0.00984357 0.00451231 0 0.00969098 0.00454894 0 0.00954601 0.00460899 0.553542 0.00941221 0.00469098 0.553542 0.00954601 0.00460899 0 0.00941221 0.00469098 0 0.00929289 0.00479289 0.553542 0.00919098 0.00491221 0.553542 0.00929289 0.00479289 0 0.00910899 0.00504601 0.738056 0.00919098 0.00491221 0 0.00910899 0.00504601 0.553542 0.00901231 0.00534357 0.369028 0.009 0.0055 0.369028 0.009 0.00568934 0.131796 0.009 0.0055 0 0.009 0.00568934 0 0.009 0.00568934 0.263591 0.009 0.0055 0.369028 0.009 0.0055 0.184514 0.009 0.0055 0.553542 0.009 0.00568934 0.658979 0.009 0.0055 0.738056 0.009 0.00568934 0.395387 0.009 0.0055 0.92257 0.009 0.00568934 0.790774 0.009 0.00568934 0.92257 0.009 0.00568934 0.527183 0.00921967 0.00621967 0.92257 0.00914324 0.00613018 0.790774 0.00921967 0.00621967 0.790774 0.00921967 0.00621967 0.658979 0.00914324 0.00613018 0.658979 0.00908175 0.00602983 0.658979 0.00908175 0.00602983 0.92257 0.00903671 0.0059211 0.92257 0.00903671 0.0059211 0.790774 0.00908175 0.00602983 0.527183 0.00903671 0.0059211 0.527183 0.00903671 0.0059211 0.395387 0.009 0.00568934 0.790774 0.00900923 0.00580667 0.92257 0.009 0.00568934 0.92257 0.00900923 0.00580667 0.790774 0.009 0.00568934 0.658979 0.00900923 0.00580667 0.658979 0.00914324 0.00613018 0.92257 0.00900923 0.00580667 0.527183 0.009 0.00568934 0.527183 0.00908175 0.00602983 0.790774 0.009 0.00568934 0.395387 0.00900923 0.00580667 0.395387 0.00914324 0.00613018 0.131796 0.00908175 0.00602983 0 0.00914324 0.00613018 0 0.00903671 0.0059211 0.131796 0.00903671 0.0059211 0.263591 0.00900923 0.00580667 0.131796 0.00908175 0.00602983 0.263591 0.00908175 0.00602983 0.395387 0.00908175 0.00602983 0.131796 0.009 0.00568934 0.263591 0.00921967 0.00621967 0.131796 0.00921967 0.00621967 0 0.00900923 0.00580667 0.263591 0.009 0.00568934 0.131796 0.009 0.00568934 0 0.00903671 0.0059211 0.658979 0.00900923 0.00580667 0 0.00903671 0.0059211 0 0.00914324 0.00613018 0.527183 0.00914324 0.00613018 0.395387 0.00914324 0.00613018 0.263591 0.00921967 0.00621967 0.527183 0.00921967 0.00621967 0.395387 0.00921967 0.00621967 0.263591 0.00921967 0.00621967 0.790774 0.0139749 0.0109749 0.92257 0.00921967 0.00621967 0.92257 0.00921967 0.00621967 0.658979 0.00921967 0.00621967 0.131796 0.00921967 0.00621967 0 0.0139749 0.0109749 3.41061e-16 0.00921967 0.00621967 0.527183 0.00921967 0.00621967 0.395387 0.00921967 0.00621967 0.263591 0.0143925 0.0113316 0.92257 0.0139749 0.0109749 0.92257 0.0139749 0.0109749 3.41061e-16 0.0159022 0.0119569 0.92257 0.0153682 0.0118287 0.92257 0.0153682 0.0118287 0 0.0148608 0.0116185 0.92257 0.0143925 0.0113316 0 0.0148608 0.0116185 0 0.0164497 0.012 0.92257 0.0159022 0.0119569 0 0.0164497 0.012 0 0.0164497 0.012 0.92257 0.0235503 0.012 0 0.0235503 0.012 0.92257 0.0164497 0.012 0 0.0240978 0.0119569 0.92257 0.0235503 0.012 0.92257 0.0235503 0.012 0 0.0256075 0.0113316 0.92257 0.0251392 0.0116185 0.92257 0.0251392 0.0116185 0 0.0246318 0.0118287 0.92257 0.0240978 0.0119569 0 0.0246318 0.0118287 0 0.0260251 0.0109749 0.92257 0.0256075 0.0113316 0 0.0260251 0.0109749 0 0.0307803 0.00621967 0.131796 0.0260251 0.0109749 0 0.0307803 0.00621967 0 0.0307803 0.00621967 0.790774 0.0307803 0.00621967 0.92257 0.0260251 0.0109749 0.92257 0.0307803 0.00621967 0.263591 0.0307803 0.00621967 0.395387 0.0307803 0.00621967 0.527183 0.0307803 0.00621967 0.658979 0.031 0.00568934 0.92257 0.0309908 0.00580667 0.790774 0.031 0.00568934 0.790774 0.031 0.00568934 0.658979 0.0309908 0.00580667 0.658979 0.0309633 0.0059211 0.658979 0.0309633 0.0059211 0.92257 0.0309183 0.00602983 0.92257 0.0309183 0.00602983 0.790774 0.0309633 0.0059211 0.527183 0.0309183 0.00602983 0.527183 0.0309183 0.00602983 0.395387 0.0307803 0.00621967 0.790774 0.0308568 0.00613018 0.92257 0.0307803 0.00621967 0.92257 0.0308568 0.00613018 0.790774 0.0307803 0.00621967 0.658979 0.0308568 0.00613018 0.658979 0.0309908 0.00580667 0.92257 0.0308568 0.00613018 0.527183 0.0307803 0.00621967 0.527183 0.0309633 0.0059211 0.790774 0.0307803 0.00621967 0.395387 0.0308568 0.00613018 0.395387 0.0309908 0.00580667 0.131796 0.0309633 0.0059211 0 0.0309908 0.00580667 0 0.0309183 0.00602983 0.131796 0.0309183 0.00602983 0.263591 0.0308568 0.00613018 0.131796 0.0309633 0.0059211 0.263591 0.0309633 0.0059211 0.395387 0.0309633 0.0059211 0.131796 0.0307803 0.00621967 0.263591 0.031 0.00568934 0.131796 0.031 0.00568934 0 0.0308568 0.00613018 0.263591 0.0307803 0.00621967 0.131796 0.0307803 0.00621967 0 0.0309183 0.00602983 0.658979 0.0308568 0.00613018 0 0.0309183 0.00602983 0 0.0309908 0.00580667 0.527183 0.0309908 0.00580667 0.395387 0.0309908 0.00580667 0.263591 0.031 0.00568934 0.527183 0.031 0.00568934 0.395387 0.031 0.00568934 0.263591 0.031 0.00568934 0.131796 0.031 0.0055 0 0.031 0.0055 0.184514 0.031 0.0055 0.369028 0.031 0.00568934 0.527183 0.031 0.00568934 0.395387 0.031 0.00568934 0.790774 0.031 0.0055 0.738056 0.031 0.0055 0.92257 0.031 0.00568934 0.658979 0.031 0.0055 0.553542 0.031 0.00568934 0.92257 0.031 0.00568934 0.263591 0.031 0.00568934 0 0.030891 0.00504601 0.184514 0.030809 0.00491221 0.369028 0.030891 0.00504601 0.369028 0.0309877 0.00534357 0.92257 0.031 0.0055 0.738056 0.0309877 0.00534357 0.738056 0.031 0.0055 0.553542 0.0309877 0.00534357 0.553542 0.030454 0.00460899 0.184514 0.030309 0.00454894 0.369028 0.030454 0.00460899 0.369028 0.0309511 0.00519098 0.92257 0.0307071 0.00479289 0.738056 0.0305878 0.00469098 0.92257 0.0307071 0.00479289 0.92257 0.031 0.0055 0.92257 0.0307071 0.00479289 0.369028 0.030809 0.00491221 0.184514 0.0305878 0.00469098 0.738056 0.030309 0.00454894 0.184514 0.030454 0.00460899 0 0.030309 0.00454894 0 0.0301564 0.00451231 0.553542 0.0301564 0.00451231 0.738056 0.030309 0.00454894 0.553542 0.03 0.0045 0.738056 0.03 0.0045 0.553542 0.03 0.0045 0.92257 0.0301564 0.00451231 0.184514 0.0301564 0.00451231 0 0.0305878 0.00469098 0.184514 0.0305878 0.00469098 0.369028 0.03 0.0045 0 0.03 0.0045 0.184514 0.030309 0.00454894 0.92257 0.030309 0.00454894 0.738056 0.0301564 0.00451231 0.92257 0.0307071 0.00479289 0.184514 0.0309511 0.00519098 0.369028 0.0309511 0.00519098 0.184514 0.030454 0.00460899 0.92257 0.0309877 0.00534357 0.369028 0.0309877 0.00534357 0.184514 0.030809 0.00491221 0.738056 0.030809 0.00491221 0.92257 0.031 0.0055 0.369028 0.030891 0.00504601 0.738056 0.030891 0.00504601 0.92257 0.031 0.0055 0.184514 0.031 0.0055 0 0.0309511 0.00519098 0.738056 0.0309511 0.00519098 0.553542 0.0309877 0.00534357 0 0.0309511 0.00519098 0 0.030891 0.00504601 0.553542 0.030809 0.00491221 0.553542 0.030891 0.00504601 0 0.030809 0.00491221 0 0.0307071 0.00479289 0.553542 0.0305878 0.00469098 0.553542 0.0307071 0.00479289 0 0.030454 0.00460899 0.738056 0.0305878 0.00469098 0 0.030454 0.00460899 0.553542 0.0301564 0.00451231 0.369028 0.03 0.0045 0.369028 0.03 0.0045 0.184514 0.0255 0.0045 0 0.0255 0.0045 0.307523 0.0255 0.0045 0.615047 0.03 0.0045 0.738056 0.03 0.0045 0.553542 0.0255 0.0045 0.92257 0.03 0.0045 0.92257 0.03 0.0045 0.369028 0.03 0.0045 0 0.0242865 0.00388168 0.307523 0.0241635 0.00368099 0 0.0241635 0.00368099 0.307523 0.0240185 0.00323465 0 0.0240734 0.00346353 0.307523 0.0240734 0.00346353 0 0.0241635 0.00368099 0.615047 0.0242865 0.00388168 0.615047 0.0240185 0.00323465 0.307523 0.0240734 0.00346353 0.615047 0.024 0.003 0.615047 0.0240185 0.00323465 0.615047 0.024 0.003 0.307523 0.0240185 0.00323465 0.92257 0.024 0.003 0.92257 0.0240734 0.00346353 0.92257 0.024 0.003 1.13687e-16 0.0242865 0.00388168 0 0.0246183 0.00421353 0.92257 0.0246183 0.00421353 0.615047 0.0244393 0.00406066 0.615047 0.0244393 0.00406066 0.307523 0.0246183 0.00421353 0.307523 0.0244393 0.00406066 0 0.024819 0.00433651 0.307523 0.024819 0.00433651 0.615047 0.0246183 0.00421353 0 0.0252653 0.00448153 0.615047 0.0252653 0.00448153 0.307523 0.0250365 0.00442658 0.307523 0.0250365 0.00442658 0.615047 0.0255 0.0045 0.92257 0.0255 0.0045 0.615047 0.0250365 0.00442658 0 0.0252653 0.00448153 0 0.0255 0.0045 0 0.0255 0.0045 0.307523 0.024819 0.00433651 0 0.0241635 0.00368099 0.92257 0.0242865 0.00388168 0.92257 0.0244393 0.00406066 0.92257 0.024819 0.00433651 0.92257 0.0250365 0.00442658 0.92257 0.0252653 0.00448153 0.92257 0.024 0.003 0.307523 0.024 0.0015 0 0.024 0.0015 0.307523 0.024 0.0015 0.615047 0.024 0.003 0.615047 0.024 0.0015 0.92257 0.024 0.003 0.92257 0.024 0.003 1.13687e-16 0.0246183 0.000286475 0.307523 0.024819 0.00016349 0 0.024819 0.00016349 0.307523 0.0252653 1.84675e-05 0 0.0250365 7.34152e-05 0.307523 0.0250365 7.34152e-05 0 0.024819 0.00016349 0.615047 0.0246183 0.000286475 0.615047 0.0252653 1.84675e-05 0.307523 0.0250365 7.34152e-05 0.615047 0.0255 -1.73472e-18 0.615047 0.0252653 1.84675e-05 0.615047 0.0255 -1.73472e-18 0.307523 0.0252653 1.84675e-05 0.92257 0.0255 0 0.92257 0.0250365 7.34152e-05 0.92257 0.0255 0 0 0.0246183 0.000286475 0 0.0242865 0.000618322 0.92257 0.0242865 0.000618322 0.615047 0.0244393 0.00043934 0.615047 0.0244393 0.00043934 0.307523 0.0242865 0.000618322 0.307523 0.0244393 0.00043934 0 0.0241635 0.000819014 0.307523 0.0241635 0.000819014 0.615047 0.0242865 0.000618322 0 0.0240185 0.00126535 0.615047 0.0240185 0.00126535 0.307523 0.0240734 0.00103647 0.307523 0.0240734 0.00103647 0.615047 0.024 0.0015 0.92257 0.024 0.0015 0.615047 0.0240734 0.00103647 0 0.0240185 0.00126535 0 0.024 0.0015 0 0.024 0.0015 0.307523 0.0241635 0.000819014 0 0.024819 0.00016349 0.92257 0.0246183 0.000286475 0.92257 0.0244393 0.00043934 0.92257 0.0241635 0.000819014 0.92257 0.0240734 0.00103647 0.92257 0.0240185 0.00126535 0.92257 0.0255 -1.73472e-18 0.615047 0.037 0 0.92257 0.0255 0 0.92257 0.037 0 0 0.0255 0 0 0.0255 -1.73472e-18 0.307523 0.0391213 0.00087868 0.92257 0.0391213 0.00087868 0 0.0394271 0.00123664 0 0.039673 0.00163803 0 0.0394271 0.00123664 0.92257 0.0398532 0.00207295 0 0.039673 0.00163803 0.92257 0.0398532 0.00207295 0.92257 0.0399631 0.0025307 0 0.04 0.003 0 0.0399631 0.0025307 0.92257 0.04 0.003 0.92257 0.0387634 0.000572949 0.92257 0.0387634 0.000572949 0 0.038362 0.00032698 0.92257 0.0379271 0.00014683 0.92257 0.038362 0.00032698 0 0.0374693 3.6935e-05 0.92257 0.0379271 0.00014683 0 0.0374693 3.6935e-05 0 0.037 0 0.92257 0.037 0 0 0.04 0.0145 0.307523 0.04 0.003 0 0.04 0.0145 0 0.04 0.003 0.92257 0.04 0.0145 0.615047 0.04 0.0145 0.92257 0.0393817 0.0157135 0.307523 0.039181 0.0158365 0 0.039181 0.0158365 0.307523 0.0387347 0.0159815 0 0.0389635 0.0159266 0.307523 0.0389635 0.0159266 0 0.039181 0.0158365 0.615047 0.0393817 0.0157135 0.615047 0.0387347 0.0159815 0.307523 0.0389635 0.0159266 0.615047 0.0385 0.016 0.615047 0.0387347 0.0159815 0.615047 0.0385 0.016 0.307523 0.0387347 0.0159815 0.92257 0.0385 0.016 0.92257 0.0389635 0.0159266 0.92257 0.0385 0.016 0 0.0393817 0.0157135 0 0.0397135 0.0153817 0.92257 0.0397135 0.0153817 0.615047 0.0395607 0.0155607 0.615047 0.0395607 0.0155607 0.307523 0.0397135 0.0153817 0.307523 0.0395607 0.0155607 0 0.0398365 0.015181 0.307523 0.0398365 0.015181 0.615047 0.0397135 0.0153817 0 0.0399815 0.0147347 0.615047 0.0399815 0.0147347 0.307523 0.0399266 0.0149635 0.307523 0.0399266 0.0149635 0.615047 0.04 0.0145 0.92257 0.04 0.0145 0.615047 0.0399266 0.0149635 0 0.0399815 0.0147347 0 0.04 0.0145 0 0.04 0.0145 0.307523 0.0398365 0.015181 0 0.039181 0.0158365 0.92257 0.0393817 0.0157135 0.92257 0.0395607 0.0155607 0.92257 0.0398365 0.015181 0.92257 0.0399266 0.0149635 0.92257 0.0399815 0.0147347 0.92257 0.0385 0.016 0.307523 0.037 0.016 0 0.037 0.016 0.307523 0.037 0.016 0.615047 0.0385 0.016 0.615047 0.037 0.016 0.92257 0.0385 0.016 0.92257 0.0385 0.016 0 0.0357865 0.0153817 0.307523 0.0356635 0.015181 0 0.0356635 0.015181 0.307523 0.0355185 0.0147347 0 0.0355734 0.0149635 0.307523 0.0355734 0.0149635 0 0.0356635 0.015181 0.615047 0.0357865 0.0153817 0.615047 0.0355185 0.0147347 0.307523 0.0355734 0.0149635 0.615047 0.0355 0.0145 0.615047 0.0355185 0.0147347 0.615047 0.0355 0.0145 0.307523 0.0355185 0.0147347 0.92257 0.0355 0.0145 0.92257 0.0355734 0.0149635 0.92257 0.0355 0.0145 0 0.0357865 0.0153817 0 0.0361183 0.0157135 0.92257 0.0361183 0.0157135 0.615047 0.0359393 0.0155607 0.615047 0.0359393 0.0155607 0.307523 0.0361183 0.0157135 0.307523 0.0359393 0.0155607 0 0.036319 0.0158365 0.307523 0.036319 0.0158365 0.615047 0.0361183 0.0157135 0 0.0367653 0.0159815 0.615047 0.0367653 0.0159815 0.307523 0.0365365 0.0159266 0.307523 0.0365365 0.0159266 0.615047 0.037 0.016 0.92257 0.037 0.016 0.615047 0.0365365 0.0159266 0 0.0367653 0.0159815 0 0.037 0.016 0 0.037 0.016 0.307523 0.036319 0.0158365 0 0.0356635 0.015181 0.92257 0.0357865 0.0153817 0.92257 0.0359393 0.0155607 0.92257 0.036319 0.0158365 0.92257 0.0365365 0.0159266 0.92257 0.0367653 0.0159815 0.92257 0.0355 0.01 0.184514 0.0355 0.0145 0 0.0355 0.01 0 0.0355 0.01 0.553542 0.0355 0.0145 0.615047 0.0355 0.01 0.369028 0.0355 0.01 0.738056 0.0355 0.0145 0.307523 0.0355 0.01 0.92257 0.0355 0.0145 0.92257 0.035391 0.00954601 0.184514 0.035309 0.00941221 0.369028 0.035391 0.00954601 0.369028 0.0354877 0.00984357 0.92257 0.0355 0.01 0.738056 0.0354877 0.00984357 0.738056 0.0355 0.01 0.553542 0.0354877 0.00984357 0.553542 0.034954 0.00910899 0.184514 0.034809 0.00904894 0.369028 0.034954 0.00910899 0.369028 0.0354511 0.00969098 0.92257 0.0352071 0.00929289 0.738056 0.0350878 0.00919098 0.92257 0.0352071 0.00929289 0.92257 0.0355 0.01 0.92257 0.0352071 0.00929289 0.369028 0.035309 0.00941221 0.184514 0.0350878 0.00919098 0.738056 0.034809 0.00904894 0.184514 0.034954 0.00910899 0 0.034809 0.00904894 0 0.0346564 0.00901231 0.553542 0.0346564 0.00901231 0.738056 0.034809 0.00904894 0.553542 0.0345 0.009 0.738056 0.0345 0.009 0.553542 0.0345 0.009 0.92257 0.0346564 0.00901231 0.184514 0.0346564 0.00901231 0 0.0350878 0.00919098 0.184514 0.0350878 0.00919098 0.369028 0.0345 0.009 0 0.0345 0.009 0.184514 0.034809 0.00904894 0.92257 0.034809 0.00904894 0.738056 0.0346564 0.00901231 0.92257 0.0352071 0.00929289 0.184514 0.0354511 0.00969098 0.369028 0.0354511 0.00969098 0.184514 0.034954 0.00910899 0.92257 0.0354877 0.00984357 0.369028 0.0354877 0.00984357 0.184514 0.035309 0.00941221 0.738056 0.035309 0.00941221 0.92257 0.0355 0.01 0.369028 0.035391 0.00954601 0.738056 0.035391 0.00954601 0.92257 0.0355 0.01 0.184514 0.0355 0.01 0 0.0354511 0.00969098 0.738056 0.0354511 0.00969098 0.553542 0.0354877 0.00984357 0 0.0354511 0.00969098 0 0.035391 0.00954601 0.553542 0.035309 0.00941221 0.553542 0.035391 0.00954601 0 0.035309 0.00941221 0 0.0352071 0.00929289 0.553542 0.0350878 0.00919098 0.553542 0.0352071 0.00929289 0 0.034954 0.00910899 0.738056 0.0350878 0.00919098 0 0.034954 0.00910899 0.553542 0.0346564 0.00901231 0.369028 0.0345 0.009 0.369028 0.0343107 0.009 0.131796 0.0345 0.009 0 0.0343107 0.009 0 0.0343107 0.009 0.263591 0.0345 0.009 0.369028 0.0345 0.009 0.184514 0.0345 0.009 0.553542 0.0343107 0.009 0.658979 0.0345 0.009 0.738056 0.0343107 0.009 0.395387 0.0345 0.009 0.92257 0.0343107 0.009 0.790774 0.0343107 0.009 0.92257 0.0343107 0.009 0.527183 0.0337803 0.00921967 0.92257 0.0338698 0.00914324 0.790774 0.0337803 0.00921967 0.790774 0.0337803 0.00921967 0.658979 0.0338698 0.00914324 0.658979 0.0339702 0.00908175 0.658979 0.0339702 0.00908175 0.92257 0.0340789 0.00903671 0.92257 0.0340789 0.00903671 0.790774 0.0339702 0.00908175 0.527183 0.0340789 0.00903671 0.527183 0.0340789 0.00903671 0.395387 0.0343107 0.009 0.790774 0.0341933 0.00900923 0.92257 0.0343107 0.009 0.92257 0.0341933 0.00900923 0.790774 0.0343107 0.009 0.658979 0.0341933 0.00900923 0.658979 0.0338698 0.00914324 0.92257 0.0341933 0.00900923 0.527183 0.0343107 0.009 0.527183 0.0339702 0.00908175 0.790774 0.0343107 0.009 0.395387 0.0341933 0.00900923 0.395387 0.0338698 0.00914324 0.131796 0.0339702 0.00908175 0 0.0338698 0.00914324 0 0.0340789 0.00903671 0.131796 0.0340789 0.00903671 0.263591 0.0341933 0.00900923 0.131796 0.0339702 0.00908175 0.263591 0.0339702 0.00908175 0.395387 0.0339702 0.00908175 0.131796 0.0343107 0.009 0.263591 0.0337803 0.00921967 0.131796 0.0337803 0.00921967 0 0.0341933 0.00900923 0.263591 0.0343107 0.009 0.131796 0.0343107 0.009 0 0.0340789 0.00903671 0.658979 0.0341933 0.00900923 0 0.0340789 0.00903671 0 0.0338698 0.00914324 0.527183 0.0338698 0.00914324 0.395387 0.0338698 0.00914324 0.263591 0.0337803 0.00921967 0.527183 0.0337803 0.00921967 0.395387 0.0337803 0.00921967 0.263591 0.0337803 0.00921967 0.790774 0.0290251 0.0139749 0.92257 0.0337803 0.00921967 0.92257 0.0337803 0.00921967 0.658979 0.0337803 0.00921967 0.131796 0.0337803 0.00921967 0 0.0290251 0.0139749 0 0.0337803 0.00921967 0.527183 0.0337803 0.00921967 0.395387 0.0337803 0.00921967 0.263591 0.0286684 0.0143925 0.92257 0.0290251 0.0139749 0.92257 0.0290251 0.0139749 0 0.0280431 0.0159022 0.92257 0.0281713 0.0153682 0.92257 0.0281713 0.0153682 0 0.0283815 0.0148608 0.92257 0.0286684 0.0143925 0 0.0283815 0.0148608 0 0.028 0.0164497 0.92257 0.0280431 0.0159022 0 0.028 0.0164497 0 0.028 0.0164497 0.92257 0.028 0.0235503 0 0.028 0.0235503 0.92257 0.028 0.0164497 0 0.0280431 0.0240978 0.92257 0.028 0.0235503 0.92257 0.028 0.0235503 0 0.0286684 0.0256075 0.92257 0.0283815 0.0251392 0.92257 0.0283815 0.0251392 0 0.0281713 0.0246318 0.92257 0.0280431 0.0240978 0 0.0281713 0.0246318 0 0.0290251 0.0260251 0.92257 0.0286684 0.0256075 0 0.0290251 0.0260251 0 0.0337803 0.0307803 0.131796 0.0290251 0.0260251 0 0.0337803 0.0307803 1.13687e-16 0.0337803 0.0307803 0.790774 0.0337803 0.0307803 0.92257 0.0290251 0.0260251 0.92257 0.0337803 0.0307803 0.263591 0.0337803 0.0307803 0.395387 0.0337803 0.0307803 0.527183 0.0337803 0.0307803 0.658979 0.0343107 0.031 0.92257 0.0341933 0.0309908 0.790774 0.0343107 0.031 0.790774 0.0343107 0.031 0.658979 0.0341933 0.0309908 0.658979 0.0340789 0.0309633 0.658979 0.0340789 0.0309633 0.92257 0.0339702 0.0309183 0.92257 0.0339702 0.0309183 0.790774 0.0340789 0.0309633 0.527183 0.0339702 0.0309183 0.527183 0.0339702 0.0309183 0.395387 0.0337803 0.0307803 0.790774 0.0338698 0.0308568 0.92257 0.0337803 0.0307803 0.92257 0.0338698 0.0308568 0.790774 0.0337803 0.0307803 0.658979 0.0338698 0.0308568 0.658979 0.0341933 0.0309908 0.92257 0.0338698 0.0308568 0.527183 0.0337803 0.0307803 0.527183 0.0340789 0.0309633 0.790774 0.0337803 0.0307803 0.395387 0.0338698 0.0308568 0.395387 0.0341933 0.0309908 0.131796 0.0340789 0.0309633 0 0.0341933 0.0309908 0 0.0339702 0.0309183 0.131796 0.0339702 0.0309183 0.263591 0.0338698 0.0308568 0.131796 0.0340789 0.0309633 0.263591 0.0340789 0.0309633 0.395387 0.0340789 0.0309633 0.131796 0.0337803 0.0307803 0.263591 0.0343107 0.031 0.131796 0.0343107 0.031 0 0.0338698 0.0308568 0.263591 0.0337803 0.0307803 0.131796 0.0337803 0.0307803 1.13687e-16 0.0339702 0.0309183 0.658979 0.0338698 0.0308568 0 0.0339702 0.0309183 0 0.0341933 0.0309908 0.527183 0.0341933 0.0309908 0.395387 0.0341933 0.0309908 0.263591 0.0343107 0.031 0.527183 0.0343107 0.031 0.395387 0.0343107 0.031 0.263591 0.0343107 0.031 0.131796 0.0345 0.031 0 0.0345 0.031 0.184514 0.0345 0.031 0.369028 0.0343107 0.031 0.527183 0.0343107 0.031 0.395387 0.0343107 0.031 0.790774 0.0345 0.031 0.738056 0.0345 0.031 0.92257 0.0343107 0.031 0.658979 0.0345 0.031 0.553542 0.0343107 0.031 0.92257 0.0343107 0.031 0.263591 0.0343107 0.031 0 0.034954 0.030891 0.184514 0.0350878 0.030809 0.369028 0.034954 0.030891 0.369028 0.0346564 0.0309877 0.92257 0.0345 0.031 0.738056 0.0346564 0.0309877 0.738056 0.0345 0.031 0.553542 0.0346564 0.0309877 0.553542 0.035391 0.030454 0.184514 0.0354511 0.030309 0.369028 0.035391 0.030454 0.369028 0.034809 0.0309511 0.92257 0.0352071 0.0307071 0.738056 0.035309 0.0305878 0.92257 0.0352071 0.0307071 0.92257 0.0345 0.031 0.92257 0.0352071 0.0307071 0.369028 0.0350878 0.030809 0.184514 0.035309 0.0305878 0.738056 0.0354511 0.030309 0.184514 0.035391 0.030454 0 0.0354511 0.030309 0 0.0354877 0.0301564 0.553542 0.0354877 0.0301564 0.738056 0.0354511 0.030309 0.553542 0.0355 0.03 0.738056 0.0355 0.03 0.553542 0.0355 0.03 0.92257 0.0354877 0.0301564 0.184514 0.0354877 0.0301564 0 0.035309 0.0305878 0.184514 0.035309 0.0305878 0.369028 0.0355 0.03 0 0.0355 0.03 0.184514 0.0354511 0.030309 0.92257 0.0354511 0.030309 0.738056 0.0354877 0.0301564 0.92257 0.0352071 0.0307071 0.184514 0.034809 0.0309511 0.369028 0.034809 0.0309511 0.184514 0.035391 0.030454 0.92257 0.0346564 0.0309877 0.369028 0.0346564 0.0309877 0.184514 0.0350878 0.030809 0.738056 0.0350878 0.030809 0.92257 0.0345 0.031 0.369028 0.034954 0.030891 0.738056 0.034954 0.030891 0.92257 0.0345 0.031 0.184514 0.0345 0.031 0 0.034809 0.0309511 0.738056 0.034809 0.0309511 0.553542 0.0346564 0.0309877 0 0.034809 0.0309511 0 0.034954 0.030891 0.553542 0.0350878 0.030809 0.553542 0.034954 0.030891 0 0.0350878 0.030809 0 0.0352071 0.0307071 0.553542 0.035309 0.0305878 0.553542 0.0352071 0.0307071 0 0.035391 0.030454 0.738056 0.035309 0.0305878 0 0.035391 0.030454 0.553542 0.0354877 0.0301564 0.369028 0.0355 0.03 0.369028 0.0355 0.03 0.184514 0.0355 0.0255 0 0.0355 0.0255 0.307523 0.0355 0.0255 0.615047 0.0355 0.03 0.738056 0.0355 0.03 0.553542 0.0355 0.0255 0.92257 0.0355 0.03 0.92257 0.0355 0.03 0.369028 0.0355 0.03 0 0.0361183 0.0242865 0.307523 0.036319 0.0241635 0 0.036319 0.0241635 0.307523 0.0367653 0.0240185 0 0.0365365 0.0240734 0.307523 0.0365365 0.0240734 0 0.036319 0.0241635 0.615047 0.0361183 0.0242865 0.615047 0.0367653 0.0240185 0.307523 0.0365365 0.0240734 0.615047 0.037 0.024 0.615047 0.0367653 0.0240185 0.615047 0.037 0.024 0.307523 0.0367653 0.0240185 0.92257 0.037 0.024 0.92257 0.0365365 0.0240734 0.92257 0.037 0.024 0 0.0361183 0.0242865 0 0.0357865 0.0246183 0.92257 0.0357865 0.0246183 0.615047 0.0359393 0.0244393 0.615047 0.0359393 0.0244393 0.307523 0.0357865 0.0246183 0.307523 0.0359393 0.0244393 0 0.0356635 0.024819 0.307523 0.0356635 0.024819 0.615047 0.0357865 0.0246183 0 0.0355185 0.0252653 0.615047 0.0355185 0.0252653 0.307523 0.0355734 0.0250365 0.307523 0.0355734 0.0250365 0.615047 0.0355 0.0255 0.92257 0.0355 0.0255 0.615047 0.0355734 0.0250365 0 0.0355185 0.0252653 0 0.0355 0.0255 0 0.0355 0.0255 0.307523 0.0356635 0.024819 0 0.036319 0.0241635 0.92257 0.0361183 0.0242865 0.92257 0.0359393 0.0244393 0.92257 0.0356635 0.024819 0.92257 0.0355734 0.0250365 0.92257 0.0355185 0.0252653 0.92257 0.037 0.024 0.307523 0.0385 0.024 0 0.0385 0.024 0.307523 0.0385 0.024 0.615047 0.037 0.024 0.615047 0.0385 0.024 0.92257 0.037 0.024 0.92257 0.037 0.024 0 0.0397135 0.0246183 0.307523 0.0398365 0.024819 0 0.0398365 0.024819 0.307523 0.0399815 0.0252653 0 0.0399266 0.0250365 0.307523 0.0399266 0.0250365 0 0.0398365 0.024819 0.615047 0.0397135 0.0246183 0.615047 0.0399815 0.0252653 0.307523 0.0399266 0.0250365 0.615047 0.04 0.0255 0.615047 0.0399815 0.0252653 0.615047 0.04 0.0255 0.307523 0.0399815 0.0252653 0.92257 0.04 0.0255 0.92257 0.0399266 0.0250365 0.92257 0.04 0.0255 0 0.0397135 0.0246183 0 0.0393817 0.0242865 0.92257 0.0393817 0.0242865 0.615047 0.0395607 0.0244393 0.615047 0.0395607 0.0244393 0.307523 0.0393817 0.0242865 0.307523 0.0395607 0.0244393 0 0.039181 0.0241635 0.307523 0.039181 0.0241635 0.615047 0.0393817 0.0242865 0 0.0387347 0.0240185 0.615047 0.0387347 0.0240185 0.307523 0.0389635 0.0240734 0.307523 0.0389635 0.0240734 0.615047 0.0385 0.024 0.92257 0.0385 0.024 0.615047 0.0389635 0.0240734 0 0.0387347 0.0240185 0 0.0385 0.024 0 0.0385 0.024 0.307523 0.039181 0.0241635 0 0.0398365 0.024819 0.92257 0.0397135 0.0246183 0.92257 0.0395607 0.0244393 0.92257 0.039181 0.0241635 0.92257 0.0389635 0.0240734 0.92257 0.0387347 0.0240185 0.92257 0.04 0.0255 0.615047 0.04 0.037 0.92257 0.04 0.0255 0.92257 0.04 0.037 0 0.04 0.0255 0 0.04 0.0255 0.307523 0.04 0.0255 0.92257 0.0399266 0.0250365 0.92257 0.0399815 0.0252653 0.92257 0.00534357 0.0309877 0.92257 0.003 0.04 0.92257 -4.95159e-17 0.037 0.92257 0.0398365 0.024819 0.92257 0.0395607 0.0244393 0.92257 0.0397135 0.0246183 0.92257 0.0374693 3.6935e-05 0.92257 0.0379271 0.00014683 0.92257 0.037 0 0.92257 0.0385 0.024 0.92257 0.0393817 0.0242865 0.92257 0.0398365 0.015181 0.92257 0.0397135 0.0153817 0.92257 0.0393817 0.0157135 0.92257 0.0389635 0.0240734 0.92257 0.039181 0.0241635 0.92257 0.0387347 0.0240185 0.92257 0.0355 0.0145 0.92257 0.037 0.016 0.92257 0.0359393 0.0155607 0.92257 0.0355734 0.0149635 0.92257 0.0356635 0.015181 0.92257 0.0357865 0.0153817 0.92257 0.0355185 0.0147347 0.92257 0.0355 0.0255 0.92257 0.037 0.024 0.92257 0.0357865 0.0246183 0.92257 0.0359393 0.0244393 0.92257 0.0361183 0.0242865 0.92257 0.036319 0.0241635 0.92257 0.0356635 0.024819 0.92257 0.0240185 0.00126535 0.92257 0.0252653 1.84675e-05 0.92257 0.024 0.0015 0.92257 0.00368099 0.0158365 0.92257 0.00433651 0.015181 0.92257 0.00388168 0.0157135 0.92257 0.0355734 0.0250365 0.92257 0.0365365 0.0240734 0.92257 0.0367653 0.0240185 0.92257 0.0355185 0.0252653 0.92257 0.04 0.037 0.92257 0.0350878 0.030809 0.92257 0.0352071 0.0307071 0.92257 0.0355 0.03 0.92257 0.0354877 0.0301564 0.92257 0.035391 0.030454 0.92257 0.0354511 0.030309 0.92257 0.035309 0.0305878 0.92257 0.034809 0.0309511 0.92257 0.034954 0.030891 0.92257 0.0340789 0.0309633 0.92257 0.0309908 0.0341933 0.92257 0.0309633 0.0340789 0.92257 0.0346564 0.0309877 0.92257 0.0339702 0.0309183 0.92257 0.0309183 0.0339702 0.92257 0.0308568 0.0338698 0.92257 0.0338698 0.0308568 0.92257 0.0147347 0.0399815 0.92257 0.0145 0.04 0.92257 0.016 0.0385 0.92257 0.0149635 0.0399266 0.92257 0.0159815 0.0387347 0.92257 -4.85723e-17 0.003 0.92257 0.003 0 0.92257 0.00534357 0.00901231 0.92257 0.00454894 0.00969098 0.92257 0.00451231 0.00984357 0.92257 0.00421353 0.0153817 0.92257 0.000618322 0.0157135 0.92257 0.00043934 0.0155607 0.92257 0.0015 0.016 0.92257 0.012 0.0164497 0.92257 0.0169047 0.0192932 0.92257 0.0168339 0.0197626 0.92257 0.0250365 7.34152e-05 0.92257 0.0240734 0.00103647 0.92257 0.0246183 0.000286475 0.92257 0.024819 0.00016349 0.92257 0.0241635 0.000819014 0.92257 0.0345 0.009 0.92257 0.0309877 0.00534357 0.92257 0.0346564 0.00901231 0.92257 0.0242865 0.000618322 0.92257 0.0244393 0.00043934 0.92257 0.030891 0.00504601 0.92257 0.0309511 0.00519098 0.92257 0.038362 0.00032698 0.92257 0.0387634 0.000572949 0.92257 0.0391213 0.00087868 0.92257 0.04 0.003 0.92257 0.0394271 0.00123664 0.92257 0.039673 0.00163803 0.92257 0.0398532 0.00207295 0.92257 0.0399631 0.0025307 0.92257 0.034809 0.00904894 0.92257 0.034954 0.00910899 0.92257 0.0350878 0.00919098 0.92257 0.0352071 0.00929289 0.92257 0.0354511 0.00969098 0.92257 0.0354877 0.00984357 0.92257 0.035391 0.00954601 0.92257 0.039181 0.0158365 0.92257 0.0399266 0.0149635 0.92257 0.0385 0.016 0.92257 0.04 0.0145 0.92257 0.0387347 0.0159815 0.92257 0.0361183 0.0157135 0.92257 0.036319 0.0158365 0.92257 0.0365365 0.0159266 0.92257 0.0367653 0.0159815 0.92257 0.0395607 0.0155607 0.92257 0.0389635 0.0159266 0.92257 0.0399815 0.0147347 0.92257 0.0355 0.01 0.92257 0.035309 0.00941221 0.92257 0.030309 0.00454894 0.92257 0.030454 0.00460899 0.92257 0.0301564 0.00451231 0.92257 0.0255 0 0.92257 0.0255 0.0045 0.92257 0.024819 0.00433651 0.92257 0.0246183 0.00421353 0.92257 0.024 0.003 0.92257 0.0240734 0.00346353 0.92257 0.0240185 0.00323465 0.92257 0.0244393 0.00406066 0.92257 0.0242865 0.00388168 0.92257 0.0241635 0.00368099 0.92257 0.00163803 0.00032698 0.92257 0.00014683 0.00207295 0.92257 0.00032698 0.00163803 0.92257 0.0158365 0.000819014 0.92257 0.0159266 0.00103647 0.92257 0.016 0.0015 0.92257 0.0252653 0.00448153 0.92257 0.0250365 0.00442658 0.92257 0.016 0.003 0.92257 0.0147347 0.00448153 0.92257 0.0145 0.0045 0.92257 0.0153817 0.00421353 0.92257 0.0158365 0.00368099 0.92257 0.0157135 0.00388168 0.92257 0.0256075 0.0113316 0.92257 0.0260251 0.0109749 0.92257 0.0286684 0.0143925 0.92257 0.0307803 0.00621967 0.92257 0.0290251 0.0139749 0.92257 0.015181 0.00433651 0.92257 0.0155607 0.00406066 0.92257 0.0283815 0.0148608 0.92257 0.0246318 0.0118287 0.92257 0.0281713 0.0153682 0.92257 0.0280431 0.0159022 0.92257 0.0209363 0.0169662 0.92257 0.0235503 0.012 0.92257 0.0213781 0.0171397 0.92257 0.0251392 0.0116185 0.92257 0.031 0.00568934 0.92257 0.031 0.0055 0.92257 0.0343107 0.009 0.92257 0.0341933 0.00900923 0.92257 0.0308568 0.00613018 0.92257 0.0338698 0.00914324 0.92257 0.0337803 0.00921967 0.92257 0.03 0.0045 0.92257 0.030809 0.00491221 0.92257 0.0307071 0.00479289 0.92257 0.0305878 0.00469098 0.92257 0.0340789 0.00903671 0.92257 0.0309908 0.00580667 0.92257 0.0309633 0.0059211 0.92257 0.0339702 0.00908175 0.92257 0.0309183 0.00602983 0.92257 0.0240978 0.0119569 0.92257 0.0204734 0.0168605 0.92257 0.0153682 0.0118287 0.92257 0.0118287 0.0153682 0.92257 0.0148608 0.0116185 0.92257 0.0116185 0.0148608 0.92257 0.000286475 0.0153817 0.92257 -4.01901e-17 0.0145 0.92257 0.00016349 0.015181 0.92257 7.34152e-05 0.0149635 0.92257 0.00126535 0.0159815 0.92257 0.00103647 0.0159266 0.92257 0.0045 0.0145 0.92257 0.00323465 0.0159815 0.92257 0.003 0.016 0.92257 0.0045 0.01 0.92257 0.0025307 3.6935e-05 0.92257 0.00207295 0.00014683 0.92257 3.6935e-05 0.0025307 0.92257 0.00123664 0.000572949 0.92257 0.000572949 0.00123664 0.92257 0.00087868 0.00087868 0.92257 0.00904894 0.00519098 0.92257 0.00910899 0.00504601 0.92257 0.00901231 0.00534357 0.92257 0.00929289 0.00479289 0.92257 0.00919098 0.00491221 0.92257 0.00969098 0.00454894 0.92257 0.00954601 0.00460899 0.92257 0.00941221 0.00469098 0.92257 0.0155607 0.00043934 0.92257 0.0157135 0.000618322 0.92257 0.0145 0 0.92257 0.0153817 0.000286475 0.92257 0.0149635 0.00442658 0.92257 0.0159266 0.00346353 0.92257 0.0159815 0.00323465 0.92257 0.0159815 0.00126535 0.92257 0.0149635 7.34152e-05 0.92257 0.015181 0.00016349 0.92257 0.0147347 1.84675e-05 0.92257 0.01 0.0045 0.92257 0.00984357 0.00451231 0.92257 0.00519098 0.00904894 0.92257 0.00504601 0.00910899 0.92257 0.00346353 0.0159266 0.92257 0.00448153 0.0147347 0.92257 0.00442658 0.0149635 0.92257 0.00406066 0.0155607 0.92257 1.84675e-05 0.0147347 0.92257 0.000819014 0.0158365 0.92257 0.0119569 0.0159022 0.92257 0.0159022 0.0119569 0.92257 0.000819014 0.0241635 0.92257 7.34152e-05 0.0250365 0.92257 0.00016349 0.024819 0.92257 0.000286475 0.0246183 0.92257 0.000618322 0.0242865 0.92257 0.0148608 0.0283815 0.92257 0.0116185 0.0251392 0.92257 0.0118287 0.0246318 0.92257 0.0170447 0.0188395 0.92257 0.00406066 0.0244393 0.92257 0.0045 0.0255 0.92257 0.003 0.024 0.92257 0.00433651 0.024819 0.92257 0.00421353 0.0246183 0.92257 0.00442658 0.0250365 0.92257 0.0139749 0.0290251 0.92257 0.0113316 0.0256075 0.92257 0.0143925 0.0286684 0.92257 0.0164497 0.028 0.92257 0.0190637 0.0230338 0.92257 0.0195266 0.0231395 0.92257 0.00448153 0.0252653 0.92257 0.0172507 0.0184119 0.92257 0.0143925 0.0113316 0.92257 0.0113316 0.0143925 0.92257 0.0139749 0.0109749 0.92257 0.0109749 0.0139749 0.92257 0.00921967 0.00621967 0.92257 0.009 0.00568934 0.92257 0.00568934 0.009 0.92257 0.009 0.0055 0.92257 0.0055 0.009 0.92257 0.00580667 0.00900923 0.92257 0.00621967 0.00921967 0.92257 0.00613018 0.00914324 0.92257 0.00914324 0.00613018 0.92257 0.00491221 0.00919098 0.92257 0.00469098 0.00941221 0.92257 0.00460899 0.00954601 0.92257 0.00479289 0.00929289 0.92257 0.00900923 0.00580667 0.92257 0.0059211 0.00903671 0.92257 0.00903671 0.0059211 0.92257 0.00602983 0.00908175 0.92257 0.00908175 0.00602983 0.92257 0.02 0.016825 0.92257 0.0230953 0.0207068 0.92257 0.0231661 0.0202374 0.92257 0.028 0.0235503 0.92257 0.0157135 0.0393817 0.92257 0.0153817 0.0397135 0.92257 0.0158365 0.039181 0.92257 0.0155607 0.0395607 0.92257 0.015181 0.0398365 0.92257 0.0159266 0.0389635 0.92257 0.00207295 0.0398532 0.92257 0.00163803 0.039673 0.92257 0.000572949 0.0387634 0.92257 0.00087868 0.0391213 0.92257 0.00123664 0.0394271 0.92257 0.00014683 0.0379271 0.92257 3.6935e-05 0.0374693 0.92257 0.00032698 0.038362 0.92257 0.0025307 0.0399631 0.92257 0.00504601 0.030891 0.92257 0.00519098 0.0309511 0.92257 0.00479289 0.0307071 0.92257 0.00469098 0.0305878 0.92257 0.00491221 0.030809 0.92257 0.0015 0.024 0.92257 -4.85723e-17 0.0255 0.92257 0.00126535 0.0240185 0.92257 0.00454894 0.030309 0.92257 0.00460899 0.030454 0.92257 0.00103647 0.0240734 0.92257 0.00388168 0.0242865 0.92257 0.00368099 0.0241635 0.92257 0.00346353 0.0240734 0.92257 0.00323465 0.0240185 0.92257 0.00043934 0.0244393 0.92257 1.84675e-05 0.0252653 0.92257 0.0045 0.03 0.92257 0.00451231 0.0301564 0.92257 0.00904894 0.034809 0.92257 0.00910899 0.034954 0.92257 0.0055 0.031 0.92257 0.00901231 0.0346564 0.92257 0.0155607 0.0359393 0.92257 0.0145 0.0355 0.92257 0.0153817 0.0357865 0.92257 0.015181 0.0356635 0.92257 0.0159266 0.0365365 0.92257 0.0159815 0.0367653 0.92257 0.016 0.037 0.92257 0.0246183 0.0397135 0.92257 0.0255 0.04 0.92257 0.024819 0.0398365 0.92257 0.0229553 0.0211605 0.92257 0.0250365 0.0399266 0.92257 0.0252653 0.0399815 0.92257 0.0307803 0.0337803 0.92257 0.0260251 0.0290251 0.92257 0.0290251 0.0260251 0.92257 0.024819 0.0356635 0.92257 0.0241635 0.036319 0.92257 0.0246183 0.0357865 0.92257 0.0337803 0.0307803 0.92257 0.0244393 0.0395607 0.92257 0.0246318 0.0281713 0.92257 0.0240978 0.0280431 0.92257 0.0280431 0.0240978 0.92257 0.0255 0.0355 0.92257 0.024 0.037 0.92257 0.0252653 0.0355185 0.92257 0.0242865 0.0361183 0.92257 0.0157135 0.0361183 0.92257 0.0158365 0.036319 0.92257 0.0244393 0.0359393 0.92257 0.0256075 0.0286684 0.92257 0.0286684 0.0256075 0.92257 0.0147347 0.0355185 0.92257 0.0149635 0.0355734 0.92257 0.0186219 0.0228603 0.92257 0.0182108 0.0226228 0.92257 0.0109749 0.0260251 0.92257 0.00921967 0.0337803 0.92257 0.009 0.0343107 0.92257 0.009 0.0345 0.92257 0.00568934 0.031 0.92257 0.00580667 0.0309908 0.92257 0.01 0.0355 0.92257 0.00984357 0.0354877 0.92257 0.00613018 0.0308568 0.92257 0.00621967 0.0307803 0.92257 0.00914324 0.0338698 0.92257 0.00969098 0.0354511 0.92257 0.00919098 0.0350878 0.92257 0.00941221 0.035309 0.92257 0.00954601 0.035391 0.92257 0.00929289 0.0352071 0.92257 0.0059211 0.0309633 0.92257 0.00900923 0.0341933 0.92257 0.00903671 0.0340789 0.92257 0.00602983 0.0309183 0.92257 0.00908175 0.0339702 0.92257 0.028 0.0164497 0.92257 0.02275 0.0184133 0.92257 0.0224828 0.0180212 0.92257 0.0119569 0.0240978 0.92257 0.0153682 0.0281713 0.92257 0.0159022 0.0280431 0.92257 0.0227493 0.0215881 0.92257 0.0281713 0.0246318 0.92257 0.0251392 0.0283815 0.92257 0.0283815 0.0251392 0.92257 0.0341933 0.0309908 0.92257 0.0343107 0.031 0.92257 0.031 0.0343107 0.92257 0.031 0.0345 0.92257 0.0345 0.031 0.92257 0.0240185 0.0367653 0.92257 0.0309877 0.0346564 0.92257 0.037 0.04 0.92257 0.0309511 0.034809 0.92257 0.030809 0.0350878 0.92257 0.030891 0.034954 0.92257 0.0305878 0.035309 0.92257 0.0307071 0.0352071 0.92257 0.030309 0.0354511 0.92257 0.030454 0.035391 0.92257 0.024 0.0385 0.92257 0.0240734 0.0389635 0.92257 0.0240185 0.0387347 0.92257 0.0250365 0.0355734 0.92257 0.0240734 0.0365365 0.92257 0.0241635 0.039181 0.92257 0.0242865 0.0393817 0.92257 0.0301564 0.0354877 0.92257 0.03 0.0355 0.92257 0.0399631 0.0374693 0.92257 0.0398532 0.0379271 0.92257 0.0379271 0.0398532 0.92257 0.0374693 0.0399631 0.92257 0.0394271 0.0387634 0.92257 0.0391213 0.0391213 0.92257 0.0387634 0.0394271 0.92257 0.038362 0.039673 0.92257 0.039673 0.038362 0.92257 0.0164497 0.012 0.92257 0.0235503 0.028 0.92257 0.0213768 0.0228609 0.92257 0.0217877 0.0226238 0.92257 0.0221602 0.0176732 0.92257 0.0217892 0.0173772 0.92257 0.0230955 0.019294 0.92257 0.0229557 0.0188408 0.92257 0.0231661 0.0197629 0.92257 0.0224818 0.0219802 0.92257 0.0221588 0.022328 0.92257 0.0204734 0.0231395 0.92257 0.0209352 0.0230341 0.92257 0.02 0.023175 0.92257 0.01725 0.0215867 0.92257 0.0175172 0.0219788 0.92257 0.012 0.0235503 0.92257 0.0178398 0.0223268 0.92257 0.0169045 0.020706 0.92257 0.0170443 0.0211592 0.92257 0.0168339 0.0202371 0.92257 0.0175182 0.0180198 0.92257 0.0178412 0.017672 0.92257 0.0186232 0.0171391 0.92257 0.0182122 0.0173762 0.92257 0.0195266 0.0168605 0.92257 0.0190648 0.0169659 0.92257 0.04 0.0255 0 0.0399815 0.0252653 0 0.0399266 0.0250365 0 0.0394271 0.0387634 0 0.039673 0.038362 0 0.0387634 0.0394271 0 0.0391213 0.0391213 0 0.038362 0.039673 0 0.0398532 0.0379271 0 0.0399631 0.0374693 0 0.0379271 0.0398532 0 0.04 0.037 0 0.0374693 0.0399631 0 0.037 0.04 0 0.0395607 0.0244393 0 0.0385 0.024 0 0.0398365 0.024819 0 0.0397135 0.0246183 0 0.0374693 3.6935e-05 0 0.037 0 0 0.0379271 0.00014683 0 0.0393817 0.0242865 0 0.0398365 0.015181 0 0.0393817 0.0157135 0 0.0397135 0.0153817 0 0.0389635 0.0240734 0 0.039181 0.0241635 0 0.0387347 0.0240185 0 0.0355 0.0145 0 0.0359393 0.0155607 0 0.037 0.016 0 0.037 0.024 0 0.0355 0.0255 0 0.0355734 0.0149635 0 0.0356635 0.015181 0 0.0357865 0.0153817 0 0.0355185 0.0147347 0 0.0361183 0.0242865 0 0.0359393 0.0244393 0 0.0357865 0.0246183 0 0.0356635 0.024819 0 0.036319 0.0241635 0 0.0355734 0.0250365 0 0.0240185 0.00126535 0 0.024 0.0015 0 0.0252653 1.84675e-05 0 0.00368099 0.0158365 0 0.00388168 0.0157135 0 0.00433651 0.015181 0 0.0355185 0.0252653 0 0.0365365 0.0240734 0 0.0367653 0.0240185 0 0.0350878 0.030809 0 0.034954 0.030891 0 0.0355 0.03 0 0.0354877 0.0301564 0 0.0354511 0.030309 0 0.035391 0.030454 0 0.035309 0.0305878 0 0.0352071 0.0307071 0 0.034809 0.0309511 0 0.0346564 0.0309877 0 0.0340789 0.0309633 0 0.0309633 0.0340789 0 0.0309908 0.0341933 0 0.0339702 0.0309183 0 0.0309183 0.0339702 0 0.0308568 0.0338698 0 0.0338698 0.0308568 0 0.0290251 0.0260251 0 0.0307803 0.0337803 0 0.0337803 0.0307803 1.13687e-16 0.0147347 0.0399815 0 0.016 0.0385 0 0.0145 0.04 0 0.0015 0.016 0 0.000618322 0.0157135 0 0.000819014 0.0158365 0 0.00043934 0.0155607 0 0.00421353 0.0153817 0 0.012 0.0164497 0 0.0168339 0.0197629 0 0.0169045 0.019294 0 0.0250365 7.34152e-05 0 0.0240734 0.00103647 0 0.0246183 0.000286475 0 0.0241635 0.000819014 0 0.024819 0.00016349 0 0.0345 0.009 0 0.0346564 0.00901231 0 0.0309877 0.00534357 0 0.0242865 0.000618322 0 0.0244393 0.00043934 0 0.030891 0.00504601 0 0.0309511 0.00519098 0 0.038362 0.00032698 0 0.0387634 0.000572949 0 0.0391213 0.00087868 0 0.04 0.003 0 0.039673 0.00163803 0 0.0394271 0.00123664 0 0.0398532 0.00207295 0 0.0399631 0.0025307 0 0.034809 0.00904894 0 0.034954 0.00910899 0 0.0350878 0.00919098 0 0.0352071 0.00929289 0 0.0354511 0.00969098 0 0.0354877 0.00984357 0 0.035391 0.00954601 0 0.039181 0.0158365 0 0.0399266 0.0149635 0 0.0385 0.016 0 0.0387347 0.0159815 0 0.04 0.0145 0 0.0361183 0.0157135 0 0.036319 0.0158365 0 0.0365365 0.0159266 0 0.0367653 0.0159815 0 0.0395607 0.0155607 0 0.0389635 0.0159266 0 0.0399815 0.0147347 0 0.0355 0.01 0 0.035309 0.00941221 0 0.030309 0.00454894 0 0.030454 0.00460899 0 0.0301564 0.00451231 0 0.0255 0 0 0.0255 0.0045 0 0.0246183 0.00421353 0 0.024819 0.00433651 0 0.024 0.003 1.13687e-16 0.0240185 0.00323465 0 0.0240734 0.00346353 0 0.0244393 0.00406066 0 0.0242865 0.00388168 0 0.0241635 0.00368099 0 0.0158365 0.000819014 0 0.016 0.0015 0 0.0159266 0.00103647 0 0.0252653 0.00448153 0 0.0250365 0.00442658 0 0.016 0.003 0 0.0145 0.0045 0 0.0147347 0.00448153 0 0.0153817 0.00421353 0 0.0157135 0.00388168 0 0.0158365 0.00368099 0 0.0256075 0.0113316 0 0.0286684 0.0143925 0 0.0260251 0.0109749 0 0.0290251 0.0139749 0 0.0307803 0.00621967 0 0.015181 0.00433651 0 0.0155607 0.00406066 0 0.0283815 0.0148608 0 0.0246318 0.0118287 0 0.0280431 0.0159022 0 0.0281713 0.0153682 0 0.0209352 0.0169659 0 0.0213768 0.0171391 0 0.0235503 0.012 0 0.0251392 0.0116185 0 0.031 0.00568934 0 0.0343107 0.009 0 0.031 0.0055 0 0.0341933 0.00900923 0 0.0308568 0.00613018 0 0.0337803 0.00921967 0 0.0338698 0.00914324 0 0.03 0.0045 0 0.030809 0.00491221 0 0.0307071 0.00479289 0 0.0305878 0.00469098 0 0.0340789 0.00903671 0 0.0309908 0.00580667 0 0.0309633 0.0059211 0 0.0309183 0.00602983 0 0.0339702 0.00908175 0 0.0240978 0.0119569 0 0.0204734 0.0168605 0 0.0153682 0.0118287 0 0.0148608 0.0116185 0 0.0118287 0.0153682 0 0.0116185 0.0148608 0 0.000286475 0.0153817 0 -4.01901e-17 0.0145 0 7.34152e-05 0.0149635 0 0.00016349 0.015181 0 0.00103647 0.0159266 0 0.00126535 0.0159815 0 0.0045 0.0145 0 0.003 0.016 0 0.00323465 0.0159815 0 0.003 0 0 -4.85723e-17 0.003 0 0.00534357 0.00901231 0 3.6935e-05 0.0025307 0 0.0025307 3.6935e-05 0 0.00207295 0.00014683 0 0.00014683 0.00207295 0 0.00163803 0.00032698 0 0.00032698 0.00163803 0 0.00123664 0.000572949 0 0.000572949 0.00123664 0 0.00087868 0.00087868 0 0.00904894 0.00519098 0 0.00910899 0.00504601 0 0.00901231 0.00534357 0 0.00919098 0.00491221 0 0.00929289 0.00479289 0 0.00969098 0.00454894 0 0.00954601 0.00460899 0 0.00941221 0.00469098 0 0.0157135 0.000618322 0 0.0155607 0.00043934 0 0.0145 0 0 0.0153817 0.000286475 0 0.0149635 0.00442658 0 0.0159266 0.00346353 0 0.0159815 0.00323465 0 0.0159815 0.00126535 0 0.015181 0.00016349 0 0.0149635 7.34152e-05 0 0.0147347 1.84675e-05 0 0.01 0.0045 0 0.00984357 0.00451231 0 0.00451231 0.00984357 0 0.00454894 0.00969098 0 0.00504601 0.00910899 0 0.00519098 0.00904894 0 0.0045 0.01 0 0.00346353 0.0159266 0 0.00442658 0.0149635 0 0.00448153 0.0147347 0 0.00406066 0.0155607 0 1.84675e-05 0.0147347 0 0.000819014 0.0241635 0 0.00016349 0.024819 0 7.34152e-05 0.0250365 0 0.000286475 0.0246183 0 0.000618322 0.0242865 0 0.0170443 0.0188408 0 0.0119569 0.0159022 0 0.0159022 0.0119569 0 0.00406066 0.0244393 0 0.003 0.024 0 0.0045 0.0255 0 0.0116185 0.0251392 0 0.0148608 0.0283815 0 0.0118287 0.0246318 0 0.00442658 0.0250365 0 0.00433651 0.024819 0 0.00421353 0.0246183 0 0.0139749 0.0290251 0 0.0143925 0.0286684 0 0.0113316 0.0256075 0 0.0164497 0.028 0 0.0195266 0.0231395 0 0.0190648 0.0230341 0 0.00448153 0.0252653 0 0.01725 0.0184133 0 0.0143925 0.0113316 0 0.0139749 0.0109749 3.41061e-16 0.0113316 0.0143925 0 0.00921967 0.00621967 0 0.0109749 0.0139749 0 0.009 0.00568934 0 0.009 0.0055 0 0.00568934 0.009 0 0.0055 0.009 0 0.00580667 0.00900923 0 0.00621967 0.00921967 1.13687e-16 0.00914324 0.00613018 0 0.00613018 0.00914324 0 0.00491221 0.00919098 0 0.00469098 0.00941221 0 0.00460899 0.00954601 0 0.00479289 0.00929289 0 0.00900923 0.00580667 0 0.0059211 0.00903671 0 0.00903671 0.0059211 0 0.00602983 0.00908175 0 0.00908175 0.00602983 0 0.02 0.016825 0 0.0164497 0.012 0 0.0153682 0.0281713 0 0.0157135 0.0393817 0 0.0153817 0.0397135 0 0.0155607 0.0395607 0 0.0158365 0.039181 0 0.0159266 0.0389635 0 0.015181 0.0398365 0 0.016 0.037 0 0.0159815 0.0367653 0 0.0159266 0.0365365 0 0.000572949 0.0387634 0 0.00087868 0.0391213 0 -4.95159e-17 0.037 0 0.00123664 0.0394271 0 0.003 0.04 0 3.6935e-05 0.0374693 0 0.00014683 0.0379271 0 0.00032698 0.038362 0 0.0025307 0.0399631 0 0.00207295 0.0398532 0 0.00163803 0.039673 0 0.00519098 0.0309511 0 0.00534357 0.0309877 0 0.00479289 0.0307071 0 0.00491221 0.030809 0 0.00504601 0.030891 0 0.00454894 0.030309 0 0.00460899 0.030454 0 0.00469098 0.0305878 0 0.0015 0.024 0 0.00126535 0.0240185 0 -4.85723e-17 0.0255 0 0.00103647 0.0240734 0 0.00388168 0.0242865 0 0.00368099 0.0241635 0 0.00346353 0.0240734 0 0.00323465 0.0240185 0 0.00043934 0.0244393 0 1.84675e-05 0.0252653 0 0.0045 0.03 0 0.00451231 0.0301564 0 0.00904894 0.034809 0 0.00910899 0.034954 0 0.00901231 0.0346564 0 0.0055 0.031 0 0.0155607 0.0359393 0 0.0153817 0.0357865 0 0.0145 0.0355 0 0.015181 0.0356635 0 0.0149635 0.0399266 0 0.0159815 0.0387347 0 0.024 0.0385 0 0.0241635 0.039181 0 0.0242865 0.0393817 0 0.0240978 0.0280431 0 0.0246318 0.0281713 0 0.0280431 0.0240978 0 0.0229557 0.0211592 0 0.028 0.0235503 0 0.0230955 0.020706 0 0.0281713 0.0246318 0 0.0251392 0.0283815 0 0.0283815 0.0251392 0 0.0309877 0.0346564 0 0.0341933 0.0309908 0 0.031 0.0343107 0 0.0157135 0.0361183 0 0.0158365 0.036319 0 0.0242865 0.0361183 0 0.0246183 0.0357865 0 0.0244393 0.0359393 0 0.0147347 0.0355185 0 0.0149635 0.0355734 0 0.0256075 0.0286684 0 0.0260251 0.0290251 1.13687e-16 0.0286684 0.0256075 0 0.0217877 0.0173762 0 0.0109749 0.0260251 0 0.00921967 0.0337803 0 0.00568934 0.031 0 0.009 0.0345 0 0.009 0.0343107 0 0.00580667 0.0309908 0 0.01 0.0355 0 0.00984357 0.0354877 0 0.00613018 0.0308568 0 0.00914324 0.0338698 0 0.00621967 0.0307803 1.13687e-16 0.00969098 0.0354511 0 0.00919098 0.0350878 0 0.00941221 0.035309 0 0.00954601 0.035391 0 0.00929289 0.0352071 0 0.0059211 0.0309633 0 0.00900923 0.0341933 0 0.00903671 0.0340789 0 0.00602983 0.0309183 0 0.00908175 0.0339702 0 0.028 0.0164497 0 0.0224818 0.0180198 0 0.0227493 0.0184119 0 0.0119569 0.0240978 0 0.0159022 0.0280431 0 0.0186232 0.0228609 0 0.02275 0.0215867 0 0.0241635 0.036319 0 0.031 0.0345 0 0.0343107 0.031 0 0.0345 0.031 0 0.024819 0.0356635 0 0.030891 0.034954 0 0.0309511 0.034809 0 0.0307071 0.0352071 0 0.030809 0.0350878 0 0.030454 0.035391 0 0.0305878 0.035309 0 0.0255 0.04 0 0.024819 0.0398365 0 0.0250365 0.0399266 0 0.030309 0.0354511 0 0.0301564 0.0354877 0 0.0240734 0.0365365 0 0.0250365 0.0355734 0 0.0252653 0.0355185 0 0.0240185 0.0367653 0 0.024 0.037 0 0.0255 0.0355 0 0.0240734 0.0389635 0 0.0240185 0.0387347 0 0.0244393 0.0395607 0 0.0246183 0.0397135 0 0.0252653 0.0399815 0 0.03 0.0355 0 0.0235503 0.028 0 0.0217892 0.0226228 0 0.0213781 0.0228603 0 0.0231661 0.0202371 0 0.0182122 0.0226238 0 0.0221588 0.017672 0 0.0229553 0.0188395 0 0.0230953 0.0192932 0 0.0231661 0.0197626 0 0.0224828 0.0219788 0 0.0221602 0.0223268 0 0.0209363 0.0230338 0 0.0204734 0.0231395 0 0.02 0.023175 0 0.0172507 0.0215881 0 0.012 0.0235503 0 0.0175182 0.0219802 0 0.0178412 0.022328 0 0.0170447 0.0211605 0 0.0169047 0.0207068 0 0.0168339 0.0202374 0 0.0175172 0.0180212 0 0.0178398 0.0176732 0 0.0186219 0.0171397 0 0.0182108 0.0173772 0 0.0195266 0.0168605 0 0.0190637 0.0169662 0 0.0168339 0.0202371 0.92257 0.0168339 0.0197629 0 0.0168339 0.0202374 0 0.02 0.016825 0.92257 0.0204734 0.0168605 0 0.02 0.016825 0 0.0169047 0.0207068 0 0.0169045 0.020706 0.92257 0.0170447 0.0211605 0 0.0170443 0.0211592 0.92257 0.01725 0.0215867 0.92257 0.0172507 0.0215881 0 0.0175182 0.0219802 0 0.0175172 0.0219788 0.92257 0.0178412 0.022328 0 0.0178398 0.0223268 0.92257 0.0182108 0.0226228 0.92257 0.0182122 0.0226238 0 0.0186232 0.0228609 0 0.0186219 0.0228603 0.92257 0.0190648 0.0230341 0 0.0190637 0.0230338 0.92257 0.0195266 0.0231395 0.92257 0.0195266 0.0231395 0 0.02 0.023175 0.92257 0.02 0.023175 0 0.0168339 0.0197626 0.92257 0.0169047 0.0192932 0.92257 0.0169045 0.019294 0 0.0170443 0.0188408 0 0.0170447 0.0188395 0.92257 0.0172507 0.0184119 0.92257 0.01725 0.0184133 0 0.0175182 0.0180198 0.92257 0.0175172 0.0180212 0 0.0178398 0.0176732 0 0.0178412 0.017672 0.92257 0.0182122 0.0173762 0.92257 0.0182108 0.0173772 0 0.0186232 0.0171391 0.92257 0.0186219 0.0171397 0 0.0190637 0.0169662 0 0.0190648 0.0169659 0.92257 0.0195266 0.0168605 0.92257 0.0195266 0.0168605 0 0.0209363 0.0169662 0.92257 0.0209352 0.0169659 0 0.0204734 0.0168605 0.92257 0.0221602 0.0176732 0.92257 0.0221588 0.017672 0 0.0217892 0.0173772 0.92257 0.0213781 0.0171397 0.92257 0.0217877 0.0173762 0 0.0213768 0.0171391 0 0.02275 0.0184133 0.92257 0.0229557 0.0188408 0.92257 0.0229553 0.0188395 0 0.0224818 0.0180198 0 0.0224828 0.0180212 0.92257 0.0227493 0.0184119 0 0.0231661 0.0202371 0 0.0231661 0.0197629 0.92257 0.0231661 0.0202374 0.92257 0.0231661 0.0197626 0 0.0230953 0.0192932 0 0.0230955 0.019294 0.92257 0.0227493 0.0215881 0.92257 0.02275 0.0215867 0 0.0229553 0.0211605 0.92257 0.0230953 0.0207068 0.92257 0.0229557 0.0211592 0 0.0230955 0.020706 0 0.0221588 0.022328 0.92257 0.0217892 0.0226228 0 0.0221602 0.0223268 0 0.0224828 0.0219788 0 0.0224818 0.0219802 0.92257 0.0213781 0.0228603 0 0.0217877 0.0226238 0.92257 0.0213768 0.0228609 0.92257 0.0209363 0.0230338 0 0.0209352 0.0230341 0.92257 0.0204734 0.0231395 0 0.0204734 0.0231395 0.92257</float_array>
          <technique_common>
            <accessor count="3176" source="#ID14" stride="3">
              <param name="X" type="float"/>
              <param name="Y" type="float"/>
              <param name="Z" type="float"/>
            </accessor>
          </technique_common>
        </source>
        <source id="ID15">
          <float_array count="9528" id="ID16">0.707107 0.707107 0 0.707107 0.707107 0 0.587785 0.809017 0 0.45399 0.891007 0 0.587785 0.809017 0 0.309017 0.951057 0 0.45399 0.891007 0 0.309017 0.951057 0 0.156435 0.987688 0 5.96244e-09 1 0 0.156435 0.987688 0 5.96244e-09 1 0 0.809017 0.587785 0 0.809017 0.587785 0 0.891007 0.453991 0 0.951057 0.309017 0 0.891007 0.453991 0 0.987688 0.156435 0 0.951057 0.309017 0 0.987688 0.156434 0 1 6.95355e-08 0 1 -1.68883e-07 0 0 1 0 0 1 0 0 1 0 0 1 0 0 1 0 0 1 0 -0.809017 0.587785 0 -0.891007 0.45399 0 -0.891007 0.45399 0 -0.987688 0.156435 0 -0.951057 0.309017 0 -0.951057 0.309017 0 -0.891007 0.45399 0 -0.809017 0.587785 0 -0.987688 0.156435 0 -0.951057 0.309017 0 -1 5.96244e-09 0 -0.987688 0.156435 0 -1 5.96244e-09 0 -0.987688 0.156435 0 -1 5.96244e-09 0 -0.951057 0.309017 0 -1 5.96244e-09 0 -0.809017 0.587785 0 -0.587785 0.809017 0 -0.587785 0.809017 0 -0.707107 0.707107 0 -0.707107 0.707107 0 -0.587785 0.809017 0 -0.707107 0.707107 0 -0.453991 0.891007 0 -0.453991 0.891007 0 -0.587785 0.809017 0 -0.156434 0.987688 0 -0.156434 0.987688 0 -0.309017 0.951057 0 -0.309017 0.951057 0 -6.95355e-08 1 0 1.68883e-07 1 0 -0.309017 0.951057 0 -0.156434 0.987688 0 -6.95355e-08 1 0 -6.95355e-08 1 0 -0.453991 0.891007 0 -0.891007 0.45399 0 -0.809017 0.587785 0 -0.707107 0.707107 0 -0.453991 0.891007 0 -0.309017 0.951057 0 -0.156435 0.987688 0 -1 0 0 -1 0 0 -1 0 0 -1 0 0 -1 0 0 -1 0 0 -1 0 0 -1 0 0 -0.587785 -0.809017 0 -0.45399 -0.891007 0 -0.45399 -0.891007 0 -0.156435 -0.987688 0 -0.309017 -0.951057 0 -0.309017 -0.951057 0 -0.45399 -0.891007 0 -0.587785 -0.809017 0 -0.156435 -0.987688 0 -0.309017 -0.951057 0 -5.96244e-09 -1 0 -0.156435 -0.987688 0 -5.96244e-09 -1 0 -0.156435 -0.987688 0 -5.96244e-09 -1 0 -0.309017 -0.951057 0 -5.96244e-09 -1 0 -0.587785 -0.809017 0 -0.809017 -0.587785 -0 -0.809017 -0.587785 -0 -0.707107 -0.707107 -0 -0.707107 -0.707107 0 -0.809017 -0.587785 -0 -0.707107 -0.707107 -0 -0.891007 -0.453991 -0 -0.891007 -0.453991 -0 -0.809017 -0.587785 -0 -0.987688 -0.156434 -0 -0.987688 -0.156434 -0 -0.951057 -0.309017 -0 -0.951057 -0.309017 -0 -1 -6.95355e-08 -0 -1 1.68883e-07 0 -0.951057 -0.309017 -0 -0.987688 -0.156434 -0 -1 -6.95355e-08 -0 -1 -6.95355e-08 -0 -0.891007 -0.453991 -0 -0.45399 -0.891007 0 -0.587785 -0.809017 0 -0.707107 -0.707107 -0 -0.891007 -0.453991 -0 -0.951057 -0.309017 -0 -0.987688 -0.156435 -0 0 -1 0 0 -1 0 0 -1 0 0 -1 0 0 -1 0 0 -1 0 0 -1 0 0 -1 0 0 -1 0 0 -1 0 -0.45399 -0.891007 -0 -0.587785 -0.809017 -0 -0.45399 -0.891007 -0 -0.156435 -0.987688 -0 -5.96244e-09 -1 -0 -0.156435 -0.987688 -0 -5.96244e-09 -1 -0 -0.156435 -0.987688 -0 -0.891007 -0.453991 0 -0.951057 -0.309017 0 -0.891007 -0.453991 0 -0.309017 -0.951057 -0 -0.707107 -0.707107 0 -0.809017 -0.587785 0 -0.707107 -0.707107 0 -5.96244e-09 -1 -0 -0.707107 -0.707107 0 -0.587785 -0.809017 -0 -0.809017 -0.587785 0 -0.951057 -0.309017 0 -0.891007 -0.453991 0 -0.951057 -0.309017 0 -0.987688 -0.156434 0 -0.987688 -0.156434 0 -0.951057 -0.309017 0 -1 1.68883e-07 0 -1 -6.95355e-08 0 -1 -6.95355e-08 0 -0.987688 -0.156435 0 -0.987688 -0.156435 0 -0.809017 -0.587785 0 -0.809017 -0.587785 0 -1 -6.95355e-08 0 -1 -6.95355e-08 0 -0.951057 -0.309017 0 -0.951057 -0.309017 0 -0.987688 -0.156435 0 -0.707107 -0.707107 0 -0.309017 -0.951057 -0 -0.309017 -0.951057 -0 -0.891007 -0.453991 0 -0.156435 -0.987688 -0 -0.156435 -0.987688 -0 -0.587785 -0.809017 -0 -0.587785 -0.809017 -0 -5.96244e-09 -1 -0 -0.45399 -0.891007 -0 -0.45399 -0.891007 -0 -5.96244e-09 -1 -0 -5.96244e-09 -1 -0 -0.309017 -0.951057 -0 -0.309017 -0.951057 -0 -0.156435 -0.987688 -0 -0.309017 -0.951057 -0 -0.45399 -0.891007 -0 -0.587785 -0.809017 -0 -0.45399 -0.891007 -0 -0.587785 -0.809017 -0 -0.707107 -0.707107 -0 -0.809017 -0.587785 0 -0.707107 -0.707107 0 -0.891007 -0.453991 0 -0.809017 -0.587785 0 -0.891007 -0.453991 0 -0.987688 -0.156434 0 -1 -6.95355e-08 0 -1 0 0 -1 0 0 -1 0 0 -1 0 0 -1 0 0 -1 0 0 -1 0 0 -1 0 0 -1 0 0 -1 0 0 -1 0 0 -1 0 0 -1 0 0 -1 0 0 -0.707107 0.707107 0 -0.809017 0.587785 0 -0.707107 0.707107 0 -0.707107 0.707107 0 -0.809017 0.587785 0 -0.891006 0.453991 0 -0.891006 0.453991 0 -0.951056 0.309017 0 -0.951056 0.309017 0 -0.891006 0.453991 0 -0.951056 0.309017 0 -0.951056 0.309017 0 -1 -7.25166e-08 -0 -0.987688 0.156434 0 -1 -7.25166e-08 -0 -0.987688 0.156434 0 -1 -7.25166e-08 -0 -0.987688 0.156434 0 -0.809017 0.587785 0 -0.987688 0.156434 0 -1 -7.25166e-08 -0 -0.891006 0.453991 0 -1 -7.25166e-08 -0 -0.987688 0.156434 0 -0.809017 0.587785 0 -0.891007 0.45399 0 -0.809017 0.587785 0 -0.951056 0.309017 0 -0.951056 0.309017 0 -0.987688 0.156434 0 -0.891007 0.45399 0 -0.891007 0.45399 0 -0.891007 0.45399 0 -1 -7.25166e-08 -0 -0.707107 0.707107 0 -0.707107 0.707107 0 -0.987688 0.156434 0 -1 -7.25166e-08 -0 -1 -7.25166e-08 -0 -0.951056 0.309017 0 -0.987688 0.156434 0 -0.951056 0.309017 0 -0.809017 0.587785 0 -0.809017 0.587785 0 -0.809017 0.587785 0 -0.707107 0.707107 0 -0.707107 0.707107 0 -0.707107 0.707107 0 -0.707107 0.707107 0 -0.707107 0.707107 0 -0.707107 0.707107 0 -0.707107 0.707107 0 -0.707107 0.707107 0 -0.707107 0.707107 0 -0.707107 0.707107 0 -0.707107 0.707107 0 -0.707107 0.707107 0 -0.707107 0.707107 0 -0.587785 0.809017 0 -0.707107 0.707107 0 -0.707107 0.707107 0 -0.156435 0.987688 0 -0.309017 0.951057 0 -0.309017 0.951056 0 -0.45399 0.891007 0 -0.587785 0.809017 0 -0.45399 0.891007 0 8.94366e-09 1 0 -0.156435 0.987688 0 8.94366e-09 1 0 0 1 0 0 1 0 0 1 0 0 1 0 0.156434 0.987688 0 -7.25167e-08 1 0 -7.25167e-08 1 0 0.587785 0.809017 0 0.453991 0.891006 0 0.45399 0.891007 0 0.309017 0.951056 0 0.156434 0.987688 0 0.309017 0.951056 0 0.707107 0.707107 0 0.587785 0.809017 0 0.707107 0.707107 0 0.707107 0.707107 0 0.707107 0.707107 0 0.707107 0.707107 0 0.707107 0.707107 0 0.707107 0.707107 0 0.707107 0.707107 0 0.707107 0.707107 0 0.707107 0.707107 0 0.707107 0.707107 0 0.707107 0.707107 0 1 -8.94363e-09 0 0.987688 0.156435 0 1 -8.94363e-09 0 1 -8.94363e-09 0 0.987688 0.156435 0 0.951057 0.309017 0 0.951057 0.309017 0 0.891007 0.45399 0 0.891007 0.45399 0 0.951057 0.309017 0 0.891007 0.45399 0 0.891007 0.45399 0 0.707107 0.707107 0 0.809017 0.587785 0 0.707107 0.707107 0 0.809017 0.587785 0 0.707107 0.707107 0 0.809017 0.587785 0 0.987688 0.156435 0 0.809017 0.587785 0 0.707107 0.707107 0 0.951057 0.309017 0 0.707107 0.707107 0 0.809017 0.587785 0 0.987688 0.156435 0 0.951056 0.309017 0 0.987688 0.156435 0 0.891007 0.45399 0 0.891007 0.45399 0 0.809017 0.587785 0 0.951056 0.309017 0 0.951056 0.309017 0 0.951056 0.309017 0 0.707107 0.707107 0 1 -8.94363e-09 0 1 -8.94363e-09 0 0.809017 0.587785 0 0.707107 0.707107 0 0.707107 0.707107 0 0.891007 0.45399 0 0.809017 0.587785 0 0.891007 0.45399 0 0.987688 0.156435 0 0.987688 0.156435 0 0.987688 0.156435 0 1 -8.94363e-09 0 1 -8.94363e-09 0 1 -8.94363e-09 0 1 0 0 1 0 0 1 0 0 1 0 0 1 0 0 1 0 0 1 0 0 1 0 0 1 0 0 1 0 0 1 0 0 1 0 0 1 0 0 1 0 0 0.891007 -0.45399 0 0.809017 -0.587785 0 0.891007 -0.45399 0 0.987688 -0.156435 0 1 -5.96244e-09 0 0.987688 -0.156435 0 1 -5.96244e-09 0 0.987688 -0.156435 0 0.453991 -0.891007 0 0.309017 -0.951057 0 0.453991 -0.891007 0 0.951057 -0.309017 0 0.707107 -0.707107 0 0.587785 -0.809017 0 0.707107 -0.707107 0 1 -5.96244e-09 0 0.707107 -0.707107 0 0.809017 -0.587785 0 0.587785 -0.809017 0 0.309017 -0.951057 0 0.453991 -0.891007 0 0.309017 -0.951057 0 0.156434 -0.987688 0 0.156434 -0.987688 0 0.309017 -0.951057 0 -1.68883e-07 -1 -0 6.95355e-08 -1 0 6.95355e-08 -1 0 0.156435 -0.987688 0 0.156435 -0.987688 0 0.587785 -0.809017 0 0.587785 -0.809017 0 6.95355e-08 -1 0 6.95355e-08 -1 0 0.309017 -0.951057 0 0.309017 -0.951057 0 0.156435 -0.987688 0 0.707107 -0.707107 0 0.951057 -0.309017 0 0.951057 -0.309017 0 0.453991 -0.891007 0 0.987688 -0.156435 0 0.987688 -0.156435 0 0.809017 -0.587785 0 0.809017 -0.587785 0 1 -5.96244e-09 0 0.891007 -0.45399 0 0.891007 -0.45399 0 1 -5.96244e-09 0 1 -5.96244e-09 0 0.951057 -0.309017 0 0.951057 -0.309017 0 0.987688 -0.156435 0 0.951057 -0.309017 0 0.891007 -0.45399 0 0.809017 -0.587785 0 0.891007 -0.45399 0 0.809017 -0.587785 0 0.707107 -0.707107 0 0.587785 -0.809017 0 0.707107 -0.707107 0 0.453991 -0.891007 0 0.587785 -0.809017 0 0.453991 -0.891007 0 0.156434 -0.987688 0 6.95355e-08 -1 0 0 -1 0 0 -1 0 0 -1 0 0 -1 0 0 -1 0 0 -1 0 0 -1 0 0 -1 0 0 -1 0 0 -1 0 0.809017 -0.587785 0 0.891007 -0.45399 0 0.891007 -0.45399 0 0.987688 -0.156435 0 0.951057 -0.309017 0 0.951057 -0.309017 0 0.891007 -0.45399 0 0.809017 -0.587785 0 0.987688 -0.156435 0 0.951057 -0.309017 0 1 -5.96244e-09 0 0.987688 -0.156435 0 1 -5.96244e-09 0 0.987688 -0.156435 0 1 -5.96244e-09 0 0.951057 -0.309017 0 1 -5.96244e-09 0 0.809017 -0.587785 0 0.587785 -0.809017 0 0.587785 -0.809017 0 0.707107 -0.707107 0 0.707107 -0.707107 0 0.587785 -0.809017 0 0.707107 -0.707107 0 0.453991 -0.891007 0 0.453991 -0.891007 0 0.587785 -0.809017 0 0.156434 -0.987688 0 0.156434 -0.987688 0 0.309017 -0.951057 0 0.309017 -0.951057 0 6.95355e-08 -1 0 -1.68883e-07 -1 -0 0.309017 -0.951057 0 0.156434 -0.987688 0 6.95355e-08 -1 0 6.95355e-08 -1 0 0.453991 -0.891007 0 0.891007 -0.45399 0 0.809017 -0.587785 0 0.707107 -0.707107 0 0.453991 -0.891007 0 0.309017 -0.951057 0 0.156435 -0.987688 0 1 0 0 1 0 0 1 0 0 1 0 0 1 0 0 1 0 0 1 0 0 1 0 0 0.587785 0.809017 0 0.45399 0.891007 0 0.45399 0.891007 0 0.156435 0.987688 0 0.309017 0.951057 0 0.309017 0.951057 0 0.45399 0.891007 0 0.587785 0.809017 0 0.156435 0.987688 0 0.309017 0.951057 0 5.96244e-09 1 0 0.156435 0.987688 0 5.96244e-09 1 0 0.156435 0.987688 0 5.96244e-09 1 0 0.309017 0.951057 0 5.96244e-09 1 0 0.587785 0.809017 0 0.809017 0.587785 0 0.809017 0.587785 0 0.707107 0.707107 0 0.707107 0.707107 0 0.809017 0.587785 0 0.707107 0.707107 0 0.891007 0.453991 0 0.891007 0.453991 0 0.809017 0.587785 0 0.987688 0.156434 0 0.987688 0.156434 0 0.951057 0.309017 0 0.951057 0.309017 0 1 6.95355e-08 0 1 -1.68883e-07 0 0.951057 0.309017 0 0.987688 0.156434 0 1 6.95355e-08 0 1 6.95355e-08 0 0.891007 0.453991 0 0.45399 0.891007 0 0.587785 0.809017 0 0.707107 0.707107 0 0.891007 0.453991 0 0.951057 0.309017 0 0.987688 0.156435 0 0 1 0 0 1 0 0 1 0 0 1 0 0 1 0 0 1 0 -0.707107 0.707107 0 -0.707107 0.707107 0 -0.809017 0.587785 0 -0.891007 0.45399 0 -0.809017 0.587785 0 -0.951057 0.309017 0 -0.891007 0.45399 0 -0.951057 0.309017 0 -0.987688 0.156435 0 -1 5.96244e-09 0 -0.987688 0.156435 0 -1 5.96244e-09 0 -0.587785 0.809017 0 -0.587785 0.809017 0 -0.453991 0.891007 0 -0.309017 0.951057 0 -0.453991 0.891007 0 -0.156435 0.987688 0 -0.309017 0.951057 0 -0.156434 0.987688 0 -6.95355e-08 1 0 1.68883e-07 1 0 -1 -1.50846e-16 0 -1 -1.50846e-16 0 -1 -1.50846e-16 0 -1 -1.50846e-16 0 -1 -1.50846e-16 0 -1 -1.50846e-16 0 -0.587785 -0.809017 0 -0.45399 -0.891007 0 -0.45399 -0.891007 0 -0.156435 -0.987688 0 -0.309017 -0.951057 0 -0.309017 -0.951057 0 -0.45399 -0.891007 0 -0.587785 -0.809017 0 -0.156435 -0.987688 0 -0.309017 -0.951057 0 -5.96244e-09 -1 0 -0.156435 -0.987688 0 -5.96244e-09 -1 0 -0.156435 -0.987688 0 -5.96244e-09 -1 0 -0.309017 -0.951057 0 -5.96244e-09 -1 0 -0.587785 -0.809017 0 -0.809017 -0.587785 -0 -0.809017 -0.587785 -0 -0.707107 -0.707107 -0 -0.707107 -0.707107 0 -0.809017 -0.587785 -0 -0.707107 -0.707107 -0 -0.891007 -0.453991 -0 -0.891007 -0.453991 -0 -0.809017 -0.587785 -0 -0.987688 -0.156434 -0 -0.987688 -0.156434 -0 -0.951057 -0.309017 -0 -0.951057 -0.309017 -0 -1 -6.95355e-08 -0 -1 1.68883e-07 0 -0.951057 -0.309017 -0 -0.987688 -0.156434 -0 -1 -6.95355e-08 -0 -1 -6.95355e-08 -0 -0.891007 -0.453991 -0 -0.45399 -0.891007 0 -0.587785 -0.809017 0 -0.707107 -0.707107 -0 -0.891007 -0.453991 -0 -0.951057 -0.309017 -0 -0.987688 -0.156435 -0 0 -1 0 0 -1 0 0 -1 0 0 -1 0 0 -1 0 0 -1 0 0 -1 0 0 -1 0 0.809017 -0.587785 0 0.891007 -0.45399 0 0.891007 -0.45399 0 0.987688 -0.156435 0 0.951057 -0.309017 0 0.951057 -0.309017 0 0.891007 -0.45399 0 0.809017 -0.587785 0 0.987688 -0.156435 0 0.951057 -0.309017 0 1 -5.96244e-09 0 0.987688 -0.156435 0 1 -5.96244e-09 0 0.987688 -0.156435 0 1 -5.96244e-09 0 0.951057 -0.309017 0 1 -5.96244e-09 0 0.809017 -0.587785 0 0.587785 -0.809017 0 0.587785 -0.809017 0 0.707107 -0.707107 0 0.707107 -0.707107 0 0.587785 -0.809017 0 0.707107 -0.707107 0 0.453991 -0.891007 0 0.453991 -0.891007 0 0.587785 -0.809017 0 0.156434 -0.987688 0 0.156434 -0.987688 0 0.309017 -0.951057 0 0.309017 -0.951057 0 6.95355e-08 -1 0 -1.68883e-07 -1 -0 0.309017 -0.951057 0 0.156434 -0.987688 0 6.95355e-08 -1 0 6.95355e-08 -1 0 0.453991 -0.891007 0 0.891007 -0.45399 0 0.809017 -0.587785 0 0.707107 -0.707107 0 0.453991 -0.891007 0 0.309017 -0.951057 0 0.156435 -0.987688 0 1 0 0 1 0 0 1 0 0 1 0 0 1 0 0 1 0 0 1 0 0 1 0 0 1 0 0 1 0 0 0.891007 -0.45399 0 0.809017 -0.587785 0 0.891007 -0.45399 0 0.987688 -0.156435 0 1 -5.96244e-09 0 0.987688 -0.156435 0 1 -5.96244e-09 0 0.987688 -0.156435 0 0.453991 -0.891007 0 0.309017 -0.951057 0 0.453991 -0.891007 0 0.951057 -0.309017 0 0.707107 -0.707107 0 0.587785 -0.809017 0 0.707107 -0.707107 0 1 -5.96244e-09 0 0.707107 -0.707107 0 0.809017 -0.587785 0 0.587785 -0.809017 0 0.309017 -0.951057 0 0.453991 -0.891007 0 0.309017 -0.951057 0 0.156434 -0.987688 0 0.156434 -0.987688 0 0.309017 -0.951057 0 -1.68883e-07 -1 -0 6.95355e-08 -1 0 6.95355e-08 -1 0 0.156435 -0.987688 0 0.156435 -0.987688 0 0.587785 -0.809017 0 0.587785 -0.809017 0 6.95355e-08 -1 0 6.95355e-08 -1 0 0.309017 -0.951057 0 0.309017 -0.951057 0 0.156435 -0.987688 0 0.707107 -0.707107 0 0.951057 -0.309017 0 0.951057 -0.309017 0 0.453991 -0.891007 0 0.987688 -0.156435 0 0.987688 -0.156435 0 0.809017 -0.587785 0 0.809017 -0.587785 0 1 -5.96244e-09 0 0.891007 -0.45399 0 0.891007 -0.45399 0 1 -5.96244e-09 0 1 -5.96244e-09 0 0.951057 -0.309017 0 0.951057 -0.309017 0 0.987688 -0.156435 0 0.951057 -0.309017 0 0.891007 -0.45399 0 0.809017 -0.587785 0 0.891007 -0.45399 0 0.809017 -0.587785 0 0.707107 -0.707107 0 0.587785 -0.809017 0 0.707107 -0.707107 0 0.453991 -0.891007 0 0.587785 -0.809017 0 0.453991 -0.891007 0 0.156434 -0.987688 0 6.95355e-08 -1 0 0 -1 0 0 -1 0 0 -1 0 0 -1 0 0 -1 0 0 -1 0 0 -1 0 0 -1 0 0 -1 0 0 -1 0 0 -1 0 0 -1 0 0 -1 0 0 -1 0 -0.707107 -0.707107 0 -0.587785 -0.809017 0 -0.707107 -0.707107 0 -0.707107 -0.707107 0 -0.587785 -0.809017 0 -0.453991 -0.891006 0 -0.453991 -0.891006 0 -0.309017 -0.951056 -0 -0.309017 -0.951056 -0 -0.453991 -0.891006 0 -0.309017 -0.951056 -0 -0.309017 -0.951056 -0 7.25167e-08 -1 0 -0.156434 -0.987688 -0 7.25167e-08 -1 0 -0.156434 -0.987688 -0 7.25167e-08 -1 0 -0.156434 -0.987688 -0 -0.587785 -0.809017 0 -0.156434 -0.987688 -0 7.25167e-08 -1 0 -0.453991 -0.891006 0 7.25167e-08 -1 0 -0.156434 -0.987688 -0 -0.587785 -0.809017 0 -0.45399 -0.891007 0 -0.587785 -0.809017 0 -0.309017 -0.951056 -0 -0.309017 -0.951056 -0 -0.156434 -0.987688 -0 -0.45399 -0.891007 0 -0.45399 -0.891007 0 -0.45399 -0.891007 0 7.25167e-08 -1 0 -0.707107 -0.707107 0 -0.707107 -0.707107 0 -0.156434 -0.987688 -0 7.25167e-08 -1 0 7.25167e-08 -1 0 -0.309017 -0.951056 -0 -0.156434 -0.987688 -0 -0.309017 -0.951056 -0 -0.587785 -0.809017 0 -0.587785 -0.809017 0 -0.587785 -0.809017 0 -0.707107 -0.707107 0 -0.707107 -0.707107 0 -0.707107 -0.707107 0 -0.707107 -0.707107 0 -0.707107 -0.707107 0 -0.707107 -0.707107 0 -0.707107 -0.707107 0 -0.707107 -0.707107 0 -0.707107 -0.707107 0 -0.707107 -0.707107 0 -0.707107 -0.707107 0 -0.707107 -0.707107 0 -0.707107 -0.707107 0 -0.809017 -0.587785 -0 -0.707107 -0.707107 -0 -0.707107 -0.707107 -0 -0.987688 -0.156435 0 -0.951057 -0.309017 0 -0.951056 -0.309017 0 -0.891007 -0.45399 -0 -0.809017 -0.587785 -0 -0.891007 -0.45399 -0 -1 8.94367e-09 0 -0.987688 -0.156435 0 -1 8.94367e-09 0 -1 0 0 -1 0 0 -1 0 0 -1 0 0 -0.987688 0.156434 0 -1 -7.25167e-08 -0 -1 -7.25167e-08 -0 -0.809017 0.587785 0 -0.891006 0.453991 0 -0.891007 0.45399 0 -0.951056 0.309017 0 -0.987688 0.156434 0 -0.951056 0.309017 0 -0.707107 0.707107 0 -0.809017 0.587785 0 -0.707107 0.707107 0 -0.707107 0.707107 0 -0.707107 0.707107 0 -0.707107 0.707107 0 -0.707107 0.707107 0 -0.707107 0.707107 0 -0.707107 0.707107 0 -0.707107 0.707107 0 -0.707107 0.707107 0 -0.707107 0.707107 0 -0.707107 0.707107 0 8.94367e-09 1 0 -0.156435 0.987688 0 8.94367e-09 1 0 8.94367e-09 1 0 -0.156435 0.987688 0 -0.309017 0.951057 0 -0.309017 0.951057 0 -0.45399 0.891007 0 -0.45399 0.891007 0 -0.309017 0.951057 0 -0.45399 0.891007 0 -0.45399 0.891007 0 -0.707107 0.707107 0 -0.587785 0.809017 0 -0.707107 0.707107 0 -0.587785 0.809017 0 -0.707107 0.707107 0 -0.587785 0.809017 0 -0.156435 0.987688 0 -0.587785 0.809017 0 -0.707107 0.707107 0 -0.309017 0.951057 0 -0.707107 0.707107 0 -0.587785 0.809017 0 -0.156435 0.987688 0 -0.309017 0.951056 0 -0.156435 0.987688 0 -0.45399 0.891007 0 -0.45399 0.891007 0 -0.587785 0.809017 0 -0.309017 0.951056 0 -0.309017 0.951056 0 -0.309017 0.951056 0 -0.707107 0.707107 0 8.94367e-09 1 0 8.94367e-09 1 0 -0.587785 0.809017 0 -0.707107 0.707107 0 -0.707107 0.707107 0 -0.45399 0.891007 0 -0.587785 0.809017 0 -0.45399 0.891007 0 -0.156435 0.987688 0 -0.156435 0.987688 0 -0.156435 0.987688 0 8.94367e-09 1 0 8.94367e-09 1 0 8.94367e-09 1 0 0 1 0 0 1 0 0 1 0 0 1 0 0 1 0 0 1 0 0 1 0 0 1 0 0 1 0 0 1 0 0 1 0 0 1 0 0 1 0 0 1 0 0.45399 0.891007 0 0.587785 0.809017 0 0.45399 0.891007 0 0.156435 0.987688 0 5.96244e-09 1 0 0.156435 0.987688 0 5.96244e-09 1 0 0.156435 0.987688 0 0.891007 0.453991 0 0.951057 0.309017 0 0.891007 0.453991 0 0.309017 0.951057 0 0.707107 0.707107 0 0.809017 0.587785 0 0.707107 0.707107 0 5.96244e-09 1 0 0.707107 0.707107 0 0.587785 0.809017 0 0.809017 0.587785 0 0.951057 0.309017 0 0.891007 0.453991 0 0.951057 0.309017 0 0.987688 0.156434 0 0.987688 0.156434 0 0.951057 0.309017 0 1 -1.68883e-07 0 1 6.95355e-08 0 1 6.95355e-08 0 0.987688 0.156435 0 0.987688 0.156435 0 0.809017 0.587785 0 0.809017 0.587785 0 1 6.95355e-08 0 1 6.95355e-08 0 0.951057 0.309017 0 0.951057 0.309017 0 0.987688 0.156435 0 0.707107 0.707107 0 0.309017 0.951057 0 0.309017 0.951057 0 0.891007 0.453991 0 0.156435 0.987688 0 0.156435 0.987688 0 0.587785 0.809017 0 0.587785 0.809017 0 5.96244e-09 1 0 0.45399 0.891007 0 0.45399 0.891007 0 5.96244e-09 1 0 5.96244e-09 1 0 0.309017 0.951057 0 0.309017 0.951057 0 0.156435 0.987688 0 0.309017 0.951057 0 0.45399 0.891007 0 0.587785 0.809017 0 0.45399 0.891007 0 0.587785 0.809017 0 0.707107 0.707107 0 0.809017 0.587785 0 0.707107 0.707107 0 0.891007 0.453991 0 0.809017 0.587785 0 0.891007 0.453991 0 0.987688 0.156434 0 1 6.95355e-08 0 1 0 0 1 0 0 1 0 0 1 0 0 1 0 0 1 0 0 1 0 0 1 0 0 1 0 0 1 0 0 0.587785 0.809017 0 0.45399 0.891007 0 0.45399 0.891007 0 0.156435 0.987688 0 0.309017 0.951057 0 0.309017 0.951057 0 0.45399 0.891007 0 0.587785 0.809017 0 0.156435 0.987688 0 0.309017 0.951057 0 5.96244e-09 1 0 0.156435 0.987688 0 5.96244e-09 1 0 0.156435 0.987688 0 5.96244e-09 1 0 0.309017 0.951057 0 5.96244e-09 1 0 0.587785 0.809017 0 0.809017 0.587785 0 0.809017 0.587785 0 0.707107 0.707107 0 0.707107 0.707107 0 0.809017 0.587785 0 0.707107 0.707107 0 0.891007 0.453991 0 0.891007 0.453991 0 0.809017 0.587785 0 0.987688 0.156434 0 0.987688 0.156434 0 0.951057 0.309017 0 0.951057 0.309017 0 1 6.95355e-08 0 1 -1.68883e-07 0 0.951057 0.309017 0 0.987688 0.156434 0 1 6.95355e-08 0 1 6.95355e-08 0 0.891007 0.453991 0 0.45399 0.891007 0 0.587785 0.809017 0 0.707107 0.707107 0 0.891007 0.453991 0 0.951057 0.309017 0 0.987688 0.156435 0 0 1 0 0 1 0 0 1 0 0 1 0 0 1 0 0 1 0 0 1 0 0 1 0 -0.809017 0.587785 0 -0.891007 0.45399 0 -0.891007 0.45399 0 -0.987688 0.156435 0 -0.951057 0.309017 0 -0.951057 0.309017 0 -0.891007 0.45399 0 -0.809017 0.587785 0 -0.987688 0.156435 0 -0.951057 0.309017 0 -1 5.96244e-09 0 -0.987688 0.156435 0 -1 5.96244e-09 0 -0.987688 0.156435 0 -1 5.96244e-09 0 -0.951057 0.309017 0 -1 5.96244e-09 0 -0.809017 0.587785 0 -0.587785 0.809017 0 -0.587785 0.809017 0 -0.707107 0.707107 0 -0.707107 0.707107 0 -0.587785 0.809017 0 -0.707107 0.707107 0 -0.453991 0.891007 0 -0.453991 0.891007 0 -0.587785 0.809017 0 -0.156434 0.987688 0 -0.156434 0.987688 0 -0.309017 0.951057 0 -0.309017 0.951057 0 -6.95355e-08 1 0 1.68883e-07 1 0 -0.309017 0.951057 0 -0.156434 0.987688 0 -6.95355e-08 1 0 -6.95355e-08 1 0 -0.453991 0.891007 0 -0.891007 0.45399 0 -0.809017 0.587785 0 -0.707107 0.707107 0 -0.453991 0.891007 0 -0.309017 0.951057 0 -0.156435 0.987688 0 -1 1.50846e-16 0 -1 1.50846e-16 0 -1 1.50846e-16 0 -1 1.50846e-16 0 -1 1.50846e-16 0 -1 1.50846e-16 0 -0.707107 -0.707107 -0 -0.707107 -0.707107 0 -0.587785 -0.809017 0 -0.45399 -0.891007 0 -0.587785 -0.809017 0 -0.309017 -0.951057 0 -0.45399 -0.891007 0 -0.309017 -0.951057 0 -0.156435 -0.987688 0 -5.96244e-09 -1 0 -0.156435 -0.987688 0 -5.96244e-09 -1 0 -0.809017 -0.587785 -0 -0.809017 -0.587785 -0 -0.891007 -0.453991 -0 -0.951057 -0.309017 -0 -0.891007 -0.453991 -0 -0.987688 -0.156435 -0 -0.951057 -0.309017 -0 -0.987688 -0.156434 -0 -1 -6.95355e-08 -0 -1 1.68883e-07 0 1.50846e-16 -1 0 1.50846e-16 -1 0 1.50846e-16 -1 0 1.50846e-16 -1 0 1.50846e-16 -1 0 1.50846e-16 -1 0 0.809017 -0.587785 0 0.891007 -0.45399 0 0.891007 -0.45399 0 0.987688 -0.156435 0 0.951057 -0.309017 0 0.951057 -0.309017 0 0.891007 -0.45399 0 0.809017 -0.587785 0 0.987688 -0.156435 0 0.951057 -0.309017 0 1 -5.96244e-09 0 0.987688 -0.156435 0 1 -5.96244e-09 0 0.987688 -0.156435 0 1 -5.96244e-09 0 0.951057 -0.309017 0 1 -5.96244e-09 0 0.809017 -0.587785 0 0.587785 -0.809017 0 0.587785 -0.809017 0 0.707107 -0.707107 0 0.707107 -0.707107 0 0.587785 -0.809017 0 0.707107 -0.707107 0 0.453991 -0.891007 0 0.453991 -0.891007 0 0.587785 -0.809017 0 0.156434 -0.987688 0 0.156434 -0.987688 0 0.309017 -0.951057 0 0.309017 -0.951057 0 6.95355e-08 -1 0 -1.68883e-07 -1 -0 0.309017 -0.951057 0 0.156434 -0.987688 0 6.95355e-08 -1 0 6.95355e-08 -1 0 0.453991 -0.891007 0 0.891007 -0.45399 0 0.809017 -0.587785 0 0.707107 -0.707107 0 0.453991 -0.891007 0 0.309017 -0.951057 0 0.156435 -0.987688 0 1 0 0 1 0 0 1 0 0 1 0 0 1 0 0 1 0 0 1 0 0 1 0 0 0.587785 0.809017 0 0.45399 0.891007 0 0.45399 0.891007 0 0.156435 0.987688 0 0.309017 0.951057 0 0.309017 0.951057 0 0.45399 0.891007 0 0.587785 0.809017 0 0.156435 0.987688 0 0.309017 0.951057 0 5.96244e-09 1 0 0.156435 0.987688 0 5.96244e-09 1 0 0.156435 0.987688 0 5.96244e-09 1 0 0.309017 0.951057 0 5.96244e-09 1 0 0.587785 0.809017 0 0.809017 0.587785 0 0.809017 0.587785 0 0.707107 0.707107 0 0.707107 0.707107 0 0.809017 0.587785 0 0.707107 0.707107 0 0.891007 0.453991 0 0.891007 0.453991 0 0.809017 0.587785 0 0.987688 0.156434 0 0.987688 0.156434 0 0.951057 0.309017 0 0.951057 0.309017 0 1 6.95355e-08 0 1 -1.68883e-07 0 0.951057 0.309017 0 0.987688 0.156434 0 1 6.95355e-08 0 1 6.95355e-08 0 0.891007 0.453991 0 0.45399 0.891007 0 0.587785 0.809017 0 0.707107 0.707107 0 0.891007 0.453991 0 0.951057 0.309017 0 0.987688 0.156435 0 0 1 0 0 1 0 0 1 0 0 1 0 0 1 0 0 1 0 0 1 0 0 1 0 0 1 0 0 1 0 0.45399 0.891007 0 0.587785 0.809017 0 0.45399 0.891007 0 0.156435 0.987688 0 5.96244e-09 1 0 0.156435 0.987688 0 5.96244e-09 1 0 0.156435 0.987688 0 0.891007 0.453991 0 0.951057 0.309017 0 0.891007 0.453991 0 0.309017 0.951057 0 0.707107 0.707107 0 0.809017 0.587785 0 0.707107 0.707107 0 5.96244e-09 1 0 0.707107 0.707107 0 0.587785 0.809017 0 0.809017 0.587785 0 0.951057 0.309017 0 0.891007 0.453991 0 0.951057 0.309017 0 0.987688 0.156434 0 0.987688 0.156434 0 0.951057 0.309017 0 1 -1.68883e-07 0 1 6.95355e-08 0 1 6.95355e-08 0 0.987688 0.156435 0 0.987688 0.156435 0 0.809017 0.587785 0 0.809017 0.587785 0 1 6.95355e-08 0 1 6.95355e-08 0 0.951057 0.309017 0 0.951057 0.309017 0 0.987688 0.156435 0 0.707107 0.707107 0 0.309017 0.951057 0 0.309017 0.951057 0 0.891007 0.453991 0 0.156435 0.987688 0 0.156435 0.987688 0 0.587785 0.809017 0 0.587785 0.809017 0 5.96244e-09 1 0 0.45399 0.891007 0 0.45399 0.891007 0 5.96244e-09 1 0 5.96244e-09 1 0 0.309017 0.951057 0 0.309017 0.951057 0 0.156435 0.987688 0 0.309017 0.951057 0 0.45399 0.891007 0 0.587785 0.809017 0 0.45399 0.891007 0 0.587785 0.809017 0 0.707107 0.707107 0 0.809017 0.587785 0 0.707107 0.707107 0 0.891007 0.453991 0 0.809017 0.587785 0 0.891007 0.453991 0 0.987688 0.156434 0 1 6.95355e-08 0 1 0 0 1 0 0 1 0 0 1 0 0 1 0 0 1 0 0 1 0 0 1 0 0 1 0 0 1 0 0 1 0 0 1 0 0 1 0 0 1 0 0 0.707107 -0.707107 0 0.809017 -0.587785 0 0.707107 -0.707107 0 0.707107 -0.707107 0 0.809017 -0.587785 0 0.891006 -0.453991 0 0.891006 -0.453991 0 0.951056 -0.309017 0 0.951056 -0.309017 0 0.891006 -0.453991 0 0.951056 -0.309017 0 0.951056 -0.309017 0 1 7.25167e-08 0 0.987688 -0.156434 0 1 7.25167e-08 0 0.987688 -0.156434 0 1 7.25167e-08 0 0.987688 -0.156434 0 0.809017 -0.587785 0 0.987688 -0.156434 0 1 7.25167e-08 0 0.891006 -0.453991 0 1 7.25167e-08 0 0.987688 -0.156434 0 0.809017 -0.587785 0 0.891007 -0.45399 0 0.809017 -0.587785 0 0.951056 -0.309017 0 0.951056 -0.309017 0 0.987688 -0.156434 0 0.891007 -0.45399 0 0.891007 -0.45399 0 0.891007 -0.45399 0 1 7.25167e-08 0 0.707107 -0.707107 0 0.707107 -0.707107 0 0.987688 -0.156434 0 1 7.25167e-08 0 1 7.25167e-08 0 0.951056 -0.309017 0 0.987688 -0.156434 0 0.951056 -0.309017 0 0.809017 -0.587785 0 0.809017 -0.587785 0 0.809017 -0.587785 0 0.707107 -0.707107 0 0.707107 -0.707107 0 0.707107 -0.707107 0 0.707107 -0.707107 0 0.707107 -0.707107 0 0.707107 -0.707107 0 0.707107 -0.707107 0 0.707107 -0.707107 0 0.707107 -0.707107 0 0.707107 -0.707107 0 0.707107 -0.707107 0 0.707107 -0.707107 0 0.707107 -0.707107 0 0.587785 -0.809017 0 0.707107 -0.707107 0 0.707107 -0.707107 0 0.156435 -0.987688 0 0.309017 -0.951057 0 0.309017 -0.951056 0 0.45399 -0.891007 0 0.587785 -0.809017 0 0.45399 -0.891007 0 -8.94366e-09 -1 -0 0.156435 -0.987688 0 -8.94366e-09 -1 -0 0 -1 0 0 -1 0 0 -1 0 0 -1 0 -0.156434 -0.987688 -0 7.25167e-08 -1 0 7.25167e-08 -1 0 -0.587785 -0.809017 0 -0.453991 -0.891006 0 -0.45399 -0.891007 0 -0.309017 -0.951056 -0 -0.156434 -0.987688 -0 -0.309017 -0.951056 -0 -0.707107 -0.707107 0 -0.587785 -0.809017 0 -0.707107 -0.707107 0 -0.707107 -0.707107 0 -0.707107 -0.707107 0 -0.707107 -0.707107 0 -0.707107 -0.707107 0 -0.707107 -0.707107 0 -0.707107 -0.707107 0 -0.707107 -0.707107 0 -0.707107 -0.707107 0 -0.707107 -0.707107 0 -0.707107 -0.707107 0 -1 8.94366e-09 0 -0.987688 -0.156435 0 -1 8.94366e-09 0 -1 8.94366e-09 0 -0.987688 -0.156435 0 -0.951057 -0.309017 0 -0.951057 -0.309017 0 -0.891007 -0.45399 -0 -0.891007 -0.45399 -0 -0.951057 -0.309017 0 -0.891007 -0.45399 -0 -0.891007 -0.45399 -0 -0.707107 -0.707107 -0 -0.809017 -0.587785 -0 -0.707107 -0.707107 -0 -0.809017 -0.587785 -0 -0.707107 -0.707107 -0 -0.809017 -0.587785 -0 -0.987688 -0.156435 0 -0.809017 -0.587785 -0 -0.707107 -0.707107 -0 -0.951057 -0.309017 0 -0.707107 -0.707107 -0 -0.809017 -0.587785 -0 -0.987688 -0.156435 0 -0.951056 -0.309017 0 -0.987688 -0.156435 0 -0.891007 -0.45399 -0 -0.891007 -0.45399 -0 -0.809017 -0.587785 -0 -0.951056 -0.309017 0 -0.951056 -0.309017 0 -0.951056 -0.309017 0 -0.707107 -0.707107 -0 -1 8.94366e-09 0 -1 8.94366e-09 0 -0.809017 -0.587785 -0 -0.707107 -0.707107 -0 -0.707107 -0.707107 -0 -0.891007 -0.45399 -0 -0.809017 -0.587785 -0 -0.891007 -0.45399 -0 -0.987688 -0.156435 0 -0.987688 -0.156435 0 -0.987688 -0.156435 0 -1 8.94366e-09 0 -1 8.94366e-09 0 -1 8.94366e-09 0 -1 0 0 -1 0 0 -1 0 0 -1 0 0 -1 0 0 -1 0 0 -1 0 0 -1 0 0 -1 0 0 -1 0 0 -1 0 0 -1 0 0 -1 0 0 -1 0 0 -0.891007 0.45399 0 -0.809017 0.587785 0 -0.891007 0.45399 0 -0.987688 0.156435 0 -1 5.96244e-09 0 -0.987688 0.156435 0 -1 5.96244e-09 0 -0.987688 0.156435 0 -0.453991 0.891007 0 -0.309017 0.951057 0 -0.453991 0.891007 0 -0.951057 0.309017 0 -0.707107 0.707107 0 -0.587785 0.809017 0 -0.707107 0.707107 0 -1 5.96244e-09 0 -0.707107 0.707107 0 -0.809017 0.587785 0 -0.587785 0.809017 0 -0.309017 0.951057 0 -0.453991 0.891007 0 -0.309017 0.951057 0 -0.156434 0.987688 0 -0.156434 0.987688 0 -0.309017 0.951057 0 1.68883e-07 1 0 -6.95355e-08 1 0 -6.95355e-08 1 0 -0.156435 0.987688 0 -0.156435 0.987688 0 -0.587785 0.809017 0 -0.587785 0.809017 0 -6.95355e-08 1 0 -6.95355e-08 1 0 -0.309017 0.951057 0 -0.309017 0.951057 0 -0.156435 0.987688 0 -0.707107 0.707107 0 -0.951057 0.309017 0 -0.951057 0.309017 0 -0.453991 0.891007 0 -0.987688 0.156435 0 -0.987688 0.156435 0 -0.809017 0.587785 0 -0.809017 0.587785 0 -1 5.96244e-09 0 -0.891007 0.45399 0 -0.891007 0.45399 0 -1 5.96244e-09 0 -1 5.96244e-09 0 -0.951057 0.309017 0 -0.951057 0.309017 0 -0.987688 0.156435 0 -0.951057 0.309017 0 -0.891007 0.45399 0 -0.809017 0.587785 0 -0.891007 0.45399 0 -0.809017 0.587785 0 -0.707107 0.707107 0 -0.587785 0.809017 0 -0.707107 0.707107 0 -0.453991 0.891007 0 -0.587785 0.809017 0 -0.453991 0.891007 0 -0.156434 0.987688 0 -6.95355e-08 1 0 0 1 0 0 1 0 0 1 0 0 1 0 0 1 0 0 1 0 0 1 0 0 1 0 0 1 0 0 1 0 -0.809017 0.587785 0 -0.891007 0.45399 0 -0.891007 0.45399 0 -0.987688 0.156435 0 -0.951057 0.309017 0 -0.951057 0.309017 0 -0.891007 0.45399 0 -0.809017 0.587785 0 -0.987688 0.156435 0 -0.951057 0.309017 0 -1 5.96244e-09 0 -0.987688 0.156435 0 -1 5.96244e-09 0 -0.987688 0.156435 0 -1 5.96244e-09 0 -0.951057 0.309017 0 -1 5.96244e-09 0 -0.809017 0.587785 0 -0.587785 0.809017 0 -0.587785 0.809017 0 -0.707107 0.707107 0 -0.707107 0.707107 0 -0.587785 0.809017 0 -0.707107 0.707107 0 -0.453991 0.891007 0 -0.453991 0.891007 0 -0.587785 0.809017 0 -0.156434 0.987688 0 -0.156434 0.987688 0 -0.309017 0.951057 0 -0.309017 0.951057 0 -6.95355e-08 1 0 1.68883e-07 1 0 -0.309017 0.951057 0 -0.156434 0.987688 0 -6.95355e-08 1 0 -6.95355e-08 1 0 -0.453991 0.891007 0 -0.891007 0.45399 0 -0.809017 0.587785 0 -0.707107 0.707107 0 -0.453991 0.891007 0 -0.309017 0.951057 0 -0.156435 0.987688 0 -1 0 0 -1 0 0 -1 0 0 -1 0 0 -1 0 0 -1 0 0 -1 0 0 -1 0 0 -0.587785 -0.809017 0 -0.45399 -0.891007 0 -0.45399 -0.891007 0 -0.156435 -0.987688 0 -0.309017 -0.951057 0 -0.309017 -0.951057 0 -0.45399 -0.891007 0 -0.587785 -0.809017 0 -0.156435 -0.987688 0 -0.309017 -0.951057 0 -5.96244e-09 -1 0 -0.156435 -0.987688 0 -5.96244e-09 -1 0 -0.156435 -0.987688 0 -5.96244e-09 -1 0 -0.309017 -0.951057 0 -5.96244e-09 -1 0 -0.587785 -0.809017 0 -0.809017 -0.587785 -0 -0.809017 -0.587785 -0 -0.707107 -0.707107 -0 -0.707107 -0.707107 0 -0.809017 -0.587785 -0 -0.707107 -0.707107 -0 -0.891007 -0.453991 -0 -0.891007 -0.453991 -0 -0.809017 -0.587785 -0 -0.987688 -0.156434 -0 -0.987688 -0.156434 -0 -0.951057 -0.309017 -0 -0.951057 -0.309017 -0 -1 -6.95355e-08 -0 -1 1.68883e-07 0 -0.951057 -0.309017 -0 -0.987688 -0.156434 -0 -1 -6.95355e-08 -0 -1 -6.95355e-08 -0 -0.891007 -0.453991 -0 -0.45399 -0.891007 0 -0.587785 -0.809017 0 -0.707107 -0.707107 -0 -0.891007 -0.453991 -0 -0.951057 -0.309017 -0 -0.987688 -0.156435 -0 1.50846e-16 -1 0 1.50846e-16 -1 0 1.50846e-16 -1 0 1.50846e-16 -1 0 1.50846e-16 -1 0 1.50846e-16 -1 0 0.707107 -0.707107 0 0.707107 -0.707107 0 0.809017 -0.587785 0 0.891007 -0.45399 0 0.809017 -0.587785 0 0.951057 -0.309017 0 0.891007 -0.45399 0 0.951057 -0.309017 0 0.987688 -0.156435 0 1 -5.96244e-09 0 0.987688 -0.156435 0 1 -5.96244e-09 0 0.587785 -0.809017 0 0.587785 -0.809017 0 0.453991 -0.891007 0 0.309017 -0.951057 0 0.453991 -0.891007 0 0.156435 -0.987688 0 0.309017 -0.951057 0 0.156434 -0.987688 0 6.95355e-08 -1 0 -1.68883e-07 -1 -0 1 0 0 1 0 0 1 0 0 1 0 0 1 0 0 1 0 0 0.587785 0.809017 0 0.45399 0.891007 0 0.45399 0.891007 0 0.156435 0.987688 0 0.309017 0.951057 0 0.309017 0.951057 0 0.45399 0.891007 0 0.587785 0.809017 0 0.156435 0.987688 0 0.309017 0.951057 0 5.96244e-09 1 0 0.156435 0.987688 0 5.96244e-09 1 0 0.156435 0.987688 0 5.96244e-09 1 0 0.309017 0.951057 0 5.96244e-09 1 0 0.587785 0.809017 0 0.809017 0.587785 0 0.809017 0.587785 0 0.707107 0.707107 0 0.707107 0.707107 0 0.809017 0.587785 0 0.707107 0.707107 0 0.891007 0.453991 0 0.891007 0.453991 0 0.809017 0.587785 0 0.987688 0.156434 0 0.987688 0.156434 0 0.951057 0.309017 0 0.951057 0.309017 0 1 6.95355e-08 0 1 -1.68883e-07 0 0.951057 0.309017 0 0.987688 0.156434 0 1 6.95355e-08 0 1 6.95355e-08 0 0.891007 0.453991 0 0.45399 0.891007 0 0.587785 0.809017 0 0.707107 0.707107 0 0.891007 0.453991 0 0.951057 0.309017 0 0.987688 0.156435 0 0 1 0 0 1 0 0 1 0 0 1 0 0 1 0 0 1 0 0 1 0 0 1 0 -0.809017 0.587785 0 -0.891007 0.45399 0 -0.891007 0.45399 0 -0.987688 0.156435 0 -0.951057 0.309017 0 -0.951057 0.309017 0 -0.891007 0.45399 0 -0.809017 0.587785 0 -0.987688 0.156435 0 -0.951057 0.309017 0 -1 5.96244e-09 0 -0.987688 0.156435 0 -1 5.96244e-09 0 -0.987688 0.156435 0 -1 5.96244e-09 0 -0.951057 0.309017 0 -1 5.96244e-09 0 -0.809017 0.587785 0 -0.587785 0.809017 0 -0.587785 0.809017 0 -0.707107 0.707107 0 -0.707107 0.707107 0 -0.587785 0.809017 0 -0.707107 0.707107 0 -0.453991 0.891007 0 -0.453991 0.891007 0 -0.587785 0.809017 0 -0.156434 0.987688 0 -0.156434 0.987688 0 -0.309017 0.951057 0 -0.309017 0.951057 0 -6.95355e-08 1 0 1.68883e-07 1 0 -0.309017 0.951057 0 -0.156434 0.987688 0 -6.95355e-08 1 0 -6.95355e-08 1 0 -0.453991 0.891007 0 -0.891007 0.45399 0 -0.809017 0.587785 0 -0.707107 0.707107 0 -0.453991 0.891007 0 -0.309017 0.951057 0 -0.156435 0.987688 0 -1 0 0 -1 0 0 -1 0 0 -1 0 0 -1 0 0 -1 0 0 -1 0 0 -1 0 0 -1 0 0 -1 0 0 -0.891007 0.45399 0 -0.809017 0.587785 0 -0.891007 0.45399 0 -0.987688 0.156435 0 -1 5.96244e-09 0 -0.987688 0.156435 0 -1 5.96244e-09 0 -0.987688 0.156435 0 -0.453991 0.891007 0 -0.309017 0.951057 0 -0.453991 0.891007 0 -0.951057 0.309017 0 -0.707107 0.707107 0 -0.587785 0.809017 0 -0.707107 0.707107 0 -1 5.96244e-09 0 -0.707107 0.707107 0 -0.809017 0.587785 0 -0.587785 0.809017 0 -0.309017 0.951057 0 -0.453991 0.891007 0 -0.309017 0.951057 0 -0.156434 0.987688 0 -0.156434 0.987688 0 -0.309017 0.951057 0 1.68883e-07 1 0 -6.95355e-08 1 0 -6.95355e-08 1 0 -0.156435 0.987688 0 -0.156435 0.987688 0 -0.587785 0.809017 0 -0.587785 0.809017 0 -6.95355e-08 1 0 -6.95355e-08 1 0 -0.309017 0.951057 0 -0.309017 0.951057 0 -0.156435 0.987688 0 -0.707107 0.707107 0 -0.951057 0.309017 0 -0.951057 0.309017 0 -0.453991 0.891007 0 -0.987688 0.156435 0 -0.987688 0.156435 0 -0.809017 0.587785 0 -0.809017 0.587785 0 -1 5.96244e-09 0 -0.891007 0.45399 0 -0.891007 0.45399 0 -1 5.96244e-09 0 -1 5.96244e-09 0 -0.951057 0.309017 0 -0.951057 0.309017 0 -0.987688 0.156435 0 -0.951057 0.309017 0 -0.891007 0.45399 0 -0.809017 0.587785 0 -0.891007 0.45399 0 -0.809017 0.587785 0 -0.707107 0.707107 0 -0.587785 0.809017 0 -0.707107 0.707107 0 -0.453991 0.891007 0 -0.587785 0.809017 0 -0.453991 0.891007 0 -0.156434 0.987688 0 -6.95355e-08 1 0 0 1 0 0 1 0 0 1 0 0 1 0 0 1 0 0 1 0 0 1 0 0 1 0 0 1 0 0 1 0 0 1 0 0 1 0 0 1 0 0 1 0 0.707107 0.707107 0 0.587785 0.809017 0 0.707107 0.707107 0 0.707107 0.707107 0 0.587785 0.809017 0 0.453991 0.891006 0 0.453991 0.891006 0 0.309017 0.951056 0 0.309017 0.951056 0 0.453991 0.891006 0 0.309017 0.951056 0 0.309017 0.951056 0 -7.25167e-08 1 0 0.156434 0.987688 0 -7.25167e-08 1 0 0.156434 0.987688 0 -7.25167e-08 1 0 0.156434 0.987688 0 0.587785 0.809017 0 0.156434 0.987688 0 -7.25167e-08 1 0 0.453991 0.891006 0 -7.25167e-08 1 0 0.156434 0.987688 0 0.587785 0.809017 0 0.45399 0.891007 0 0.587785 0.809017 0 0.309017 0.951056 0 0.309017 0.951056 0 0.156434 0.987688 0 0.45399 0.891007 0 0.45399 0.891007 0 0.45399 0.891007 0 -7.25167e-08 1 0 0.707107 0.707107 0 0.707107 0.707107 0 0.156434 0.987688 0 -7.25167e-08 1 0 -7.25167e-08 1 0 0.309017 0.951056 0 0.156434 0.987688 0 0.309017 0.951056 0 0.587785 0.809017 0 0.587785 0.809017 0 0.587785 0.809017 0 0.707107 0.707107 0 0.707107 0.707107 0 0.707107 0.707107 0 0.707107 0.707107 0 0.707107 0.707107 0 0.707107 0.707107 0 0.707107 0.707107 0 0.707107 0.707107 0 0.707107 0.707107 0 0.707107 0.707107 0 0.707107 0.707107 0 0.707107 0.707107 0 0.707107 0.707107 0 0.809017 0.587785 0 0.707107 0.707107 0 0.707107 0.707107 0 0.987688 0.156435 0 0.951057 0.309017 0 0.951056 0.309017 0 0.891007 0.45399 0 0.809017 0.587785 0 0.891007 0.45399 0 1 -8.94366e-09 0 0.987688 0.156435 0 1 -8.94366e-09 0 1 0 0 1 0 0 1 0 0 1 0 0 0.987688 -0.156434 0 1 7.25167e-08 0 1 7.25167e-08 0 0.809017 -0.587785 0 0.891006 -0.453991 0 0.891007 -0.45399 0 0.951056 -0.309017 0 0.987688 -0.156434 0 0.951056 -0.309017 0 0.707107 -0.707107 0 0.809017 -0.587785 0 0.707107 -0.707107 0 0.707107 -0.707107 0 0.707107 -0.707107 0 0.707107 -0.707107 0 0.707107 -0.707107 0 0.707107 -0.707107 0 0.707107 -0.707107 0 0.707107 -0.707107 0 0.707107 -0.707107 0 0.707107 -0.707107 0 0.707107 -0.707107 0 -8.94366e-09 -1 -0 0.156435 -0.987688 0 -8.94366e-09 -1 -0 -8.94366e-09 -1 -0 0.156435 -0.987688 0 0.309017 -0.951057 0 0.309017 -0.951057 0 0.45399 -0.891007 0 0.45399 -0.891007 0 0.309017 -0.951057 0 0.45399 -0.891007 0 0.45399 -0.891007 0 0.707107 -0.707107 0 0.587785 -0.809017 0 0.707107 -0.707107 0 0.587785 -0.809017 0 0.707107 -0.707107 0 0.587785 -0.809017 0 0.156435 -0.987688 0 0.587785 -0.809017 0 0.707107 -0.707107 0 0.309017 -0.951057 0 0.707107 -0.707107 0 0.587785 -0.809017 0 0.156435 -0.987688 0 0.309017 -0.951056 0 0.156435 -0.987688 0 0.45399 -0.891007 0 0.45399 -0.891007 0 0.587785 -0.809017 0 0.309017 -0.951056 0 0.309017 -0.951056 0 0.309017 -0.951056 0 0.707107 -0.707107 0 -8.94366e-09 -1 -0 -8.94366e-09 -1 -0 0.587785 -0.809017 0 0.707107 -0.707107 0 0.707107 -0.707107 0 0.45399 -0.891007 0 0.587785 -0.809017 0 0.45399 -0.891007 0 0.156435 -0.987688 0 0.156435 -0.987688 0 0.156435 -0.987688 0 -8.94366e-09 -1 -0 -8.94366e-09 -1 -0 -8.94366e-09 -1 -0 0 -1 0 0 -1 0 0 -1 0 0 -1 0 0 -1 0 0 -1 0 0 -1 0 0 -1 0 0 -1 0 0 -1 0 0 -1 0 0 -1 0 0 -1 0 0 -1 0 -0.45399 -0.891007 -0 -0.587785 -0.809017 -0 -0.45399 -0.891007 -0 -0.156435 -0.987688 -0 -5.96244e-09 -1 -0 -0.156435 -0.987688 -0 -5.96244e-09 -1 -0 -0.156435 -0.987688 -0 -0.891007 -0.453991 0 -0.951057 -0.309017 0 -0.891007 -0.453991 0 -0.309017 -0.951057 -0 -0.707107 -0.707107 0 -0.809017 -0.587785 0 -0.707107 -0.707107 0 -5.96244e-09 -1 -0 -0.707107 -0.707107 0 -0.587785 -0.809017 -0 -0.809017 -0.587785 0 -0.951057 -0.309017 0 -0.891007 -0.453991 0 -0.951057 -0.309017 0 -0.987688 -0.156434 0 -0.987688 -0.156434 0 -0.951057 -0.309017 0 -1 1.68883e-07 0 -1 -6.95355e-08 0 -1 -6.95355e-08 0 -0.987688 -0.156435 0 -0.987688 -0.156435 0 -0.809017 -0.587785 0 -0.809017 -0.587785 0 -1 -6.95355e-08 0 -1 -6.95355e-08 0 -0.951057 -0.309017 0 -0.951057 -0.309017 0 -0.987688 -0.156435 0 -0.707107 -0.707107 0 -0.309017 -0.951057 -0 -0.309017 -0.951057 -0 -0.891007 -0.453991 0 -0.156435 -0.987688 -0 -0.156435 -0.987688 -0 -0.587785 -0.809017 -0 -0.587785 -0.809017 -0 -5.96244e-09 -1 -0 -0.45399 -0.891007 -0 -0.45399 -0.891007 -0 -5.96244e-09 -1 -0 -5.96244e-09 -1 -0 -0.309017 -0.951057 -0 -0.309017 -0.951057 -0 -0.156435 -0.987688 -0 -0.309017 -0.951057 -0 -0.45399 -0.891007 -0 -0.587785 -0.809017 -0 -0.45399 -0.891007 -0 -0.587785 -0.809017 -0 -0.707107 -0.707107 -0 -0.809017 -0.587785 0 -0.707107 -0.707107 0 -0.891007 -0.453991 0 -0.809017 -0.587785 0 -0.891007 -0.453991 0 -0.987688 -0.156434 0 -1 -6.95355e-08 0 -1 0 0 -1 0 0 -1 0 0 -1 0 0 -1 0 0 -1 0 0 -1 0 0 -1 0 0 -1 0 0 -1 0 0 -0.587785 -0.809017 0 -0.45399 -0.891007 0 -0.45399 -0.891007 0 -0.156435 -0.987688 0 -0.309017 -0.951057 0 -0.309017 -0.951057 0 -0.45399 -0.891007 0 -0.587785 -0.809017 0 -0.156435 -0.987688 0 -0.309017 -0.951057 0 -5.96244e-09 -1 0 -0.156435 -0.987688 0 -5.96244e-09 -1 0 -0.156435 -0.987688 0 -5.96244e-09 -1 0 -0.309017 -0.951057 0 -5.96244e-09 -1 0 -0.587785 -0.809017 0 -0.809017 -0.587785 -0 -0.809017 -0.587785 -0 -0.707107 -0.707107 -0 -0.707107 -0.707107 0 -0.809017 -0.587785 -0 -0.707107 -0.707107 -0 -0.891007 -0.453991 -0 -0.891007 -0.453991 -0 -0.809017 -0.587785 -0 -0.987688 -0.156434 -0 -0.987688 -0.156434 -0 -0.951057 -0.309017 -0 -0.951057 -0.309017 -0 -1 -6.95355e-08 -0 -1 1.68883e-07 0 -0.951057 -0.309017 -0 -0.987688 -0.156434 -0 -1 -6.95355e-08 -0 -1 -6.95355e-08 -0 -0.891007 -0.453991 -0 -0.45399 -0.891007 0 -0.587785 -0.809017 0 -0.707107 -0.707107 -0 -0.891007 -0.453991 -0 -0.951057 -0.309017 -0 -0.987688 -0.156435 -0 0 -1 0 0 -1 0 0 -1 0 0 -1 0 0 -1 0 0 -1 0 0 -1 0 0 -1 0 0.809017 -0.587785 0 0.891007 -0.45399 0 0.891007 -0.45399 0 0.987688 -0.156435 0 0.951057 -0.309017 0 0.951057 -0.309017 0 0.891007 -0.45399 0 0.809017 -0.587785 0 0.987688 -0.156435 0 0.951057 -0.309017 0 1 -5.96244e-09 0 0.987688 -0.156435 0 1 -5.96244e-09 0 0.987688 -0.156435 0 1 -5.96244e-09 0 0.951057 -0.309017 0 1 -5.96244e-09 0 0.809017 -0.587785 0 0.587785 -0.809017 0 0.587785 -0.809017 0 0.707107 -0.707107 0 0.707107 -0.707107 0 0.587785 -0.809017 0 0.707107 -0.707107 0 0.453991 -0.891007 0 0.453991 -0.891007 0 0.587785 -0.809017 0 0.156434 -0.987688 0 0.156434 -0.987688 0 0.309017 -0.951057 0 0.309017 -0.951057 0 6.95355e-08 -1 0 -1.68883e-07 -1 -0 0.309017 -0.951057 0 0.156434 -0.987688 0 6.95355e-08 -1 0 6.95355e-08 -1 0 0.453991 -0.891007 0 0.891007 -0.45399 0 0.809017 -0.587785 0 0.707107 -0.707107 0 0.453991 -0.891007 0 0.309017 -0.951057 0 0.156435 -0.987688 0 1 0 0 1 0 0 1 0 0 1 0 0 1 0 0 1 0 0 0 0 1 0 0 1 0 0 1 0 0 1 0 0 1 0 0 1 0 0 1 0 0 1 0 0 1 0 0 1 0 0 1 0 0 1 0 0 1 0 0 1 0 0 1 0 0 1 0 0 1 0 0 1 0 0 1 0 0 1 0 0 1 0 0 1 0 0 1 0 0 1 0 0 1 0 0 1 0 0 1 0 0 1 0 0 1 0 0 1 0 0 1 0 0 1 0 0 1 0 0 1 0 0 1 0 0 1 0 0 1 0 0 1 0 0 1 0 0 1 0 0 1 0 0 1 0 0 1 0 0 1 0 0 1 0 0 1 0 0 1 0 0 1 0 0 1 0 0 1 0 0 1 0 0 1 0 0 1 0 0 1 0 0 1 0 0 1 0 0 1 0 0 1 0 0 1 0 0 1 0 0 1 0 0 1 0 0 1 0 0 1 0 0 1 0 0 1 0 0 1 0 0 1 0 0 1 0 0 1 0 0 1 0 0 1 0 0 1 0 0 1 0 0 1 0 0 1 0 0 1 0 0 1 0 0 1 0 0 1 0 0 1 0 0 1 0 0 1 0 0 1 0 0 1 0 0 1 0 0 1 0 0 1 0 0 1 0 0 1 0 0 1 0 0 1 0 0 1 0 0 1 0 0 1 0 0 1 0 0 1 0 0 1 0 0 1 0 0 1 0 0 1 0 0 1 0 0 1 0 0 1 0 0 1 0 0 1 0 0 1 0 0 1 0 0 1 0 0 1 0 0 1 0 0 1 0 0 1 0 0 1 0 0 1 0 0 1 0 0 1 0 0 1 0 0 1 0 0 1 0 0 1 0 0 1 0 0 1 0 0 1 0 0 1 0 0 1 0 0 1 0 0 1 0 0 1 0 0 1 0 0 1 0 0 1 0 0 1 0 0 1 0 0 1 0 0 1 0 0 1 0 0 1 0 0 1 0 0 1 0 0 1 0 0 1 0 0 1 0 0 1 0 0 1 0 0 1 0 0 1 0 0 1 0 0 1 0 0 1 0 0 1 0 0 1 0 0 1 0 0 1 0 0 1 0 0 1 0 0 1 0 0 1 0 0 1 0 0 1 0 0 1 0 0 1 0 0 1 0 0 1 0 0 1 0 0 1 0 0 1 0 0 1 0 0 1 0 0 1 0 0 1 0 0 1 0 0 1 0 0 1 0 0 1 0 0 1 0 0 1 0 0 1 0 0 1 0 0 1 0 0 1 0 0 1 0 0 1 0 0 1 0 0 1 0 0 1 0 0 1 0 0 1 0 0 1 0 0 1 0 0 1 0 0 1 0 0 1 0 0 1 0 0 1 0 0 1 0 0 1 0 0 1 0 0 1 0 0 1 0 0 1 0 0 1 0 0 1 0 0 1 0 0 1 0 0 1 0 0 1 0 0 1 0 0 1 0 0 1 0 0 1 0 0 1 0 0 1 0 0 1 0 0 1 0 0 1 0 0 1 0 0 1 0 0 1 0 0 1 0 0 1 0 0 1 0 0 1 0 0 1 0 0 1 0 0 1 0 0 1 0 0 1 0 0 1 0 0 1 0 0 1 0 0 1 0 0 1 0 0 1 0 0 1 0 0 1 0 0 1 0 0 1 0 0 1 0 0 1 0 0 1 0 0 1 0 0 1 0 0 1 0 0 1 0 0 1 0 0 1 0 0 1 0 0 1 0 0 1 0 0 1 0 0 1 0 0 1 0 0 1 0 0 1 0 0 1 0 0 1 0 0 1 0 0 1 0 0 1 0 0 1 0 0 1 0 0 1 0 0 1 0 0 1 0 0 1 0 0 1 0 0 1 0 0 1 0 0 1 0 0 1 0 0 1 0 0 1 0 0 1 0 0 1 0 0 1 0 0 1 0 0 1 0 0 1 0 0 1 0 0 1 0 0 1 0 0 1 0 0 1 0 0 1 0 0 1 0 0 1 0 0 1 0 0 1 0 0 1 0 0 1 0 0 1 0 0 1 0 0 1 0 0 1 0 0 1 0 0 1 0 0 1 0 0 1 0 0 1 0 0 1 0 0 1 0 0 1 0 0 1 0 0 1 0 0 1 0 0 1 0 0 1 0 0 1 0 0 1 0 0 1 0 0 1 0 0 1 0 0 1 0 0 1 0 0 1 0 0 1 0 0 1 0 0 1 0 0 1 0 0 1 0 0 1 0 0 1 0 0 1 0 0 1 0 0 1 0 0 1 0 0 1 0 0 1 0 0 1 0 0 1 0 0 1 0 0 1 0 0 1 0 0 1 0 0 1 0 0 1 0 0 1 0 0 1 0 0 1 0 0 1 0 0 1 0 0 1 0 0 1 0 0 1 0 0 1 0 0 1 0 0 1 0 0 1 0 0 1 0 0 1 0 0 1 0 0 1 0 0 1 0 0 1 0 0 1 0 0 1 0 0 1 0 0 1 0 0 1 0 0 1 0 0 1 0 0 1 0 0 1 0 0 1 0 0 1 0 0 1 0 0 1 0 0 1 0 0 1 0 0 1 0 0 1 0 0 1 0 0 1 0 0 1 0 0 1 0 0 1 0 0 1 0 0 1 0 0 1 0 0 1 0 0 1 0 0 1 0 0 1 0 0 1 0 0 1 0 0 1 0 0 1 0 0 1 0 0 1 0 0 1 0 0 1 0 0 1 0 0 1 0 0 1 0 0 1 0 0 1 0 0 1 0 0 1 0 0 1 0 0 1 0 0 1 0 0 1 0 0 1 0 0 1 0 0 1 0 0 1 0 0 1 0 0 1 0 0 1 0 0 1 0 0 1 0 0 1 0 0 1 0 0 1 0 0 1 0 0 1 0 0 1 0 0 1 0 0 1 0 0 1 0 0 1 0 0 1 0 0 1 0 0 1 0 0 1 0 0 1 0 0 1 0 0 1 0 0 1 0 0 1 0 0 1 0 0 1 0 0 1 0 0 1 0 0 1 0 0 1 0 0 1 0 0 1 0 0 1 0 0 1 0 0 1 0 0 1 0 0 1 0 0 1 0 0 1 0 0 -1 0 0 -1 0 0 -1 0 0 -1 0 0 -1 0 0 -1 0 0 -1 0 0 -1 0 0 -1 0 0 -1 0 0 -1 0 0 -1 0 0 -1 0 0 -1 0 0 -1 0 0 -1 0 0 -1 0 0 -1 0 0 -1 0 0 -1 0 0 -1 0 0 -1 0 0 -1 0 0 -1 0 0 -1 0 0 -1 0 0 -1 0 0 -1 0 0 -1 0 0 -1 0 0 -1 0 0 -1 0 0 -1 0 0 -1 0 0 -1 0 0 -1 0 0 -1 0 0 -1 0 0 -1 0 0 -1 0 0 -1 0 0 -1 0 0 -1 0 0 -1 0 0 -1 0 0 -1 0 0 -1 0 0 -1 0 0 -1 0 0 -1 0 0 -1 0 0 -1 0 0 -1 0 0 -1 0 0 -1 0 0 -1 0 0 -1 0 0 -1 0 0 -1 0 0 -1 0 0 -1 0 0 -1 0 0 -1 0 0 -1 0 0 -1 0 0 -1 0 0 -1 0 0 -1 0 0 -1 0 0 -1 0 0 -1 0 0 -1 0 0 -1 0 0 -1 0 0 -1 0 0 -1 0 0 -1 0 0 -1 0 0 -1 0 0 -1 0 0 -1 0 0 -1 0 0 -1 0 0 -1 0 0 -1 0 0 -1 0 0 -1 0 0 -1 0 0 -1 0 0 -1 0 0 -1 0 0 -1 0 0 -1 0 0 -1 0 0 -1 0 0 -1 0 0 -1 0 0 -1 0 0 -1 0 0 -1 0 0 -1 0 0 -1 0 0 -1 0 0 -1 0 0 -1 0 0 -1 0 0 -1 0 0 -1 0 0 -1 0 0 -1 0 0 -1 0 0 -1 0 0 -1 0 0 -1 0 0 -1 0 0 -1 0 0 -1 0 0 -1 0 0 -1 0 0 -1 0 0 -1 0 0 -1 0 0 -1 0 0 -1 0 0 -1 0 0 -1 0 0 -1 0 0 -1 0 0 -1 0 0 -1 0 0 -1 0 0 -1 0 0 -1 0 0 -1 0 0 -1 0 0 -1 0 0 -1 0 0 -1 0 0 -1 0 0 -1 0 0 -1 0 0 -1 0 0 -1 0 0 -1 0 0 -1 0 0 -1 0 0 -1 0 0 -1 0 0 -1 0 0 -1 0 0 -1 0 0 -1 0 0 -1 0 0 -1 0 0 -1 0 0 -1 0 0 -1 0 0 -1 0 0 -1 0 0 -1 0 0 -1 0 0 -1 0 0 -1 0 0 -1 0 0 -1 0 0 -1 0 0 -1 0 0 -1 0 0 -1 0 0 -1 0 0 -1 0 0 -1 0 0 -1 0 0 -1 0 0 -1 0 0 -1 0 0 -1 0 0 -1 0 0 -1 0 0 -1 0 0 -1 0 0 -1 0 0 -1 0 0 -1 0 0 -1 0 0 -1 0 0 -1 0 0 -1 0 0 -1 0 0 -1 0 0 -1 0 0 -1 0 0 -1 0 0 -1 0 0 -1 0 0 -1 0 0 -1 0 0 -1 0 0 -1 0 0 -1 0 0 -1 0 0 -1 0 0 -1 0 0 -1 0 0 -1 0 0 -1 0 0 -1 0 0 -1 0 0 -1 0 0 -1 0 0 -1 0 0 -1 0 0 -1 0 0 -1 0 0 -1 0 0 -1 0 0 -1 0 0 -1 0 0 -1 0 0 -1 0 0 -1 0 0 -1 0 0 -1 0 0 -1 0 0 -1 0 0 -1 0 0 -1 0 0 -1 0 0 -1 0 0 -1 0 0 -1 0 0 -1 0 0 -1 0 0 -1 0 0 -1 0 0 -1 0 0 -1 0 0 -1 0 0 -1 0 0 -1 0 0 -1 0 0 -1 0 0 -1 0 0 -1 0 0 -1 0 0 -1 0 0 -1 0 0 -1 0 0 -1 0 0 -1 0 0 -1 0 0 -1 0 0 -1 0 0 -1 0 0 -1 0 0 -1 0 0 -1 0 0 -1 0 0 -1 0 0 -1 0 0 -1 0 0 -1 0 0 -1 0 0 -1 0 0 -1 0 0 -1 0 0 -1 0 0 -1 0 0 -1 0 0 -1 0 0 -1 0 0 -1 0 0 -1 0 0 -1 0 0 -1 0 0 -1 0 0 -1 0 0 -1 0 0 -1 0 0 -1 0 0 -1 0 0 -1 0 0 -1 0 0 -1 0 0 -1 0 0 -1 0 0 -1 0 0 -1 0 0 -1 0 0 -1 0 0 -1 0 0 -1 0 0 -1 0 0 -1 0 0 -1 0 0 -1 0 0 -1 0 0 -1 0 0 -1 0 0 -1 0 0 -1 0 0 -1 0 0 -1 0 0 -1 0 0 -1 0 0 -1 0 0 -1 0 0 -1 0 0 -1 0 0 -1 0 0 -1 0 0 -1 0 0 -1 0 0 -1 0 0 -1 0 0 -1 0 0 -1 0 0 -1 0 0 -1 0 0 -1 0 0 -1 0 0 -1 0 0 -1 0 0 -1 0 0 -1 0 0 -1 0 0 -1 0 0 -1 0 0 -1 0 0 -1 0 0 -1 0 0 -1 0 0 -1 0 0 -1 0 0 -1 0 0 -1 0 0 -1 0 0 -1 0 0 -1 0 0 -1 0 0 -1 0 0 -1 0 0 -1 0 0 -1 0 0 -1 0 0 -1 0 0 -1 0 0 -1 0 0 -1 0 0 -1 0 0 -1 0 0 -1 0 0 -1 0 0 -1 0 0 -1 0 0 -1 0 0 -1 0 0 -1 0 0 -1 0 0 -1 0 0 -1 0 0 -1 0 0 -1 0 0 -1 0 0 -1 0 0 -1 0 0 -1 0 0 -1 0 0 -1 0 0 -1 0 0 -1 0 0 -1 0 0 -1 0 0 -1 0 0 -1 0 0 -1 0 0 -1 0 0 -1 0 0 -1 0 0 -1 0 0 -1 0 0 -1 0 0 -1 0 0 -1 0 0 -1 0 0 -1 0 0 -1 0 0 -1 0 0 -1 0 0 -1 0 0 -1 0 0 -1 0 0 -1 0 0 -1 0 0 -1 0 0 -1 0 0 -1 0 0 -1 0 0 -1 0 0 -1 0 0 -1 0 0 -1 0 0 -1 0 0 -1 0 0 -1 0 0 -1 0 0 -1 0 0 -1 0 0 -1 0 0 -1 0 0 -1 0 0 -1 0 0 -1 0 0 -1 0 0 -1 0 0 -1 0 0 -1 0 0 -1 0 0 -1 0 0 -1 0 0 -1 0 0 -1 0 0 -1 0 0 -1 0 0 -1 0 0 -1 0 0 -1 0 0 -1 0 0 -1 0 0 -1 0 0 -1 0 0 -1 0 0 -1 0 0 -1 0 0 -1 0 0 -1 0 0 -1 0 0 -1 0 0 -1 0 0 -1 0 0 -1 0 0 -1 0 0 -1 0 0 -1 0 0 -1 0 0 -1 0.997204 -0.0747303 0 0.997204 0.0747303 0 0.997204 -0.0747303 0 8.74228e-08 1 0 -0.149042 0.988831 0 8.74228e-08 1 0 0.974928 -0.222521 0 0.974928 -0.222521 0 0.930874 -0.365341 0 0.930874 -0.365341 0 0.866025 -0.5 0 0.866025 -0.5 0 0.781831 -0.62349 0 0.781831 -0.62349 0 0.680173 -0.733052 0 0.680173 -0.733052 0 0.56332 -0.826239 0 0.56332 -0.826239 0 0.433884 -0.900969 0 0.433884 -0.900969 0 0.294755 -0.955573 0 0.294755 -0.955573 0 0.149042 -0.988831 0 0.149042 -0.988831 0 -1.74846e-07 -1 -0 3.01992e-07 -1 0 0.997204 0.0747303 0 0.974928 0.222521 0 0.974928 0.222521 0 0.930874 0.365341 0 0.930874 0.365341 0 0.866025 0.5 0 0.866025 0.5 0 0.781831 0.62349 0 0.781832 0.62349 0 0.680173 0.733052 0 0.680173 0.733052 0 0.56332 0.826239 0 0.56332 0.826239 0 0.433884 0.900969 0 0.433884 0.900969 0 0.294755 0.955573 0 0.294755 0.955573 0 0.149042 0.988831 0 0.149042 0.988831 0 -0.294755 0.955573 0 -0.294755 0.955573 0 -0.149042 0.988831 0 -0.680173 0.733052 0 -0.680173 0.733052 0 -0.56332 0.826239 0 -0.433884 0.900969 0 -0.56332 0.826239 0 -0.433884 0.900969 0 -0.866025 0.5 0 -0.930874 0.365341 0 -0.930874 0.365341 0 -0.781832 0.62349 0 -0.781832 0.62349 0 -0.866026 0.5 0 -0.997204 -0.0747301 -0 -0.997204 0.0747302 0 -0.997204 -0.0747301 -0 -0.997204 0.0747301 0 -0.974928 0.222521 0 -0.974928 0.222521 0 -0.866025 -0.5 -0 -0.866025 -0.5 -0 -0.930874 -0.365341 -0 -0.974928 -0.222521 -0 -0.930874 -0.365341 -0 -0.974928 -0.222521 -0 -0.680173 -0.733052 -0 -0.56332 -0.826239 -0 -0.680173 -0.733052 -0 -0.781832 -0.62349 -0 -0.781832 -0.62349 -0 -0.433884 -0.900969 -0 -0.56332 -0.826239 -0 -0.433884 -0.900969 -0 -0.294755 -0.955573 -0 -0.294755 -0.955573 -0 -0.149042 -0.988831 -0 -0.149042 -0.988831 -0</float_array>
          <technique_common>
            <accessor count="3176" source="#ID16" stride="3">
              <param name="X" type="float"/>
              <param name="Y" type="float"/>
              <param name="Z" type="float"/>
            </accessor>
          </technique_common>
        </source>
        <vertices id="ID17">
          <input semantic="POSITION" source="#ID13"/>
          <input semantic="NORMAL" source="#ID15"/>
        </vertices>
        <triangles count="3768" material="ID10">
          <input offset="0" semantic="VERTEX" source="#ID17"/>
          <p>0 1 2 3 4 2 0 2 4 3 5 6 6 4 3 7 5 8 5 7 6 9 10 8 7 8 10 11 10 9 12 1 0 13 12 14 12 13 1 15 16 14 13 14 16 15 17 18 18 16 15 19 17 20 17 19 18 19 20 21 22 23 24 25 23 22 26 27 25 26 25 22 28 29 30 31 32 33 34 35 30 36 32 31 32 36 37 38 39 40 41 38 42 39 38 41 43 39 41 40 36 44 28 45 29 35 28 30 46 47 48 47 49 48 49 50 51 52 50 53 54 51 50 55 56 57 53 58 52 59 60 55 58 57 52 61 56 62 63 62 64 61 65 57 43 66 37 39 37 36 44 36 31 40 39 36 43 37 39 67 34 66 68 35 67 33 32 30 32 37 34 66 34 37 33 30 29 32 34 30 67 35 34 46 48 68 69 47 46 45 28 49 28 35 48 68 48 35 45 49 51 28 48 49 69 70 53 49 47 50 71 58 70 54 50 52 50 47 53 69 53 47 65 52 57 52 65 54 70 58 53 55 71 59 60 64 56 61 57 56 58 71 55 57 58 55 64 62 56 60 56 55 72 73 74 74 75 76 75 77 78 78 76 75 73 72 79 76 72 74 80 81 82 83 84 85 86 87 82 88 84 83 84 88 89 90 91 92 93 90 94 91 90 93 95 91 93 92 88 96 80 97 81 87 80 82 98 99 100 99 101 100 101 102 103 104 102 105 106 103 102 107 108 109 105 110 104 111 112 107 110 109 104 113 108 114 115 114 116 113 117 109 95 118 89 91 89 88 96 88 83 92 91 88 95 89 91 119 86 118 120 87 119 85 84 82 84 89 86 118 86 89 85 82 81 84 86 82 119 87 86 98 100 120 121 99 98 97 80 101 80 87 100 120 100 87 97 101 103 80 100 101 121 122 105 101 99 102 123 110 122 106 102 104 102 99 105 121 105 99 117 104 109 104 117 106 122 110 105 107 123 111 112 116 108 113 109 108 110 123 107 109 110 107 116 114 108 112 108 107 124 125 126 127 128 129 130 128 127 129 131 124 130 132 133 133 128 130 124 131 125 128 131 129 134 135 136 137 138 139 140 141 139 142 143 144 137 139 145 146 147 148 138 137 149 150 135 151 147 146 152 153 142 154 153 154 155 156 157 158 159 156 160 159 161 157 162 155 163 164 144 165 166 167 163 168 169 170 171 165 150 170 157 161 136 172 173 152 174 147 175 176 172 177 148 178 141 179 175 180 178 181 182 183 176 182 175 179 138 140 139 181 145 184 176 175 182 140 179 141 184 141 185 185 175 172 186 173 176 176 183 186 141 184 139 145 139 184 187 134 173 141 175 185 188 180 185 186 187 173 172 136 188 176 173 172 185 180 184 181 184 180 189 136 135 185 172 188 177 188 189 134 190 151 187 190 134 173 134 136 188 177 180 178 180 177 190 191 151 188 136 189 192 146 189 134 151 135 135 150 192 191 171 151 189 146 177 148 177 146 150 151 171 189 135 192 152 192 193 193 150 165 191 194 171 194 164 171 146 192 152 168 174 195 164 196 142 192 150 193 193 197 195 144 197 165 194 196 164 171 164 165 193 195 152 174 152 195 142 153 143 193 165 197 158 169 197 196 154 142 144 143 158 164 142 144 197 169 195 168 195 169 156 143 198 197 144 158 156 158 143 162 198 153 153 198 143 155 162 153 169 157 170 158 157 169 198 199 160 159 157 156 162 167 199 160 156 198 167 162 163 199 198 162 200 201 202 203 204 205 206 207 208 209 206 204 210 208 211 207 211 208 210 211 212 213 206 209 206 213 207 203 205 200 209 204 203 201 200 205 214 215 216 217 216 218 215 219 218 220 221 222 223 224 225 226 227 228 221 227 229 229 230 231 232 215 214 233 231 234 232 220 235 233 236 237 236 233 234 238 239 240 241 242 243 242 244 245 238 246 239 237 236 247 248 240 249 250 247 251 250 237 247 251 252 243 230 229 226 227 226 229 233 237 224 230 234 231 222 231 253 225 237 250 233 224 253 225 250 242 225 224 237 243 254 241 252 254 243 251 243 250 231 222 229 221 229 222 245 225 242 231 233 253 235 253 219 244 242 241 219 224 223 255 239 246 223 225 245 250 243 242 254 255 241 255 246 241 253 235 222 220 222 235 218 223 256 253 224 219 218 219 223 256 245 257 256 223 245 257 244 258 257 245 244 238 258 246 246 258 244 241 246 244 235 215 232 219 215 235 256 259 217 216 215 218 257 260 259 217 218 256 258 261 260 259 256 257 238 248 261 260 257 258 248 238 240 261 258 238 262 263 264 265 263 262 266 267 268 269 263 265 268 269 270 263 269 268 268 271 266 268 270 271 272 273 274 275 276 277 278 279 280 281 282 283 282 281 275 277 276 280 282 275 277 278 272 279 276 278 280 274 279 272 284 285 286 285 284 287 288 289 290 291 292 293 294 295 296 297 298 299 298 297 291 293 292 296 298 291 293 294 288 295 292 294 296 290 295 288 300 301 302 303 304 305 301 306 307 300 306 301 308 309 305 308 305 307 301 307 305 303 305 309 310 311 312 313 312 314 311 315 314 316 317 318 319 320 321 322 323 324 317 323 325 325 326 327 328 311 310 329 327 330 328 316 331 329 332 333 332 329 330 334 335 336 337 338 339 338 340 341 334 342 335 333 332 343 344 336 345 346 343 347 346 333 343 347 348 339 326 325 322 323 322 325 329 333 320 326 330 327 318 327 349 321 333 346 329 320 349 321 346 338 321 320 333 339 350 337 348 350 339 347 339 346 327 318 325 317 325 318 341 321 338 327 329 349 331 349 315 340 338 337 315 320 319 351 335 342 319 321 341 346 339 338 350 351 337 351 342 337 349 331 318 316 318 331 314 319 352 349 320 315 314 315 319 352 341 353 352 319 341 353 340 354 353 341 340 334 354 342 342 354 340 337 342 340 331 311 328 315 311 331 352 355 313 312 311 314 353 356 355 313 314 352 354 357 356 355 352 353 334 344 357 356 353 354 344 334 336 357 354 334 358 359 360 361 362 363 364 365 366 364 367 365 368 365 367 364 366 369 367 362 368 368 362 361 370 358 360 361 370 360 363 370 361 358 371 359 372 373 374 375 376 377 378 379 377 380 381 382 375 377 383 384 385 386 376 375 387 388 373 389 385 384 390 391 380 392 391 392 393 394 395 396 397 394 398 397 399 395 400 393 401 402 382 403 404 405 401 406 407 408 409 403 388 408 395 399 374 410 411 390 412 385 413 414 410 415 386 416 379 417 413 418 416 419 420 421 414 420 413 417 376 378 377 419 383 422 414 413 420 378 417 379 422 379 423 423 413 410 424 411 414 414 421 424 379 422 377 383 377 422 425 372 411 379 413 423 426 418 423 424 425 411 410 374 426 414 411 410 423 418 422 419 422 418 427 374 373 423 410 426 415 426 427 372 428 389 425 428 372 411 372 374 426 415 418 416 418 415 428 429 389 426 374 427 430 384 427 372 389 373 373 388 430 429 409 389 427 384 415 386 415 384 388 389 409 427 373 430 390 430 431 431 388 403 429 432 409 432 402 409 384 430 390 406 412 433 402 434 380 430 388 431 431 435 433 382 435 403 432 434 402 409 402 403 431 433 390 412 390 433 380 391 381 431 403 435 396 407 435 434 392 380 382 381 396 402 380 382 435 407 433 406 433 407 394 381 436 435 382 396 394 396 381 400 436 391 391 436 381 393 400 391 407 395 408 396 395 407 436 437 398 397 395 394 400 405 437 398 394 436 405 400 401 437 436 400 438 439 440 441 442 443 444 445 442 442 441 444 446 438 440 441 443 440 440 443 446 438 447 439 448 449 450 451 452 453 454 455 450 456 452 451 452 456 457 458 459 460 461 458 462 459 458 461 463 459 461 460 456 464 448 465 449 455 448 450 466 467 468 467 469 468 469 470 471 472 470 473 474 471 470 475 476 477 473 478 472 479 480 475 478 477 472 481 476 482 483 482 484 481 485 477 463 486 457 459 457 456 464 456 451 460 459 456 463 457 459 487 454 486 488 455 487 453 452 450 452 457 454 486 454 457 453 450 449 452 454 450 487 455 454 466 468 488 489 467 466 465 448 469 448 455 468 488 468 455 465 469 471 448 468 469 489 490 473 469 467 470 491 478 490 474 470 472 470 467 473 489 473 467 485 472 477 472 485 474 490 478 473 475 491 479 480 484 476 481 477 476 478 491 475 477 478 475 484 482 476 480 476 475 492 493 494 494 495 496 495 497 498 498 496 495 493 492 499 496 492 494 500 501 502 503 504 505 506 507 502 508 504 503 504 508 509 510 511 512 513 510 514 511 510 513 515 511 513 512 508 516 500 517 501 507 500 502 518 519 520 519 521 520 521 522 523 524 522 525 526 523 522 527 528 529 525 530 524 531 532 527 530 529 524 533 528 534 535 534 536 533 537 529 515 538 509 511 509 508 516 508 503 512 511 508 515 509 511 539 506 538 540 507 539 505 504 502 504 509 506 538 506 509 505 502 501 504 506 502 539 507 506 518 520 540 541 519 518 517 500 521 500 507 520 540 520 507 517 521 523 500 520 521 541 542 525 521 519 522 543 530 542 526 522 524 522 519 525 541 525 519 537 524 529 524 537 526 542 530 525 527 543 531 532 536 528 533 529 528 530 543 527 529 530 527 536 534 528 532 528 527 544 545 546 544 547 545 548 547 549 544 549 547 550 551 552 553 554 552 550 552 554 553 555 556 556 554 553 557 555 558 555 557 556 559 560 558 557 558 560 561 560 559 562 551 550 563 562 564 562 563 551 565 566 564 563 564 566 565 567 568 568 566 565 569 567 570 567 569 568 569 570 571 572 573 574 575 573 572 576 577 575 576 575 572 578 579 580 581 582 583 584 585 580 586 582 581 582 586 587 588 589 590 591 588 592 589 588 591 593 589 591 590 586 594 578 595 579 585 578 580 596 597 598 597 599 598 599 600 601 602 600 603 604 601 600 605 606 607 603 608 602 609 610 605 608 607 602 611 606 612 613 612 614 611 615 607 593 616 587 589 587 586 594 586 581 590 589 586 593 587 589 617 584 616 618 585 617 583 582 580 582 587 584 616 584 587 583 580 579 582 584 580 617 585 584 596 598 618 619 597 596 595 578 599 578 585 598 618 598 585 595 599 601 578 598 599 619 620 603 599 597 600 621 608 620 604 600 602 600 597 603 619 603 597 615 602 607 602 615 604 620 608 603 605 621 609 610 614 606 611 607 606 608 621 605 607 608 605 614 612 606 610 606 605 622 623 624 624 625 626 625 627 628 628 626 625 623 622 629 626 622 624 630 631 632 633 634 635 636 637 632 638 634 633 634 638 639 640 641 642 643 640 644 641 640 643 645 641 643 642 638 646 630 647 631 637 630 632 648 649 650 649 651 650 651 652 653 654 652 655 656 653 652 657 658 659 655 660 654 661 662 657 660 659 654 663 658 664 665 664 666 663 667 659 645 668 639 641 639 638 646 638 633 642 641 638 645 639 641 669 636 668 670 637 669 635 634 632 634 639 636 668 636 639 635 632 631 634 636 632 669 637 636 648 650 670 671 649 648 647 630 651 630 637 650 670 650 637 647 651 653 630 650 651 671 672 655 651 649 652 673 660 672 656 652 654 652 649 655 671 655 649 667 654 659 654 667 656 672 660 655 657 673 661 662 666 658 663 659 658 660 673 657 659 660 657 666 664 658 662 658 657 674 675 676 677 678 679 680 678 677 679 681 674 680 682 683 683 678 680 674 681 675 678 681 679 684 685 686 687 688 689 690 691 689 692 693 694 687 689 695 696 697 698 688 687 699 700 685 701 697 696 702 703 692 704 703 704 705 706 707 708 709 706 710 709 711 707 712 705 713 714 694 715 716 717 713 718 719 720 721 715 700 720 707 711 686 722 723 702 724 697 725 726 722 727 698 728 691 729 725 730 728 731 732 733 726 732 725 729 688 690 689 731 695 734 726 725 732 690 729 691 734 691 735 735 725 722 736 723 726 726 733 736 691 734 689 695 689 734 737 684 723 691 725 735 738 730 735 736 737 723 722 686 738 726 723 722 735 730 734 731 734 730 739 686 685 735 722 738 727 738 739 684 740 701 737 740 684 723 684 686 738 727 730 728 730 727 740 741 701 738 686 739 742 696 739 684 701 685 685 700 742 741 721 701 739 696 727 698 727 696 700 701 721 739 685 742 702 742 743 743 700 715 741 744 721 744 714 721 696 742 702 718 724 745 714 746 692 742 700 743 743 747 745 694 747 715 744 746 714 721 714 715 743 745 702 724 702 745 692 703 693 743 715 747 708 719 747 746 704 692 694 693 708 714 692 694 747 719 745 718 745 719 706 693 748 747 694 708 706 708 693 712 748 703 703 748 693 705 712 703 719 707 720 708 707 719 748 749 710 709 707 706 712 717 749 710 706 748 717 712 713 749 748 712 750 751 752 753 754 755 756 757 758 759 756 754 760 758 761 757 761 758 760 761 762 763 756 759 756 763 757 753 755 750 759 754 753 751 750 755 764 765 766 767 766 768 765 769 768 770 771 772 773 774 775 776 777 778 771 777 779 779 780 781 782 765 764 783 781 784 782 770 785 783 786 787 786 783 784 788 789 790 791 792 793 792 794 795 788 796 789 787 786 797 798 790 799 800 797 801 800 787 797 801 802 793 780 779 776 777 776 779 783 787 774 780 784 781 772 781 803 775 787 800 783 774 803 775 800 792 775 774 787 793 804 791 802 804 793 801 793 800 781 772 779 771 779 772 795 775 792 781 783 803 785 803 769 794 792 791 769 774 773 805 789 796 773 775 795 800 793 792 804 805 791 805 796 791 803 785 772 770 772 785 768 773 806 803 774 769 768 769 773 806 795 807 806 773 795 807 794 808 807 795 794 788 808 796 796 808 794 791 796 794 785 765 782 769 765 785 806 809 767 766 765 768 807 810 809 767 768 806 808 811 810 809 806 807 788 798 811 810 807 808 798 788 790 811 808 788 812 813 814 815 813 812 816 817 818 819 813 815 818 819 820 813 819 818 818 821 816 818 820 821 822 823 824 825 826 827 828 829 830 831 832 833 832 831 825 827 826 830 832 825 827 828 822 829 826 828 830 824 829 822 834 835 836 835 834 837 838 839 840 841 842 843 844 845 846 847 848 849 848 847 841 843 842 846 848 841 843 844 838 845 842 844 846 840 845 838 850 851 852 853 854 855 851 856 857 850 856 851 858 859 855 858 855 857 851 857 855 853 855 859 860 861 862 863 862 864 861 865 864 866 867 868 869 870 871 872 873 874 867 873 875 875 876 877 878 861 860 879 877 880 878 866 881 879 882 883 882 879 880 884 885 886 887 888 889 888 890 891 884 892 885 883 882 893 894 886 895 896 893 897 896 883 893 897 898 889 876 875 872 873 872 875 879 883 870 876 880 877 868 877 899 871 883 896 879 870 899 871 896 888 871 870 883 889 900 887 898 900 889 897 889 896 877 868 875 867 875 868 891 871 888 877 879 899 881 899 865 890 888 887 865 870 869 901 885 892 869 871 891 896 889 888 900 901 887 901 892 887 899 881 868 866 868 881 864 869 902 899 870 865 864 865 869 902 891 903 902 869 891 903 890 904 903 891 890 884 904 892 892 904 890 887 892 890 881 861 878 865 861 881 902 905 863 862 861 864 903 906 905 863 864 902 904 907 906 905 902 903 884 894 907 906 903 904 894 884 886 907 904 884 908 909 910 911 912 913 914 915 916 914 917 915 918 915 917 914 916 919 917 912 918 918 912 911 920 908 910 911 920 910 913 920 911 908 921 909 922 923 924 925 926 927 928 929 927 930 931 932 925 927 933 934 935 936 926 925 937 938 923 939 935 934 940 941 930 942 941 942 943 944 945 946 947 944 948 947 949 945 950 943 951 952 932 953 954 955 951 956 957 958 959 953 938 958 945 949 924 960 961 940 962 935 963 964 960 965 936 966 929 967 963 968 966 969 970 971 964 970 963 967 926 928 927 969 933 972 964 963 970 928 967 929 972 929 973 973 963 960 974 961 964 964 971 974 929 972 927 933 927 972 975 922 961 929 963 973 976 968 973 974 975 961 960 924 976 964 961 960 973 968 972 969 972 968 977 924 923 973 960 976 965 976 977 922 978 939 975 978 922 961 922 924 976 965 968 966 968 965 978 979 939 976 924 977 980 934 977 922 939 923 923 938 980 979 959 939 977 934 965 936 965 934 938 939 959 977 923 980 940 980 981 981 938 953 979 982 959 982 952 959 934 980 940 956 962 983 952 984 930 980 938 981 981 985 983 932 985 953 982 984 952 959 952 953 981 983 940 962 940 983 930 941 931 981 953 985 946 957 985 984 942 930 932 931 946 952 930 932 985 957 983 956 983 957 944 931 986 985 932 946 944 946 931 950 986 941 941 986 931 943 950 941 957 945 958 946 945 957 986 987 948 947 945 944 950 955 987 948 944 986 955 950 951 987 986 950 988 989 990 991 992 993 994 995 992 992 991 994 996 988 990 991 993 990 990 993 996 988 997 989 998 999 1000 1001 1002 1003 1004 1005 1000 1006 1002 1001 1002 1006 1007 1008 1009 1010 1011 1008 1012 1009 1008 1011 1013 1009 1011 1010 1006 1014 998 1015 999 1005 998 1000 1016 1017 1018 1017 1019 1018 1019 1020 1021 1022 1020 1023 1024 1021 1020 1025 1026 1027 1023 1028 1022 1029 1030 1025 1028 1027 1022 1031 1026 1032 1033 1032 1034 1031 1035 1027 1013 1036 1007 1009 1007 1006 1014 1006 1001 1010 1009 1006 1013 1007 1009 1037 1004 1036 1038 1005 1037 1003 1002 1000 1002 1007 1004 1036 1004 1007 1003 1000 999 1002 1004 1000 1037 1005 1004 1016 1018 1038 1039 1017 1016 1015 998 1019 998 1005 1018 1038 1018 1005 1015 1019 1021 998 1018 1019 1039 1040 1023 1019 1017 1020 1041 1028 1040 1024 1020 1022 1020 1017 1023 1039 1023 1017 1035 1022 1027 1022 1035 1024 1040 1028 1023 1025 1041 1029 1030 1034 1026 1031 1027 1026 1028 1041 1025 1027 1028 1025 1034 1032 1026 1030 1026 1025 1042 1043 1044 1044 1045 1046 1045 1047 1048 1048 1046 1045 1043 1042 1049 1046 1042 1044 1050 1051 1052 1053 1054 1055 1056 1057 1052 1058 1054 1053 1054 1058 1059 1060 1061 1062 1063 1060 1064 1061 1060 1063 1065 1061 1063 1062 1058 1066 1050 1067 1051 1057 1050 1052 1068 1069 1070 1069 1071 1070 1071 1072 1073 1074 1072 1075 1076 1073 1072 1077 1078 1079 1075 1080 1074 1081 1082 1077 1080 1079 1074 1083 1078 1084 1085 1084 1086 1083 1087 1079 1065 1088 1059 1061 1059 1058 1066 1058 1053 1062 1061 1058 1065 1059 1061 1089 1056 1088 1090 1057 1089 1055 1054 1052 1054 1059 1056 1088 1056 1059 1055 1052 1051 1054 1056 1052 1089 1057 1056 1068 1070 1090 1091 1069 1068 1067 1050 1071 1050 1057 1070 1090 1070 1057 1067 1071 1073 1050 1070 1071 1091 1092 1075 1071 1069 1072 1093 1080 1092 1076 1072 1074 1072 1069 1075 1091 1075 1069 1087 1074 1079 1074 1087 1076 1092 1080 1075 1077 1093 1081 1082 1086 1078 1083 1079 1078 1080 1093 1077 1079 1080 1077 1086 1084 1078 1082 1078 1077 1094 1095 1096 1094 1097 1095 1098 1097 1099 1094 1099 1097 1100 1101 1102 1103 1104 1102 1100 1102 1104 1103 1105 1106 1106 1104 1103 1107 1105 1108 1105 1107 1106 1109 1110 1108 1107 1108 1110 1111 1110 1109 1112 1101 1100 1113 1112 1114 1112 1113 1101 1115 1116 1114 1113 1114 1116 1115 1117 1118 1118 1116 1115 1119 1117 1120 1117 1119 1118 1119 1120 1121 1122 1123 1124 1125 1123 1122 1126 1127 1125 1126 1125 1122 1128 1129 1130 1131 1132 1133 1134 1135 1130 1136 1132 1131 1132 1136 1137 1138 1139 1140 1141 1138 1142 1139 1138 1141 1143 1139 1141 1140 1136 1144 1128 1145 1129 1135 1128 1130 1146 1147 1148 1147 1149 1148 1149 1150 1151 1152 1150 1153 1154 1151 1150 1155 1156 1157 1153 1158 1152 1159 1160 1155 1158 1157 1152 1161 1156 1162 1163 1162 1164 1161 1165 1157 1143 1166 1137 1139 1137 1136 1144 1136 1131 1140 1139 1136 1143 1137 1139 1167 1134 1166 1168 1135 1167 1133 1132 1130 1132 1137 1134 1166 1134 1137 1133 1130 1129 1132 1134 1130 1167 1135 1134 1146 1148 1168 1169 1147 1146 1145 1128 1149 1128 1135 1148 1168 1148 1135 1145 1149 1151 1128 1148 1149 1169 1170 1153 1149 1147 1150 1171 1158 1170 1154 1150 1152 1150 1147 1153 1169 1153 1147 1165 1152 1157 1152 1165 1154 1170 1158 1153 1155 1171 1159 1160 1164 1156 1161 1157 1156 1158 1171 1155 1157 1158 1155 1164 1162 1156 1160 1156 1155 1172 1173 1174 1174 1175 1176 1175 1177 1178 1178 1176 1175 1173 1172 1179 1176 1172 1174 1180 1181 1182 1183 1184 1185 1186 1187 1182 1188 1184 1183 1184 1188 1189 1190 1191 1192 1193 1190 1194 1191 1190 1193 1195 1191 1193 1192 1188 1196 1180 1197 1181 1187 1180 1182 1198 1199 1200 1199 1201 1200 1201 1202 1203 1204 1202 1205 1206 1203 1202 1207 1208 1209 1205 1210 1204 1211 1212 1207 1210 1209 1204 1213 1208 1214 1215 1214 1216 1213 1217 1209 1195 1218 1189 1191 1189 1188 1196 1188 1183 1192 1191 1188 1195 1189 1191 1219 1186 1218 1220 1187 1219 1185 1184 1182 1184 1189 1186 1218 1186 1189 1185 1182 1181 1184 1186 1182 1219 1187 1186 1198 1200 1220 1221 1199 1198 1197 1180 1201 1180 1187 1200 1220 1200 1187 1197 1201 1203 1180 1200 1201 1221 1222 1205 1201 1199 1202 1223 1210 1222 1206 1202 1204 1202 1199 1205 1221 1205 1199 1217 1204 1209 1204 1217 1206 1222 1210 1205 1207 1223 1211 1212 1216 1208 1213 1209 1208 1210 1223 1207 1209 1210 1207 1216 1214 1208 1212 1208 1207 1224 1225 1226 1227 1228 1229 1230 1228 1227 1229 1231 1224 1230 1232 1233 1233 1228 1230 1224 1231 1225 1228 1231 1229 1234 1235 1236 1237 1238 1239 1240 1241 1239 1242 1243 1244 1237 1239 1245 1246 1247 1248 1238 1237 1249 1250 1235 1251 1247 1246 1252 1253 1242 1254 1253 1254 1255 1256 1257 1258 1259 1256 1260 1259 1261 1257 1262 1255 1263 1264 1244 1265 1266 1267 1263 1268 1269 1270 1271 1265 1250 1270 1257 1261 1236 1272 1273 1252 1274 1247 1275 1276 1272 1277 1248 1278 1241 1279 1275 1280 1278 1281 1282 1283 1276 1282 1275 1279 1238 1240 1239 1281 1245 1284 1276 1275 1282 1240 1279 1241 1284 1241 1285 1285 1275 1272 1286 1273 1276 1276 1283 1286 1241 1284 1239 1245 1239 1284 1287 1234 1273 1241 1275 1285 1288 1280 1285 1286 1287 1273 1272 1236 1288 1276 1273 1272 1285 1280 1284 1281 1284 1280 1289 1236 1235 1285 1272 1288 1277 1288 1289 1234 1290 1251 1287 1290 1234 1273 1234 1236 1288 1277 1280 1278 1280 1277 1290 1291 1251 1288 1236 1289 1292 1246 1289 1234 1251 1235 1235 1250 1292 1291 1271 1251 1289 1246 1277 1248 1277 1246 1250 1251 1271 1289 1235 1292 1252 1292 1293 1293 1250 1265 1291 1294 1271 1294 1264 1271 1246 1292 1252 1268 1274 1295 1264 1296 1242 1292 1250 1293 1293 1297 1295 1244 1297 1265 1294 1296 1264 1271 1264 1265 1293 1295 1252 1274 1252 1295 1242 1253 1243 1293 1265 1297 1258 1269 1297 1296 1254 1242 1244 1243 1258 1264 1242 1244 1297 1269 1295 1268 1295 1269 1256 1243 1298 1297 1244 1258 1256 1258 1243 1262 1298 1253 1253 1298 1243 1255 1262 1253 1269 1257 1270 1258 1257 1269 1298 1299 1260 1259 1257 1256 1262 1267 1299 1260 1256 1298 1267 1262 1263 1299 1298 1262 1300 1301 1302 1303 1304 1305 1306 1307 1308 1309 1306 1304 1310 1308 1311 1307 1311 1308 1310 1311 1312 1313 1306 1309 1306 1313 1307 1303 1305 1300 1309 1304 1303 1301 1300 1305 1314 1315 1316 1317 1316 1318 1315 1319 1318 1320 1321 1322 1323 1324 1325 1326 1327 1328 1321 1327 1329 1329 1330 1331 1332 1315 1314 1333 1331 1334 1332 1320 1335 1333 1336 1337 1336 1333 1334 1338 1339 1340 1341 1342 1343 1342 1344 1345 1338 1346 1339 1337 1336 1347 1348 1340 1349 1350 1347 1351 1350 1337 1347 1351 1352 1343 1330 1329 1326 1327 1326 1329 1333 1337 1324 1330 1334 1331 1322 1331 1353 1325 1337 1350 1333 1324 1353 1325 1350 1342 1325 1324 1337 1343 1354 1341 1352 1354 1343 1351 1343 1350 1331 1322 1329 1321 1329 1322 1345 1325 1342 1331 1333 1353 1335 1353 1319 1344 1342 1341 1319 1324 1323 1355 1339 1346 1323 1325 1345 1350 1343 1342 1354 1355 1341 1355 1346 1341 1353 1335 1322 1320 1322 1335 1318 1323 1356 1353 1324 1319 1318 1319 1323 1356 1345 1357 1356 1323 1345 1357 1344 1358 1357 1345 1344 1338 1358 1346 1346 1358 1344 1341 1346 1344 1335 1315 1332 1319 1315 1335 1356 1359 1317 1316 1315 1318 1357 1360 1359 1317 1318 1356 1358 1361 1360 1359 1356 1357 1338 1348 1361 1360 1357 1358 1348 1338 1340 1361 1358 1338 1362 1363 1364 1365 1363 1362 1366 1367 1368 1369 1363 1365 1368 1369 1370 1363 1369 1368 1368 1371 1366 1368 1370 1371 1372 1373 1374 1375 1376 1377 1378 1379 1380 1381 1382 1383 1382 1381 1375 1377 1376 1380 1382 1375 1377 1378 1372 1379 1376 1378 1380 1374 1379 1372 1384 1385 1386 1385 1384 1387 1388 1389 1390 1391 1392 1393 1394 1395 1396 1397 1398 1399 1398 1397 1391 1393 1392 1396 1398 1391 1393 1394 1388 1395 1392 1394 1396 1390 1395 1388 1400 1401 1402 1403 1404 1405 1401 1406 1407 1400 1406 1401 1408 1409 1405 1408 1405 1407 1401 1407 1405 1403 1405 1409 1410 1411 1412 1413 1412 1414 1411 1415 1414 1416 1417 1418 1419 1420 1421 1422 1423 1424 1417 1423 1425 1425 1426 1427 1428 1411 1410 1429 1427 1430 1428 1416 1431 1429 1432 1433 1432 1429 1430 1434 1435 1436 1437 1438 1439 1438 1440 1441 1434 1442 1435 1433 1432 1443 1444 1436 1445 1446 1443 1447 1446 1433 1443 1447 1448 1439 1426 1425 1422 1423 1422 1425 1429 1433 1420 1426 1430 1427 1418 1427 1449 1421 1433 1446 1429 1420 1449 1421 1446 1438 1421 1420 1433 1439 1450 1437 1448 1450 1439 1447 1439 1446 1427 1418 1425 1417 1425 1418 1441 1421 1438 1427 1429 1449 1431 1449 1415 1440 1438 1437 1415 1420 1419 1451 1435 1442 1419 1421 1441 1446 1439 1438 1450 1451 1437 1451 1442 1437 1449 1431 1418 1416 1418 1431 1414 1419 1452 1449 1420 1415 1414 1415 1419 1452 1441 1453 1452 1419 1441 1453 1440 1454 1453 1441 1440 1434 1454 1442 1442 1454 1440 1437 1442 1440 1431 1411 1428 1415 1411 1431 1452 1455 1413 1412 1411 1414 1453 1456 1455 1413 1414 1452 1454 1457 1456 1455 1452 1453 1434 1444 1457 1456 1453 1454 1444 1434 1436 1457 1454 1434 1458 1459 1460 1461 1462 1463 1464 1465 1466 1464 1467 1465 1468 1465 1467 1464 1466 1469 1467 1462 1468 1468 1462 1461 1470 1458 1460 1461 1470 1460 1463 1470 1461 1458 1471 1459 1472 1473 1474 1475 1476 1477 1478 1479 1477 1480 1481 1482 1475 1477 1483 1484 1485 1486 1476 1475 1487 1488 1473 1489 1485 1484 1490 1491 1480 1492 1491 1492 1493 1494 1495 1496 1497 1494 1498 1497 1499 1495 1500 1493 1501 1502 1482 1503 1504 1505 1501 1506 1507 1508 1509 1503 1488 1508 1495 1499 1474 1510 1511 1490 1512 1485 1513 1514 1510 1515 1486 1516 1479 1517 1513 1518 1516 1519 1520 1521 1514 1520 1513 1517 1476 1478 1477 1519 1483 1522 1514 1513 1520 1478 1517 1479 1522 1479 1523 1523 1513 1510 1524 1511 1514 1514 1521 1524 1479 1522 1477 1483 1477 1522 1525 1472 1511 1479 1513 1523 1526 1518 1523 1524 1525 1511 1510 1474 1526 1514 1511 1510 1523 1518 1522 1519 1522 1518 1527 1474 1473 1523 1510 1526 1515 1526 1527 1472 1528 1489 1525 1528 1472 1511 1472 1474 1526 1515 1518 1516 1518 1515 1528 1529 1489 1526 1474 1527 1530 1484 1527 1472 1489 1473 1473 1488 1530 1529 1509 1489 1527 1484 1515 1486 1515 1484 1488 1489 1509 1527 1473 1530 1490 1530 1531 1531 1488 1503 1529 1532 1509 1532 1502 1509 1484 1530 1490 1506 1512 1533 1502 1534 1480 1530 1488 1531 1531 1535 1533 1482 1535 1503 1532 1534 1502 1509 1502 1503 1531 1533 1490 1512 1490 1533 1480 1491 1481 1531 1503 1535 1496 1507 1535 1534 1492 1480 1482 1481 1496 1502 1480 1482 1535 1507 1533 1506 1533 1507 1494 1481 1536 1535 1482 1496 1494 1496 1481 1500 1536 1491 1491 1536 1481 1493 1500 1491 1507 1495 1508 1496 1495 1507 1536 1537 1498 1497 1495 1494 1500 1505 1537 1498 1494 1536 1505 1500 1501 1537 1536 1500 1538 1539 1540 1541 1542 1543 1544 1545 1542 1542 1541 1544 1546 1538 1540 1541 1543 1540 1540 1543 1546 1538 1547 1539 1548 1549 1550 1551 1552 1553 1554 1555 1550 1556 1552 1551 1552 1556 1557 1558 1559 1560 1561 1558 1562 1559 1558 1561 1563 1559 1561 1560 1556 1564 1548 1565 1549 1555 1548 1550 1566 1567 1568 1567 1569 1568 1569 1570 1571 1572 1570 1573 1574 1571 1570 1575 1576 1577 1573 1578 1572 1579 1580 1575 1578 1577 1572 1581 1576 1582 1583 1582 1584 1581 1585 1577 1563 1586 1557 1559 1557 1556 1564 1556 1551 1560 1559 1556 1563 1557 1559 1587 1554 1586 1588 1555 1587 1553 1552 1550 1552 1557 1554 1586 1554 1557 1553 1550 1549 1552 1554 1550 1587 1555 1554 1566 1568 1588 1589 1567 1566 1565 1548 1569 1548 1555 1568 1588 1568 1555 1565 1569 1571 1548 1568 1569 1589 1590 1573 1569 1567 1570 1591 1578 1590 1574 1570 1572 1570 1567 1573 1589 1573 1567 1585 1572 1577 1572 1585 1574 1590 1578 1573 1575 1591 1579 1580 1584 1576 1581 1577 1576 1578 1591 1575 1577 1578 1575 1584 1582 1576 1580 1576 1575 1592 1593 1594 1594 1595 1596 1595 1597 1598 1598 1596 1595 1593 1592 1599 1596 1592 1594 1600 1601 1602 1603 1604 1605 1606 1607 1602 1608 1604 1603 1604 1608 1609 1610 1611 1612 1613 1610 1614 1611 1610 1613 1615 1611 1613 1612 1608 1616 1600 1617 1601 1607 1600 1602 1618 1619 1620 1619 1621 1620 1621 1622 1623 1624 1622 1625 1626 1623 1622 1627 1628 1629 1625 1630 1624 1631 1632 1627 1630 1629 1624 1633 1628 1634 1635 1634 1636 1633 1637 1629 1615 1638 1609 1611 1609 1608 1616 1608 1603 1612 1611 1608 1615 1609 1611 1639 1606 1638 1640 1607 1639 1605 1604 1602 1604 1609 1606 1638 1606 1609 1605 1602 1601 1604 1606 1602 1639 1607 1606 1618 1620 1640 1641 1619 1618 1617 1600 1621 1600 1607 1620 1640 1620 1607 1617 1621 1623 1600 1620 1621 1641 1642 1625 1621 1619 1622 1643 1630 1642 1626 1622 1624 1622 1619 1625 1641 1625 1619 1637 1624 1629 1624 1637 1626 1642 1630 1625 1627 1643 1631 1632 1636 1628 1633 1629 1628 1630 1643 1627 1629 1630 1627 1636 1634 1628 1632 1628 1627 1644 1645 1646 1644 1647 1645 1648 1647 1649 1644 1649 1647 1650 1651 1652 1653 1654 1652 1650 1652 1654 1653 1655 1656 1656 1654 1653 1657 1655 1658 1655 1657 1656 1659 1660 1658 1657 1658 1660 1661 1660 1659 1662 1651 1650 1663 1662 1664 1662 1663 1651 1665 1666 1664 1663 1664 1666 1665 1667 1668 1668 1666 1665 1669 1667 1670 1667 1669 1668 1669 1670 1671 1672 1673 1674 1675 1673 1672 1676 1677 1675 1676 1675 1672 1678 1679 1680 1681 1682 1683 1684 1685 1680 1686 1682 1681 1682 1686 1687 1688 1689 1690 1691 1688 1692 1689 1688 1691 1693 1689 1691 1690 1686 1694 1678 1695 1679 1685 1678 1680 1696 1697 1698 1697 1699 1698 1699 1700 1701 1702 1700 1703 1704 1701 1700 1705 1706 1707 1703 1708 1702 1709 1710 1705 1708 1707 1702 1711 1706 1712 1713 1712 1714 1711 1715 1707 1693 1716 1687 1689 1687 1686 1694 1686 1681 1690 1689 1686 1693 1687 1689 1717 1684 1716 1718 1685 1717 1683 1682 1680 1682 1687 1684 1716 1684 1687 1683 1680 1679 1682 1684 1680 1717 1685 1684 1696 1698 1718 1719 1697 1696 1695 1678 1699 1678 1685 1698 1718 1698 1685 1695 1699 1701 1678 1698 1699 1719 1720 1703 1699 1697 1700 1721 1708 1720 1704 1700 1702 1700 1697 1703 1719 1703 1697 1715 1702 1707 1702 1715 1704 1720 1708 1703 1705 1721 1709 1710 1714 1706 1711 1707 1706 1708 1721 1705 1707 1708 1705 1714 1712 1706 1710 1706 1705 1722 1723 1724 1724 1725 1726 1725 1727 1728 1728 1726 1725 1723 1722 1729 1726 1722 1724 1730 1731 1732 1733 1734 1735 1736 1737 1732 1738 1734 1733 1734 1738 1739 1740 1741 1742 1743 1740 1744 1741 1740 1743 1745 1741 1743 1742 1738 1746 1730 1747 1731 1737 1730 1732 1748 1749 1750 1749 1751 1750 1751 1752 1753 1754 1752 1755 1756 1753 1752 1757 1758 1759 1755 1760 1754 1761 1762 1757 1760 1759 1754 1763 1758 1764 1765 1764 1766 1763 1767 1759 1745 1768 1739 1741 1739 1738 1746 1738 1733 1742 1741 1738 1745 1739 1741 1769 1736 1768 1770 1737 1769 1735 1734 1732 1734 1739 1736 1768 1736 1739 1735 1732 1731 1734 1736 1732 1769 1737 1736 1748 1750 1770 1771 1749 1748 1747 1730 1751 1730 1737 1750 1770 1750 1737 1747 1751 1753 1730 1750 1751 1771 1772 1755 1751 1749 1752 1773 1760 1772 1756 1752 1754 1752 1749 1755 1771 1755 1749 1767 1754 1759 1754 1767 1756 1772 1760 1755 1757 1773 1761 1762 1766 1758 1763 1759 1758 1760 1773 1757 1759 1760 1757 1766 1764 1758 1762 1758 1757 1774 1775 1776 1777 1778 1779 1780 1778 1777 1779 1781 1774 1780 1782 1783 1783 1778 1780 1774 1781 1775 1778 1781 1779 1784 1785 1786 1787 1788 1789 1790 1791 1789 1792 1793 1794 1787 1789 1795 1796 1797 1798 1788 1787 1799 1800 1785 1801 1797 1796 1802 1803 1792 1804 1803 1804 1805 1806 1807 1808 1809 1806 1810 1809 1811 1807 1812 1805 1813 1814 1794 1815 1816 1817 1813 1818 1819 1820 1821 1815 1800 1820 1807 1811 1786 1822 1823 1802 1824 1797 1825 1826 1822 1827 1798 1828 1791 1829 1825 1830 1828 1831 1832 1833 1826 1832 1825 1829 1788 1790 1789 1831 1795 1834 1826 1825 1832 1790 1829 1791 1834 1791 1835 1835 1825 1822 1836 1823 1826 1826 1833 1836 1791 1834 1789 1795 1789 1834 1837 1784 1823 1791 1825 1835 1838 1830 1835 1836 1837 1823 1822 1786 1838 1826 1823 1822 1835 1830 1834 1831 1834 1830 1839 1786 1785 1835 1822 1838 1827 1838 1839 1784 1840 1801 1837 1840 1784 1823 1784 1786 1838 1827 1830 1828 1830 1827 1840 1841 1801 1838 1786 1839 1842 1796 1839 1784 1801 1785 1785 1800 1842 1841 1821 1801 1839 1796 1827 1798 1827 1796 1800 1801 1821 1839 1785 1842 1802 1842 1843 1843 1800 1815 1841 1844 1821 1844 1814 1821 1796 1842 1802 1818 1824 1845 1814 1846 1792 1842 1800 1843 1843 1847 1845 1794 1847 1815 1844 1846 1814 1821 1814 1815 1843 1845 1802 1824 1802 1845 1792 1803 1793 1843 1815 1847 1808 1819 1847 1846 1804 1792 1794 1793 1808 1814 1792 1794 1847 1819 1845 1818 1845 1819 1806 1793 1848 1847 1794 1808 1806 1808 1793 1812 1848 1803 1803 1848 1793 1805 1812 1803 1819 1807 1820 1808 1807 1819 1848 1849 1810 1809 1807 1806 1812 1817 1849 1810 1806 1848 1817 1812 1813 1849 1848 1812 1850 1851 1852 1853 1854 1855 1856 1857 1858 1859 1856 1854 1860 1858 1861 1857 1861 1858 1860 1861 1862 1863 1856 1859 1856 1863 1857 1853 1855 1850 1859 1854 1853 1851 1850 1855 1864 1865 1866 1867 1866 1868 1865 1869 1868 1870 1871 1872 1873 1874 1875 1876 1877 1878 1871 1877 1879 1879 1880 1881 1882 1865 1864 1883 1881 1884 1882 1870 1885 1883 1886 1887 1886 1883 1884 1888 1889 1890 1891 1892 1893 1892 1894 1895 1888 1896 1889 1887 1886 1897 1898 1890 1899 1900 1897 1901 1900 1887 1897 1901 1902 1893 1880 1879 1876 1877 1876 1879 1883 1887 1874 1880 1884 1881 1872 1881 1903 1875 1887 1900 1883 1874 1903 1875 1900 1892 1875 1874 1887 1893 1904 1891 1902 1904 1893 1901 1893 1900 1881 1872 1879 1871 1879 1872 1895 1875 1892 1881 1883 1903 1885 1903 1869 1894 1892 1891 1869 1874 1873 1905 1889 1896 1873 1875 1895 1900 1893 1892 1904 1905 1891 1905 1896 1891 1903 1885 1872 1870 1872 1885 1868 1873 1906 1903 1874 1869 1868 1869 1873 1906 1895 1907 1906 1873 1895 1907 1894 1908 1907 1895 1894 1888 1908 1896 1896 1908 1894 1891 1896 1894 1885 1865 1882 1869 1865 1885 1906 1909 1867 1866 1865 1868 1907 1910 1909 1867 1868 1906 1908 1911 1910 1909 1906 1907 1888 1898 1911 1910 1907 1908 1898 1888 1890 1911 1908 1888 1912 1913 1914 1915 1913 1912 1916 1917 1918 1919 1913 1915 1918 1919 1920 1913 1919 1918 1918 1921 1916 1918 1920 1921 1922 1923 1924 1925 1926 1927 1928 1929 1930 1931 1932 1933 1932 1931 1925 1927 1926 1930 1932 1925 1927 1928 1922 1929 1926 1928 1930 1924 1929 1922 1934 1935 1936 1935 1934 1937 1938 1939 1940 1941 1942 1943 1944 1945 1946 1947 1948 1949 1948 1947 1941 1943 1942 1946 1948 1941 1943 1944 1938 1945 1942 1944 1946 1940 1945 1938 1950 1951 1952 1953 1954 1955 1951 1956 1957 1950 1956 1951 1958 1959 1955 1958 1955 1957 1951 1957 1955 1953 1955 1959 1960 1961 1962 1963 1962 1964 1961 1965 1964 1966 1967 1968 1969 1970 1971 1972 1973 1974 1967 1973 1975 1975 1976 1977 1978 1961 1960 1979 1977 1980 1978 1966 1981 1979 1982 1983 1982 1979 1980 1984 1985 1986 1987 1988 1989 1988 1990 1991 1984 1992 1985 1983 1982 1993 1994 1986 1995 1996 1993 1997 1996 1983 1993 1997 1998 1989 1976 1975 1972 1973 1972 1975 1979 1983 1970 1976 1980 1977 1968 1977 1999 1971 1983 1996 1979 1970 1999 1971 1996 1988 1971 1970 1983 1989 2000 1987 1998 2000 1989 1997 1989 1996 1977 1968 1975 1967 1975 1968 1991 1971 1988 1977 1979 1999 1981 1999 1965 1990 1988 1987 1965 1970 1969 2001 1985 1992 1969 1971 1991 1996 1989 1988 2000 2001 1987 2001 1992 1987 1999 1981 1968 1966 1968 1981 1964 1969 2002 1999 1970 1965 1964 1965 1969 2002 1991 2003 2002 1969 1991 2003 1990 2004 2003 1991 1990 1984 2004 1992 1992 2004 1990 1987 1992 1990 1981 1961 1978 1965 1961 1981 2002 2005 1963 1962 1961 1964 2003 2006 2005 1963 1964 2002 2004 2007 2006 2005 2002 2003 1984 1994 2007 2006 2003 2004 1994 1984 1986 2007 2004 1984 2008 2009 2010 2011 2012 2013 2014 2015 2016 2014 2017 2015 2018 2015 2017 2014 2016 2019 2017 2012 2018 2018 2012 2011 2020 2008 2010 2011 2020 2010 2013 2020 2011 2008 2021 2009 2022 2023 2024 2025 2026 2027 2028 2029 2027 2030 2031 2032 2025 2027 2033 2034 2035 2036 2026 2025 2037 2038 2023 2039 2035 2034 2040 2041 2030 2042 2041 2042 2043 2044 2045 2046 2047 2044 2048 2047 2049 2045 2050 2043 2051 2052 2032 2053 2054 2055 2051 2056 2057 2058 2059 2053 2038 2058 2045 2049 2024 2060 2061 2040 2062 2035 2063 2064 2060 2065 2036 2066 2029 2067 2063 2068 2066 2069 2070 2071 2064 2070 2063 2067 2026 2028 2027 2069 2033 2072 2064 2063 2070 2028 2067 2029 2072 2029 2073 2073 2063 2060 2074 2061 2064 2064 2071 2074 2029 2072 2027 2033 2027 2072 2075 2022 2061 2029 2063 2073 2076 2068 2073 2074 2075 2061 2060 2024 2076 2064 2061 2060 2073 2068 2072 2069 2072 2068 2077 2024 2023 2073 2060 2076 2065 2076 2077 2022 2078 2039 2075 2078 2022 2061 2022 2024 2076 2065 2068 2066 2068 2065 2078 2079 2039 2076 2024 2077 2080 2034 2077 2022 2039 2023 2023 2038 2080 2079 2059 2039 2077 2034 2065 2036 2065 2034 2038 2039 2059 2077 2023 2080 2040 2080 2081 2081 2038 2053 2079 2082 2059 2082 2052 2059 2034 2080 2040 2056 2062 2083 2052 2084 2030 2080 2038 2081 2081 2085 2083 2032 2085 2053 2082 2084 2052 2059 2052 2053 2081 2083 2040 2062 2040 2083 2030 2041 2031 2081 2053 2085 2046 2057 2085 2084 2042 2030 2032 2031 2046 2052 2030 2032 2085 2057 2083 2056 2083 2057 2044 2031 2086 2085 2032 2046 2044 2046 2031 2050 2086 2041 2041 2086 2031 2043 2050 2041 2057 2045 2058 2046 2045 2057 2086 2087 2048 2047 2045 2044 2050 2055 2087 2048 2044 2086 2055 2050 2051 2087 2086 2050 2088 2089 2090 2091 2092 2093 2094 2095 2092 2092 2091 2094 2096 2088 2090 2091 2093 2090 2090 2093 2096 2088 2097 2089 2098 2099 2100 2101 2102 2103 2104 2105 2100 2106 2102 2101 2102 2106 2107 2108 2109 2110 2111 2108 2112 2109 2108 2111 2113 2109 2111 2110 2106 2114 2098 2115 2099 2105 2098 2100 2116 2117 2118 2117 2119 2118 2119 2120 2121 2122 2120 2123 2124 2121 2120 2125 2126 2127 2123 2128 2122 2129 2130 2125 2128 2127 2122 2131 2126 2132 2133 2132 2134 2131 2135 2127 2113 2136 2107 2109 2107 2106 2114 2106 2101 2110 2109 2106 2113 2107 2109 2137 2104 2136 2138 2105 2137 2103 2102 2100 2102 2107 2104 2136 2104 2107 2103 2100 2099 2102 2104 2100 2137 2105 2104 2116 2118 2138 2139 2117 2116 2115 2098 2119 2098 2105 2118 2138 2118 2105 2115 2119 2121 2098 2118 2119 2139 2140 2123 2119 2117 2120 2141 2128 2140 2124 2120 2122 2120 2117 2123 2139 2123 2117 2135 2122 2127 2122 2135 2124 2140 2128 2123 2125 2141 2129 2130 2134 2126 2131 2127 2126 2128 2141 2125 2127 2128 2125 2134 2132 2126 2130 2126 2125 2142 2143 2144 2144 2145 2146 2145 2147 2148 2148 2146 2145 2143 2142 2149 2146 2142 2144 2150 2151 2152 2153 2154 2155 2156 2157 2152 2158 2154 2153 2154 2158 2159 2160 2161 2162 2163 2160 2164 2161 2160 2163 2165 2161 2163 2162 2158 2166 2150 2167 2151 2157 2150 2152 2168 2169 2170 2169 2171 2170 2171 2172 2173 2174 2172 2175 2176 2173 2172 2177 2178 2179 2175 2180 2174 2181 2182 2177 2180 2179 2174 2183 2178 2184 2185 2184 2186 2183 2187 2179 2165 2188 2159 2161 2159 2158 2166 2158 2153 2162 2161 2158 2165 2159 2161 2189 2156 2188 2190 2157 2189 2155 2154 2152 2154 2159 2156 2188 2156 2159 2155 2152 2151 2154 2156 2152 2189 2157 2156 2168 2170 2190 2191 2169 2168 2167 2150 2171 2150 2157 2170 2190 2170 2157 2167 2171 2173 2150 2170 2171 2191 2192 2175 2171 2169 2172 2193 2180 2192 2176 2172 2174 2172 2169 2175 2191 2175 2169 2187 2174 2179 2174 2187 2176 2192 2180 2175 2177 2193 2181 2182 2186 2178 2183 2179 2178 2180 2193 2177 2179 2180 2177 2186 2184 2178 2182 2178 2177 2194 2195 2196 2194 2197 2195 2198 2197 2199 2194 2199 2197 2200 2201 2202 2203 2204 2205 2200 2206 2201 2207 2208 2200 2200 2208 2206 2209 2210 2211 2207 2212 2213 2214 2215 2216 2217 2218 2212 2212 2219 2217 2220 2221 2222 2200 2212 2207 2218 2213 2212 2223 2220 2224 2225 2224 2220 2223 2226 2220 2227 2228 2212 2229 2230 2231 2232 2233 2231 2229 2231 2233 2234 2235 2236 2237 2238 2239 2240 2232 2241 2232 2240 2233 2241 2242 2243 2243 2240 2241 2244 2245 2246 2242 2227 2243 2227 2212 2200 2228 2227 2242 2227 2200 2247 2244 2248 2200 2247 2200 2248 2249 2250 2244 2244 2250 2248 2244 2246 2251 2244 2251 2249 2244 2252 2253 2245 2244 2253 2254 2255 2256 2252 2244 2257 2258 2254 2256 2258 2256 2259 2260 2261 2259 2258 2259 2261 2262 2263 2264 2265 2262 2266 2267 2268 2269 2270 2271 2267 2272 2239 2238 2273 2274 2275 2276 2277 2278 2235 2234 2279 2279 2234 2280 2281 2282 2283 2282 2279 2280 2284 2285 2286 2287 2288 2281 2289 2211 2290 2291 2292 2211 2292 2293 2211 2211 2210 2291 2294 2295 2296 2295 2294 2293 2294 2296 2297 2294 2297 2298 2299 2294 2300 2299 2286 2294 2301 2294 2302 2301 2300 2294 2303 2294 2304 2305 2294 2303 2306 2307 2214 2308 2309 2310 2222 2221 2311 2225 2220 2222 2312 2221 2313 2314 2313 2221 2309 2308 2221 2311 2221 2312 2215 2315 2216 2214 2216 2306 2316 2317 2307 2307 2306 2316 2309 2317 2310 2316 2310 2317 2221 2220 2309 2304 2309 2318 2309 2220 2318 2305 2319 2294 2304 2294 2309 2294 2319 2302 2294 2211 2293 2320 2211 2321 2294 2286 2211 2322 2323 2211 2324 2325 2326 2285 2290 2211 2327 2328 2329 2330 2324 2326 2282 2280 2283 2281 2283 2287 2323 2327 2236 2235 2323 2236 2331 2332 2327 2328 2327 2332 2333 2334 2335 2336 2337 2338 2339 2340 2324 2327 2330 2331 2341 2342 2343 2344 2345 2346 2347 2348 2349 2348 2350 2351 2345 2344 2352 2346 2353 2344 2347 2349 2354 2355 2356 2357 2358 2359 2360 2354 2361 2347 2351 2349 2348 2340 2325 2324 2362 2363 2364 2284 2364 2363 2362 2364 2365 2327 2323 2324 2330 2327 2324 2366 2367 2368 2324 2323 2369 2285 2284 2363 2369 2323 2322 2289 2370 2211 2211 2320 2322 2371 2372 2211 2211 2372 2321 2211 2370 2371 2286 2285 2211 2373 2374 2365 2362 2365 2374 2373 2375 2374 2375 2376 2377 2376 2375 2373 2377 2367 2366 2377 2376 2367 2366 2368 2350 2368 2351 2350 2355 2361 2356 2354 2356 2361 2357 2378 2355 2358 2379 2359 2380 2381 2382 2383 2382 2381 2274 2384 2385 2385 2386 2387 2275 2388 2389 2390 2391 2392 2385 2271 2393 2267 2394 2268 2334 2333 2395 2395 2394 2396 2397 2398 2399 2333 2335 2397 2398 2397 2335 2396 2334 2395 2400 2268 2401 2400 2402 2268 2268 2403 2404 2404 2401 2268 2405 2406 2268 2407 2403 2268 2338 2408 2409 2408 2338 2410 2410 2411 2408 2412 2413 2352 2345 2352 2413 2414 2412 2342 2412 2414 2413 2338 2341 2343 2341 2414 2342 2337 2415 2338 2336 2338 2409 2410 2416 2417 2416 2410 2418 2410 2417 2411 2343 2419 2410 2343 2410 2338 2268 2410 2420 2419 2420 2410 2405 2268 2420 2268 2406 2407 2267 2421 2422 2396 2394 2267 2423 2424 2425 2269 2421 2267 2385 2384 2386 2272 2426 2239 2387 2427 2385 2273 2275 2428 2389 2428 2275 2274 2385 2275 2238 2237 2425 2390 2392 2275 2429 2380 2430 2425 2237 2423 2431 2432 2433 2434 2435 2433 2436 2437 2438 2277 2276 2439 2440 2441 2442 2443 2441 2444 2441 2443 2445 2446 2447 2448 2449 2450 2451 2441 2445 2452 2453 2439 2276 2454 2455 2456 2456 2457 2458 2383 2454 2382 2455 2454 2383 2457 2456 2455 2423 2391 2424 2459 2460 2461 2462 2461 2460 2463 2460 2459 2385 2390 2275 2390 2424 2391 2385 2393 2390 2461 2462 2402 2464 2465 2466 2269 2402 2462 2267 2422 2467 2385 2267 2271 2468 2469 2267 2267 2469 2270 2267 2467 2470 2267 2470 2468 2268 2402 2269 2471 2472 2463 2463 2459 2471 2473 2472 2471 2474 2473 2475 2473 2474 2472 2465 2475 2466 2465 2474 2475 2464 2466 2458 2464 2458 2457 2429 2381 2380 2379 2476 2359 2477 2478 2479 2448 2437 2436 2264 2266 2262 2480 2481 2482 2483 2481 2480 2482 2481 2484 2484 2485 2482 2486 2487 2204 2488 2205 2489 2489 2204 2490 2205 2491 2492 2488 2493 2205 2491 2205 2493 2494 2486 2204 2490 2204 2487 2205 2495 2496 2203 2205 2496 2497 2205 2498 2205 2497 2499 2500 2501 2502 2205 2503 2504 2431 2505 2432 2440 2442 2506 2444 2441 2440 2507 2442 2508 2509 2508 2442 2501 2500 2442 2506 2442 2507 2434 2510 2435 2433 2435 2431 2505 2502 2511 2511 2432 2505 2501 2442 2441 2511 2502 2501 2512 2501 2441 2205 2501 2513 2512 2513 2501 2503 2205 2513 2205 2504 2498 2489 2205 2204 2495 2205 2499 2204 2514 2515 2203 2516 2517 2514 2204 2517 2518 2519 2520 2520 2519 2521 2484 2265 2485 2522 2523 2524 2525 2526 2527 2266 2485 2265 2477 2479 2528 2529 2526 2530 2531 2532 2533 2534 2535 2536 2537 2260 2531 2525 2538 2526 2539 2540 2541 2264 2263 2524 2542 2543 2544 2535 2545 2536 2546 2547 2524 2522 2524 2547 2545 2548 2536 2532 2549 2550 2524 2518 2546 2519 2551 2552 2553 2449 2554 2555 2446 2556 2555 2447 2446 2552 2521 2519 2557 2558 2559 2516 2559 2558 2557 2559 2560 2524 2263 2519 2518 2524 2519 2263 2561 2519 2263 2562 2561 2563 2564 2565 2517 2516 2558 2566 2562 2204 2263 2204 2562 2515 2567 2204 2568 2569 2204 2204 2569 2566 2204 2567 2570 2204 2570 2568 2203 2517 2204 2571 2572 2560 2557 2560 2572 2571 2573 2572 2573 2574 2575 2574 2573 2571 2575 2563 2565 2575 2574 2563 2565 2564 2556 2564 2555 2556 2576 2577 2578 2448 2447 2437 2438 2579 2580 2580 2436 2438 2553 2450 2449 2580 2579 2581 2479 2582 2528 2541 2583 2539 2583 2584 2539 2584 2585 2549 2585 2584 2583 2549 2585 2550 2532 2550 2533 2531 2533 2537 2586 2255 2254 2261 2260 2537 2587 2588 2586 2255 2586 2588 2589 2587 2590 2587 2589 2588 2591 2544 2543 2592 2589 2590 2592 2590 2257 2593 2594 2592 2592 2257 2593 2593 2595 2596 2594 2593 2596 2593 2597 2598 2595 2593 2598 2593 2599 2600 2597 2593 2600 2601 2602 2603 2604 2605 2534 2535 2534 2605 2591 2604 2544 2604 2591 2605 2601 2543 2542 2606 2602 2601 2606 2601 2607 2607 2601 2538 2526 2529 2527 2526 2601 2542 2526 2538 2601 2608 2526 2609 2526 2542 2609 2593 2608 2599 2608 2593 2526 2257 2244 2593 2610 2611 2612 2244 2613 2593 2614 2615 2616 2616 2617 2618 2611 2618 2617 2618 2614 2616 2610 2612 2613 2611 2617 2612 2613 2244 2610 2619 2359 2476 2620 2621 2622 2623 2624 2359 2624 2360 2359 2378 2357 2623 2378 2623 2359 2357 2576 2578 2623 2357 2578 2576 2625 2626 2577 2576 2626 2576 2478 2627 2625 2576 2627 2576 2479 2478 2628 2479 2541 2582 2479 2628 2541 2540 2629 2629 2628 2541 2620 2622 2629 2540 2620 2629 2620 2630 2631 2621 2620 2631 2449 2632 2620 2630 2620 2632 2449 2451 2632 2633 2634 2635 2636 2449 2581 2449 2636 2554 2579 2634 2636 2636 2581 2579 2579 2635 2634 2635 2637 2638 2633 2635 2638 2635 2278 2639 2637 2635 2639 2453 2276 2640 2635 2276 2278 2640 2429 2641 2429 2640 2276 2619 2641 2430 2641 2429 2430 2642 2643 2619 2619 2643 2641 2644 2645 2619 2619 2645 2642 2476 2644 2619 2646 2647 2648 2649 2650 2651 2651 2652 2649 2653 2650 2654 2650 2653 2651 2655 2656 2654 2653 2654 2656 2655 2657 2658 2658 2656 2655 2657 2659 2658 2646 2660 2661 2648 2662 2646 2660 2646 2663 2646 2662 2663 2664 2665 2666 2660 2667 2661 2668 2669 2670 2671 2661 2672 2661 2671 2673 2674 2675 2676 2661 2677 2678 2672 2661 2667 2679 2680 2674 2681 2674 2680 2679 2674 2682 2683 2684 2685 2686 2683 2685 2687 2686 2688 2686 2687 2683 2689 2690 2691 2692 2693 2694 2695 2696 2688 2687 2688 2696 2695 2678 2697 2697 2696 2695 2698 2699 2657 2697 2678 2677 2678 2700 2646 2661 2678 2646 2701 2646 2700 2657 2701 2702 2701 2657 2646 2657 2703 2704 2702 2703 2657 2705 2698 2657 2704 2705 2657 2706 2707 2657 2706 2657 2699 2708 2709 2710 2707 2659 2657 2711 2709 2708 2711 2712 2709 2713 2712 2714 2711 2714 2712 2715 2716 2717 2713 2714 2717 2718 2719 2720 2721 2722 2723 2724 2722 2721 2694 2693 2725 2726 2727 2728 2691 2729 2689 2729 2730 2689 2731 2732 2733 2733 2730 2729 2734 2735 2736 2737 2731 2738 2739 2740 2665 2741 2665 2742 2742 2665 2743 2665 2741 2666 2744 2745 2746 2746 2743 2744 2744 2747 2745 2744 2748 2747 2749 2750 2744 2749 2744 2735 2751 2752 2744 2751 2744 2750 2753 2754 2744 2755 2753 2744 2756 2668 2757 2758 2759 2760 2675 2761 2676 2681 2675 2674 2762 2763 2676 2764 2676 2763 2760 2676 2758 2761 2762 2676 2670 2669 2765 2668 2756 2669 2766 2757 2767 2757 2766 2756 2760 2759 2767 2766 2767 2759 2676 2760 2674 2754 2768 2760 2760 2768 2674 2755 2744 2769 2754 2760 2744 2744 2752 2769 2744 2743 2665 2770 2771 2665 2744 2665 2735 2772 2665 2773 2774 2775 2776 2736 2665 2740 2777 2778 2779 2780 2775 2774 2733 2732 2730 2731 2737 2732 2773 2690 2777 2691 2690 2773 2781 2777 2782 2779 2782 2777 2783 2784 2785 2786 2774 2787 2777 2781 2780 2788 2789 2790 2791 2792 2793 2794 2795 2796 2796 2797 2798 2793 2799 2791 2792 2791 2800 2794 2801 2795 2802 2803 2804 2805 2806 2807 2801 2794 2808 2797 2796 2795 2787 2774 2776 2809 2810 2811 2734 2811 2810 2809 2812 2810 2777 2774 2773 2780 2774 2777 2813 2814 2815 2774 2816 2773 2736 2811 2734 2816 2772 2773 2739 2665 2817 2665 2772 2770 2818 2665 2819 2665 2771 2819 2665 2818 2817 2735 2665 2736 2820 2812 2821 2809 2821 2812 2820 2821 2822 2822 2823 2824 2824 2820 2822 2823 2813 2815 2823 2815 2824 2813 2798 2814 2814 2798 2797 2802 2804 2808 2801 2808 2804 2803 2802 2825 2805 2807 2826 2827 2828 2829 2830 2829 2828 2831 2724 2832 2832 2833 2834 2721 2835 2836 2837 2838 2839 2721 2723 2835 2840 2841 2842 2843 2844 2845 2846 2845 2847 2841 2844 2843 2848 2847 2849 2846 2847 2848 2850 2848 2849 2851 2850 2849 2843 2845 2846 2852 2853 2840 2852 2840 2854 2840 2855 2856 2855 2840 2853 2857 2840 2858 2859 2840 2856 2784 2860 2861 2861 2862 2784 2862 2861 2863 2864 2799 2865 2793 2865 2799 2866 2790 2864 2864 2865 2866 2784 2789 2788 2788 2790 2866 2785 2784 2867 2783 2860 2784 2862 2868 2869 2869 2870 2862 2862 2863 2868 2789 2862 2871 2789 2784 2862 2840 2872 2862 2871 2862 2872 2857 2872 2840 2840 2859 2858 2841 2873 2874 2841 2840 2844 2841 2875 2876 2873 2832 2877 2841 2876 2842 2878 2879 2880 2831 2832 2834 2881 2725 2693 2833 2832 2882 2721 2838 2837 2721 2832 2724 2878 2692 2879 2694 2879 2692 2883 2884 2885 2886 2884 2887 2888 2726 2728 2889 2890 2827 2891 2892 2893 2894 2895 2896 2893 2897 2898 2898 2899 2893 2900 2901 2902 2903 2904 2905 2897 2893 2906 2907 2726 2888 2908 2909 2910 2909 2911 2912 2830 2828 2908 2910 2830 2908 2912 2910 2909 2878 2880 2839 2913 2914 2915 2916 2915 2914 2917 2913 2915 2832 2721 2837 2837 2839 2880 2832 2837 2877 2914 2854 2916 2918 2919 2920 2842 2916 2854 2841 2921 2875 2832 2873 2841 2922 2841 2923 2841 2874 2923 2841 2924 2921 2841 2922 2924 2840 2842 2854 2925 2917 2926 2917 2925 2913 2927 2925 2926 2928 2929 2927 2927 2926 2928 2920 2919 2929 2920 2929 2928 2918 2911 2919 2918 2912 2911 2889 2827 2829 2826 2807 2930 2930 2807 2931 2896 2895 2932 2901 2895 2894 2894 2902 2901 2933 2934 2935 2936 2937 2938 2933 2936 2934 2936 2938 2934 2939 2940 2941 2942 2943 2944 2943 2945 2946 2944 2947 2948 2942 2944 2949 2948 2949 2944 2950 2946 2951 2952 2951 2946 2953 2944 2954 2955 2944 2956 2953 2957 2944 2958 2944 2959 2960 2944 2955 2961 2962 2963 2883 2885 2964 2891 2965 2892 2899 2891 2893 2966 2967 2892 2968 2892 2967 2963 2892 2961 2965 2966 2892 2886 2887 2969 2884 2883 2887 2964 2970 2962 2970 2964 2885 2963 2893 2892 2970 2963 2962 2971 2893 2963 2944 2972 2963 2971 2963 2972 2958 2972 2944 2944 2960 2959 2946 2945 2952 2957 2956 2944 2944 2946 2954 2943 2946 2944 2973 2946 2974 2954 2975 2976 2973 2975 2946 2977 2978 2979 2978 2980 2979 2938 2937 2981 2982 2981 2937 2982 2718 2981 2983 2984 2985 2986 2987 2988 2989 2990 2991 2992 2993 2994 2719 2939 2720 2982 2719 2718 2995 2659 2707 2996 2710 2997 2998 2939 2999 2941 2999 2939 3000 3001 3002 2977 2939 2998 3003 2979 3004 3005 3006 3007 2980 3004 2979 2806 3008 2807 3009 2900 2902 3009 3010 2900 2988 2987 2992 3011 2976 3012 2977 2979 2939 3013 3014 3011 3011 3012 3013 2975 3012 2976 2979 2720 2939 2979 3015 2720 3015 3016 2720 3017 3018 3019 3020 2946 3016 2720 3016 2946 2974 2946 3021 3022 2946 3023 2946 3020 3023 2946 3024 3021 2946 3022 3024 2954 2946 2975 3025 3014 3026 3013 3026 3014 3027 3025 3026 3027 3028 3025 3028 3029 3017 3029 3028 3027 3029 3018 3017 3009 3019 3010 3018 3010 3019 3030 3031 3032 3033 2932 3034 2932 3033 2896 3035 2903 2905 2990 2989 3036 2992 2987 2993 3005 3007 2994 3005 2994 2993 3006 2715 3007 2713 2717 2716 3006 2716 2715 3037 3001 3000 2710 2996 2708 3038 3039 2997 2996 2997 3039 3040 3039 3038 2995 3040 3038 3041 3001 3037 2995 2707 3040 3042 2659 3043 2659 2995 3043 3044 2659 3045 2659 3042 3045 3046 2659 3047 2659 3044 3047 3048 3049 3050 2659 3051 3052 2659 3046 3051 3037 3053 3041 3053 3054 3041 3055 3054 3056 3053 3056 3054 3057 3058 3055 3055 3056 3057 2983 3058 3057 3059 2983 3060 2983 3059 2984 3048 3061 3062 2983 2985 3061 3062 3049 3048 3050 3063 3048 3058 2983 3048 2983 3061 3048 3064 3048 3052 3064 3058 3048 3048 2659 3052 3065 3066 3067 2990 3068 2991 2903 3035 3069 3070 2825 2807 2807 3008 3070 2803 3070 3031 3070 2803 2825 2803 3031 3030 3030 3071 3072 3032 3071 3030 3030 3073 3068 3072 3073 3030 3030 3068 2990 3074 2988 2990 3036 3074 2990 2988 3075 2986 3075 2988 3074 3065 3075 3066 2986 3075 3065 3065 3076 3077 3067 3076 3065 3077 3078 3065 2903 3078 2904 3065 3078 2903 3079 3080 3081 3082 3034 2903 2903 3069 3082 3033 3082 3081 3082 3033 3034 3033 3081 3080 3080 3083 3084 3079 3083 3080 3080 3085 2727 3084 3085 3080 2907 3086 2726 3080 2727 2726 3086 3087 2889 2889 2726 3086 2931 2890 3087 3087 2890 2889 3088 2931 3089 2931 3087 3089 3090 2931 3091 2931 3088 3091 2930 2931 3090 3092 3093 3094 3095 3096 3097 3094 3098 3099 3099 3092 3094 3100 3101 3098 3099 3098 3101 3102 3100 3103 3100 3102 3101 3103 3104 3105 3105 3102 3103 3106 3107 3104 3105 3104 3107 3108 3106 3109 3106 3108 3107 3109 3110 3111 3111 3108 3109 3112 3113 3110 3111 3110 3113 3114 3112 3115 3112 3114 3113 3116 3114 3115 3116 3115 3117 3092 3118 3093 3119 3120 3118 3093 3118 3120 3121 3119 3122 3119 3121 3120 3122 3123 3124 3124 3121 3122 3125 3126 3123 3124 3123 3126 3127 3125 3128 3125 3127 3126 3128 3129 3130 3130 3127 3128 3131 3132 3129 3130 3129 3132 3133 3131 3134 3131 3133 3132 3134 3135 3136 3136 3133 3134 3136 3135 3097 3137 3138 3139 3135 3095 3097 3140 3141 3142 3143 3144 3145 3146 3147 3148 3149 3150 3151 3152 3153 3154 3155 3156 3157 3158 3159 3160 3161 3162 3163 3164 3165 3166 3167 3168 3166 3169 3165 3170 3164 3170 3165 3169 3171 3172 3171 3169 3170 3173 3174 3172 3172 3171 3173 3117 3174 3175 3173 3175 3174 3116 3117 3175 3167 3158 3168 3168 3164 3166 3160 3159 3162 3158 3167 3159 3161 3163 3154 3160 3162 3161 3152 3155 3153 3163 3152 3154 3156 3147 3157 3155 3157 3153 3151 3146 3148 3148 3147 3156 3140 3150 3149 3150 3146 3151 3142 3141 3144 3140 3149 3141 3143 3145 3137 3142 3144 3143 3138 3096 3139 3145 3138 3137 3095 3139 3096</p>
        </triangles>
      </mesh>
    </geometry>
  </library_geometries>

  <library_visual_scenes>
    <visual_scene id="ID1">
      <node id="ID2" name="vertical_rail">
        <node>
          <matrix>-1.66533e-16 -1.46069e-17 -1 -4.38208e-20 1 1.02342e-16 -1.11022e-16 -7.99728e-18 9.86203e-17 -1 9.19548e-19 -0.003 0 0 0 1</matrix>
          <instance_node url="#ID3"/>
        </node>
        <node>
          <matrix>-2.22045e-16 -1 0 0.02 1 -2.22045e-16 0 -0.02 0 0 1 -0.92557 0 0 0 1</matrix>
          <instance_node url="#ID11"/>
        </node>
      </node>
    </visual_scene>
  </library_visual_scenes>

  <scene>
    <instance_visual_scene url="#ID1"/>
  </scene>

  <library_nodes>
    <node id="ID3" name="sw24_GPSsupport">
      <instance_geometry url="#ID4">
        <bind_material>
          <technique_common>
            <instance_material symbol="ID10" target="#ID10"/>
          </technique_common>
        </bind_material>
      </instance_geometry>
    </node>
    <node id="ID11" name="sw24_Tslot40x40x80">
      <instance_geometry url="#ID12">
        <bind_material>
          <technique_common>
            <instance_material symbol="ID10" target="#ID10"/>
          </technique_common>
        </bind_material>
      </instance_geometry>
    </node>
  </library_nodes>

</COLLADA>
