<?xml version="1.0" encoding="UTF-8" standalone="no" ?>
<COLLADA version="1.4.1" xmlns="http://www.collada.org/2005/11/COLLADASchema">

  <asset>
    <contributor>
      <authoring_tool>ONSHAPE BY PTC INC, 1.211</authoring_tool>
    </contributor>
    <created>2026-03-12T20:28:51</created>
    <modified>2026-03-12T20:28:51</modified>
    <unit meter="1" name="meters"/>
    <up_axis>Z_UP</up_axis>
  </asset>

  <library_materials>
    <material id="ID10" name="ID10">
      <instance_effect url="#ID10-fx"/>
    </material>
  </library_materials>

  <library_effects>
    <effect id="ID10-fx" name="ID10">
      <profile_COMMON>
        <technique sid="COMMON">
          <lambert>
            <diffuse>
              <color sid="diffuse">0.25098 0.25098 0.25098 1</color>
            </diffuse>
            <transparent opaque="A_ONE">
              <color sid="transparent">1 1 1 1</color>
            </transparent>
            <transparency>
              <float sid="transparency">1</float>
            </transparency>
          </lambert>
        </technique>
        <extra>
          <technique profile="OTHER">
            <double_sided>1</double_sided>
          </technique>
        </extra>
      </profile_COMMON>
    </effect>
  </library_effects>

  <library_geometries>
    <geometry id="ID4">
      <mesh>
        <source id="ID5">
          <float_array count="960" id="ID6">0.0406471 -0.0407 -0.491469 0.0242227 -0.0407 -0.496895 0.0406471 0.0427 -0.491469 -0.0924523 0.0427 -0.443107 -0.0924523 -0.0407 -0.443107 -0.0989449 -0.0407 -0.427247 0.0814857 0.0427 -0.460238 0.069682 -0.0407 -0.472882 0.069682 0.0427 -0.472882 0.0559419 0.0427 -0.48339 0.0559419 -0.0407 -0.48339 0.0242227 0.0427 -0.496895 0.0814857 -0.0407 -0.460238 0.091025 -0.0407 -0.445809 0.091025 0.0427 -0.445809 0.0980346 0.0427 -0.429995 0.10232 0.0427 -0.413237 0.10232 -0.0407 -0.413237 0.0980346 -0.0407 -0.429995 0.103762 0.0427 -0.396 0.103762 -0.0407 -0.396 0.00712513 -0.0407 -0.499517 0.00712513 0.0427 -0.499517 -0.0101704 -0.0407 -0.499262 -0.0271833 -0.0407 -0.496138 -0.0101704 0.0427 -0.499262 -0.0434408 -0.0407 -0.49023 -0.0271833 0.0427 -0.496138 -0.0434408 0.0427 -0.49023 -0.0584911 -0.0407 -0.481705 -0.0719159 -0.0407 -0.470797 -0.0584911 0.0427 -0.481705 -0.0833421 -0.0407 -0.457811 -0.0719159 0.0427 -0.470797 -0.0833421 0.0427 -0.457811 -0.102738 0.0427 -0.410535 -0.0989449 0.0427 -0.427247 -0.102738 -0.0407 -0.410535 -0.0972738 0.0427 -0.359885 -0.101891 0.0427 -0.376389 -0.0972738 -0.0407 -0.359885 -0.10373 0.0427 -0.393427 -0.10373 -0.0407 -0.393427 -0.101891 -0.0407 -0.376389 -0.0802768 0.0427 -0.330257 -0.068361 -0.0407 -0.317941 -0.068361 0.0427 -0.317941 -0.0900028 -0.0407 -0.344367 -0.0802768 -0.0407 -0.330257 -0.0900028 0.0427 -0.344367 -0.0229696 -0.0407 -0.294813 -0.0229696 0.0427 -0.294813 -0.0393112 0.0427 -0.299973 -0.0393112 -0.0407 -0.299973 -0.0545805 0.0427 -0.307754 -0.0545805 -0.0407 -0.307754 0.0279586 0.0427 -0.296076 0.0111304 0.0427 -0.292837 0.0279586 -0.0407 -0.296076 -0.00600148 0.0427 -0.292412 -0.00600148 -0.0407 -0.292412 0.0111304 -0.0407 -0.292837 0.058889 0.0427 -0.310568 0.0721474 -0.0407 -0.321426 0.0721474 0.0427 -0.321426 0.058889 -0.0407 -0.310568 0.0440242 0.0427 -0.302041 0.0834378 0.0427 -0.334319 0.0834378 -0.0407 -0.334319 0.0924523 -0.0407 -0.348893 0.0924523 0.0427 -0.348893 0.0986831 -0.0407 -0.363936 0.0986831 0.0427 -0.363936 0.102484 -0.0407 -0.379768 0.102484 0.0427 -0.379768 0.0440242 -0.0407 -0.302041 0.0301522 -0.0407 -0.521593 0.0483668 -0.0407 -0.515762 0.0483949 0.0427 -0.515752 -0.115084 0.0427 -0.454638 -0.122539 -0.0407 -0.436826 -0.115084 -0.0407 -0.454638 0.0619304 -0.0407 -0.282656 0.0618565 0.0427 -0.282617 0.0781257 -0.0407 -0.293149 0.0813062 0.0427 -0.496358 0.0655724 0.0427 -0.507278 0.0655266 -0.0407 -0.507302 0.0443467 -0.0407 -0.274691 0.0442804 0.0427 -0.27467 0.0257268 0.0427 -0.269429 0.0812534 -0.0407 -0.496398 0.0952505 0.0427 -0.483233 0.0952001 -0.0407 -0.483287 0.107058 -0.0407 -0.468255 0.107099 0.0427 -0.468193 0.123524 0.0427 -0.433733 0.116592 0.0427 -0.451571 0.116566 -0.0407 -0.451632 0.123511 -0.0407 -0.433783 0.127741 -0.0407 -0.415102 0.127741 0.0427 -0.415102 0.129162 0.0427 -0.396 0.129162 -0.0407 -0.396 0.0301522 0.0427 -0.521593 0.0112462 -0.0407 -0.524671 0.0112754 0.0427 -0.524666 -0.00790615 -0.0407 -0.524919 -0.00785445 0.0427 -0.52492 -0.0268829 -0.0407 -0.522332 -0.045266 -0.0407 -0.516968 -0.0268175 0.0427 -0.522344 -0.0451966 0.0427 -0.516993 -0.062651 -0.0407 -0.508946 -0.0625867 0.0427 -0.508983 -0.078656 -0.0407 -0.498446 -0.0929302 -0.0407 -0.485699 -0.0786044 0.0427 -0.498488 -0.092896 0.0427 -0.485738 -0.105146 -0.0407 -0.471013 -0.105146 0.0427 -0.471013 -0.127241 0.0427 -0.418171 -0.127255 -0.0407 -0.418103 -0.122539 0.0427 -0.436826 -0.124268 0.0427 -0.360788 -0.124247 -0.0407 -0.360722 -0.128127 0.0427 -0.379702 -0.129124 0.0427 -0.398974 -0.128115 -0.0407 -0.379619 -0.129127 -0.0407 -0.39889 -0.108364 0.0427 -0.325716 -0.0967007 0.0427 -0.310379 -0.096675 -0.0407 -0.310346 -0.117612 -0.0407 -0.34262 -0.117631 0.0427 -0.342657 -0.108364 -0.0407 -0.325716 -0.0499399 -0.0407 -0.276887 -0.0672007 0.0427 -0.285701 -0.0500174 0.0427 -0.276919 -0.0671298 -0.0407 -0.285656 -0.0828261 -0.0407 -0.296893 -0.0828779 0.0427 -0.296939 0.00661153 0.0427 -0.267008 0.00661153 -0.0407 -0.267008 -0.0126929 0.0427 -0.267464 -0.0317115 0.0427 -0.270793 -0.0126511 -0.0407 -0.267462 -0.0316434 -0.0407 -0.270778 0.0257682 -0.0407 -0.269435 0.0780598 0.0427 -0.293098 0.092525 0.0427 -0.30588 0.0925717 -0.0407 -0.305932 0.104926 0.0427 -0.320679 0.104926 -0.0407 -0.320679 0.114983 -0.0407 -0.337164 0.114983 0.0427 -0.337164 0.122794 0.0427 -0.355946 0.122794 -0.0407 -0.355946 0.12756 -0.0407 -0.375721 0.12756 0.0427 -0.375721 -0.0268175 0.0427 -0.522344 -0.0101704 0.0427 -0.499262 -0.0271833 0.0427 -0.496138 0.0301522 0.0427 -0.521593 0.0483949 0.0427 -0.515752 0.0242227 0.0427 -0.496895 0.0406471 0.0427 -0.491469 0.0655724 0.0427 -0.507278 0.0112754 0.0427 -0.524666 0.00712513 0.0427 -0.499517 0.0559419 0.0427 -0.48339 0.0813062 0.0427 -0.496358 -0.00785445 0.0427 -0.52492 0.069682 0.0427 -0.472882 0.0952505 0.0427 -0.483233 0.116592 0.0427 -0.451571 0.091025 0.0427 -0.445809 0.107099 0.0427 -0.468193 0.0814857 0.0427 -0.460238 -0.0451966 0.0427 -0.516993 -0.0434408 0.0427 -0.49023 -0.0584911 0.0427 -0.481705 -0.0625867 0.0427 -0.508983 0.10232 0.0427 -0.413237 0.0980346 0.0427 -0.429995 0.123524 0.0427 -0.433733 -0.0786044 0.0427 -0.498488 0.127741 0.0427 -0.415102 0.129162 0.0427 -0.396 0.103762 0.0427 -0.396 -0.0719159 0.0427 -0.470797 -0.092896 0.0427 -0.485738 0.102484 0.0427 -0.379768 0.12756 0.0427 -0.375721 0.104926 0.0427 -0.320679 0.092525 0.0427 -0.30588 0.0834378 0.0427 -0.334319 -0.0924523 0.0427 -0.443107 -0.115084 0.0427 -0.454638 -0.105146 0.0427 -0.471013 -0.101891 0.0427 -0.376389 -0.0972738 0.0427 -0.359885 -0.124268 0.0427 -0.360788 -0.10373 0.0427 -0.393427 -0.129124 0.0427 -0.398974 -0.102738 0.0427 -0.410535 0.0618565 0.0427 -0.282617 0.0442804 0.0427 -0.27467 0.0440242 0.0427 -0.302041 -0.0828779 0.0427 -0.296939 -0.0967007 0.0427 -0.310379 -0.068361 0.0427 -0.317941 -0.117631 0.0427 -0.342657 -0.0900028 0.0427 -0.344367 -0.108364 0.0427 -0.325716 -0.0317115 0.0427 -0.270793 -0.0393112 0.0427 -0.299973 -0.0229696 0.0427 -0.294813 -0.0545805 0.0427 -0.307754 -0.0500174 0.0427 -0.276919 -0.0672007 0.0427 -0.285701 0.00661153 0.0427 -0.267008 -0.00600148 0.0427 -0.292412 0.0111304 0.0427 -0.292837 -0.0126929 0.0427 -0.267464 0.0257268 0.0427 -0.269429 0.0279586 0.0427 -0.296076 -0.0802768 0.0427 -0.330257 -0.128127 0.0427 -0.379702 0.058889 0.0427 -0.310568 0.0780598 0.0427 -0.293098 0.0721474 0.0427 -0.321426 -0.0989449 0.0427 -0.427247 -0.122539 0.0427 -0.436826 -0.127241 0.0427 -0.418171 -0.0833421 0.0427 -0.457811 0.0924523 0.0427 -0.348893 0.114983 0.0427 -0.337164 0.0986831 0.0427 -0.363936 0.122794 0.0427 -0.355946 -0.0719159 -0.0407 -0.470797 -0.0929302 -0.0407 -0.485699 -0.0833421 -0.0407 -0.457811 -0.0545805 -0.0407 -0.307754 -0.0671298 -0.0407 -0.285656 -0.0393112 -0.0407 -0.299973 -0.0584911 -0.0407 -0.481705 -0.062651 -0.0407 -0.508946 -0.078656 -0.0407 -0.498446 -0.0271833 -0.0407 -0.496138 -0.045266 -0.0407 -0.516968 -0.0434408 -0.0407 -0.49023 -0.0268829 -0.0407 -0.522332 -0.0101704 -0.0407 -0.499262 0.0559419 -0.0407 -0.48339 0.0655266 -0.0407 -0.507302 0.0406471 -0.0407 -0.491469 -0.0924523 -0.0407 -0.443107 -0.115084 -0.0407 -0.454638 -0.122539 -0.0407 -0.436826 0.0814857 -0.0407 -0.460238 0.091025 -0.0407 -0.445809 0.107058 -0.0407 -0.468255 -0.129127 -0.0407 -0.39889 -0.102738 -0.0407 -0.410535 -0.127255 -0.0407 -0.418103 0.116566 -0.0407 -0.451632 -0.0802768 -0.0407 -0.330257 -0.096675 -0.0407 -0.310346 -0.068361 -0.0407 -0.317941 0.0834378 -0.0407 -0.334319 0.0721474 -0.0407 -0.321426 0.0925717 -0.0407 -0.305932 -0.0499399 -0.0407 -0.276887 -0.0316434 -0.0407 -0.270778 0.0111304 -0.0407 -0.292837 0.0257682 -0.0407 -0.269435 0.0279586 -0.0407 -0.296076 0.0781257 -0.0407 -0.293149 0.058889 -0.0407 -0.310568 0.0619304 -0.0407 -0.282656 0.0440242 -0.0407 -0.302041 0.00661153 -0.0407 -0.267008 0.0443467 -0.0407 -0.274691 -0.0126511 -0.0407 -0.267462 -0.0229696 -0.0407 -0.294813 -0.00600148 -0.0407 -0.292412 0.122794 -0.0407 -0.355946 0.0924523 -0.0407 -0.348893 0.114983 -0.0407 -0.337164 0.104926 -0.0407 -0.320679 -0.0828261 -0.0407 -0.296893 0.127741 -0.0407 -0.415102 0.103762 -0.0407 -0.396 0.129162 -0.0407 -0.396 0.12756 -0.0407 -0.375721 0.102484 -0.0407 -0.379768 -0.117612 -0.0407 -0.34262 -0.0900028 -0.0407 -0.344367 -0.0972738 -0.0407 -0.359885 -0.108364 -0.0407 -0.325716 -0.124247 -0.0407 -0.360722 -0.101891 -0.0407 -0.376389 0.0980346 -0.0407 -0.429995 0.123511 -0.0407 -0.433783 -0.128115 -0.0407 -0.379619 0.0952001 -0.0407 -0.483287 0.069682 -0.0407 -0.472882 -0.10373 -0.0407 -0.393427 -0.0989449 -0.0407 -0.427247 0.0812534 -0.0407 -0.496398 0.0242227 -0.0407 -0.496895 0.0301522 -0.0407 -0.521593 0.0112462 -0.0407 -0.524671 -0.105146 -0.0407 -0.471013 -0.00790615 -0.0407 -0.524919 0.00712513 -0.0407 -0.499517 0.0483668 -0.0407 -0.515762 0.0986831 -0.0407 -0.363936 0.10232 -0.0407 -0.413237</float_array>
          <technique_common>
            <accessor count="320" source="#ID6" stride="3">
              <param name="X" type="float"/>
              <param name="Y" type="float"/>
              <param name="Z" type="float"/>
            </accessor>
          </technique_common>
        </source>
        <source id="ID7">
          <float_array count="960" id="ID8">-0.391735 -1.18138e-12 0.920078 -0.233445 -7.03933e-13 0.97237 -0.391735 -1.18138e-12 0.920078 0.891007 2.68758e-12 0.453991 0.891007 2.68758e-12 0.453991 0.953579 2.87628e-12 0.301144 -0.785317 -2.36858e-12 0.619094 -0.671559 -2.02543e-12 0.740951 -0.671559 -2.02543e-12 0.740951 -0.539138 -1.626e-12 0.842217 -0.539138 -1.626e-12 0.842217 -0.233445 -7.03934e-13 0.97237 -0.785317 -2.36858e-12 0.619094 -0.877251 -2.6459e-12 0.480032 -0.877251 -2.6459e-12 0.480032 -0.944806 -2.84969e-12 0.32763 -0.986105 -2.97429e-12 0.166123 -0.986105 -2.97429e-12 0.166123 -0.944806 -2.84969e-12 0.32763 -1 -3.01624e-12 -1.74846e-07 -1 -3.01624e-12 3.01992e-07 -0.0686682 -2.06922e-13 0.99764 -0.0686682 -2.06922e-13 0.99764 0.0980169 2.95839e-13 0.995185 0.261979 7.9038e-13 0.965074 0.0980169 2.95839e-13 0.995185 0.41866 1.26296e-12 0.908143 0.261979 7.9038e-13 0.965074 0.41866 1.26296e-12 0.908143 0.563707 1.70044e-12 0.825975 0.693087 2.09066e-12 0.720854 0.563706 1.70043e-12 0.825975 0.803208 2.42278e-12 0.595699 0.693087 2.09066e-12 0.720854 0.803208 2.42278e-12 0.595699 0.99014 2.98652e-12 0.140083 0.953579 2.87628e-12 0.301144 0.99014 2.98652e-12 0.140083 0.937474 2.82757e-12 -0.348055 0.981976 2.96183e-12 -0.189005 0.937474 2.82757e-12 -0.348055 0.999692 3.0153e-12 -0.0247996 0.999692 3.0153e-12 -0.0247996 0.981976 2.96183e-12 -0.189005 0.773666 2.33343e-12 -0.633594 0.658828 1.98703e-12 -0.752294 0.658828 1.98703e-12 -0.752294 0.8674 2.61619e-12 -0.497611 0.773666 2.33343e-12 -0.633594 0.8674 2.61619e-12 -0.497611 0.221369 6.67509e-13 -0.97519 0.221369 6.67509e-13 -0.97519 0.378861 1.14255e-12 -0.925453 0.378861 1.14255e-12 -0.925454 0.526019 1.58643e-12 -0.850473 0.526019 1.58643e-12 -0.850473 -0.269451 -8.12917e-13 -0.963014 -0.107269 -3.23745e-13 -0.99423 -0.269451 -8.12917e-13 -0.963014 0.0578392 1.74259e-13 -0.998326 0.0578392 1.74259e-13 -0.998326 -0.107269 -3.23744e-13 -0.99423 -0.567541 -1.712e-12 -0.823345 -0.695319 -2.09739e-12 -0.718701 -0.695319 -2.09739e-12 -0.718701 -0.567541 -1.712e-12 -0.823345 -0.424283 -1.27992e-12 -0.90553 -0.80413 -2.42556e-12 -0.594454 -0.80413 -2.42556e-12 -0.594454 -0.891007 -2.68758e-12 -0.453991 -0.891007 -2.68758e-12 -0.453991 -0.951057 -2.86867e-12 -0.309017 -0.951057 -2.86867e-12 -0.309017 -0.987688 -2.97913e-12 -0.156434 -0.987688 -2.97913e-12 -0.156434 -0.424283 -1.27992e-12 -0.90553 0.233445 7.05765e-13 -0.97237 0.374606 1.1315e-12 -0.927184 0.374606 1.1315e-12 -0.927184 -0.891007 -2.68694e-12 -0.453991 -0.948693 -2.86117e-12 -0.3162 -0.891007 -2.68694e-12 -0.453991 0.479217 1.44411e-12 0.877696 0.479218 1.44411e-12 0.877696 0.604614 1.82249e-12 0.796519 0.62932 1.89959e-12 -0.777146 0.507538 1.53237e-12 -0.861629 0.507538 1.53237e-12 -0.861629 0.343128 1.0335e-12 0.939288 0.343128 1.0335e-12 0.939288 0.199383 5.99829e-13 0.979922 0.62932 1.89959e-12 -0.777146 0.737277 2.22507e-12 -0.675591 0.737277 2.22507e-12 -0.67559 0.829038 2.50167e-12 -0.559193 0.829037 2.50167e-12 -0.559193 0.956305 2.88513e-12 -0.292372 0.902585 2.72331e-12 -0.430511 0.902585 2.72331e-12 -0.430511 0.956305 2.88513e-12 -0.292372 0.989016 2.98356e-12 -0.147809 0.989016 2.98356e-12 -0.147809 1 3.01646e-12 1.74846e-07 1 3.01646e-12 -3.01992e-07 0.233445 7.05766e-13 -0.97237 0.0871557 2.64528e-13 -0.996195 0.0871557 2.64528e-13 -0.996195 -0.0610487 -1.8252e-13 -0.998135 -0.0610487 -1.8252e-13 -0.998135 -0.207912 -6.2556e-13 -0.978148 -0.350207 -1.05485e-12 -0.936672 -0.207912 -6.2556e-13 -0.978148 -0.350207 -1.05485e-12 -0.936672 -0.48481 -1.46098e-12 -0.87462 -0.48481 -1.46098e-12 -0.87462 -0.608761 -1.83501e-12 -0.793353 -0.71934 -2.16872e-12 -0.694658 -0.608761 -1.83501e-12 -0.793353 -0.71934 -2.16872e-12 -0.694658 -0.814115 -2.45479e-12 -0.580703 -0.814116 -2.4548e-12 -0.580703 -0.98521 -2.97156e-12 -0.171354 -0.985209 -2.97156e-12 -0.171354 -0.948693 -2.86117e-12 -0.3162 -0.962058 -2.90245e-12 0.272845 -0.962058 -2.90245e-12 0.272845 -0.991968 -2.99243e-12 0.126491 -0.999743 -3.01564e-12 -0.0226841 -0.991968 -2.99243e-12 0.126491 -0.999743 -3.01564e-12 -0.0226841 -0.838983 -2.53165e-12 0.544157 -0.748565 -2.2591e-12 0.663062 -0.748565 -2.2591e-12 0.663062 -0.910681 -2.7477e-12 0.41311 -0.910681 -2.7477e-12 0.41311 -0.838983 -2.53165e-12 0.544157 -0.386969 -1.16878e-12 0.922093 -0.520008 -1.56998e-12 0.854162 -0.386969 -1.16878e-12 0.922093 -0.520007 -1.56997e-12 0.854162 -0.641443 -1.93614e-12 0.767171 -0.641443 -1.93614e-12 0.767171 0.051188 1.52775e-13 0.998689 0.051188 1.52775e-13 0.998689 -0.0981489 -2.97687e-13 0.995172 -0.245296 -7.41507e-13 0.969448 -0.0981489 -2.97687e-13 0.995172 -0.245296 -7.41507e-13 0.969448 0.199383 5.99829e-13 0.979922 0.604614 1.82249e-12 0.796519 0.716518 2.16021e-12 0.697568 0.716518 2.16021e-12 0.697568 0.812435 2.44972e-12 0.583052 0.812435 2.44972e-12 0.583052 0.890222 2.68457e-12 0.455526 0.890222 2.68457e-12 0.455526 0.950701 2.86724e-12 0.31011 0.950701 2.86724e-12 0.31011 0.987598 2.97879e-12 0.157002 0.987598 2.97879e-12 0.157002 -3.01721e-12 1 -1.14418e-26 -3.01721e-12 1 -1.14418e-26 -3.01721e-12 1 -1.14418e-26 -3.01721e-12 1 -1.14418e-26 -3.01721e-12 1 -1.14418e-26 -3.01721e-12 1 -1.14418e-26 -3.01721e-12 1 -1.14418e-26 -3.01721e-12 1 -1.14418e-26 -3.01721e-12 1 -1.14418e-26 -3.01721e-12 1 -1.14418e-26 -3.01721e-12 1 -1.14418e-26 -3.01721e-12 1 -1.14418e-26 -3.01721e-12 1 -1.14418e-26 -3.01721e-12 1 -1.14418e-26 -3.01721e-12 1 -1.14418e-26 -3.01721e-12 1 -1.14418e-26 -3.01721e-12 1 -1.14418e-26 -3.01721e-12 1 -1.14418e-26 -3.01721e-12 1 -1.14418e-26 -3.01721e-12 1 -1.14418e-26 -3.01721e-12 1 -1.14418e-26 -3.01721e-12 1 -1.14418e-26 -3.01721e-12 1 -1.14418e-26 -3.01721e-12 1 -1.14418e-26 -3.01721e-12 1 -1.14418e-26 -3.01721e-12 1 -1.14418e-26 -3.01721e-12 1 -1.14418e-26 -3.01721e-12 1 -1.14418e-26 -3.01721e-12 1 -1.14418e-26 -3.01721e-12 1 -1.14418e-26 -3.01721e-12 1 -1.14418e-26 -3.01721e-12 1 -1.14418e-26 -3.01721e-12 1 -1.14418e-26 -3.01721e-12 1 -1.14418e-26 -3.01721e-12 1 -1.14418e-26 -3.01721e-12 1 -1.14418e-26 -3.01721e-12 1 -1.14418e-26 -3.01721e-12 1 -1.14418e-26 -3.01721e-12 1 -1.14418e-26 -3.01721e-12 1 -1.14418e-26 -3.01721e-12 1 -1.14418e-26 -3.01721e-12 1 -1.14418e-26 -3.01721e-12 1 -1.14418e-26 -3.01721e-12 1 -1.14418e-26 -3.01721e-12 1 -1.14418e-26 -3.01721e-12 1 -1.14418e-26 -3.01721e-12 1 -1.14418e-26 -3.01721e-12 1 -1.14418e-26 -3.01721e-12 1 -1.14418e-26 -3.01721e-12 1 -1.14418e-26 -3.01721e-12 1 -1.14418e-26 -3.01721e-12 1 -1.14418e-26 -3.01721e-12 1 -1.14418e-26 -3.01721e-12 1 -1.14418e-26 -3.01721e-12 1 -1.14418e-26 -3.01721e-12 1 -1.14418e-26 -3.01721e-12 1 -1.14418e-26 -3.01721e-12 1 -1.14418e-26 -3.01721e-12 1 -1.14418e-26 -3.01721e-12 1 -1.14418e-26 -3.01721e-12 1 -1.14418e-26 -3.01721e-12 1 -1.14418e-26 -3.01721e-12 1 -1.14418e-26 -3.01721e-12 1 -1.14418e-26 -3.01721e-12 1 -1.14418e-26 -3.01721e-12 1 -1.14418e-26 -3.01721e-12 1 -1.14418e-26 -3.01721e-12 1 -1.14418e-26 -3.01721e-12 1 -1.14418e-26 -3.01721e-12 1 -1.14418e-26 -3.01721e-12 1 -1.14418e-26 -3.01721e-12 1 -1.14418e-26 -3.01721e-12 1 -1.14418e-26 -3.01721e-12 1 -1.14418e-26 -3.01721e-12 1 -1.14418e-26 -3.01721e-12 1 -1.14418e-26 -3.01721e-12 1 -1.14418e-26 -3.01721e-12 1 -1.14418e-26 -3.01721e-12 1 -1.14418e-26 -3.01721e-12 1 -1.14418e-26 3.01721e-12 -1 1.14418e-26 3.01721e-12 -1 1.14418e-26 3.01721e-12 -1 1.14418e-26 3.01721e-12 -1 1.14418e-26 3.01721e-12 -1 1.14418e-26 3.01721e-12 -1 1.14418e-26 3.01721e-12 -1 1.14418e-26 3.01721e-12 -1 1.14418e-26 3.01721e-12 -1 1.14418e-26 3.01721e-12 -1 1.14418e-26 3.01721e-12 -1 1.14418e-26 3.01721e-12 -1 1.14418e-26 3.01721e-12 -1 1.14418e-26 3.01721e-12 -1 1.14418e-26 3.01721e-12 -1 1.14418e-26 3.01721e-12 -1 1.14418e-26 3.01721e-12 -1 1.14418e-26 3.01721e-12 -1 1.14418e-26 3.01721e-12 -1 1.14418e-26 3.01721e-12 -1 1.14418e-26 3.01721e-12 -1 1.14418e-26 3.01721e-12 -1 1.14418e-26 3.01721e-12 -1 1.14418e-26 3.01721e-12 -1 1.14418e-26 3.01721e-12 -1 1.14418e-26 3.01721e-12 -1 1.14418e-26 3.01721e-12 -1 1.14418e-26 3.01721e-12 -1 1.14418e-26 3.01721e-12 -1 1.14418e-26 3.01721e-12 -1 1.14418e-26 3.01721e-12 -1 1.14418e-26 3.01721e-12 -1 1.14418e-26 3.01721e-12 -1 1.14418e-26 3.01721e-12 -1 1.14418e-26 3.01721e-12 -1 1.14418e-26 3.01721e-12 -1 1.14418e-26 3.01721e-12 -1 1.14418e-26 3.01721e-12 -1 1.14418e-26 3.01721e-12 -1 1.14418e-26 3.01721e-12 -1 1.14418e-26 3.01721e-12 -1 1.14418e-26 3.01721e-12 -1 1.14418e-26 3.01721e-12 -1 1.14418e-26 3.01721e-12 -1 1.14418e-26 3.01721e-12 -1 1.14418e-26 3.01721e-12 -1 1.14418e-26 3.01721e-12 -1 1.14418e-26 3.01721e-12 -1 1.14418e-26 3.01721e-12 -1 1.14418e-26 3.01721e-12 -1 1.14418e-26 3.01721e-12 -1 1.14418e-26 3.01721e-12 -1 1.14418e-26 3.01721e-12 -1 1.14418e-26 3.01721e-12 -1 1.14418e-26 3.01721e-12 -1 1.14418e-26 3.01721e-12 -1 1.14418e-26 3.01721e-12 -1 1.14418e-26 3.01721e-12 -1 1.14418e-26 3.01721e-12 -1 1.14418e-26 3.01721e-12 -1 1.14418e-26 3.01721e-12 -1 1.14418e-26 3.01721e-12 -1 1.14418e-26 3.01721e-12 -1 1.14418e-26 3.01721e-12 -1 1.14418e-26 3.01721e-12 -1 1.14418e-26 3.01721e-12 -1 1.14418e-26 3.01721e-12 -1 1.14418e-26 3.01721e-12 -1 1.14418e-26 3.01721e-12 -1 1.14418e-26 3.01721e-12 -1 1.14418e-26 3.01721e-12 -1 1.14418e-26 3.01721e-12 -1 1.14418e-26 3.01721e-12 -1 1.14418e-26 3.01721e-12 -1 1.14418e-26 3.01721e-12 -1 1.14418e-26 3.01721e-12 -1 1.14418e-26 3.01721e-12 -1 1.14418e-26 3.01721e-12 -1 1.14418e-26 3.01721e-12 -1 1.14418e-26 3.01721e-12 -1 1.14418e-26</float_array>
          <technique_common>
            <accessor count="320" source="#ID8" stride="3">
              <param name="X" type="float"/>
              <param name="Y" type="float"/>
              <param name="Z" type="float"/>
            </accessor>
          </technique_common>
        </source>
        <vertices id="ID9">
          <input semantic="POSITION" source="#ID5"/>
          <input semantic="NORMAL" source="#ID7"/>
        </vertices>
        <triangles count="320" material="ID10">
          <input offset="0" semantic="VERTEX" source="#ID9"/>
          <p>0 2 1 3 5 4 6 8 7 9 2 0 7 8 10 8 9 10 9 0 10 1 2 11 12 6 7 13 15 14 13 14 12 14 6 12 16 18 17 15 18 16 13 18 15 19 16 17 19 17 20 11 21 1 22 23 21 21 11 22 24 23 25 22 25 23 24 27 26 27 24 25 28 29 26 26 27 28 30 29 31 28 31 29 30 33 32 33 30 31 34 4 32 32 33 34 35 37 36 34 3 4 38 40 39 41 43 42 44 46 45 47 49 48 50 52 51 53 55 54 56 58 57 59 61 60 62 64 63 65 66 62 67 68 64 63 64 68 69 67 70 67 69 68 70 72 71 71 69 70 71 72 73 72 74 73 20 74 19 74 20 73 75 58 56 63 65 62 75 66 65 56 66 75 57 61 59 58 61 57 60 50 51 60 51 59 53 54 52 53 52 50 45 46 55 46 54 55 49 44 48 44 45 48 38 47 40 49 47 38 39 43 41 40 43 39 42 37 35 42 35 41 3 36 5 5 36 37 76 78 77 79 81 80 82 84 83 85 87 86 78 86 77 82 89 88 89 90 88 85 92 91 87 85 91 93 95 94 92 93 91 86 87 77 92 95 93 96 98 97 98 94 97 99 98 96 99 101 100 96 101 99 95 97 94 101 102 100 102 103 100 104 78 76 104 76 105 105 107 106 106 104 105 108 107 109 107 108 106 110 111 109 108 109 111 110 113 112 112 111 110 114 113 115 113 114 112 116 117 115 114 115 117 116 119 118 118 117 116 120 119 81 119 120 118 121 123 122 120 81 79 124 126 125 127 129 128 130 132 131 133 135 134 136 138 137 139 141 140 142 144 143 145 147 146 89 82 83 148 88 90 149 151 150 151 149 84 152 150 153 151 153 150 154 155 152 152 153 154 155 157 156 157 155 154 157 158 156 156 158 159 103 102 159 159 158 103 84 149 83 138 147 145 148 142 143 142 148 90 144 146 143 144 145 146 147 138 136 136 137 139 139 137 141 132 140 131 140 141 131 134 135 130 135 132 130 125 126 128 124 125 133 124 133 134 122 123 80 126 127 128 127 121 129 129 121 122 80 123 79 160 162 161 163 165 164 166 167 164 168 169 165 170 171 167 172 161 169 173 174 171 175 177 176 173 178 174 179 180 162 180 182 181 183 185 184 182 186 181 187 189 188 190 186 191 192 193 189 194 196 195 197 199 198 200 202 201 203 205 204 206 208 207 209 211 210 212 214 213 215 217 216 218 219 216 209 220 218 221 223 222 222 217 224 225 226 223 227 214 210 213 201 212 208 226 207 228 200 203 229 206 230 195 196 231 178 176 177 232 197 233 232 234 205 199 235 191 236 196 194 194 237 236 237 239 238 231 229 230 231 230 195 229 208 206 226 225 207 223 221 225 222 224 221 217 215 224 216 219 215 218 220 219 218 211 209 211 227 210 227 213 214 201 202 212 200 228 202 203 204 228 205 234 204 232 233 234 197 198 233 197 235 199 235 190 191 190 181 186 180 179 182 162 160 179 161 172 160 169 168 172 165 163 168 165 166 164 166 170 167 170 173 171 178 177 174 184 175 176 183 187 185 184 185 175 183 189 187 193 192 239 188 189 193 237 238 236 239 192 238 240 242 241 243 245 244 246 248 247 249 251 250 252 253 249 254 256 255 257 259 258 260 262 261 263 265 264 262 266 261 267 269 268 270 272 271 245 274 273 275 277 276 278 279 271 280 281 279 276 282 275 277 281 283 274 285 284 282 284 286 287 289 288 290 270 288 243 291 269 292 294 293 295 296 294 297 299 298 298 267 300 301 302 299 303 266 304 301 305 302 260 307 306 305 263 308 264 265 309 254 310 307 311 313 312 259 257 309 314 257 258 315 313 316 311 317 256 259 309 265 253 252 315 264 308 263 308 302 305 299 297 301 298 300 297 267 268 300 269 291 268 243 244 291 245 273 244 245 285 274 285 286 284 286 275 282 277 283 276 281 280 283 279 278 280 271 272 278 270 290 272 288 289 290 288 318 287 318 296 295 318 295 287 296 293 294 293 319 292 319 303 304 319 304 292 303 261 266 260 306 262 307 310 306 254 255 310 256 317 255 311 312 317 311 316 313 316 253 315 249 250 252 251 247 250 246 240 248 251 246 247 241 242 314 248 240 241 257 314 242</p>
        </triangles>
      </mesh>
    </geometry>
    <geometry id="ID12">
      <mesh>
        <source id="ID13">
          <float_array count="18492" id="ID14">-0.108181 -0.0487999 -0.347496 -0.098798 -0.0487999 -0.330466 -0.100385 -0.0463772 -0.332924 -0.0838323 -0.0463772 -0.479832 -0.0885175 -0.0488 -0.474869 -0.0966902 -0.0463772 -0.464605 0.10651 -0.0463772 -0.34393 0.107132 -0.0487999 -0.345221 0.113628 -0.0463772 -0.362171 -0.0867578 -0.0487999 -0.315199 -0.0884009 -0.0463772 -0.317 0.114223 -0.0487999 -0.364237 0.117966 -0.0487999 -0.384183 0.117646 -0.0463772 -0.381335 0.118455 -0.0463772 -0.400899 -0.109532 -0.0463772 -0.35063 -0.0723841 -0.0487999 -0.302105 -0.0573481 -0.0463772 -0.292236 -0.0739189 -0.0463772 -0.303309 0.118253 -0.0487999 -0.404476 0.116033 -0.0463772 -0.42033 -0.0560636 -0.0487999 -0.291537 -0.038235 -0.0487999 -0.283778 -0.0193781 -0.0487999 -0.279038 -0.019859 -0.0463772 -0.279118 -0.0391568 -0.0463772 -0.284096 4.44978e-14 -0.0463772 -0.277443 4.44978e-14 -0.0488 -0.277443 -0.114654 -0.0487999 -0.365831 -0.115584 -0.0463772 -0.369619 -0.118043 -0.0487999 -0.384977 -0.11837 -0.0463772 -0.389352 -0.118257 -0.0487999 -0.404419 -0.115291 -0.0487999 -0.423635 -0.117811 -0.0463772 -0.409274 -0.113923 -0.0463772 -0.428821 -0.109223 -0.0487999 -0.442108 -0.106816 -0.0463772 -0.44744 -0.100218 -0.0487999 -0.45934 -0.0520697 -0.0463772 -0.50251 -0.0414694 -0.0487999 -0.507068 -0.056842 -0.0487999 -0.500042 -0.0688906 -0.0463772 -0.492487 -0.0710592 -0.0487999 -0.490901 0.0151484 -0.0487999 -0.513585 -0.00512793 -0.0487999 -0.514446 0.00489935 -0.0463772 -0.514455 -0.025254 -0.0488 -0.511836 -0.0338285 -0.0463772 -0.509628 -0.0146646 -0.0463772 -0.513646 0.0537882 -0.0487999 -0.501653 0.0606874 -0.0463772 -0.497847 0.0710195 -0.0487999 -0.490931 0.0243297 -0.0463772 -0.512033 0.0430963 -0.0463772 -0.506446 0.0349808 -0.0487999 -0.509279 0.101847 -0.0463772 -0.456687 0.108525 -0.0487999 -0.443728 0.0987949 -0.0487999 -0.461538 0.0904687 -0.0463772 -0.472623 0.0861697 -0.0487999 -0.477428 0.0766231 -0.0463772 -0.486469 0.115075 -0.0487999 -0.42452 0.110446 -0.0463772 -0.439096 0.0969018 -0.0487999 -0.327694 0.0838323 -0.0488 -0.312168 0.0964872 -0.0463772 -0.327109 0.0838323 -0.0463772 -0.312168 0.0696859 -0.0487999 -0.300086 0.0696859 -0.0463772 -0.300086 0.0538236 -0.0463772 -0.290365 0.0538236 -0.0487999 -0.290365 0.036636 -0.0463772 -0.283246 0.036636 -0.0487999 -0.283246 0.0185464 -0.0487999 -0.278903 0.0185464 -0.0463772 -0.278903 -0.0838323 -0.0488 -0.479832 0.0430963 0.0527999 -0.506446 0.0243297 0.0503772 -0.512033 0.0243297 0.0527999 -0.512033 0.0838323 0.0503772 -0.312168 0.0838323 0.0528 -0.312168 0.0686054 0.0527999 -0.29931 0.00489935 0.0503772 -0.514455 0.00489935 0.0527999 -0.514455 -0.0146646 0.0503772 -0.513646 -0.0338285 0.0503772 -0.509628 -0.0146646 0.0527999 -0.513646 -0.0338285 0.0527999 -0.509628 -0.0520697 0.0503772 -0.50251 -0.0688906 0.0503772 -0.492487 -0.0520697 0.0527999 -0.50251 -0.0688906 0.0527999 -0.492487 -0.0838323 0.0503772 -0.479832 -0.0959144 0.0503772 -0.465686 -0.0838323 0.0528 -0.479832 -0.0959144 0.0527999 -0.465686 -0.105635 0.0528 -0.449824 -0.105635 0.0503772 -0.449824 -0.112754 0.0503772 -0.432636 0.0430963 0.0503772 -0.506446 -0.118557 0.0503772 -0.396 -0.117097 0.0527999 -0.414546 -0.117097 0.0503772 -0.414546 -0.112754 0.0527999 -0.432636 -0.118557 0.0528 -0.396 0.0606874 0.0527999 -0.497847 0.0606874 0.0503772 -0.497847 0.0766231 0.0527999 -0.486469 0.0766231 0.0503772 -0.486469 0.0904687 0.0503772 -0.472623 0.0904687 0.0527999 -0.472623 0.101847 0.0527999 -0.456687 0.101847 0.0503772 -0.456687 0.110446 0.0527999 -0.439096 0.110446 0.0503772 -0.439096 0.116033 0.0503772 -0.42033 0.116033 0.0527999 -0.42033 0.118455 0.0527999 -0.400899 0.118455 0.0503772 -0.400899 0.117646 0.0527999 -0.381335 0.117646 0.0503772 -0.381335 0.113628 0.0503772 -0.362171 0.113628 0.0527999 -0.362171 0.10651 0.0527999 -0.34393 0.10651 0.0503772 -0.34393 0.0964872 0.0527999 -0.327109 0.0964872 0.0503772 -0.327109 0.0514398 0.0503772 -0.289184 0.0686054 0.0503772 -0.29931 0.0514398 0.0527999 -0.289184 -0.00664753 0.0503772 -0.27763 0.0132741 0.0503772 -0.278189 -0.00664753 0.0527999 -0.27763 0.0328207 0.0503772 -0.282077 0.0328207 0.0527999 -0.282077 0.0132741 0.0527999 -0.278189 -0.0453697 0.0503772 -0.286468 -0.063076 0.0527999 -0.295615 -0.063076 0.0503772 -0.295615 -0.0263814 0.0527999 -0.280416 -0.0453697 0.0527999 -0.286468 -0.0263814 0.0503772 -0.280416 -0.103764 0.0527999 -0.338652 -0.103764 0.0503772 -0.338652 -0.0926914 0.0503772 -0.322081 -0.0926914 0.0527999 -0.322081 -0.0789999 0.0503772 -0.307599 -0.0789999 0.0527999 -0.307599 -0.111904 0.0527999 -0.356843 -0.111904 0.0503772 -0.356843 -0.116882 0.0503772 -0.376141 -0.116882 0.0527999 -0.376141 -0.0504167 -0.0463772 -0.499129 -0.0504167 -0.0456474 -0.499129 -0.0327546 -0.0456474 -0.506021 0.0811709 -0.0463772 -0.314829 0.0811709 -0.0456474 -0.314829 0.0674736 -0.0456474 -0.303131 -0.0667036 -0.0456474 -0.489424 -0.0667036 -0.0463772 -0.489424 -0.0811709 -0.0463772 -0.477171 -0.0811709 -0.0456474 -0.477171 -0.0936207 -0.0463772 -0.462427 -0.0936207 -0.0456474 -0.462427 -0.103425 -0.0463772 -0.445807 -0.103425 -0.0456474 -0.445807 -0.114071 -0.0463772 -0.408853 -0.110307 -0.0456474 -0.427779 -0.110307 -0.0463772 -0.427779 -0.114612 -0.0463772 -0.389564 -0.114071 -0.0456474 -0.408853 -0.111915 -0.0463772 -0.370456 -0.111915 -0.0456474 -0.370456 -0.114612 -0.0456474 -0.389564 -0.106055 -0.0463772 -0.352071 -0.097198 -0.0463772 -0.334926 -0.097198 -0.0456474 -0.334926 -0.106055 -0.0456474 -0.352071 -0.0855945 -0.0463772 -0.319508 -0.0855945 -0.0456474 -0.319508 -0.0715723 -0.0456474 -0.306251 -0.0715723 -0.0463772 -0.306251 -0.0555275 -0.0463772 -0.29553 -0.0555275 -0.0456474 -0.29553 -0.0379137 -0.0463772 -0.287649 -0.0379137 -0.0456474 -0.287649 -0.0192285 -0.0456474 -0.282829 -0.0192285 -0.0463772 -0.282829 4.44988e-14 -0.0463772 -0.281207 4.44988e-14 -0.0456474 -0.281207 -0.0327546 -0.0463772 -0.506021 -0.014199 -0.0463772 -0.509911 -0.014199 -0.0456474 -0.509911 0.00474382 -0.0456474 -0.510695 0.00474382 -0.0463772 -0.510695 0.0235573 -0.0456474 -0.50835 0.0235573 -0.0463772 -0.50835 0.0417282 -0.0463772 -0.50294 0.0417282 -0.0456474 -0.50294 0.0587608 -0.0456474 -0.494613 0.0587608 -0.0463772 -0.494613 0.0741906 -0.0456474 -0.483597 0.0741906 -0.0463772 -0.483597 0.0875967 -0.0463772 -0.470191 0.0875967 -0.0456474 -0.470191 0.0986134 -0.0456474 -0.454761 0.0986134 -0.0463772 -0.454761 0.10694 -0.0456474 -0.437728 0.10694 -0.0463772 -0.437728 0.11235 -0.0463772 -0.419557 0.11235 -0.0456474 -0.419557 0.114695 -0.0456474 -0.400744 0.114695 -0.0463772 -0.400744 0.113911 -0.0456474 -0.381801 0.113911 -0.0463772 -0.381801 0.110021 -0.0463772 -0.363245 0.110021 -0.0456474 -0.363245 0.103129 -0.0456474 -0.345583 0.103129 -0.0463772 -0.345583 0.0934241 -0.0456474 -0.329296 0.0934241 -0.0463772 -0.329296 0.0521149 -0.0463772 -0.293719 0.0674736 -0.0463772 -0.303131 0.0521149 -0.0456474 -0.293719 0.0179576 -0.0463772 -0.28262 0.0179576 -0.0456474 -0.28262 0.035473 -0.0463772 -0.286825 0.035473 -0.0456474 -0.286825 -0.0504167 0.0503772 -0.499129 -0.0667036 0.0496474 -0.489424 -0.0667036 0.0503772 -0.489424 0.0811709 0.0496474 -0.314829 0.0811709 0.0503772 -0.314829 0.0674736 0.0503772 -0.303131 -0.0811709 0.0496474 -0.477171 -0.0936207 0.0496474 -0.462427 -0.0811709 0.0503772 -0.477171 -0.0504167 0.0496474 -0.499129 -0.110307 0.0496474 -0.427779 -0.114071 0.0496474 -0.408853 -0.110307 0.0503772 -0.427779 -0.0936207 0.0503772 -0.462427 -0.103425 0.0496474 -0.445807 -0.103425 0.0503772 -0.445807 -0.114612 0.0496474 -0.389564 -0.114612 0.0503772 -0.389564 -0.114071 0.0503772 -0.408853 -0.111915 0.0503772 -0.370456 -0.111915 0.0496474 -0.370456 -0.106055 0.0496474 -0.352071 -0.106055 0.0503772 -0.352071 -0.0327546 0.0503772 -0.506021 -0.097198 0.0503772 -0.334926 -0.097198 0.0496474 -0.334926 -0.0855945 0.0496474 -0.319508 -0.0855945 0.0503772 -0.319508 -0.0715723 0.0496474 -0.306251 -0.0555275 0.0496474 -0.29553 -0.0555275 0.0503772 -0.29553 -0.0715723 0.0503772 -0.306251 -0.0379137 0.0496474 -0.287649 -0.0379137 0.0503772 -0.287649 -0.0192285 0.0503772 -0.282829 -0.0192285 0.0496474 -0.282829 4.44988e-14 0.0496474 -0.281207 4.44988e-14 0.0503772 -0.281207 -0.0327546 0.0496474 -0.506021 -0.014199 0.0496474 -0.509911 -0.014199 0.0503772 -0.509911 0.00474382 0.0503772 -0.510695 0.00474382 0.0496474 -0.510695 0.0235573 0.0503772 -0.50835 0.0235573 0.0496474 -0.50835 0.0417282 0.0496474 -0.50294 0.0417282 0.0503772 -0.50294 0.0587608 0.0503772 -0.494613 0.0587608 0.0496474 -0.494613 0.0741906 0.0503772 -0.483597 0.0741906 0.0496474 -0.483597 0.0875967 0.0496474 -0.470191 0.0875967 0.0503772 -0.470191 0.0986134 0.0503772 -0.454761 0.0986134 0.0496474 -0.454761 0.10694 0.0503772 -0.437728 0.10694 0.0496474 -0.437728 0.11235 0.0496474 -0.419557 0.11235 0.0503772 -0.419557 0.114695 0.0503772 -0.400744 0.114695 0.0496474 -0.400744 0.113911 0.0503772 -0.381801 0.113911 0.0496474 -0.381801 0.110021 0.0496474 -0.363245 0.110021 0.0503772 -0.363245 0.103129 0.0503772 -0.345583 0.103129 0.0496474 -0.345583 0.0934241 0.0503772 -0.329296 0.0934241 0.0496474 -0.329296 0.0521149 0.0496474 -0.293719 0.0674736 0.0496474 -0.303131 0.0521149 0.0503772 -0.293719 0.0179576 0.0496474 -0.28262 0.0179576 0.0503772 -0.28262 0.035473 0.0496474 -0.286825 0.035473 0.0503772 -0.286825 0.178868 -0.0083438 -0.275538 0.17711 -0.00497209 -0.272461 0.162898 -0.00497209 -0.286673 0.180975 -0.0167656 -0.280977 0.165534 -0.0124694 -0.293248 0.165849 -0.0167656 -0.296102 0.180203 -0.012309 -0.278428 0.164534 -0.00852849 -0.290111 0.158875 0.00138494 -0.280222 0.17711 -0.00497209 -0.272461 0.172882 0.00138494 -0.266214 0.162898 -0.00497209 -0.286673 0.166895 0.0021274 -0.258598 0.166236 0.0013864 -0.257804 0.152319 0.00138494 -0.271723 0.155252 0.0032533 -0.275424 0.169206 0.00323347 -0.261468 0.154471 0.00303665 -0.274422 0.167642 0.00266843 -0.259516 0.153707 0.0026892 -0.273447 0.157561 0.00269109 -0.278442 0.171548 0.0026902 -0.264457 0.17079 0.00305662 -0.26348 0.170004 0.00324812 -0.262477 0.156038 0.00323494 -0.276444 0.172252 0.00212948 -0.265377 0.158255 0.00213033 -0.279372 0.172882 0.00138494 -0.266214 0.158875 0.00138494 -0.280222 0.156812 0.00304913 -0.277455 0.168414 0.00304294 -0.260474 0.152982 0.00213679 -0.272536 0.16609 0.00120485 -0.257655 0.160604 -0.00546763 -0.252147 0.152319 0.00138494 -0.271723 0.146803 -0.00546763 -0.265948 0.166236 0.0013864 -0.257804 0.146803 -0.00546763 -0.265948 0.162185 -0.00738636 -0.253727 0.151538 -0.0131056 -0.273798 0.155146 -0.0205548 -0.282464 0.170444 -0.0205548 -0.267166 0.160604 -0.00546763 -0.252147 0.15023 -0.0426023 -0.300604 0.152802 -0.0357178 -0.293904 0.170062 -0.0488 -0.284487 0.171044 -0.0350343 -0.27525 0.154445 -0.0283487 -0.287841 0.146774 -0.0488 -0.307776 0.170444 -0.0205548 -0.267166 0.155146 -0.0205548 -0.282464 0.165307 -0.0246032 -0.301346 0.163848 -0.0320249 -0.307256 0.179931 -0.0488 -0.301232 0.16152 -0.0388933 -0.313701 0.181497 -0.0332766 -0.290357 0.165849 -0.0167656 -0.296102 0.180975 -0.0167656 -0.280977 0.155939 -0.0488 -0.325224 0.146774 -0.0488 -0.307776 0.179931 -0.0488 -0.301232 0.155939 -0.0488 -0.325224 0.170062 -0.0488 -0.284487 0.16406 -0.00506273 -0.255603 0.160604 -0.00546763 -0.252147 0.165446 -0.00216941 -0.256989 0.162185 -0.00738636 -0.253727 0.16609 0.00120485 -0.257655 0.161926 0.0166066 -0.254386 0.147493 0.0164729 -0.268702 0.160426 0.0128099 -0.251968 0.148089 0.0207656 -0.27128 0.162856 0.0207656 -0.256514 0.14614 0.0125094 -0.265891 0.157722 0.0089744 -0.249265 0.144109 0.00897209 -0.262881 0.164188 0.0371921 -0.265034 0.163505 0.0528 -0.275077 0.14792 0.0295861 -0.27674 0.148089 0.0207656 -0.27128 0.14407 0.0458649 -0.290353 0.146549 0.0381598 -0.283252 0.140495 0.0528 -0.298086 0.162856 0.0207656 -0.256514 0.134818 0.0350541 -0.266503 0.151836 0.0386953 -0.251673 0.150585 0.0245548 -0.244444 0.132552 0.0445358 -0.274455 0.151561 0.0528 -0.260407 0.128812 0.0528 -0.283156 0.135456 0.0245548 -0.259573 0.139202 0.00946763 -0.230968 0.125163 0.00946763 -0.245007 0.130854 0.0170793 -0.251858 0.150585 0.0245548 -0.244444 0.135456 0.0245548 -0.259573 0.131547 0.00261506 -0.249914 0.140098 0.00851523 -0.231641 0.144959 0.00261506 -0.236502 0.125163 0.00946763 -0.245007 0.139202 0.00946763 -0.230968 0.128812 0.0528 -0.283156 0.140495 0.0528 -0.298086 0.163505 0.0528 -0.275077 0.151561 0.0528 -0.260407 0.148265 0.000746585 -0.239808 0.150092 0.000940372 -0.241635 0.14918 0.000746585 -0.240723 0.157722 0.0089744 -0.249265 0.155213 0.0150848 -0.246756 0.160426 0.0128099 -0.251968 0.147353 0.000940372 -0.238896 0.146471 0.0013299 -0.238013 0.150975 0.0013299 -0.242517 0.151783 0.00189934 -0.243326 0.145662 0.00189934 -0.237204 0.152486 0.00261506 -0.244029 0.144959 0.00261506 -0.236502 0.144485 0.0131168 -0.236028 0.149746 0.0151823 -0.241289 0.140098 0.00851523 -0.231641 0.208291 -0.0083438 -0.340143 0.207627 -0.00497209 -0.336663 0.18957 -0.00497209 -0.34549 0.208517 -0.0167656 -0.345971 0.189923 -0.0125165 -0.352593 0.1893 -0.0167656 -0.355366 0.208615 -0.012309 -0.34331 0.190001 -0.0085496 -0.349286 0.187859 0.00138494 -0.338082 0.207627 -0.00497209 -0.336663 0.205656 0.00138494 -0.329381 0.18957 -0.00497209 -0.34549 0.202467 0.0021274 -0.320233 0.202101 0.0013864 -0.319269 0.184418 0.00138494 -0.327915 0.185991 0.00325329 -0.332368 0.20372 0.00323347 -0.323699 0.185578 0.00303663 -0.331166 0.202875 0.00266843 -0.321344 0.185171 0.00268919 -0.329996 0.187195 0.00269108 -0.335971 0.204965 0.0026902 -0.327286 0.204565 0.00305662 -0.326116 0.204148 0.00324812 -0.324912 0.186403 0.00323493 -0.333587 0.205333 0.00212948 -0.328385 0.187549 0.00213032 -0.337077 0.205656 0.00138494 -0.329381 0.187859 0.00138494 -0.338082 0.186807 0.00304912 -0.334795 0.203294 0.00304294 -0.322501 0.184781 0.00213679 -0.328898 0.184418 0.00138494 -0.327915 0.202101 0.0013864 -0.319269 0.202011 0.00120485 -0.31908 0.181077 -0.00546763 -0.320661 0.198611 -0.00546763 -0.312089 0.181077 -0.00546763 -0.320661 0.199593 -0.00738636 -0.314098 0.183001 -0.013073 -0.329584 0.183605 -0.0205548 -0.338992 0.203042 -0.0205548 -0.32949 0.198611 -0.00546763 -0.312089 0.177674 -0.0357179 -0.34905 0.181197 -0.0283495 -0.343849 0.200984 -0.0350343 -0.33733 0.173065 -0.0426013 -0.354553 0.197056 -0.0488 -0.345748 0.167468 -0.0488 -0.360213 0.203042 -0.0205548 -0.32949 0.183605 -0.0205548 -0.338992 0.177037 -0.0420443 -0.373295 0.200953 -0.0488 -0.36479 0.182486 -0.03434 -0.366994 0.186619 -0.025842 -0.360962 0.205965 -0.0332766 -0.355012 0.1893 -0.0167656 -0.355366 0.208517 -0.0167656 -0.345971 0.17047 -0.0488 -0.379692 0.167468 -0.0488 -0.360213 0.200953 -0.0488 -0.36479 0.17047 -0.0488 -0.379692 0.197056 -0.0488 -0.345748 0.200758 -0.00506273 -0.31648 0.198611 -0.00546763 -0.312089 0.201619 -0.00216941 -0.318241 0.199593 -0.00738636 -0.314098 0.202011 0.00120485 -0.31908 0.215142 -0.0083438 -0.410802 0.215644 -0.00497209 -0.407294 0.195699 -0.00497209 -0.40978 0.213463 -0.0167656 -0.416387 0.193727 -0.0125164 -0.416613 0.192236 -0.0167654 -0.419033 0.21442 -0.012309 -0.413902 0.194874 -0.00854951 -0.41351 0.196487 0.00138494 -0.402218 0.215644 -0.00497209 -0.407294 0.216144 0.00138494 -0.399768 0.195699 -0.00497209 -0.40978 0.216098 0.0021274 -0.390079 0.216065 0.0013864 -0.389048 0.196533 0.00138494 -0.391484 0.196575 0.00325329 -0.396207 0.216159 0.00323347 -0.393764 0.196574 0.00303664 -0.394936 0.216124 0.00266843 -0.391263 0.19657 0.0026892 -0.393697 0.196543 0.00269108 -0.400006 0.216171 0.0026902 -0.397561 0.216172 0.00305662 -0.396324 0.216169 0.00324812 -0.39505 0.196569 0.00323493 -0.397494 0.216162 0.00212948 -0.39872 0.19652 0.00213032 -0.401167 0.216144 0.00138494 -0.399768 0.196487 0.00138494 -0.402218 0.196558 0.00304912 -0.398768 0.216144 0.00304294 -0.392493 0.196557 0.00213679 -0.392532 0.196533 0.00138494 -0.391484 0.216065 0.0013864 -0.389048 0.216042 0.00120485 -0.388841 0.195728 -0.00546763 -0.383539 0.215096 -0.00546763 -0.381125 0.195728 -0.00546763 -0.383539 0.215372 -0.00738636 -0.383343 0.194651 -0.0130731 -0.392603 0.192167 -0.0205548 -0.401697 0.213636 -0.0205548 -0.399021 0.215096 -0.00546763 -0.381125 0.188312 -0.0283495 -0.40551 0.192167 -0.0205548 -0.401697 0.209144 -0.0350343 -0.405769 0.202696 -0.0488 -0.412455 0.177146 -0.0426013 -0.412992 0.183292 -0.035718 -0.409285 0.170014 -0.0488 -0.416529 0.213636 -0.0205548 -0.399021 0.174817 -0.0420443 -0.432009 0.200199 -0.0488 -0.431731 0.182017 -0.03434 -0.427819 0.208114 -0.0332766 -0.42411 0.187885 -0.025842 -0.423455 0.192236 -0.0167654 -0.419033 0.213463 -0.0167656 -0.416387 0.166529 -0.0488 -0.435928 0.200199 -0.0488 -0.431731 0.166529 -0.0488 -0.435928 0.170014 -0.0488 -0.416529 0.202696 -0.0488 -0.412455 0.2157 -0.00506273 -0.385975 0.215096 -0.00546763 -0.381125 0.215943 -0.00216941 -0.38792 0.215372 -0.00738636 -0.383343 0.216042 0.00120485 -0.388841 0.198679 -0.0083438 -0.479856 0.200293 -0.00497209 -0.476701 0.180621 -0.00497209 -0.472577 0.195277 -0.0167656 -0.484594 0.176537 -0.0125169 -0.478399 0.174342 -0.0167656 -0.480204 0.196989 -0.012309 -0.482554 0.17863 -0.00854994 -0.475837 0.180621 -0.00497209 -0.472577 0.20321 0.00138494 -0.469745 0.183821 0.00138494 -0.46568 0.200293 -0.00497209 -0.476701 0.206312 0.0021274 -0.460567 0.206616 0.0013864 -0.459581 0.187351 0.00138494 -0.455543 0.185857 0.00325328 -0.460023 0.205173 0.00323347 -0.464072 0.186269 0.00303664 -0.458821 0.205952 0.00266843 -0.461694 0.186667 0.00268922 -0.457648 0.184593 0.00269105 -0.463606 0.203951 0.0026902 -0.467667 0.204354 0.00305662 -0.466498 0.204764 0.00324812 -0.465292 0.185433 0.00323491 -0.461239 0.203566 0.00212948 -0.46876 0.184194 0.0021303 -0.464697 0.20321 0.00138494 -0.469745 0.183821 0.00138494 -0.46568 0.18501 0.00304909 -0.46244 0.205571 0.00304294 -0.462865 0.187033 0.00213683 -0.456542 0.187351 0.00138494 -0.455543 0.20666 0.00120485 -0.459378 0.208271 -0.00546763 -0.451772 0.189169 -0.00546763 -0.447767 0.206616 0.0013864 -0.459581 0.189169 -0.00546763 -0.447767 0.207813 -0.00738636 -0.45396 0.185207 -0.0130731 -0.45599 0.179905 -0.0205548 -0.463785 0.20108 -0.0205548 -0.468225 0.208271 -0.00546763 -0.451772 0.175021 -0.0283495 -0.466139 0.179905 -0.0205548 -0.463785 0.20108 -0.0205548 -0.468225 0.18637 -0.0488 -0.477379 0.154136 -0.0488 -0.47062 0.16203 -0.0426013 -0.469591 0.169047 -0.035718 -0.46808 0.19464 -0.0350343 -0.473148 0.153653 -0.0420443 -0.48682 0.17775 -0.0488 -0.494799 0.161823 -0.0343401 -0.485196 0.18771 -0.0332766 -0.490161 0.195277 -0.0167656 -0.484594 0.16879 -0.0258421 -0.482974 0.174342 -0.0167656 -0.480204 0.144541 -0.0488 -0.487836 0.144541 -0.0488 -0.487836 0.154136 -0.0488 -0.47062 0.18637 -0.0488 -0.477379 0.17775 -0.0488 -0.494799 0.207268 -0.00506273 -0.456556 0.208271 -0.00546763 -0.451772 0.206866 -0.00216941 -0.458474 0.207813 -0.00738636 -0.45396 0.20666 0.00120485 -0.459378 0.160686 -0.0083438 -0.539823 0.163236 -0.00497209 -0.537364 0.14597 -0.00497209 -0.527075 0.15593 -0.0167656 -0.5432 0.140217 -0.0125161 -0.531256 0.137555 -0.0167656 -0.532251 0.158212 -0.012309 -0.541826 0.143028 -0.00854921 -0.529512 0.14597 -0.00497209 -0.527075 0.168254 0.00138494 -0.531732 0.151236 0.00138494 -0.521591 0.163236 -0.00497209 -0.537364 0.174168 0.0021274 -0.524058 0.174776 0.0013864 -0.523224 0.157866 0.00138494 -0.51315 0.154998 0.0032533 -0.516902 0.171953 0.00323347 -0.527003 0.155778 0.00303661 -0.515899 0.173462 0.00266843 -0.525007 0.156536 0.00268916 -0.514919 0.15264 0.00269115 -0.519881 0.16963 0.0026902 -0.530007 0.170391 0.00305662 -0.529032 0.171171 0.00324812 -0.528024 0.154203 0.00323497 -0.517914 0.168912 0.00212948 -0.530915 0.151908 0.00213037 -0.520782 0.168254 0.00138494 -0.531732 0.151236 0.00138494 -0.521591 0.153412 0.00304918 -0.518913 0.172722 0.00304294 -0.525991 0.157241 0.00213676 -0.513992 0.157866 0.00138494 -0.51315 0.174884 0.00120485 -0.523046 0.178877 -0.00546763 -0.516376 0.16211 -0.00546763 -0.506385 0.174776 0.0013864 -0.523224 0.16211 -0.00546763 -0.506385 0.177733 -0.00738636 -0.518296 0.155693 -0.0130732 -0.512877 0.148148 -0.0205548 -0.518527 0.166733 -0.0205548 -0.529602 0.178877 -0.00546763 -0.516376 0.136483 -0.0357181 -0.519064 0.142764 -0.0283496 -0.519168 0.159044 -0.0350343 -0.532168 0.149849 -0.0488 -0.533484 0.129356 -0.0426014 -0.518214 0.121555 -0.0488 -0.516625 0.166733 -0.0205548 -0.529602 0.148148 -0.0205548 -0.518527 0.115838 -0.0420444 -0.531791 0.106891 -0.0488 -0.529793 0.136039 -0.0488 -0.547161 0.124093 -0.0343401 -0.532907 0.146966 -0.0332766 -0.546009 0.131404 -0.0258421 -0.533067 0.137555 -0.0167656 -0.532251 0.15593 -0.0167656 -0.5432 0.106891 -0.0488 -0.529793 0.121555 -0.0488 -0.516625 0.149849 -0.0488 -0.533484 0.136039 -0.0488 -0.547161 0.176376 -0.00506273 -0.520574 0.178877 -0.00546763 -0.516376 0.175372 -0.00216941 -0.522258 0.177733 -0.00738636 -0.518296 0.174884 0.00120485 -0.523046 0.10528 -0.0083438 -0.584205 0.108491 -0.00497209 -0.582707 0.0955011 -0.00497209 -0.56737 0.0996857 -0.0167656 -0.585855 0.088702 -0.0125166 -0.569456 0.0858609 -0.0167656 -0.569532 0.10229 -0.012309 -0.585296 0.0919273 -0.00854965 -0.568719 0.102263 0.00138494 -0.563893 0.108491 -0.00497209 -0.582707 0.115066 0.00138494 -0.57901 0.0955011 -0.00497209 -0.56737 0.123151 0.00212717 -0.573672 0.123996 0.00138631 -0.573081 0.111274 0.00138491 -0.558061 0.107343 0.00325327 -0.560679 0.1201 0.00323367 -0.575738 0.108407 0.00303666 -0.559984 0.122174 0.00266841 -0.57434 0.109442 0.00268924 -0.559302 0.104145 0.00269109 -0.56273 0.116927 0.00269019 -0.577825 0.117964 0.00305665 -0.57715 0.119028 0.00324851 -0.57645 0.106262 0.00323485 -0.561378 0.115953 0.00212948 -0.578451 0.103161 0.00213034 -0.563346 0.115066 0.00138494 -0.57901 0.102263 0.00138494 -0.563893 0.10519 0.00304903 -0.562066 0.121155 0.00304297 -0.57503 0.110409 0.00213663 -0.558655 0.111274 0.00138491 -0.558061 0.124157 0.00120485 -0.572947 0.130099 -0.00546763 -0.567935 0.117485 -0.00546763 -0.553041 0.123996 0.00138631 -0.573081 0.117485 -0.00546763 -0.553041 0.128393 -0.00738636 -0.56938 0.109307 -0.0130733 -0.557097 0.100336 -0.0205548 -0.559992 0.114319 -0.0205548 -0.576501 0.130099 -0.00546763 -0.567935 0.0891294 -0.0357181 -0.556712 0.095036 -0.0283496 -0.55885 0.106213 -0.0350343 -0.576431 0.0970884 -0.0488 -0.57469 0.0826641 -0.0426014 -0.553594 0.0758025 -0.0488 -0.549558 0.114319 -0.0205548 -0.576501 0.100336 -0.0205548 -0.559992 0.0654705 -0.0420444 -0.562046 0.0576567 -0.0488 -0.557251 0.0795861 -0.0488 -0.583143 0.0729158 -0.0343402 -0.565782 0.0902947 -0.0332766 -0.585601 0.0797785 -0.0258421 -0.568307 0.0858609 -0.0167656 -0.569532 0.0996857 -0.0167656 -0.585855 0.0758025 -0.0488 -0.549558 0.0795861 -0.0488 -0.583143 0.0576567 -0.0488 -0.557251 0.0970884 -0.0488 -0.57469 0.12637 -0.00506273 -0.571094 0.130099 -0.00546763 -0.567935 0.124874 -0.00216941 -0.572361 0.128393 -0.00738636 -0.56938 0.124157 0.00120485 -0.572947 0.0384654 -0.0083438 -0.608192 0.0419891 -0.00497209 -0.607818 0.034683 -0.00497209 -0.589094 0.0326387 -0.0167656 -0.607936 0.0275748 -0.0125167 -0.588859 0.024863 -0.0167656 -0.588009 0.0352829 -0.012309 -0.608253 0.0308645 -0.00854977 -0.589209 0.042207 0.00138494 -0.588 0.0419891 -0.00497209 -0.607818 0.0494081 0.00138494 -0.606455 0.034683 -0.00497209 -0.589094 0.0587885 0.00212737 -0.604032 0.0597798 0.0013864 -0.603747 0.0526235 0.00138494 -0.585411 0.048056 0.0032533 -0.58661 0.0552315 0.00323368 -0.604995 0.0492877 0.00303667 -0.586298 0.0576477 0.00266841 -0.604347 0.0504876 0.00268922 -0.58599 0.0443652 0.0026911 -0.587512 0.0515533 0.0026902 -0.605939 0.0527529 0.00305662 -0.605637 0.0539867 0.00324844 -0.605321 0.0468065 0.00323481 -0.586921 0.0504282 0.00212949 -0.606215 0.0432342 0.00213034 -0.587775 0.0494081 0.00138494 -0.606455 0.042207 0.00138494 -0.588 0.0455693 0.00304898 -0.587223 0.0564599 0.00304297 -0.604669 0.0516134 0.00213679 -0.585692 0.0601281 -0.00546763 -0.582679 0.0526235 0.00138494 -0.585411 0.0599749 0.00120485 -0.603673 0.067223 -0.00546763 -0.600862 0.0597798 0.0013864 -0.603747 0.0601281 -0.00546763 -0.582679 0.0651404 -0.00738636 -0.601675 0.0510762 -0.0130734 -0.583861 0.0416516 -0.0205548 -0.583686 0.0495161 -0.0205548 -0.60384 0.067223 -0.00546763 -0.600862 0.0321171 -0.0357182 -0.576944 0.0370094 -0.0283497 -0.580885 0.0418722 -0.0350343 -0.601142 0.0338073 -0.0488 -0.596533 0.0270143 -0.0426015 -0.571896 0.0218351 -0.0488 -0.565851 0.0495161 -0.0205548 -0.60384 0.0416516 -0.0205548 -0.583686 0.0238391 -0.0332766 -0.604646 0.024863 -0.0167656 -0.588009 0.0195077 -0.0258421 -0.584875 0.013837 -0.0343402 -0.580258 0.0145088 -0.0488 -0.598844 0.0326387 -0.0167656 -0.607936 0.00800817 -0.0420444 -0.574307 0.00217469 -0.0488 -0.567235 0.0218351 -0.0488 -0.565851 0.0145088 -0.0488 -0.598844 0.00217469 -0.0488 -0.567235 0.0338073 -0.0488 -0.596533 0.0626699 -0.00506273 -0.602639 0.067223 -0.00546763 -0.600862 0.0608437 -0.00216941 -0.603351 0.0651404 -0.00738636 -0.601675 0.0599749 0.00120485 -0.603673 -0.0325174 -0.0083438 -0.609185 -0.029063 -0.00497209 -0.609975 -0.0298936 -0.00497209 -0.589893 -0.0379453 -0.0167656 -0.60705 -0.0365404 -0.0125167 -0.587363 -0.0388293 -0.0167656 -0.585678 -0.0355473 -0.012309 -0.608209 -0.0335428 -0.00854978 -0.588763 -0.0224224 0.00138494 -0.591302 -0.029063 -0.00497209 -0.609975 -0.0216037 0.00138494 -0.611095 -0.0298936 -0.00497209 -0.589893 -0.0119447 0.00212737 -0.611849 -0.0109147 0.0013864 -0.611901 -0.0117293 0.00138494 -0.592235 -0.0164389 0.0032533 -0.591886 -0.0156218 0.00323368 -0.611605 -0.0151726 0.00303669 -0.591991 -0.0131261 0.00266841 -0.611777 -0.0139375 0.00268922 -0.592089 -0.0202226 0.00269108 -0.591541 -0.0194072 0.0026902 -0.611304 -0.0181745 0.00305662 -0.611407 -0.0169048 0.00324844 -0.611509 -0.0177215 0.0032348 -0.591774 -0.0205608 0.00212949 -0.611199 -0.0213775 0.00213033 -0.591422 -0.0216037 0.00138494 -0.611095 -0.0224224 0.00138494 -0.591302 -0.0189899 0.00304897 -0.591659 -0.0143539 0.00304297 -0.611695 -0.0127759 0.00213679 -0.592172 -0.00374452 -0.00546763 -0.592088 -0.0117293 0.00138494 -0.592235 -0.0107062 0.00120485 -0.611895 -0.00293794 -0.00546763 -0.61159 -0.0109147 0.0013864 -0.611901 -0.00374452 -0.00546763 -0.592088 -0.00517157 -0.00738636 -0.611682 -0.0126896 -0.0130735 -0.590266 -0.0215466 -0.0205548 -0.58704 -0.0206525 -0.0205548 -0.608657 -0.00293794 -0.00546763 -0.61159 -0.0250279 -0.0283497 -0.582884 -0.0215466 -0.0205548 -0.58704 -0.0270062 -0.0350343 -0.603623 -0.0315629 -0.0426015 -0.571137 -0.0283756 -0.0357182 -0.577569 -0.0331374 -0.0488 -0.596645 -0.0344984 -0.0487998 -0.563738 -0.0206525 -0.0205548 -0.608657 -0.0451999 -0.0332766 -0.601082 -0.0388293 -0.0167656 -0.585678 -0.042877 -0.0258422 -0.580976 -0.0467413 -0.0343402 -0.574768 -0.0521408 -0.0488 -0.592565 -0.0379453 -0.0167656 -0.60705 -0.0503219 -0.0420445 -0.567246 -0.053543 -0.0488 -0.558663 -0.036478 -0.0488 -0.563318 -0.0331374 -0.0488 -0.596645 -0.0521408 -0.0488 -0.592565 -0.053543 -0.0488 -0.558663 -0.0344984 -0.0487998 -0.563738 -0.00782123 -0.00506273 -0.611791 -0.00293794 -0.00546763 -0.61159 -0.00977989 -0.00216941 -0.611872 -0.00517157 -0.00738636 -0.611682 -0.0107062 0.00120485 -0.611895 -0.0999765 -0.0083438 -0.587075 -0.0969658 -0.00497209 -0.588944 -0.0912308 -0.00497209 -0.569681 -0.104417 -0.0167656 -0.583294 -0.0966959 -0.0125166 -0.56513 -0.0983138 -0.0167656 -0.562793 -0.102525 -0.012309 -0.585169 -0.0943152 -0.0085497 -0.567427 -0.0912308 -0.00497209 -0.569681 -0.0902744 0.00138494 -0.592426 -0.0846219 0.00138494 -0.573439 -0.0969658 -0.00497209 -0.588944 -0.0813835 0.00212737 -0.596275 -0.0804264 0.0013864 -0.596659 -0.0748111 0.00138494 -0.577794 -0.0791524 0.0032533 -0.575935 -0.0847822 0.00323368 -0.594851 -0.0779887 0.00303669 -0.576445 -0.0824774 0.00266841 -0.595823 -0.0768524 0.00268922 -0.576939 -0.082619 0.00269107 -0.57438 -0.0882646 0.0026902 -0.593336 -0.0871324 0.00305662 -0.593835 -0.0859644 0.00324844 -0.594343 -0.080329 0.0032348 -0.575412 -0.0893217 0.00212949 -0.592863 -0.0836727 0.00213032 -0.573892 -0.0902744 0.00138494 -0.592426 -0.0846219 0.00138494 -0.573439 -0.0814912 0.00304897 -0.574891 -0.0836123 0.00304297 -0.595347 -0.0757807 0.00213679 -0.577395 -0.0748111 0.00138494 -0.577794 -0.0727806 -0.00546763 -0.598954 -0.0672114 -0.00546763 -0.580248 -0.080227 0.00120485 -0.596721 -0.0804264 0.0013864 -0.596659 -0.0672114 -0.00546763 -0.580248 -0.0749232 -0.00738636 -0.598316 -0.0750803 -0.0130736 -0.57562 -0.0824098 -0.0205548 -0.569693 -0.0885831 -0.0205548 -0.590429 -0.0727806 -0.00546763 -0.598954 -0.0843529 -0.0283497 -0.564632 -0.0824098 -0.0205548 -0.569693 -0.0885831 -0.0205548 -0.590429 -0.0964912 -0.0488 -0.575013 -0.0867198 -0.0426015 -0.5514 -0.0929581 -0.0350343 -0.583605 -0.0857934 -0.0357182 -0.558517 -0.0870936 -0.0488 -0.543448 -0.104417 -0.0167656 -0.583294 -0.100615 -0.0258422 -0.557031 -0.109341 -0.0332766 -0.575293 -0.102254 -0.0343402 -0.549905 -0.11314 -0.0488 -0.564984 -0.0983138 -0.0167656 -0.562793 -0.103199 -0.0420445 -0.541628 -0.103458 -0.0488 -0.532464 -0.103458 -0.0488 -0.532464 -0.0964912 -0.0488 -0.575013 -0.11314 -0.0488 -0.564984 -0.0870936 -0.0488 -0.543448 -0.0727806 -0.00546763 -0.598954 -0.0793437 -0.00216941 -0.597 -0.0774648 -0.00506273 -0.59756 -0.0749232 -0.00738636 -0.598316 -0.080227 0.00120485 -0.596721 -0.156602 -0.0083438 -0.54426 -0.154361 -0.00497209 -0.547005 -0.142682 -0.00497209 -0.530648 -0.159574 -0.0167656 -0.539242 -0.146373 -0.0125164 -0.524569 -0.147144 -0.0167656 -0.521833 -0.158393 -0.012309 -0.541629 -0.144867 -0.00854955 -0.527515 -0.142682 -0.00497209 -0.530648 -0.149162 0.00138494 -0.552471 -0.137651 0.00138494 -0.536349 -0.154361 -0.00497209 -0.547005 -0.142003 0.00212737 -0.558998 -0.141223 0.0013864 -0.559673 -0.129786 0.00138494 -0.543652 -0.133289 0.00325331 -0.540485 -0.144755 0.00323368 -0.556548 -0.132354 0.00303668 -0.541345 -0.142891 0.00266841 -0.558216 -0.131439 0.00268921 -0.542181 -0.136062 0.00269108 -0.537889 -0.147557 0.0026902 -0.553985 -0.146648 0.00305662 -0.554824 -0.145708 0.00324844 -0.555683 -0.134232 0.00323481 -0.539609 -0.148403 0.00212949 -0.553193 -0.136901 0.00213032 -0.537085 -0.149162 0.00138494 -0.552471 -0.137651 0.00138494 -0.536349 -0.135162 0.00304897 -0.538738 -0.14381 0.00304297 -0.557397 -0.130574 0.00213678 -0.542961 -0.129786 0.00138494 -0.543652 -0.134736 -0.00546763 -0.564326 -0.123395 -0.00546763 -0.548441 -0.141223 0.0013864 -0.559673 -0.141054 0.00120485 -0.559796 -0.123395 -0.00546763 -0.548441 -0.136556 -0.00738636 -0.563027 -0.129335 -0.0130736 -0.541509 -0.134343 -0.0205548 -0.533524 -0.146914 -0.0205548 -0.551131 -0.134736 -0.00546763 -0.564326 -0.134407 -0.0310441 -0.525958 -0.148837 -0.0350343 -0.543256 -0.149389 -0.0488 -0.533983 -0.133014 -0.0405223 -0.51709 -0.130251 -0.0487998 -0.507179 -0.134343 -0.0205548 -0.533524 -0.146914 -0.0205548 -0.551131 -0.159574 -0.0167656 -0.539242 -0.147144 -0.0167656 -0.521833 -0.147451 -0.0258422 -0.515636 -0.146687 -0.0343402 -0.508364 -0.161633 -0.0332766 -0.530076 -0.161879 -0.0488 -0.519092 -0.144893 -0.0420445 -0.500229 -0.142163 -0.0488 -0.491477 -0.142163 -0.0488 -0.491477 -0.130251 -0.0487998 -0.507179 -0.149389 -0.0488 -0.533983 -0.161879 -0.0488 -0.519092 -0.134736 -0.00546763 -0.564326 -0.140309 -0.00216941 -0.560347 -0.138714 -0.00506273 -0.561486 -0.136556 -0.00738636 -0.563027 -0.141054 0.00120485 -0.559796 -0.196256 -0.0083438 -0.485378 -0.195028 -0.00497209 -0.488702 -0.178671 -0.00497209 -0.477023 -0.197439 -0.0167656 -0.479667 -0.180188 -0.0125162 -0.470075 -0.18003 -0.0167656 -0.467238 -0.197097 -0.012309 -0.482308 -0.17972 -0.00854931 -0.473351 -0.175764 0.00138494 -0.484049 -0.178671 -0.00497209 -0.477023 -0.195028 -0.00497209 -0.488702 -0.191886 0.00138494 -0.49556 -0.187235 0.0021274 -0.504058 -0.186715 0.0013864 -0.50495 -0.170696 0.00138494 -0.493511 -0.172981 0.0032533 -0.489378 -0.189042 0.00323347 -0.500847 -0.172376 0.00303663 -0.490495 -0.18782 0.00266843 -0.50303 -0.171782 0.00268919 -0.491582 -0.174761 0.00269111 -0.486021 -0.19086 0.0026902 -0.497513 -0.190272 0.00305662 -0.498602 -0.189663 0.00324812 -0.49972 -0.173588 0.00323495 -0.488242 -0.191403 0.00212948 -0.49649 -0.175293 0.00213034 -0.484989 -0.191886 0.00138494 -0.49556 -0.175764 0.00138494 -0.484049 -0.174185 0.00304914 -0.487117 -0.188424 0.00304294 -0.501957 -0.171217 0.00213678 -0.492601 -0.170696 0.00138494 -0.493511 -0.186715 0.0013864 -0.50495 -0.186596 0.00120485 -0.50512 -0.166207 -0.00546763 -0.500115 -0.182091 -0.00546763 -0.511457 -0.166207 -0.00546763 -0.500115 -0.18339 -0.00738636 -0.509637 -0.169574 -0.0130736 -0.49163 -0.171718 -0.0205548 -0.482451 -0.189325 -0.0205548 -0.495023 -0.182091 -0.00546763 -0.511457 -0.170142 -0.0283497 -0.477263 -0.188586 -0.0350343 -0.48695 -0.186097 -0.0488 -0.478001 -0.167523 -0.0357182 -0.471554 -0.163883 -0.0426015 -0.465368 -0.159293 -0.0488 -0.458863 -0.171718 -0.0205548 -0.482451 -0.189325 -0.0205548 -0.495023 -0.170885 -0.0420445 -0.447535 -0.165461 -0.0488 -0.440144 -0.193076 -0.0488 -0.45986 -0.175223 -0.0343402 -0.454646 -0.19641 -0.0332766 -0.470329 -0.178307 -0.0258422 -0.461277 -0.197439 -0.0167656 -0.479667 -0.18003 -0.0167656 -0.467238 -0.159293 -0.0488 -0.458863 -0.186097 -0.0488 -0.478001 -0.193076 -0.0488 -0.45986 -0.165461 -0.0488 -0.440144 -0.182091 -0.00546763 -0.511457 -0.18607 -0.00216941 -0.505884 -0.184931 -0.00506273 -0.507479 -0.18339 -0.00738636 -0.509637 -0.186596 0.00120485 -0.50512 -0.214644 -0.0083438 -0.416811 -0.214562 -0.00497209 -0.420354 -0.195298 -0.00497209 -0.414619 -0.213907 -0.0167656 -0.411026 -0.194477 -0.0125163 -0.407555 -0.193406 -0.0167656 -0.404922 -0.214442 -0.012309 -0.413635 -0.195098 -0.00854942 -0.410804 -0.19483 0.00138494 -0.422208 -0.195298 -0.00497209 -0.414619 -0.214562 -0.00497209 -0.420354 -0.213817 0.00138494 -0.42786 -0.212176 0.00212737 -0.437409 -0.211974 0.0013864 -0.43842 -0.193109 0.00138494 -0.432802 -0.193928 0.00325331 -0.428151 -0.212842 0.00323368 -0.433784 -0.193718 0.00303667 -0.429405 -0.212396 0.00266841 -0.436246 -0.19351 0.00268921 -0.430626 -0.194522 0.0026911 -0.424399 -0.21348 0.0026902 -0.430041 -0.213278 0.00305662 -0.431261 -0.213064 0.00324844 -0.432517 -0.194134 0.00323481 -0.42688 -0.213661 0.00212949 -0.428897 -0.19469 0.00213034 -0.42325 -0.213817 0.00138494 -0.42786 -0.19483 0.00138494 -0.422208 -0.194333 0.00304899 -0.425623 -0.212619 0.00304297 -0.435035 -0.193306 0.00213679 -0.431773 -0.211917 0.00120485 -0.43862 -0.209714 -0.00546763 -0.446076 -0.191007 -0.00546763 -0.440507 -0.193109 0.00138494 -0.432802 -0.211974 0.0013864 -0.43842 -0.191007 -0.00546763 -0.440507 -0.210352 -0.00738636 -0.443933 -0.191437 -0.0130735 -0.431388 -0.190484 -0.0205548 -0.42201 -0.21122 -0.0205548 -0.428184 -0.209714 -0.00546763 -0.446076 -0.187309 -0.0283497 -0.417615 -0.190484 -0.0205548 -0.42201 -0.2079 -0.0350343 -0.420789 -0.20264 -0.0488 -0.413132 -0.182978 -0.0357182 -0.413065 -0.177527 -0.0426015 -0.408397 -0.171074 -0.0488 -0.403734 -0.21122 -0.0205548 -0.428184 -0.209902 -0.0332766 -0.402528 -0.184772 -0.0343402 -0.394574 -0.20335 -0.0488 -0.393708 -0.178359 -0.0420444 -0.389256 -0.189841 -0.0258422 -0.399844 -0.213907 -0.0167656 -0.411026 -0.193406 -0.0167656 -0.404922 -0.17083 -0.0488 -0.384027 -0.171074 -0.0488 -0.403734 -0.20264 -0.0488 -0.413132 -0.20335 -0.0488 -0.393708 -0.17083 -0.0488 -0.384027 -0.209714 -0.00546763 -0.446076 -0.211668 -0.00216941 -0.439513 -0.211108 -0.00506273 -0.441392 -0.210352 -0.00738636 -0.443933 -0.211917 0.00120485 -0.43862 -0.209771 -0.0083438 -0.345989 -0.210844 -0.00497209 -0.349366 -0.190762 -0.00497209 -0.350197 -0.207196 -0.0167656 -0.340756 -0.187692 -0.0125166 -0.343782 -0.185824 -0.0167656 -0.34164 -0.208549 -0.012309 -0.34305 -0.189334 -0.00854972 -0.346654 -0.190762 -0.00497209 -0.350197 -0.212576 0.00138494 -0.356708 -0.192783 0.00138494 -0.357526 -0.210844 -0.00497209 -0.349366 -0.214125 0.00212737 -0.366271 -0.214263 0.0013864 -0.367294 -0.194596 0.00138494 -0.368106 -0.19386 0.00325331 -0.363441 -0.213579 0.00323368 -0.362627 -0.194069 0.00303667 -0.364694 -0.213956 0.00266841 -0.3651 -0.194268 0.00268921 -0.365917 -0.193203 0.0026911 -0.359699 -0.212966 0.0026902 -0.358879 -0.213171 0.00305662 -0.360099 -0.213377 0.00324844 -0.361356 -0.193642 0.00323481 -0.362172 -0.212766 0.00212949 -0.357738 -0.192989 0.00213034 -0.358558 -0.212576 0.00138494 -0.356708 -0.192783 0.00138494 -0.357526 -0.193422 0.00304899 -0.360918 -0.213773 0.00304297 -0.363883 -0.194447 0.00213679 -0.367068 -0.195109 -0.00546763 -0.376075 -0.194596 0.00138494 -0.368106 -0.214611 -0.00546763 -0.375269 -0.214273 0.00120485 -0.367502 -0.214263 0.0013864 -0.367294 -0.195109 -0.00546763 -0.376075 -0.214518 -0.00738636 -0.373035 -0.192555 -0.0130735 -0.367311 -0.188609 -0.0205548 -0.358751 -0.210225 -0.0205548 -0.357857 -0.214611 -0.00546763 -0.375269 -0.184179 -0.0283497 -0.355625 -0.188609 -0.0205548 -0.358751 -0.204684 -0.0350343 -0.351941 -0.197223 -0.0488 -0.346407 -0.178605 -0.0357182 -0.352728 -0.171933 -0.0426015 -0.350082 -0.164316 -0.0488 -0.347768 -0.210225 -0.0205548 -0.357857 -0.200649 -0.0332766 -0.334019 -0.174297 -0.0343402 -0.334656 -0.191588 -0.0488 -0.327805 -0.180803 -0.0258421 -0.337994 -0.207196 -0.0167656 -0.340756 -0.185824 -0.0167656 -0.34164 -0.166506 -0.0420444 -0.331709 -0.157686 -0.0488 -0.329207 -0.164316 -0.0488 -0.347768 -0.191588 -0.0488 -0.327805 -0.157686 -0.0488 -0.329207 -0.197223 -0.0488 -0.346407 -0.214611 -0.00546763 -0.375269 -0.214409 -0.00506273 -0.370386 -0.214518 -0.00738636 -0.373035 -0.214273 0.00120485 -0.367502 -0.214328 -0.00216941 -0.368427 -0.182167 -0.0083438 -0.280586 -0.184278 -0.00497209 -0.283432 -0.165554 -0.00497209 -0.290738 -0.178032 -0.0167656 -0.276473 -0.160567 -0.0125167 -0.285668 -0.158105 -0.0167656 -0.284248 -0.180056 -0.012309 -0.278203 -0.163053 -0.00854978 -0.287851 -0.165554 -0.00497209 -0.290738 -0.1883 0.00138494 -0.289813 -0.169845 0.00138494 -0.297014 -0.184278 -0.00497209 -0.283432 -0.19287 0.00212737 -0.298356 -0.193332 0.0013864 -0.299278 -0.174995 0.00138494 -0.306432 -0.172784 0.0032533 -0.302259 -0.19117 0.00323368 -0.295086 -0.173389 0.00303668 -0.303377 -0.19233 0.00266841 -0.297303 -0.173974 0.00268922 -0.304468 -0.170948 0.00269109 -0.298933 -0.189373 0.0026902 -0.291741 -0.189964 0.00305662 -0.292828 -0.190566 0.00324844 -0.29395 -0.172166 0.0032348 -0.30113 -0.188814 0.00212949 -0.290727 -0.170375 0.00213034 -0.297923 -0.1883 0.00138494 -0.289813 -0.169845 0.00138494 -0.297014 -0.171551 0.00304898 -0.300014 -0.191762 0.00304297 -0.296211 -0.174517 0.00213679 -0.305499 -0.178068 -0.00546763 -0.313803 -0.174995 0.00138494 -0.306432 -0.196251 -0.00546763 -0.306708 -0.19341 0.00120485 -0.299472 -0.193332 0.0013864 -0.299278 -0.178068 -0.00546763 -0.313803 -0.195438 -0.00738636 -0.304626 -0.172807 -0.0130734 -0.306343 -0.166295 -0.0205548 -0.299528 -0.18645 -0.0205548 -0.291664 -0.196251 -0.00546763 -0.306708 -0.16109 -0.0283496 -0.29801 -0.166295 -0.0205548 -0.299528 -0.179287 -0.0350343 -0.287867 -0.170434 -0.0488 -0.285056 -0.154877 -0.0357181 -0.297079 -0.147708 -0.0426014 -0.296744 -0.139752 -0.0488 -0.297028 -0.18645 -0.0205548 -0.291664 -0.144935 -0.0343401 -0.281386 -0.159064 -0.0488 -0.269292 -0.169652 -0.0332766 -0.272227 -0.136609 -0.0420444 -0.281128 -0.127454 -0.0488 -0.281626 -0.178032 -0.0167656 -0.276473 -0.152172 -0.0258421 -0.28243 -0.158105 -0.0167656 -0.284248 -0.127454 -0.0488 -0.281626 -0.170434 -0.0488 -0.285056 -0.159064 -0.0488 -0.269292 -0.139752 -0.0488 -0.297028 -0.196251 -0.00546763 -0.306708 -0.194474 -0.00506273 -0.302155 -0.195438 -0.00738636 -0.304626 -0.19341 0.00120485 -0.299472 -0.193762 -0.00216941 -0.300329 -0.134822 -0.0083438 -0.22769 -0.137742 -0.00497209 -0.229696 -0.122405 -0.00497209 -0.242687 -0.129575 -0.0167656 -0.225142 -0.116042 -0.0125167 -0.23951 -0.113252 -0.0167652 -0.238968 -0.132052 -0.012309 -0.226122 -0.119102 -0.00854977 -0.240767 -0.128502 0.00138494 -0.247229 -0.137742 -0.00497209 -0.229696 -0.143619 0.00138494 -0.234426 -0.122405 -0.00497209 -0.242687 -0.150715 0.00212737 -0.241022 -0.151452 0.0013864 -0.241744 -0.136431 0.00138494 -0.254464 -0.132984 0.0032533 -0.251235 -0.148045 0.00323368 -0.238481 -0.133919 0.0030367 -0.252096 -0.149862 0.00266841 -0.240201 -0.134828 0.00268922 -0.252938 -0.130168 0.00269109 -0.248685 -0.14526 0.0026902 -0.2359 -0.146171 0.00305662 -0.236737 -0.147106 0.00324844 -0.237603 -0.132033 0.0032348 -0.250368 -0.144401 0.00212949 -0.235123 -0.129298 0.00213034 -0.247916 -0.143619 0.00138494 -0.234426 -0.128502 0.00138494 -0.247229 -0.131089 0.00304897 -0.249513 -0.14897 0.00304297 -0.239353 -0.135676 0.00213679 -0.253737 -0.151588 0.00120485 -0.241902 -0.156625 -0.00546763 -0.247824 -0.136431 0.00138494 -0.254464 -0.141731 -0.00546763 -0.260438 -0.151452 0.0013864 -0.241744 -0.141731 -0.00546763 -0.260438 -0.15518 -0.00738636 -0.246118 -0.134332 -0.0130733 -0.255091 -0.12596 -0.0205548 -0.250759 -0.142469 -0.0205548 -0.236777 -0.156625 -0.00546763 -0.247824 -0.120544 -0.0283496 -0.251013 -0.12596 -0.0205548 -0.250759 -0.134463 -0.0350343 -0.235512 -0.125176 -0.0488 -0.235727 -0.114366 -0.035718 -0.25215 -0.107476 -0.0426014 -0.254161 -0.100043 -0.0488 -0.257013 -0.142469 -0.0205548 -0.236777 -0.107051 -0.025842 -0.239174 -0.0998665 -0.0343401 -0.240535 -0.109303 -0.0488 -0.224509 -0.0919078 -0.0420443 -0.242995 -0.12027 -0.0332766 -0.223847 -0.113252 -0.0167652 -0.238968 -0.129575 -0.0167656 -0.225142 -0.0834113 -0.0488 -0.246439 -0.100043 -0.0488 -0.257013 -0.109303 -0.0488 -0.224509 -0.0834113 -0.0488 -0.246439 -0.125176 -0.0488 -0.235727 -0.156625 -0.00546763 -0.247824 -0.153466 -0.00506273 -0.244094 -0.15518 -0.00738636 -0.246118 -0.151588 0.00120485 -0.241902 -0.152199 -0.00216941 -0.242598 -0.0728664 -0.0083438 -0.193033 -0.0762805 -0.00497209 -0.193982 -0.0659921 -0.00497209 -0.211249 -0.067077 -0.0167656 -0.192327 -0.0589422 -0.0125168 -0.21031 -0.0561277 -0.0167658 -0.210702 -0.0697374 -0.012309 -0.192449 -0.0622447 -0.00854987 -0.210506 -0.0732336 0.00138494 -0.213565 -0.0762805 -0.00497209 -0.193982 -0.083374 0.00138494 -0.196547 -0.0659921 -0.00497209 -0.211249 -0.0922276 0.0021274 -0.200482 -0.0931586 0.0013864 -0.200926 -0.0830818 0.00138494 -0.217834 -0.078774 0.00325328 -0.215899 -0.0888776 0.00323347 -0.198946 -0.0799374 0.00303662 -0.21641 -0.0911543 0.00266843 -0.199983 -0.0810703 0.00268921 -0.216912 -0.075282 0.00269107 -0.214402 -0.085405 0.0026902 -0.197409 -0.0865386 0.00305662 -0.197905 -0.0877034 0.00324812 -0.19842 -0.0775925 0.00323492 -0.215388 -0.0843406 0.00212948 -0.196952 -0.0742096 0.00213031 -0.213957 -0.083374 0.00138494 -0.196547 -0.0732336 0.00138494 -0.213565 -0.0764221 0.00304911 -0.214885 -0.0900356 0.00304294 -0.19947 -0.0821316 0.00213682 -0.217391 -0.0933388 0.00120485 -0.201031 -0.100025 -0.00546763 -0.204996 -0.0900345 -0.00546763 -0.221763 -0.0830818 0.00138494 -0.217834 -0.0931586 0.0013864 -0.200926 -0.0900345 -0.00546763 -0.221763 -0.098105 -0.00738636 -0.203852 -0.0813007 -0.0130732 -0.219109 -0.0719756 -0.0205548 -0.21773 -0.0830502 -0.0205548 -0.199144 -0.100025 -0.00546763 -0.204996 -0.0669356 -0.0283495 -0.219729 -0.0719756 -0.0205548 -0.21773 -0.0750664 -0.0350343 -0.200547 -0.0663528 -0.0488 -0.203767 -0.0614616 -0.035718 -0.22281 -0.0555975 -0.0426013 -0.226949 -0.0494938 -0.0488 -0.23206 -0.0830502 -0.0205548 -0.199144 -0.0503296 -0.0258421 -0.212912 -0.0439763 -0.0343401 -0.216532 -0.057856 -0.0332766 -0.194123 -0.0372474 -0.0420443 -0.221443 -0.067077 -0.0167656 -0.192327 -0.0561277 -0.0167658 -0.210702 -0.047698 -0.0488 -0.19831 -0.0303294 -0.0488 -0.227459 -0.0303294 -0.0488 -0.227459 -0.0494938 -0.0488 -0.23206 -0.047698 -0.0488 -0.19831 -0.0663528 -0.0488 -0.203767 -0.100025 -0.00546763 -0.204996 -0.0958268 -0.00506273 -0.202495 -0.098105 -0.00738636 -0.203852 -0.0933388 0.00120485 -0.201031 -0.0941428 -0.00216941 -0.201491 -0.00301508 -0.0083438 -0.180371 -0.00655242 -0.00497209 -0.18016 -0.00242777 -0.00497209 -0.199831 0.00269002 -0.0167656 -0.181582 0.00454447 -0.0125162 -0.201233 0.00707971 -0.0167656 -0.202518 0.00013407 -0.012309 -0.180834 0.00135725 -0.00854935 -0.200346 -0.0100291 0.00138494 -0.199671 -0.00655242 -0.00497209 -0.18016 -0.0140944 0.00138494 -0.180283 -0.00242777 -0.00497209 -0.199831 -0.0237457 0.0021274 -0.181129 -0.0247704 0.0013864 -0.181247 -0.0207298 0.00138494 -0.200511 -0.0160271 0.0032533 -0.20008 -0.0200787 0.00323347 -0.180764 -0.0172933 0.00303662 -0.200185 -0.0225686 0.00266843 -0.181006 -0.0185277 0.00268917 -0.200292 -0.0122382 0.00269111 -0.199797 -0.0162953 0.0026902 -0.180439 -0.0175283 0.00305662 -0.180539 -0.0187973 0.00324812 -0.180648 -0.0147436 0.00323496 -0.199979 -0.0151402 0.00212948 -0.180352 -0.0110794 0.00213034 -0.199725 -0.0140944 0.00138494 -0.180283 -0.0100291 0.00138494 -0.199671 -0.0134734 0.00304915 -0.199884 -0.0213441 0.00304294 -0.180884 -0.0196872 0.00213676 -0.200401 -0.024975 0.00120485 -0.181287 -0.032587 -0.00546763 -0.182867 -0.0285816 -0.00546763 -0.20197 -0.0207298 0.00138494 -0.200511 -0.0247704 0.0013864 -0.181247 -0.0285816 -0.00546763 -0.20197 -0.030399 -0.00738636 -0.182409 -0.0194591 -0.0130731 -0.202295 -0.0101915 -0.0205548 -0.204019 -0.0146314 -0.0205548 -0.182844 -0.032587 -0.00546763 -0.182867 -0.00607364 -0.0283495 -0.207545 -0.0101915 -0.0205548 -0.204019 -0.00753575 -0.0350343 -0.186763 -0.000339544 -0.0488 -0.192638 -0.00189669 -0.0357179 -0.212237 0.00230572 -0.0426013 -0.218056 0.00641924 -0.0488 -0.224872 -0.0146314 -0.0205548 -0.182844 0.0214494 -0.0420443 -0.218807 0.0260393 -0.0488 -0.226743 0.0190762 -0.0488 -0.193534 0.0118462 -0.025842 -0.20649 0.0108281 -0.0332766 -0.186276 0.0166795 -0.03434 -0.211977 0.00707971 -0.0167656 -0.202518 0.00269002 -0.0167656 -0.181582 0.0260393 -0.0488 -0.226743 0.00641924 -0.0488 -0.224872 0.0190762 -0.0488 -0.193534 -0.000339544 -0.0488 -0.192638 -0.032587 -0.00546763 -0.182867 -0.0278036 -0.00506273 -0.181864 -0.030399 -0.00738636 -0.182409 -0.024975 0.00120485 -0.181287 -0.0258849 -0.00216941 -0.181462 0.067163 -0.0083438 -0.191075 0.0638857 -0.00497209 -0.189727 0.0613996 -0.00497209 -0.209672 0.0721656 -0.0167656 -0.194074 0.0675391 -0.0125164 -0.213262 0.0695197 -0.0167656 -0.2153 0.069991 -0.012309 -0.192536 0.0648127 -0.00854953 -0.211388 0.0613996 -0.00497209 -0.209672 0.0638857 -0.00497209 -0.189727 0.0567125 0.00138494 -0.187394 0.0542622 0.00138494 -0.207052 0.0473094 0.00212737 -0.185061 0.046302 0.0013864 -0.18484 0.0438685 0.00138494 -0.204372 0.0484565 0.0032533 -0.205491 0.0508961 0.00323368 -0.185907 0.0472247 0.00303667 -0.20518 0.0484627 0.00266841 -0.185327 0.0460226 0.00268922 -0.20488 0.0521318 0.00269106 -0.206454 0.0545803 0.0026902 -0.186827 0.0533815 0.00305662 -0.186522 0.0521458 0.00324844 -0.186213 0.0497031 0.00323479 -0.205813 0.055701 0.00212949 -0.18712 0.0532513 0.00213032 -0.206762 0.0567125 0.00138494 -0.187394 0.0542622 0.00138494 -0.207052 0.0509352 0.00304896 -0.206136 0.0496604 0.00304297 -0.185609 0.0448905 0.00213679 -0.204606 0.0359685 -0.00546763 -0.203203 0.0438685 0.00138494 -0.204372 0.0383827 -0.00546763 -0.183834 0.0460953 0.00120485 -0.184812 0.046302 0.0013864 -0.18484 0.0359685 -0.00546763 -0.203203 0.0406011 -0.00738636 -0.184111 0.0445178 -0.0130974 -0.206485 0.0526969 -0.0205548 -0.211112 0.055373 -0.0205548 -0.189643 0.0383827 -0.00546763 -0.183834 0.0554465 -0.0283495 -0.215784 0.0526969 -0.0205548 -0.211112 0.0608115 -0.0350343 -0.195654 0.0657105 -0.0488 -0.203546 0.0578737 -0.0357179 -0.221578 0.0599591 -0.0426013 -0.228446 0.0616367 -0.0488 -0.236228 0.055373 -0.0205548 -0.189643 0.0783388 -0.0332766 -0.201155 0.0772407 -0.0400102 -0.233054 0.0837831 -0.0488 -0.210698 0.0750513 -0.0328361 -0.226025 0.0789984 -0.0464296 -0.240957 0.0721656 -0.0167656 -0.194074 0.0724602 -0.0250327 -0.220056 0.0695197 -0.0167656 -0.2153 0.0795862 -0.0488 -0.244368 0.0657105 -0.0488 -0.203546 0.0837831 -0.0488 -0.210698 0.0795862 -0.0488 -0.244368 0.0616367 -0.0488 -0.236228 0.0432327 -0.00506273 -0.184439 0.0383827 -0.00546763 -0.183834 0.0451779 -0.00216941 -0.184681 0.0406011 -0.00738636 -0.184111 0.0460953 0.00120485 -0.184812 0.130063 -0.0083438 -0.223986 0.127401 -0.00497209 -0.221647 0.118573 -0.00497209 -0.239704 0.133821 -0.0167656 -0.228447 0.123201 -0.0124694 -0.245066 0.124426 -0.0167656 -0.247664 0.132263 -0.012309 -0.226286 0.121237 -0.00852849 -0.242424 0.118573 -0.00497209 -0.239704 0.127401 -0.00497209 -0.221647 0.121374 0.00138494 -0.217112 0.112673 0.00138494 -0.234909 0.113238 0.0021274 -0.211852 0.112357 0.0013864 -0.211315 0.103713 0.00138494 -0.228999 0.107689 0.0032533 -0.231547 0.116356 0.00323347 -0.213816 0.106625 0.00303665 -0.230852 0.114242 0.00266843 -0.212478 0.105586 0.0026892 -0.230178 0.110853 0.00269109 -0.233652 0.119541 0.0026902 -0.215883 0.118507 0.00305662 -0.215205 0.117438 0.00324812 -0.214512 0.108764 0.00323494 -0.232256 0.120506 0.00212948 -0.216524 0.111812 0.00213033 -0.234306 0.121374 0.00138494 -0.217112 0.112673 0.00138494 -0.234909 0.109824 0.00304913 -0.232961 0.115283 0.00304294 -0.213134 0.104604 0.00213679 -0.229552 0.0966209 -0.00546763 -0.225328 0.103713 0.00138494 -0.228999 0.105193 -0.00546763 -0.207793 0.11217 0.00120485 -0.211222 0.112357 0.0013864 -0.211315 0.0966209 -0.00546763 -0.225328 0.107201 -0.00738636 -0.208775 0.103649 -0.0131056 -0.231215 0.109875 -0.0205548 -0.23824 0.119377 -0.0205548 -0.218803 0.105193 -0.00546763 -0.207793 0.12464 -0.0488 -0.23531 0.110175 -0.0488 -0.264899 0.111115 -0.0426023 -0.256994 0.122569 -0.0350343 -0.226254 0.111372 -0.0357178 -0.249821 0.110958 -0.0283487 -0.243553 0.119377 -0.0205548 -0.218803 0.109875 -0.0205548 -0.23824 0.126189 -0.0346058 -0.261283 0.139411 -0.0488 -0.247943 0.13736 -0.0332766 -0.237149 0.125754 -0.0420974 -0.269407 0.124509 -0.0488 -0.278426 0.133821 -0.0167656 -0.228447 0.125764 -0.0260035 -0.253848 0.124426 -0.0167656 -0.247664 0.124509 -0.0488 -0.278426 0.12464 -0.0488 -0.23531 0.139411 -0.0488 -0.247943 0.110175 -0.0488 -0.264899 0.109584 -0.00506273 -0.209939 0.105193 -0.00546763 -0.207793 0.111345 -0.00216941 -0.210801 0.107201 -0.00738636 -0.208775 0.11217 0.00120485 -0.211222 0.199135 0.0166066 -0.314636 0.180835 0.0164727 -0.32349 0.1985 0.0128099 -0.311862 0.180562 0.0207656 -0.326123 0.199323 0.0207656 -0.316951 0.180468 0.0125081 -0.320391 0.196821 0.0089744 -0.308428 0.179524 0.00897209 -0.316886 0.17875 0.0291835 -0.330984 0.197816 0.0371921 -0.325441 0.175532 0.0375238 -0.336496 0.180562 0.0207656 -0.326123 0.199323 0.0207656 -0.316951 0.19391 0.0528 -0.334718 0.170832 0.0454948 -0.342555 0.164676 0.0528 -0.34901 0.170491 0.032445 -0.31561 0.167322 0.0401722 -0.320811 0.190473 0.0386953 -0.308794 0.163099 0.0471572 -0.326173 0.191636 0.0245548 -0.30155 0.172414 0.0245548 -0.310947 0.187376 0.0528 -0.316965 0.158472 0.0528 -0.331096 0.172015 0.0224045 -0.308354 0.185245 0.00946763 -0.285108 0.167408 0.00946763 -0.293828 0.191636 0.0245548 -0.30155 0.172414 0.0245548 -0.310947 0.171853 0.00261506 -0.300542 0.185875 0.00851523 -0.286036 0.188894 0.00261506 -0.292212 0.167408 0.00946763 -0.293828 0.185245 0.00946763 -0.285108 0.158472 0.0528 -0.331096 0.19391 0.0528 -0.334718 0.187376 0.0528 -0.316965 0.164676 0.0528 -0.34901 0.190947 0.000746585 -0.296412 0.192082 0.000940372 -0.298733 0.191516 0.000746585 -0.297575 0.196821 0.0089744 -0.308428 0.195263 0.0150848 -0.30524 0.1985 0.0128099 -0.311862 0.190381 0.000940372 -0.295254 0.189833 0.0013299 -0.294132 0.19263 0.0013299 -0.299855 0.193133 0.00189934 -0.300882 0.18933 0.00189934 -0.293105 0.193569 0.00261506 -0.301775 0.188894 0.00261506 -0.292212 0.188599 0.0131168 -0.29161 0.191867 0.0151823 -0.298294 0.185875 0.00851523 -0.286036 0.214764 0.0166066 -0.383703 0.194581 0.0164727 -0.386136 0.215065 0.0128099 -0.380874 0.193468 0.0207656 -0.388537 0.21419 0.0207656 -0.385954 0.19524 0.0125081 -0.383085 0.214592 0.0089744 -0.37708 0.195486 0.00897209 -0.379464 0.185342 0.0375239 -0.396716 0.210008 0.0371921 -0.393495 0.203301 0.0528 -0.401001 0.190175 0.0291836 -0.392547 0.17893 0.0454949 -0.40092 0.171011 0.0528 -0.405026 0.193468 0.0207656 -0.388537 0.21419 0.0207656 -0.385954 0.179255 0.0445357 -0.381498 0.17096 0.0528 -0.386068 0.202886 0.0528 -0.382089 0.185924 0.0350539 -0.376615 0.208468 0.0386953 -0.375365 0.190689 0.0245548 -0.371539 0.211921 0.0245548 -0.368892 0.191737 0.0179779 -0.363686 0.211215 0.00946763 -0.351266 0.191513 0.00946763 -0.353722 0.211921 0.0245548 -0.368892 0.190689 0.0245548 -0.371539 0.193537 0.00261506 -0.361515 0.211509 0.00851523 -0.352347 0.212359 0.00261506 -0.359169 0.191513 0.00946763 -0.353722 0.211215 0.00946763 -0.351266 0.17096 0.0528 -0.386068 0.203301 0.0528 -0.401001 0.202886 0.0528 -0.382089 0.171011 0.0528 -0.405026 0.212937 0.000746585 -0.363809 0.213257 0.000940372 -0.366372 0.213097 0.000746585 -0.365093 0.214592 0.0089744 -0.37708 0.214153 0.0150848 -0.373559 0.215065 0.0128099 -0.380874 0.212778 0.000940372 -0.362529 0.212623 0.0013299 -0.36129 0.213411 0.0013299 -0.367611 0.213553 0.00189934 -0.368746 0.212482 0.00189934 -0.360155 0.213676 0.00261506 -0.369733 0.212359 0.00261506 -0.359169 0.212276 0.0131168 -0.358504 0.213196 0.0151823 -0.365887 0.211509 0.00851523 -0.352347 0.20712 0.0166066 -0.454103 0.187241 0.0164727 -0.449851 0.208323 0.0128099 -0.451525 0.185409 0.0207658 -0.451761 0.205847 0.0207656 -0.456046 0.188854 0.0125081 -0.447179 0.209108 0.0089744 -0.447783 0.190264 0.00897216 -0.443834 0.174507 0.038206 -0.457031 0.199443 0.0371921 -0.46182 0.190662 0.0528 -0.466742 0.180635 0.029762 -0.454658 0.167257 0.0458516 -0.458824 0.158814 0.0528 -0.460064 0.185409 0.0207658 -0.451761 0.205847 0.0207656 -0.456046 0.182145 0.0350539 -0.438035 0.174251 0.0445357 -0.440488 0.203873 0.0386953 -0.444173 0.19641 0.0528 -0.44872 0.20924 0.0245548 -0.439171 0.1883 0.0245548 -0.434781 0.164922 0.0528 -0.442117 0.191841 0.0179772 -0.427693 0.1883 0.0245548 -0.434781 0.20924 0.0245548 -0.439171 0.214296 0.00946763 -0.422271 0.194864 0.00946763 -0.418196 0.194247 0.00261506 -0.426225 0.214223 0.00851523 -0.423389 0.212812 0.00261506 -0.430117 0.194864 0.00946763 -0.418196 0.214296 0.00946763 -0.422271 0.158814 0.0528 -0.460064 0.19641 0.0528 -0.44872 0.164922 0.0528 -0.442117 0.190662 0.0528 -0.466742 0.211852 0.000746585 -0.434693 0.211322 0.000940372 -0.437222 0.211587 0.000746585 -0.43596 0.209108 0.0089744 -0.447783 0.209836 0.0150848 -0.44431 0.208323 0.0128099 -0.451525 0.212117 0.000940372 -0.433431 0.212373 0.0013299 -0.43221 0.211066 0.0013299 -0.438444 0.210831 0.00189934 -0.439563 0.212608 0.00189934 -0.43109 0.210627 0.00261506 -0.440536 0.212812 0.00261506 -0.430117 0.212949 0.0131168 -0.429462 0.211423 0.0151823 -0.436743 0.214223 0.00851523 -0.423389 0.177032 0.0166066 -0.518207 0.15961 0.0164727 -0.50773 0.179007 0.0128099 -0.516159 0.157257 0.0207656 -0.508941 0.175196 0.0207656 -0.519631 0.162004 0.0125081 -0.505727 0.180964 0.0089744 -0.512875 0.164422 0.00897209 -0.50302 0.145821 0.037524 -0.510404 0.167265 0.0371921 -0.523013 0.157361 0.0528 -0.524817 0.152196 0.0291837 -0.510083 0.138179 0.045495 -0.509783 0.129407 0.0528 -0.50816 0.157257 0.0207656 -0.508941 0.175196 0.0207656 -0.519631 0.177185 0.0386953 -0.50776 0.158627 0.0350539 -0.494899 0.16865 0.0528 -0.509637 0.183885 0.0245548 -0.504772 0.165505 0.0245548 -0.49382 0.150364 0.0445358 -0.494657 0.141012 0.0528 -0.493169 0.171157 0.0179763 -0.488266 0.165505 0.0245548 -0.49382 0.183885 0.0245548 -0.504772 0.194154 0.00946763 -0.490429 0.177098 0.00946763 -0.480266 0.173909 0.00261506 -0.487659 0.193722 0.00851523 -0.491463 0.190203 0.00261506 -0.497369 0.177098 0.00946763 -0.480266 0.194154 0.00946763 -0.490429 0.129407 0.0528 -0.50816 0.16865 0.0528 -0.509637 0.141012 0.0528 -0.493169 0.157361 0.0528 -0.524817 0.18781 0.000746585 -0.501385 0.186487 0.000940372 -0.503605 0.187147 0.000746585 -0.502497 0.180964 0.0089744 -0.512875 0.18278 0.0150848 -0.509826 0.179007 0.0128099 -0.516159 0.18847 0.000940372 -0.500278 0.189109 0.0013299 -0.499205 0.185848 0.0013299 -0.504677 0.185263 0.00189934 -0.50566 0.189694 0.00189934 -0.498223 0.184754 0.00261506 -0.506514 0.190203 0.00261506 -0.497369 0.190546 0.0131168 -0.496793 0.186738 0.0151823 -0.503185 0.193722 0.00851523 -0.491463 0.127759 0.0166066 -0.569068 0.114684 0.0164727 -0.553502 0.130292 0.0128099 -0.567772 0.112065 0.0207656 -0.553883 0.125561 0.0207656 -0.569818 0.117598 0.0125081 -0.552384 0.133209 0.0089744 -0.565301 0.120764 0.00897209 -0.55061 0.100142 0.0383067 -0.551315 0.116961 0.0371921 -0.570442 0.107008 0.0528 -0.568932 0.106597 0.0296454 -0.553255 0.0934718 0.0457798 -0.548344 0.0859775 0.0528 -0.544101 0.112065 0.0207656 -0.553883 0.125561 0.0207656 -0.569818 0.110183 0.0445358 -0.538134 0.101821 0.0528 -0.53369 0.122614 0.0528 -0.558241 0.131296 0.0386953 -0.559236 0.138604 0.0245548 -0.558586 0.11792 0.035054 -0.541047 0.124775 0.0245548 -0.542259 0.131926 0.0179753 -0.53884 0.138604 0.0245548 -0.558586 0.152974 0.00946763 -0.548355 0.140142 0.00946763 -0.533204 0.124775 0.0245548 -0.542259 0.134724 0.00261506 -0.539161 0.152229 0.00851523 -0.549192 0.146983 0.00261506 -0.553635 0.140142 0.00946763 -0.533204 0.152974 0.00946763 -0.548355 0.101821 0.0528 -0.53369 0.0859775 0.0528 -0.544101 0.107008 0.0528 -0.568932 0.122614 0.0528 -0.558241 0.143415 0.000746585 -0.556657 0.141444 0.000940372 -0.558327 0.142428 0.000746585 -0.557493 0.133209 0.0089744 -0.565301 0.135917 0.0150848 -0.563008 0.130292 0.0128099 -0.567772 0.144399 0.000940372 -0.555824 0.145352 0.0013299 -0.555017 0.140491 0.0013299 -0.559134 0.139618 0.00189934 -0.559873 0.146224 0.00189934 -0.554278 0.13886 0.00261506 -0.560515 0.146983 0.00261506 -0.553635 0.147494 0.0131168 -0.553202 0.141817 0.0151823 -0.558011 0.152229 0.00851523 -0.549192 0.0646418 0.0166066 -0.601174 0.057329 0.0164727 -0.582206 0.0674584 0.0128099 -0.60077 0.0547281 0.0207656 -0.581716 0.0623191 0.0207656 -0.60117 0.0604482 0.0125081 -0.582095 0.0710199 0.0089744 -0.599381 0.0640189 0.00897209 -0.581444 0.0442852 0.0383067 -0.575416 0.0539822 0.0371921 -0.598967 0.0450593 0.0528 -0.594308 0.0497608 0.0296455 -0.579346 0.0389411 0.0457799 -0.57044 0.0332306 0.0528 -0.563993 0.0547281 0.0207656 -0.581716 0.0623191 0.0207656 -0.60117 0.0711791 0.0386953 -0.593023 0.0580624 0.0445358 -0.56621 0.0632912 0.0528 -0.589263 0.078302 0.0245548 -0.594781 0.064434 0.035054 -0.571476 0.0515961 0.0528 -0.559291 0.0705243 0.0245548 -0.574849 0.0783984 0.0179743 -0.573937 0.0705243 0.0245548 -0.574849 0.078302 0.0245548 -0.594781 0.0952155 0.00946763 -0.58977 0.0879983 0.00946763 -0.571274 0.08094 0.00261506 -0.575149 0.0942392 0.00851523 -0.59032 0.0878351 0.00261506 -0.592819 0.0879983 0.00946763 -0.571274 0.0952155 0.00946763 -0.58977 0.0515961 0.0528 -0.559291 0.0332306 0.0528 -0.563993 0.0450593 0.0528 -0.594308 0.0632912 0.0528 -0.589263 0.0834793 0.000746585 -0.594519 0.0810724 0.000940372 -0.595458 0.0822737 0.000746585 -0.594989 0.0710199 0.0089744 -0.599381 0.0743255 0.0150848 -0.598091 0.0674584 0.0128099 -0.60077 0.0846806 0.000940372 -0.59405 0.0858435 0.0013299 -0.593597 0.0799095 0.0013299 -0.595912 0.0788441 0.00189934 -0.596328 0.0869089 0.00189934 -0.593181 0.0779179 0.00261506 -0.596689 0.0878351 0.00261506 -0.592819 0.0884594 0.0131168 -0.592576 0.0815281 0.0151823 -0.59528 0.0942392 0.00851523 -0.59032 -0.00548047 0.0166066 -0.611046 -0.00623802 0.0164727 -0.590731 -0.00268549 0.0128099 -0.611579 -0.00853899 0.0207656 -0.589423 -0.00767602 0.0207656 -0.610288 -0.00325205 0.0125081 -0.591639 0.00113421 0.0089744 -0.611421 0.000336491 0.00897209 -0.592183 -0.0163706 0.0383067 -0.580074 -0.014846 0.0371921 -0.605498 -0.0217726 0.0528 -0.598194 -0.0124677 0.0296455 -0.585569 -0.0198095 0.0457799 -0.573633 -0.0231173 0.0528 -0.565681 -0.00853899 0.0207656 -0.589423 -0.00767602 0.0207656 -0.610288 0.003349 0.0386953 -0.60546 0.00396566 0.035054 -0.58289 -0.00289048 0.0528 -0.599342 0.00863091 0.0245548 -0.588058 0.0095151 0.0245548 -0.609436 -0.000350561 0.0445358 -0.57584 -0.00422003 0.0528 -0.567197 0.0163757 0.0179734 -0.589752 0.0095151 0.0245548 -0.609436 0.0271395 0.00946763 -0.610187 0.026319 0.00946763 -0.59035 0.00863091 0.0245548 -0.588058 0.0183849 0.00261506 -0.591723 0.0260373 0.00851523 -0.610391 0.0191688 0.00261506 -0.610675 0.026319 0.00946763 -0.59035 0.0271395 0.00946763 -0.610187 -0.00422003 0.0528 -0.567197 -0.0217726 0.0528 -0.598194 -0.00289048 0.0528 -0.599342 -0.0231173 0.0528 -0.565681 0.0144972 0.000746585 -0.610868 0.0119157 0.000940372 -0.610975 0.0132041 0.000746585 -0.610922 0.00113421 0.0089744 -0.611421 0.0046796 0.0150848 -0.611274 -0.00268549 0.0128099 -0.611579 0.0157856 0.000940372 -0.610815 0.0170328 0.0013299 -0.610763 0.0106684 0.0013299 -0.611027 0.00952578 0.00189934 -0.611074 0.0181755 0.00189934 -0.610716 0.0085325 0.00261506 -0.611115 0.0191688 0.00261506 -0.610675 0.0198384 0.0131168 -0.610647 0.0124045 0.0151823 -0.610955 0.0260373 0.00851523 -0.610391 -0.0750088 0.0166066 -0.597615 -0.0691291 0.0164727 -0.578155 -0.0725384 0.0128099 -0.599026 -0.0708808 0.0207656 -0.576171 -0.0768394 0.0207656 -0.596185 -0.0665999 0.0125081 -0.579983 -0.0688744 0.0089744 -0.600117 -0.0633824 0.00897209 -0.581663 -0.0752524 0.0383067 -0.564785 -0.0820655 0.0371921 -0.589326 -0.0862451 0.0528 -0.580169 -0.0733452 0.0296456 -0.571249 -0.0764134 0.04578 -0.557576 -0.0769601 0.0528 -0.548981 -0.0708808 0.0207656 -0.576171 -0.0768394 0.0207656 -0.596185 -0.0587256 0.0445358 -0.565982 -0.064844 0.0386953 -0.595198 -0.0569324 0.035054 -0.574052 -0.0603029 0.0245548 -0.600961 -0.0541978 0.0245548 -0.580454 -0.0687589 0.0528 -0.587386 -0.0595788 0.0528 -0.55655 -0.0474221 0.0179728 -0.584571 -0.0603029 0.0245548 -0.600961 -0.0438776 0.00946763 -0.607394 -0.0382124 0.00946763 -0.588365 -0.0541978 0.0245548 -0.580454 -0.0461625 0.00261506 -0.587088 -0.0449862 0.00851523 -0.607229 -0.0515748 0.00261506 -0.605268 -0.0382124 0.00946763 -0.588365 -0.0438776 0.00946763 -0.607394 -0.0769601 0.0528 -0.548981 -0.0687589 0.0528 -0.587386 -0.0595788 0.0528 -0.55655 -0.0862451 0.0528 -0.580169 -0.0548201 0.000940372 -0.604301 -0.0572964 0.000746585 -0.603564 -0.056056 0.000746585 -0.603933 -0.0654735 0.0150848 -0.60113 -0.0688744 0.0089744 -0.600117 -0.0580634 0.0151823 -0.603336 -0.0585322 0.000940372 -0.603196 -0.0597287 0.0013299 -0.60284 -0.0536237 0.0013299 -0.604658 -0.0525276 0.00189934 -0.604984 -0.0608248 0.00189934 -0.602514 -0.0515748 0.00261506 -0.605268 -0.0617776 0.00261506 -0.60223 -0.0509325 0.0131168 -0.605459 -0.0725384 0.0128099 -0.599026 -0.0449862 0.00851523 -0.607229 -0.136409 0.0166066 -0.562335 -0.124529 0.0164727 -0.545839 -0.134531 0.0128099 -0.564473 -0.125542 0.0207656 -0.543393 -0.137676 0.0207656 -0.560389 -0.122731 0.0125081 -0.54839 -0.131419 0.0089744 -0.566694 -0.120233 0.00897209 -0.551023 -0.126038 0.0377023 -0.531725 -0.126265 0.0292922 -0.538181 -0.140392 0.0371921 -0.552205 -0.141372 0.0528 -0.542186 -0.124756 0.0457028 -0.524092 -0.122463 0.0528 -0.515703 -0.137676 0.0207656 -0.560389 -0.125542 0.0207656 -0.543393 -0.12601 0.0386953 -0.56335 -0.111661 0.035054 -0.545919 -0.127176 0.0528 -0.55469 -0.111153 0.0245548 -0.552862 -0.123586 0.0245548 -0.570275 -0.110737 0.0445358 -0.537704 -0.108481 0.0528 -0.528506 -0.106081 0.0179724 -0.558956 -0.123586 0.0245548 -0.570275 -0.11014 0.00946763 -0.581693 -0.0986029 0.00946763 -0.565535 -0.111153 0.0245548 -0.552862 -0.105707 0.00261506 -0.561745 -0.111135 0.00851523 -0.581177 -0.116729 0.00261506 -0.577183 -0.0986029 0.00946763 -0.565535 -0.11014 0.00946763 -0.581693 -0.122463 0.0528 -0.515703 -0.127176 0.0528 -0.55469 -0.108481 0.0528 -0.528506 -0.141372 0.0528 -0.542186 -0.119485 0.000940372 -0.575215 -0.121588 0.000746585 -0.573714 -0.120535 0.000746585 -0.574466 -0.128531 0.0150848 -0.568756 -0.131419 0.0089744 -0.566694 -0.122239 0.0151823 -0.573249 -0.122637 0.000940372 -0.572964 -0.123653 0.0013299 -0.572239 -0.118469 0.0013299 -0.57594 -0.117538 0.00189934 -0.576605 -0.124584 0.00189934 -0.571574 -0.116729 0.00261506 -0.577183 -0.125393 0.00261506 -0.570997 -0.116184 0.0131168 -0.577572 -0.134531 0.0128099 -0.564473 -0.111135 0.00851523 -0.581177 -0.183027 0.0166066 -0.509031 -0.166434 0.0164727 -0.497286 -0.181944 0.0128099 -0.511662 -0.166598 0.0207656 -0.494644 -0.183593 0.0207656 -0.506778 -0.165562 0.0125081 -0.500282 -0.179723 0.0089744 -0.514774 -0.164054 0.00897209 -0.503584 -0.163055 0.0383067 -0.482974 -0.16552 0.0296455 -0.489247 -0.183505 0.0371921 -0.498156 -0.183593 0.0207656 -0.506778 -0.181178 0.0528 -0.488362 -0.159543 0.0457799 -0.476572 -0.154695 0.0528 -0.469454 -0.166598 0.0207656 -0.494644 -0.173521 0.0386953 -0.513367 -0.154289 0.035054 -0.501539 -0.171812 0.0528 -0.504798 -0.156064 0.0245548 -0.508271 -0.173477 0.0245548 -0.520704 -0.150748 0.0445358 -0.49407 -0.145628 0.0528 -0.486103 -0.173477 0.0245548 -0.520704 -0.164467 0.00946763 -0.53587 -0.153245 0.0179724 -0.515682 -0.148308 0.00946763 -0.524333 -0.156064 0.0245548 -0.508271 -0.153797 0.00261506 -0.518442 -0.16524 0.00851523 -0.535058 -0.169235 0.00261506 -0.529464 -0.148308 0.00946763 -0.524333 -0.164467 0.00946763 -0.53587 -0.145628 0.0528 -0.486103 -0.152584 0.0528 -0.473745 -0.181178 0.0528 -0.488362 -0.171812 0.0528 -0.504798 -0.154695 0.0528 -0.469454 -0.171202 0.000940372 -0.526708 -0.172703 0.000746585 -0.524605 -0.171951 0.000746585 -0.525658 -0.177661 0.0150848 -0.517662 -0.179723 0.0089744 -0.514774 -0.173168 0.0151823 -0.523954 -0.173453 0.000940372 -0.523556 -0.174178 0.0013299 -0.52254 -0.170477 0.0013299 -0.527724 -0.169812 0.00189934 -0.528655 -0.174843 0.00189934 -0.521609 -0.169235 0.00261506 -0.529464 -0.17542 0.00261506 -0.5208 -0.168845 0.0131168 -0.530009 -0.181944 0.0128099 -0.511662 -0.16524 0.00851523 -0.535058 -0.209811 0.0166066 -0.443478 -0.190304 0.0164727 -0.437757 -0.209642 0.0128099 -0.446318 -0.189601 0.0207656 -0.435205 -0.209615 0.0207656 -0.441164 -0.190451 0.0125081 -0.440874 -0.208551 0.0089744 -0.449982 -0.190098 0.00897209 -0.444486 -0.206732 0.0371921 -0.433037 -0.186829 0.0296455 -0.43045 -0.209615 0.0207656 -0.441164 -0.201351 0.0528 -0.424529 -0.170164 0.0528 -0.415244 -0.17706 0.0457799 -0.420403 -0.18246 0.0383067 -0.425318 -0.189601 0.0207656 -0.435205 -0.202228 0.0386953 -0.450666 -0.180198 0.035054 -0.445723 -0.197829 0.0528 -0.443115 -0.184062 0.0245548 -0.451514 -0.204569 0.0245548 -0.457619 -0.174423 0.0445358 -0.439808 -0.166994 0.0528 -0.433935 -0.204569 0.0245548 -0.457619 -0.200971 0.00946763 -0.474889 -0.183803 0.0179727 -0.459439 -0.181942 0.00946763 -0.469224 -0.184062 0.0245548 -0.451514 -0.185221 0.00261506 -0.46187 -0.201439 0.00851523 -0.47387 -0.203401 0.00261506 -0.467282 -0.181942 0.00946763 -0.469224 -0.200971 0.00946763 -0.474889 -0.201351 0.0528 -0.424529 -0.197829 0.0528 -0.443115 -0.166994 0.0528 -0.433935 -0.170164 0.0528 -0.415244 -0.204367 0.000940372 -0.464037 -0.205104 0.000746585 -0.46156 -0.204735 0.000746585 -0.462801 -0.207538 0.0150848 -0.453383 -0.208551 0.0089744 -0.449982 -0.205332 0.0151823 -0.460793 -0.205472 0.000940372 -0.460324 -0.205828 0.0013299 -0.459128 -0.204011 0.0013299 -0.465233 -0.203684 0.00189934 -0.466329 -0.206154 0.00189934 -0.458032 -0.203401 0.00261506 -0.467282 -0.206438 0.00261506 -0.457079 -0.203209 0.0131168 -0.467924 -0.209642 0.0128099 -0.446318 -0.201439 0.00851523 -0.47387 -0.213859 0.0166066 -0.37278 -0.193551 0.0164727 -0.373703 -0.214621 0.0128099 -0.375521 -0.192058 0.0207656 -0.371517 -0.212922 0.0207656 -0.370654 -0.194703 0.0125081 -0.376603 -0.214779 0.0089744 -0.379341 -0.195541 0.00897209 -0.380135 -0.182094 0.0383067 -0.364485 -0.207556 0.0371921 -0.363904 -0.199705 0.0528 -0.357605 -0.187892 0.0296455 -0.36792 -0.17539 0.0457799 -0.361589 -0.167193 0.0528 -0.358949 -0.212922 0.0207656 -0.370654 -0.192058 0.0207656 -0.371517 -0.209021 0.0386953 -0.382041 -0.18658 0.035054 -0.384519 -0.202409 0.0528 -0.376328 -0.192115 0.0245548 -0.388741 -0.213492 0.0245548 -0.387857 -0.179197 0.0445358 -0.3808 -0.170263 0.0528 -0.377657 -0.213492 0.0245548 -0.387857 -0.215697 0.00946763 -0.405359 -0.194442 0.0179733 -0.39632 -0.192115 0.0245548 -0.388741 -0.19586 0.00946763 -0.40618 -0.196573 0.00261506 -0.398159 -0.215809 0.00851523 -0.404244 -0.215525 0.00261506 -0.397376 -0.19586 0.00946763 -0.40618 -0.215697 0.00946763 -0.405359 -0.202409 0.0528 -0.376328 -0.170263 0.0528 -0.377657 -0.199705 0.0528 -0.357605 -0.167193 0.0528 -0.358949 -0.215225 0.000940372 -0.390123 -0.215278 0.000746585 -0.391411 -0.215332 0.000746585 -0.392704 -0.215385 0.000940372 -0.393992 -0.215437 0.0013299 -0.39524 -0.215173 0.0013299 -0.388875 -0.215126 0.00189934 -0.387733 -0.215484 0.00189934 -0.396382 -0.215085 0.00261506 -0.386739 -0.215525 0.00261506 -0.397376 -0.214779 0.0089744 -0.379341 -0.215553 0.0131168 -0.398045 -0.214621 0.0128099 -0.375521 -0.214926 0.0150848 -0.382886 -0.215245 0.0151823 -0.390611 -0.215809 0.00851523 -0.404244 -0.194732 0.0166066 -0.304598 -0.175824 0.0164727 -0.312065 -0.196343 0.0128099 -0.306944 -0.173702 0.0207656 -0.310483 -0.193156 0.0207656 -0.302892 -0.177855 0.0125081 -0.314434 -0.197732 0.0089744 -0.310505 -0.179795 0.00897209 -0.317502 -0.168594 0.0296454 -0.308433 -0.185889 0.0371921 -0.29825 -0.161994 0.0383067 -0.307067 -0.193156 0.0207656 -0.302892 -0.176418 0.0528 -0.294841 -0.146103 0.0528 -0.30667 -0.154714 0.0457798 -0.306505 -0.173702 0.0207656 -0.310483 -0.199281 0.0245548 -0.318978 -0.179348 0.0245548 -0.326755 -0.193163 0.0386953 -0.314928 -0.172742 0.0350539 -0.324559 -0.164552 0.0445357 -0.323438 -0.185054 0.0528 -0.311671 -0.155082 0.0528 -0.323367 -0.199281 0.0245548 -0.318978 -0.207049 0.00946763 -0.334815 -0.18401 0.0179742 -0.333166 -0.179348 0.0245548 -0.326755 -0.188553 0.00946763 -0.342033 -0.186623 0.00261506 -0.334215 -0.206793 0.00851523 -0.333724 -0.204294 0.00261506 -0.32732 -0.188553 0.00946763 -0.342033 -0.207049 0.00946763 -0.334815 -0.155082 0.0528 -0.323367 -0.146103 0.0528 -0.30667 -0.185054 0.0528 -0.311671 -0.176418 0.0528 -0.294841 -0.201655 0.000940372 -0.320558 -0.202124 0.000746585 -0.321759 -0.202594 0.000746585 -0.322964 -0.203063 0.000940372 -0.324166 -0.203517 0.0013299 -0.325329 -0.201201 0.0013299 -0.319395 -0.200786 0.00189934 -0.318329 -0.203932 0.00189934 -0.326394 -0.200424 0.00261506 -0.317403 -0.204294 0.00261506 -0.32732 -0.197732 0.0089744 -0.310505 -0.204537 0.0131168 -0.327945 -0.196343 0.0128099 -0.306944 -0.199022 0.0150848 -0.313811 -0.201833 0.0151823 -0.321013 -0.206793 0.00851523 -0.333724 -0.154503 0.0166066 -0.246321 -0.139043 0.0164727 -0.259523 -0.156788 0.0128099 -0.248016 -0.136523 0.0207656 -0.258716 -0.152458 0.0207656 -0.245219 -0.141734 0.0125081 -0.261104 -0.159259 0.0089744 -0.250934 -0.144565 0.00897209 -0.263376 -0.144078 0.0371921 -0.243188 -0.134013 0.0528 -0.243039 -0.131026 0.0296454 -0.258436 -0.152458 0.0207656 -0.245219 -0.117272 0.0457798 -0.261118 -0.12434 0.0383067 -0.259286 -0.109181 0.0528 -0.26407 -0.136523 0.0207656 -0.258716 -0.156373 0.0386953 -0.256601 -0.140186 0.0350539 -0.27234 -0.147646 0.0528 -0.256154 -0.147147 0.0245548 -0.272273 -0.163474 0.0245548 -0.258445 -0.132075 0.0445357 -0.27394 -0.123095 0.0528 -0.276947 -0.153636 0.0179763 -0.276821 -0.147147 0.0245548 -0.272273 -0.163474 0.0245548 -0.258445 -0.175964 0.00946763 -0.270902 -0.160813 0.00946763 -0.283734 -0.15645 0.00261506 -0.276966 -0.175367 0.00851523 -0.269953 -0.170924 0.00261506 -0.264707 -0.160813 0.00946763 -0.283734 -0.175964 0.00946763 -0.270902 -0.109181 0.0528 -0.26407 -0.147646 0.0528 -0.256154 -0.123095 0.0528 -0.276947 -0.134013 0.0528 -0.243039 -0.166233 0.000940372 -0.259168 -0.167066 0.000746585 -0.260152 -0.167902 0.000746585 -0.26114 -0.168736 0.000940372 -0.262123 -0.169543 0.0013299 -0.263076 -0.165426 0.0013299 -0.258215 -0.164687 0.00189934 -0.257343 -0.170282 0.00189934 -0.263949 -0.164044 0.00261506 -0.256584 -0.170924 0.00261506 -0.264707 -0.159259 0.0089744 -0.250934 -0.171357 0.0131168 -0.265219 -0.156788 0.0128099 -0.248016 -0.161552 0.0150848 -0.253641 -0.166549 0.0151823 -0.259541 -0.175367 0.00851523 -0.269953 -0.0975306 0.0166066 -0.204264 -0.0871954 0.0164727 -0.22177 -0.100242 0.0128099 -0.205126 -0.0845497 0.0207657 -0.221825 -0.095239 0.0207656 -0.203886 -0.0902538 0.0125081 -0.222392 -0.103527 0.0089744 -0.207083 -0.0936696 0.00897219 -0.223621 -0.0737957 0.0375239 -0.225981 -0.0795546 0.0291837 -0.223229 -0.0866532 0.0371921 -0.204686 -0.0673696 0.0454949 -0.230165 -0.0770851 0.0528 -0.207813 -0.0604282 0.0528 -0.235767 -0.095239 0.0207656 -0.203886 -0.0845497 0.0207657 -0.221825 -0.102637 0.0386953 -0.213379 -0.0924376 0.0350539 -0.233522 -0.094238 0.0528 -0.21579 -0.0990001 0.0245548 -0.231198 -0.109952 0.0245548 -0.212818 -0.0852861 0.0445357 -0.237668 -0.0777692 0.0528 -0.243429 -0.109952 0.0245548 -0.212818 -0.12581 0.00946763 -0.220545 -0.106614 0.0179761 -0.233393 -0.115647 0.00946763 -0.237601 -0.0990001 0.0245548 -0.231198 -0.109323 0.00261506 -0.232617 -0.124938 0.00851523 -0.219841 -0.119033 0.00261506 -0.216322 -0.115647 0.00946763 -0.237601 -0.12581 0.00946763 -0.220545 -0.0777692 0.0528 -0.243429 -0.0770851 0.0528 -0.207813 -0.094238 0.0528 -0.21579 -0.0604282 0.0528 -0.235767 -0.112796 0.000940372 -0.212606 -0.113904 0.000746585 -0.213266 -0.115016 0.000746585 -0.213929 -0.116124 0.000940372 -0.214589 -0.117196 0.0013299 -0.215228 -0.111724 0.0013299 -0.211967 -0.110742 0.00189934 -0.211382 -0.118179 0.00189934 -0.215813 -0.109888 0.00261506 -0.210873 -0.119033 0.00261506 -0.216322 -0.103527 0.0089744 -0.207083 -0.119608 0.0131168 -0.216665 -0.100242 0.0128099 -0.205126 -0.106575 0.0150848 -0.208899 -0.113217 0.0151823 -0.212857 -0.124938 0.00851523 -0.219841 -0.0299897 0.0166066 -0.182985 -0.0258988 0.0164727 -0.202898 -0.0328343 0.0128099 -0.182919 -0.0234138 0.0207654 -0.20381 -0.0276993 0.0207656 -0.183371 -0.0289935 0.0125081 -0.202494 -0.0365759 0.0089744 -0.183704 -0.0326225 0.00897201 -0.202549 -0.0198386 0.0371921 -0.186916 -0.0191456 0.0291836 -0.206759 -0.0276993 0.0207656 -0.183371 -0.00987268 0.0454949 -0.217275 -0.0145922 0.0375239 -0.211232 -0.0118043 0.0528 -0.19298 -0.00512655 0.0528 -0.224828 -0.0234138 0.0207654 -0.20381 -0.0346727 0.0350539 -0.212311 -0.0306179 0.0528 -0.194956 -0.0377793 0.0386953 -0.189948 -0.0292549 0.0445357 -0.218555 -0.0401249 0.0245548 -0.207982 -0.0445157 0.0245548 -0.187042 -0.0240156 0.0528 -0.226444 -0.0445157 0.0245548 -0.187042 -0.0620234 0.00946763 -0.189201 -0.0480384 0.0179771 -0.207586 -0.0401249 0.0245548 -0.207982 -0.057949 0.00946763 -0.208633 -0.0503492 0.00261506 -0.205972 -0.0609698 0.00851523 -0.188819 -0.0542417 0.00261506 -0.187408 -0.057949 0.00946763 -0.208633 -0.0620234 0.00946763 -0.189201 -0.0240156 0.0528 -0.226444 -0.0118043 0.0528 -0.19298 -0.0306179 0.0528 -0.194956 -0.00512655 0.0528 -0.224828 -0.0471369 0.000940372 -0.185918 -0.048399 0.000746585 -0.186183 -0.0496656 0.000746585 -0.186448 -0.0509277 0.000940372 -0.186713 -0.0521494 0.0013299 -0.186969 -0.0459152 0.0013299 -0.185662 -0.0447959 0.00189934 -0.185427 -0.0532687 0.00189934 -0.187204 -0.0438229 0.00261506 -0.185223 -0.0542417 0.00261506 -0.187408 -0.0365759 0.0089744 -0.183704 -0.0548976 0.0131168 -0.187545 -0.0328343 0.0128099 -0.182919 -0.0400488 0.0150848 -0.184432 -0.0476157 0.0151823 -0.186018 -0.0609698 0.00851523 -0.188819 0.0408011 0.0166066 -0.184789 0.0382059 0.0164766 -0.204953 0.038132 0.0128099 -0.183803 0.040259 0.0207656 -0.20662 0.042842 0.0207656 -0.185898 0.0354268 0.0125309 -0.203572 0.0343384 0.0089744 -0.18333 0.0319588 0.00897209 -0.202437 0.0461925 0.0375239 -0.216505 0.0491258 0.0371921 -0.191803 0.0547556 0.0528 -0.200148 0.0433381 0.0291836 -0.210796 0.0507306 0.0528 -0.232438 0.0486941 0.0454948 -0.223753 0.042842 0.0207656 -0.185898 0.040259 0.0207656 -0.20662 0.0299465 0.0445357 -0.21867 0.0311727 0.0386953 -0.188846 0.0268495 0.0350539 -0.211006 0.0363201 0.0528 -0.195907 0.0230985 0.0245548 -0.205141 0.025745 0.0245548 -0.183909 0.0323405 0.0528 -0.227833 0.025745 0.0245548 -0.183909 0.00848478 0.00946763 -0.180267 0.0157432 0.0179778 -0.202197 0.0230985 0.0245548 -0.205141 0.00602895 0.00946763 -0.199969 0.0140808 0.00261506 -0.19992 0.00960546 0.00851523 -0.180247 0.016427 0.00261506 -0.181098 0.00602895 0.00946763 -0.199969 0.00848478 0.00946763 -0.180267 0.0507306 0.0528 -0.232438 0.0547556 0.0528 -0.200148 0.0363201 0.0528 -0.195907 0.0323405 0.0528 -0.227833 0.0210667 0.000746585 -0.181676 0.0236306 0.000940372 -0.181996 0.022351 0.000746585 -0.181836 0.0343384 0.0089744 -0.18333 0.0308172 0.0150848 -0.182891 0.038132 0.0128099 -0.183803 0.0197871 0.000940372 -0.181516 0.0185484 0.0013299 -0.181362 0.0248693 0.0013299 -0.18215 0.0260042 0.00189934 -0.182291 0.0174135 0.00189934 -0.181221 0.0269907 0.00261506 -0.182414 0.016427 0.00261506 -0.181098 0.015762 0.0131168 -0.181015 0.0231451 0.0151823 -0.181935 0.00960546 0.00851523 -0.180247 0.10717 0.0166066 -0.209481 0.098168 0.016473 -0.227708 0.104966 0.0128099 -0.207682 0.0995691 0.0207656 -0.229953 0.108741 0.0207656 -0.211193 0.0959751 0.0125094 -0.225489 0.101532 0.0089744 -0.206003 0.093077 0.00897209 -0.223302 0.101182 0.0295861 -0.235173 0.112767 0.0371921 -0.218818 0.102 0.0381598 -0.241777 0.108741 0.0207656 -0.211193 0.101961 0.0458649 -0.249297 0.115382 0.0528 -0.228539 0.10109 0.0528 -0.257773 0.0995691 0.0207656 -0.229953 0.08583 0.0469343 -0.240484 0.0993222 0.0528 -0.218542 0.0858629 0.0403968 -0.234098 0.0967465 0.0386953 -0.210192 0.0853012 0.0334999 -0.228587 0.0932158 0.0245548 -0.20376 0.0838188 0.0245548 -0.222982 0.085192 0.0528 -0.247446 0.0932158 0.0245548 -0.20376 0.0780735 0.00946763 -0.194711 0.0778183 0.0179783 -0.21781 0.0838188 0.0245548 -0.222982 0.0693535 0.00946763 -0.212548 0.0769849 0.00261506 -0.215116 0.0791398 0.00851523 -0.195056 0.0853157 0.00261506 -0.198075 0.0693535 0.00946763 -0.212548 0.0780735 0.00946763 -0.194711 0.10109 0.0528 -0.257773 0.115382 0.0528 -0.228539 0.0993222 0.0528 -0.218542 0.085192 0.0528 -0.247446 0.0895161 0.000746585 -0.200129 0.0918373 0.000940372 -0.201264 0.0906789 0.000746585 -0.200697 0.101532 0.0089744 -0.206003 0.0983437 0.0150848 -0.204445 0.104966 0.0128099 -0.207682 0.0883577 0.000940372 -0.199563 0.0872362 0.0013299 -0.199014 0.0929588 0.0013299 -0.201812 0.0939862 0.00189934 -0.202314 0.0862088 0.00189934 -0.198512 0.0948794 0.00261506 -0.202751 0.0853157 0.00261506 -0.198075 0.0847136 0.0131168 -0.197781 0.0913978 0.0151823 -0.201049 0.0791398 0.00851523 -0.195056 4.44988e-14 -0.0463772 -0.281207 -0.0192285 -0.0463772 -0.282829 -0.019859 -0.0463772 -0.279118 0.110021 -0.0463772 -0.363245 0.113628 -0.0463772 -0.362171 0.117646 -0.0463772 -0.381335 0.036636 -0.0463772 -0.283246 0.035473 -0.0463772 -0.286825 0.0185464 -0.0463772 -0.278903 0.11235 -0.0463772 -0.419557 0.116033 -0.0463772 -0.42033 0.110446 -0.0463772 -0.439096 -0.0715723 -0.0463772 -0.306251 -0.0739189 -0.0463772 -0.303309 -0.0555275 -0.0463772 -0.29553 -0.106055 -0.0463772 -0.352071 -0.109532 -0.0463772 -0.35063 -0.100385 -0.0463772 -0.332924 -0.117811 -0.0463772 -0.409274 -0.11837 -0.0463772 -0.389352 -0.114071 -0.0463772 -0.408853 0.0875967 -0.0463772 -0.470191 0.0904687 -0.0463772 -0.472623 0.0741906 -0.0463772 -0.483597 0.0235573 -0.0463772 -0.50835 0.0417282 -0.0463772 -0.50294 0.0430963 -0.0463772 -0.506446 -0.0146646 -0.0463772 -0.513646 -0.0327546 -0.0463772 -0.506021 -0.014199 -0.0463772 -0.509911 -0.0966902 -0.0463772 -0.464605 -0.106816 -0.0463772 -0.44744 -0.0936207 -0.0463772 -0.462427 -0.0338285 -0.0463772 -0.509628 -0.0504167 -0.0463772 -0.499129 -0.0520697 -0.0463772 -0.50251 -0.0667036 -0.0463772 -0.489424 -0.0811709 -0.0463772 -0.477171 -0.0838323 -0.0463772 -0.479832 -0.0688906 -0.0463772 -0.492487 0.0243297 -0.0463772 -0.512033 0.00474382 -0.0463772 -0.510695 0.00489935 -0.0463772 -0.514455 -0.103425 -0.0463772 -0.445807 -0.113923 -0.0463772 -0.428821 -0.110307 -0.0463772 -0.427779 0.0606874 -0.0463772 -0.497847 0.0587608 -0.0463772 -0.494613 -0.115584 -0.0463772 -0.369619 -0.114612 -0.0463772 -0.389564 0.0766231 -0.0463772 -0.486469 0.101847 -0.0463772 -0.456687 0.0986134 -0.0463772 -0.454761 -0.111915 -0.0463772 -0.370456 -0.0884009 -0.0463772 -0.317 -0.097198 -0.0463772 -0.334926 0.10694 -0.0463772 -0.437728 0.114695 -0.0463772 -0.400744 0.118455 -0.0463772 -0.400899 -0.0855945 -0.0463772 -0.319508 -0.0573481 -0.0463772 -0.292236 -0.0379137 -0.0463772 -0.287649 0.113911 -0.0463772 -0.381801 0.103129 -0.0463772 -0.345583 0.10651 -0.0463772 -0.34393 -0.0391568 -0.0463772 -0.284096 0.0696859 -0.0463772 -0.300086 0.0838323 -0.0463772 -0.312168 0.0811709 -0.0463772 -0.314829 0.0674736 -0.0463772 -0.303131 0.0521149 -0.0463772 -0.293719 0.0538236 -0.0463772 -0.290365 0.0964872 -0.0463772 -0.327109 0.0934241 -0.0463772 -0.329296 4.44978e-14 -0.0463772 -0.277443 0.0179576 -0.0463772 -0.28262 0.0811709 0.0503772 -0.314829 0.0934241 0.0503772 -0.329296 0.0964872 0.0503772 -0.327109 -0.0146646 0.0503772 -0.513646 -0.0327546 0.0503772 -0.506021 -0.0338285 0.0503772 -0.509628 0.113911 0.0503772 -0.381801 0.114695 0.0503772 -0.400744 0.118455 0.0503772 -0.400899 0.0986134 0.0503772 -0.454761 0.101847 0.0503772 -0.456687 0.10694 0.0503772 -0.437728 0.0587608 0.0503772 -0.494613 0.0606874 0.0503772 -0.497847 0.0766231 0.0503772 -0.486469 -0.0192285 0.0503772 -0.282829 -0.00664753 0.0503772 -0.27763 -0.0263814 0.0503772 -0.280416 0.0243297 0.0503772 -0.512033 0.00474382 0.0503772 -0.510695 0.00489935 0.0503772 -0.514455 -0.063076 0.0503772 -0.295615 -0.0789999 0.0503772 -0.307599 -0.0715723 0.0503772 -0.306251 -0.0520697 0.0503772 -0.50251 -0.0504167 0.0503772 -0.499129 -0.103764 0.0503772 -0.338652 -0.111904 0.0503772 -0.356843 -0.106055 0.0503772 -0.352071 -0.0838323 0.0503772 -0.479832 -0.0811709 0.0503772 -0.477171 -0.0959144 0.0503772 -0.465686 -0.117097 0.0503772 -0.414546 -0.114071 0.0503772 -0.408853 -0.118557 0.0503772 -0.396 -0.105635 0.0503772 -0.449824 -0.0936207 0.0503772 -0.462427 -0.103425 0.0503772 -0.445807 -0.112754 0.0503772 -0.432636 -0.110307 0.0503772 -0.427779 -0.116882 0.0503772 -0.376141 -0.111915 0.0503772 -0.370456 -0.114612 0.0503772 -0.389564 -0.014199 0.0503772 -0.509911 -0.0926914 0.0503772 -0.322081 -0.0855945 0.0503772 -0.319508 -0.097198 0.0503772 -0.334926 0.0430963 0.0503772 -0.506446 0.0417282 0.0503772 -0.50294 0.0235573 0.0503772 -0.50835 -0.0555275 0.0503772 -0.29553 -0.0453697 0.0503772 -0.286468 0.0741906 0.0503772 -0.483597 0.0875967 0.0503772 -0.470191 -0.0379137 0.0503772 -0.287649 0.0904687 0.0503772 -0.472623 4.44988e-14 0.0503772 -0.281207 0.0132741 0.0503772 -0.278189 0.11235 0.0503772 -0.419557 0.116033 0.0503772 -0.42033 0.110446 0.0503772 -0.439096 0.0674736 0.0503772 -0.303131 0.0838323 0.0503772 -0.312168 0.0521149 0.0503772 -0.293719 0.0686054 0.0503772 -0.29931 0.103129 0.0503772 -0.345583 0.110021 0.0503772 -0.363245 0.113628 0.0503772 -0.362171 0.117646 0.0503772 -0.381335 0.10651 0.0503772 -0.34393 -0.0688906 0.0503772 -0.492487 -0.0667036 0.0503772 -0.489424 0.0514398 0.0503772 -0.289184 0.035473 0.0503772 -0.286825 0.0328207 0.0503772 -0.282077 0.0179576 0.0503772 -0.28262 -0.142183 0.0536916 -0.368059 -0.135596 0.0536916 -0.344906 -0.167193 0.0528 -0.358949 -0.154695 0.0528 -0.469454 -0.138218 0.0536916 -0.439502 -0.161822 0.0527999 -0.452033 -0.129109 0.0536916 -0.461784 -0.152584 0.0528 -0.473745 -0.143513 0.0536916 -0.416019 -0.144847 0.0536916 -0.391984 -0.170164 0.0528 -0.415244 -0.112754 0.0527999 -0.432636 -0.171248 0.0527999 -0.396453 -0.170263 0.0528 -0.377657 -0.125266 0.0536916 -0.323162 -0.0926914 0.0527999 -0.322081 -0.111479 0.0536916 -0.303429 -0.155082 0.0528 -0.323367 -0.162117 0.0527999 -0.340825 -0.0946148 0.0536916 -0.286251 -0.123095 0.0528 -0.276947 -0.0777692 0.0528 -0.243429 -0.0751398 0.0536916 -0.272102 -0.0535911 0.0536916 -0.261372 -0.109181 0.0528 -0.26407 -0.0305634 0.0536916 -0.254357 -0.0604282 0.0528 -0.235767 -0.00512655 0.0528 -0.224828 -0.00669211 0.0536916 -0.251252 0.0173638 0.0536916 -0.252141 -0.0424785 0.0527998 -0.230103 0.0132741 0.0527999 -0.278189 0.0323405 0.0528 -0.227833 0.0136897 0.0527999 -0.2253 0.0409406 0.0536916 -0.257001 0.0633874 0.0536916 -0.265697 0.0507306 0.0528 -0.232438 0.085192 0.0528 -0.247446 0.0777452 0.0527998 -0.243416 0.0514398 0.0527999 -0.289184 0.0840848 0.0536916 -0.277989 0.102462 0.0536916 -0.293538 0.10109 0.0528 -0.257773 0.0686054 0.0527999 -0.29931 0.0838323 0.0528 -0.312168 0.121091 0.0527998 -0.274909 -0.0240156 0.0528 -0.226444 -0.135417 0.0527998 -0.291175 -0.146103 0.0528 -0.30667 -0.0263814 0.0527999 -0.280416 -0.0940434 0.0527998 -0.252885 -0.063076 0.0527999 -0.295615 -0.118557 0.0528 -0.396 -0.166994 0.0528 -0.433935 -0.105635 0.0528 -0.449824 0.0328207 0.0527999 -0.282077 -0.00664753 0.0527999 -0.27763 -0.0453697 0.0527999 -0.286468 -0.0789999 0.0527999 -0.307599 -0.103764 0.0527999 -0.338652 -0.111904 0.0527999 -0.356843 -0.116882 0.0527999 -0.376141 -0.117097 0.0527999 -0.414546 0.0806091 0.047017 -0.237796 0.08583 0.0469343 -0.240484 0.0831494 0.0405509 -0.23281 0.0777452 0.0527998 -0.243416 0.085192 0.0528 -0.247446 0.0858629 0.0403968 -0.234098 0.0853012 0.0334999 -0.228587 -0.0838323 -0.0488 -0.479832 -0.0917764 -0.0496916 -0.508133 -0.108188 -0.0496916 -0.492396 -0.030866 -0.0496916 -0.537577 -0.0414694 -0.0487999 -0.507068 -0.025254 -0.0488 -0.511836 -0.0526335 -0.0496916 -0.531006 -0.053543 -0.0488 -0.558663 -0.0707286 -0.0488 -0.55196 -0.127859 -0.0487998 -0.509922 -0.103458 -0.0488 -0.532464 -0.056842 -0.0487999 -0.500042 -0.073105 -0.0496916 -0.52111 -0.0885175 -0.0488 -0.474869 -0.0710592 -0.0487999 -0.490901 -0.036478 -0.0488 -0.563318 -0.0870936 -0.0488 -0.543448 0.147353 0.000940372 -0.238896 0.148265 0.000746585 -0.239808 0.134068 0.000971679 -0.252235 0.134985 0.000786043 -0.2531 0.133167 0.00131069 -0.251391 0.145662 0.00189934 -0.237204 0.146471 0.0013299 -0.238013 0.13232 0.00186877 -0.25061 0.131547 0.00261506 -0.249914 0.144959 0.00261506 -0.236502 0.13591 0.000765755 -0.253979 0.14918 0.000746585 -0.240723 0.150092 0.000940372 -0.241635 0.136821 0.000967791 -0.254852 0.137703 0.00132341 -0.255705 0.150975 0.0013299 -0.242517 0.151783 0.00189934 -0.243326 0.138529 0.00186848 -0.256513 0.139264 0.00261506 -0.257251 0.152486 0.00261506 -0.244029 0.157722 0.0089744 -0.249265 0.139264 0.00261506 -0.257251 0.152486 0.00261506 -0.244029 0.144109 0.00897209 -0.262881 0.190947 0.000746585 -0.296412 0.173982 0.000762253 -0.3045 0.190381 0.000940372 -0.295254 0.174572 0.000733902 -0.305632 0.1734 0.000974952 -0.303393 0.189833 0.0013299 -0.294132 0.172837 0.00136821 -0.302337 0.172316 0.00192549 -0.301374 0.18933 0.00189934 -0.293105 0.188894 0.00261506 -0.292212 0.171853 0.00261506 -0.300542 0.191516 0.000746585 -0.297575 0.192082 0.000940372 -0.298733 0.175153 0.000891386 -0.306755 0.175641 0.00118003 -0.307711 0.19263 0.0013299 -0.299855 0.193133 0.00189934 -0.300882 0.176096 0.00160326 -0.308613 0.193569 0.00261506 -0.301775 0.176454 0.00206907 -0.309336 0.17677 0.00261506 -0.309988 0.196821 0.0089744 -0.308428 0.17677 0.00261506 -0.309988 0.193569 0.00261506 -0.301775 0.179524 0.00897209 -0.316886 0.212937 0.000746585 -0.363809 0.194293 0.000748142 -0.366138 0.1941 0.000937981 -0.364887 0.212778 0.000940372 -0.362529 0.193908 0.00130898 -0.363676 0.194484 0.000752233 -0.367405 0.212623 0.0013299 -0.36129 0.193719 0.00186943 -0.36254 0.212482 0.00189934 -0.360155 0.193537 0.00261506 -0.361515 0.212359 0.00261506 -0.359169 0.213097 0.000746585 -0.365093 0.213257 0.000940372 -0.366372 0.194667 0.000948902 -0.368656 0.194838 0.00132767 -0.369865 0.213411 0.0013299 -0.367611 0.213553 0.00189934 -0.368746 0.194994 0.00186646 -0.371015 0.19512 0.00261506 -0.372046 0.213676 0.00261506 -0.369733 0.214592 0.0089744 -0.37708 0.19512 0.00261506 -0.372046 0.213676 0.00261506 -0.369733 0.195486 0.00897209 -0.379464 0.211852 0.000746585 -0.434693 0.193231 0.000764998 -0.432101 0.193461 0.000786477 -0.430847 0.193683 0.000973159 -0.429605 0.193897 0.00131046 -0.428389 0.212117 0.000940372 -0.433431 0.212373 0.0013299 -0.43221 0.212608 0.00189934 -0.43109 0.194088 0.00186847 -0.427253 0.194247 0.00261506 -0.426225 0.212812 0.00261506 -0.430117 0.211587 0.000746585 -0.43596 0.211322 0.000940372 -0.437222 0.192998 0.000967178 -0.433342 0.192767 0.00132401 -0.434546 0.211066 0.0013299 -0.438444 0.210831 0.00189934 -0.439563 0.192541 0.00186777 -0.43568 0.192326 0.00261506 -0.436699 0.210627 0.00261506 -0.440536 0.209108 0.0089744 -0.447783 0.192326 0.00261506 -0.436699 0.210627 0.00261506 -0.440536 0.190264 0.00897216 -0.443834 0.171672 0.000746125 -0.491762 0.172287 0.000932594 -0.490659 0.18781 0.000746585 -0.501385 0.171036 0.000746027 -0.492894 0.172879 0.00130874 -0.489585 0.18847 0.000940372 -0.500278 0.189109 0.0013299 -0.499205 0.173429 0.00187429 -0.48857 0.189694 0.00189934 -0.498223 0.173909 0.00261506 -0.487659 0.190203 0.00261506 -0.497369 0.187147 0.000746585 -0.502497 0.186487 0.000940372 -0.503605 0.170412 0.00093219 -0.493994 0.169802 0.00130825 -0.495059 0.185848 0.0013299 -0.504677 0.185263 0.00189934 -0.50566 0.169219 0.00187436 -0.496059 0.16869 0.00261506 -0.496942 0.184754 0.00261506 -0.506514 0.180964 0.0089744 -0.512875 0.16869 0.00261506 -0.496942 0.184754 0.00261506 -0.506514 0.164422 0.00897209 -0.50302 0.143415 0.000746585 -0.556657 0.130313 0.000765027 -0.543174 0.131264 0.000786474 -0.542325 0.132203 0.000973101 -0.541482 0.144399 0.000940372 -0.555824 0.133119 0.00131048 -0.540654 0.145352 0.0013299 -0.555017 0.133967 0.00186849 -0.539874 0.146224 0.00189934 -0.554278 0.134724 0.00261506 -0.539161 0.146983 0.00261506 -0.553635 0.142428 0.000746585 -0.557493 0.141444 0.000940372 -0.558327 0.129367 0.000967198 -0.54401 0.128445 0.00132402 -0.544818 0.140491 0.0013299 -0.559134 0.139618 0.00189934 -0.559873 0.12757 0.00186778 -0.545575 0.126774 0.00261506 -0.546246 0.13886 0.00261506 -0.560515 0.133209 0.0089744 -0.565301 0.126774 0.00261506 -0.546246 0.13886 0.00261506 -0.560515 0.120764 0.00897209 -0.55061 0.0834793 0.000746585 -0.594519 0.0766405 0.000786466 -0.577018 0.0778017 0.000973081 -0.576526 0.0754647 0.000765028 -0.577512 0.0846806 0.000940372 -0.59405 0.0858435 0.0013299 -0.593597 0.0799922 0.00186849 -0.575577 0.0869089 0.00189934 -0.593181 0.0789369 0.00131047 -0.57604 0.08094 0.00261506 -0.575149 0.0878351 0.00261506 -0.592819 0.0822737 0.000746585 -0.594989 0.0810724 0.000940372 -0.595458 0.0742987 0.000967198 -0.577996 0.0731641 0.00132402 -0.578461 0.0799095 0.0013299 -0.595912 0.0788441 0.00189934 -0.596328 0.0720912 0.00186778 -0.578892 0.0711206 0.00261506 -0.579269 0.0779179 0.00261506 -0.596689 0.0710199 0.0089744 -0.599381 0.0711206 0.00261506 -0.579269 0.0779179 0.00261506 -0.596689 0.0640189 0.00897209 -0.581444 0.0137114 0.000786463 -0.592095 0.0149696 0.000973061 -0.592006 0.0144972 0.000746585 -0.610868 0.012439 0.000765037 -0.592181 0.0157856 0.000940372 -0.610815 0.0162011 0.00131048 -0.591915 0.0173494 0.00186849 -0.591821 0.0181755 0.00189934 -0.610716 0.0170328 0.0013299 -0.610763 0.0183849 0.00261506 -0.591723 0.0191688 0.00261506 -0.610675 0.0132041 0.000746585 -0.610922 0.0119157 0.000940372 -0.610975 0.0111791 0.000967204 -0.592259 0.00995489 0.00132403 -0.592331 0.0106684 0.0013299 -0.611027 0.00952578 0.00189934 -0.611074 0.00880007 0.00186778 -0.592391 0.00775975 0.00261506 -0.592432 0.0085325 0.00261506 -0.611115 0.00113421 0.0089744 -0.611421 0.00775975 0.00261506 -0.592432 0.0085325 0.00261506 -0.611115 0.000336491 0.00897209 -0.592183 -0.0482904 0.00131048 -0.586561 -0.0548201 0.000940372 -0.604301 -0.0494847 0.000973058 -0.586247 -0.0507035 0.000786465 -0.585922 -0.056056 0.000746585 -0.603933 -0.0536237 0.0013299 -0.604658 -0.0519347 0.000765041 -0.58559 -0.0471736 0.0018685 -0.586844 -0.0525276 0.00189934 -0.604984 -0.0461625 0.00261506 -0.587088 -0.0515748 0.00261506 -0.605268 -0.0572964 0.000746585 -0.603564 -0.0585322 0.000940372 -0.603196 -0.0531519 0.000967208 -0.585255 -0.0543331 0.00132403 -0.584926 -0.0597287 0.0013299 -0.60284 -0.0608248 0.00189934 -0.602514 -0.0554447 0.00186778 -0.584607 -0.056442 0.00261506 -0.584308 -0.0617776 0.00261506 -0.60223 -0.0688744 0.0089744 -0.600117 -0.056442 0.00261506 -0.584308 -0.0617776 0.00261506 -0.60223 -0.0633824 0.00897209 -0.581663 -0.120535 0.000746585 -0.574466 -0.109624 0.000786476 -0.559168 -0.108577 0.000973106 -0.559871 -0.110681 0.000765028 -0.558454 -0.119485 0.000940372 -0.575215 -0.118469 0.0013299 -0.57594 -0.107549 0.00131048 -0.560556 -0.106585 0.00186849 -0.561186 -0.117538 0.00189934 -0.576605 -0.105707 0.00261506 -0.561745 -0.116729 0.00261506 -0.577183 -0.121588 0.000746585 -0.573714 -0.122637 0.000940372 -0.572964 -0.111723 0.000967198 -0.557743 -0.112733 0.00132402 -0.557047 -0.123653 0.0013299 -0.572239 -0.124584 0.00189934 -0.571574 -0.113681 0.00186778 -0.556385 -0.114527 0.00261506 -0.555778 -0.125393 0.00261506 -0.570997 -0.131419 0.0089744 -0.566694 -0.114527 0.00261506 -0.555778 -0.125393 0.00261506 -0.570997 -0.120233 0.00897209 -0.551023 -0.156665 0.000786477 -0.514733 -0.155902 0.000973125 -0.515737 -0.171951 0.000746585 -0.525658 -0.157432 0.000765018 -0.513714 -0.155153 0.00131047 -0.516719 -0.171202 0.000940372 -0.526708 -0.169812 0.00189934 -0.528655 -0.170477 0.0013299 -0.527724 -0.154445 0.00186849 -0.517628 -0.153797 0.00261506 -0.518442 -0.169235 0.00261506 -0.529464 -0.172703 0.000746585 -0.524605 -0.173453 0.000940372 -0.523556 -0.158187 0.000967191 -0.512703 -0.158917 0.00132402 -0.511717 -0.174178 0.0013299 -0.52254 -0.174843 0.00189934 -0.521609 -0.159599 0.00186778 -0.510783 -0.160202 0.00261506 -0.509934 -0.17542 0.00261506 -0.5208 -0.179723 0.0089744 -0.514774 -0.160202 0.00261506 -0.509934 -0.17542 0.00261506 -0.5208 -0.164054 0.00897209 -0.503584 -0.204735 0.000746585 -0.462801 -0.187124 0.000765016 -0.456218 -0.186729 0.000786471 -0.45743 -0.186334 0.000973115 -0.458628 -0.185943 0.00131047 -0.4598 -0.204367 0.000940372 -0.464037 -0.204011 0.0013299 -0.465233 -0.203684 0.00189934 -0.466329 -0.18557 0.00186849 -0.46089 -0.185221 0.00261506 -0.46187 -0.203401 0.00261506 -0.467282 -0.205104 0.000746585 -0.46156 -0.205472 0.000940372 -0.460324 -0.18751 0.00096719 -0.455016 -0.18788 0.00132402 -0.453847 -0.205828 0.0013299 -0.459128 -0.206154 0.00189934 -0.458032 -0.188221 0.00186778 -0.452742 -0.188516 0.00261506 -0.451743 -0.206438 0.00261506 -0.457079 -0.208551 0.0089744 -0.449982 -0.188516 0.00261506 -0.451743 -0.206438 0.00261506 -0.457079 -0.190098 0.00897209 -0.444486 -0.196558 0.000786467 -0.393471 -0.196573 0.000973094 -0.394732 -0.215332 0.000746585 -0.392704 -0.196538 0.000765021 -0.392196 -0.215437 0.0013299 -0.39524 -0.215385 0.000940372 -0.393992 -0.196584 0.00131047 -0.395967 -0.196585 0.00186849 -0.397119 -0.196573 0.00261506 -0.398159 -0.215484 0.00189934 -0.396382 -0.215525 0.00261506 -0.397376 -0.215278 0.000746585 -0.391411 -0.215225 0.000940372 -0.390123 -0.196512 0.000967193 -0.390934 -0.196483 0.00132402 -0.389708 -0.215173 0.0013299 -0.388875 -0.215126 0.00189934 -0.387733 -0.196447 0.00186778 -0.388552 -0.196402 0.00261506 -0.387512 -0.215085 0.00261506 -0.386739 -0.214779 0.0089744 -0.379341 -0.196402 0.00261506 -0.387512 -0.215085 0.00261506 -0.386739 -0.195541 0.00897209 -0.380135 -0.202594 0.000746585 -0.322964 -0.184654 0.000765031 -0.328586 -0.185087 0.000786465 -0.329786 -0.185511 0.000973074 -0.330974 -0.203063 0.000940372 -0.324166 -0.185922 0.00131047 -0.332138 -0.203932 0.00189934 -0.326394 -0.203517 0.0013299 -0.325329 -0.186297 0.00186849 -0.333228 -0.186623 0.00261506 -0.334215 -0.204294 0.00261506 -0.32732 -0.202124 0.000746585 -0.321759 -0.201655 0.000940372 -0.320558 -0.18422 0.0009672 -0.327401 -0.183794 0.00132402 -0.326251 -0.201201 0.0013299 -0.319395 -0.200786 0.00189934 -0.318329 -0.183384 0.00186778 -0.32517 -0.183004 0.00261506 -0.3242 -0.200424 0.00261506 -0.317403 -0.197732 0.0089744 -0.310505 -0.183004 0.00261506 -0.3242 -0.200424 0.00261506 -0.317403 -0.179795 0.00897209 -0.317502 -0.154345 0.000973067 -0.274262 -0.168736 0.000940372 -0.262123 -0.167902 0.000746585 -0.26114 -0.152759 0.000765041 -0.272282 -0.153558 0.000786469 -0.273276 -0.169543 0.0013299 -0.263076 -0.155112 0.00131048 -0.27523 -0.15582 0.0018685 -0.276139 -0.170282 0.00189934 -0.263949 -0.15645 0.00261506 -0.276966 -0.170924 0.00261506 -0.264707 -0.167066 0.000746585 -0.260152 -0.166233 0.000940372 -0.259168 -0.151964 0.000967208 -0.271302 -0.151188 0.00132403 -0.270353 -0.165426 0.0013299 -0.258215 -0.164687 0.00189934 -0.257343 -0.150449 0.00186778 -0.269463 -0.149775 0.00261506 -0.268669 -0.164044 0.00261506 -0.256584 -0.159259 0.0089744 -0.250934 -0.149775 0.00261506 -0.268669 -0.164044 0.00261506 -0.256584 -0.144565 0.00897209 -0.263376 -0.115016 0.000746585 -0.213929 -0.104311 0.000765012 -0.229385 -0.10539 0.0007865 -0.230065 -0.106454 0.000973192 -0.230742 -0.107494 0.00131048 -0.231408 -0.116124 0.000940372 -0.214589 -0.118179 0.00189934 -0.215813 -0.117196 0.0013299 -0.215228 -0.108459 0.00186848 -0.232038 -0.109323 0.00261506 -0.232617 -0.119033 0.00261506 -0.216322 -0.113904 0.000746585 -0.213266 -0.112796 0.000940372 -0.212606 -0.103241 0.000967189 -0.228716 -0.102198 0.00132402 -0.22807 -0.111724 0.0013299 -0.211967 -0.110742 0.00189934 -0.211382 -0.101211 0.00186777 -0.227468 -0.100316 0.00261506 -0.226937 -0.109888 0.00261506 -0.210873 -0.103527 0.0089744 -0.207083 -0.100316 0.00261506 -0.226937 -0.109888 0.00261506 -0.210873 -0.0936696 0.00897219 -0.223621 -0.0496656 0.000746585 -0.186448 -0.0470443 0.000932594 -0.205134 -0.0509277 0.000940372 -0.186713 -0.0482345 0.00130874 -0.205425 -0.0458163 0.000746126 -0.204839 -0.0521494 0.0013299 -0.186969 -0.0445524 0.000746028 -0.204541 -0.049354 0.00187429 -0.205708 -0.0532687 0.00189934 -0.187204 -0.0503492 0.00261506 -0.205972 -0.0542417 0.00261506 -0.187408 -0.048399 0.000746585 -0.186183 -0.0471369 0.000940372 -0.185918 -0.0433203 0.00093219 -0.204254 -0.0421234 0.00130825 -0.203982 -0.0459152 0.0013299 -0.185662 -0.0447959 0.00189934 -0.185427 -0.040993 0.00187436 -0.203734 -0.0399855 0.00261506 -0.203525 -0.0438229 0.00261506 -0.185223 -0.0365759 0.0089744 -0.183704 -0.0399855 0.00261506 -0.203525 -0.0438229 0.00261506 -0.185223 -0.0326225 0.00897201 -0.202549 0.0174961 0.000973123 -0.200203 0.0162665 0.00131048 -0.20009 0.0197871 0.000940372 -0.181516 0.0187518 0.000786479 -0.200323 0.0210667 0.000746585 -0.181676 0.0200209 0.000765023 -0.200448 0.0185484 0.0013299 -0.181362 0.0151182 0.00186849 -0.199995 0.0174135 0.00189934 -0.181221 0.0140808 0.00261506 -0.19992 0.016427 0.00261506 -0.181098 0.022351 0.000746585 -0.181836 0.0236306 0.000940372 -0.181996 0.0212766 0.000967195 -0.200578 0.0224959 0.00132402 -0.200708 0.0248693 0.0013299 -0.18215 0.0260042 0.00189934 -0.182291 0.0236448 0.00186778 -0.20084 0.0246777 0.00261506 -0.20097 0.0269907 0.00261506 -0.182414 0.0343384 0.0089744 -0.18333 0.0246777 0.00261506 -0.20097 0.0269907 0.00261506 -0.182414 0.0319588 0.00897209 -0.202437 0.0895161 0.000746585 -0.200129 0.0812721 0.000786491 -0.217014 0.0801233 0.000973142 -0.216493 0.0872362 0.0013299 -0.199014 0.0883577 0.000940372 -0.199563 0.0789969 0.00131049 -0.215987 0.0824318 0.00076503 -0.217544 0.077942 0.00186849 -0.215524 0.0769849 0.00261506 -0.215116 0.0862088 0.00189934 -0.198512 0.0853157 0.00261506 -0.198075 0.0906789 0.000746585 -0.200697 0.0918373 0.000940372 -0.201264 0.0835773 0.000967201 -0.218075 0.0846881 0.00132403 -0.218594 0.0929588 0.0013299 -0.201812 0.0939862 0.00189934 -0.202314 0.0857321 0.00186778 -0.219091 0.0866667 0.00261506 -0.21955 0.0948794 0.00261506 -0.202751 0.0948794 0.00261506 -0.202751 0.0892131 0.00509092 -0.220909 0.0866667 0.00261506 -0.21955 0.093077 0.00897209 -0.223302 0.101532 0.0089744 -0.206003 0.0780735 0.00946763 -0.194711 0.0847136 0.0131168 -0.197781 0.0791398 0.00851523 -0.195056 0.0967465 0.0386953 -0.210192 0.105201 0.0380338 -0.214569 0.0932158 0.0245548 -0.20376 0.112767 0.0371921 -0.218818 0.0993222 0.0528 -0.218542 0.115382 0.0528 -0.228539 0.108741 0.0207656 -0.211193 0.0983437 0.0150848 -0.204445 0.10717 0.0166066 -0.209481 0.0913978 0.0151823 -0.201049 0.104966 0.0128099 -0.207682 0.00848478 0.00946763 -0.180267 0.015762 0.0131168 -0.181015 0.00960546 0.00851523 -0.180247 0.0311727 0.0386953 -0.188846 0.0405901 0.0380338 -0.19024 0.025745 0.0245548 -0.183909 0.0491258 0.0371921 -0.191803 0.0363201 0.0528 -0.195907 0.0547556 0.0528 -0.200148 0.042842 0.0207656 -0.185898 0.0308172 0.0150848 -0.182891 0.0408011 0.0166066 -0.184789 0.0231451 0.0151823 -0.181935 0.038132 0.0128099 -0.183803 -0.0620234 0.00946763 -0.189201 -0.0548976 0.0131168 -0.187545 -0.0609698 0.00851523 -0.188819 -0.0377793 0.0386953 -0.189948 -0.0284193 0.0380338 -0.188209 -0.0445157 0.0245548 -0.187042 -0.0198386 0.0371921 -0.186916 -0.0306179 0.0528 -0.194956 -0.0118043 0.0528 -0.19298 -0.0276993 0.0207656 -0.183371 -0.0400488 0.0150848 -0.184432 -0.0299897 0.0166066 -0.182985 -0.0476157 0.0151823 -0.186018 -0.0328343 0.0128099 -0.182919 -0.12581 0.00946763 -0.220545 -0.119608 0.0131168 -0.216665 -0.124938 0.00851523 -0.219841 -0.102637 0.0386953 -0.213379 -0.0943489 0.0380338 -0.208696 -0.109952 0.0245548 -0.212818 -0.0866532 0.0371921 -0.204686 -0.094238 0.0528 -0.21579 -0.0770851 0.0528 -0.207813 -0.095239 0.0207656 -0.203886 -0.106575 0.0150848 -0.208899 -0.0975306 0.0166066 -0.204264 -0.113217 0.0151823 -0.212857 -0.100242 0.0128099 -0.205126 -0.175964 0.00946763 -0.270902 -0.171357 0.0131168 -0.265219 -0.175367 0.00851523 -0.269953 -0.156373 0.0386953 -0.256601 -0.150054 0.0380338 -0.249479 -0.163474 0.0245548 -0.258445 -0.144078 0.0371921 -0.243188 -0.147646 0.0528 -0.256154 -0.134013 0.0528 -0.243039 -0.152458 0.0207656 -0.245219 -0.161552 0.0150848 -0.253641 -0.154503 0.0166066 -0.246321 -0.166549 0.0151823 -0.259541 -0.156788 0.0128099 -0.248016 -0.207049 0.00946763 -0.334815 -0.204537 0.0131168 -0.327945 -0.206793 0.00851523 -0.333724 -0.193163 0.0386953 -0.314928 -0.189499 0.0380338 -0.306141 -0.199281 0.0245548 -0.318978 -0.185889 0.0371921 -0.29825 -0.185054 0.0528 -0.311671 -0.176418 0.0528 -0.294841 -0.193156 0.0207656 -0.302892 -0.199022 0.0150848 -0.313811 -0.194732 0.0166066 -0.304598 -0.201833 0.0151823 -0.321013 -0.196343 0.0128099 -0.306944 -0.215697 0.00946763 -0.405359 -0.215553 0.0131168 -0.398045 -0.215809 0.00851523 -0.404244 -0.209021 0.0386953 -0.382041 -0.208409 0.0380338 -0.37254 -0.213492 0.0245548 -0.387857 -0.207556 0.0371921 -0.363904 -0.202409 0.0528 -0.376328 -0.199705 0.0528 -0.357605 -0.212922 0.0207656 -0.370654 -0.214926 0.0150848 -0.382886 -0.213859 0.0166066 -0.37278 -0.215245 0.0151823 -0.390611 -0.214621 0.0128099 -0.375521 -0.200971 0.00946763 -0.474889 -0.203209 0.0131168 -0.467924 -0.201439 0.00851523 -0.47387 -0.202228 0.0386953 -0.450666 -0.204734 0.0380338 -0.441481 -0.204569 0.0245548 -0.457619 -0.206732 0.0371921 -0.433037 -0.197829 0.0528 -0.443115 -0.201351 0.0528 -0.424529 -0.209615 0.0207656 -0.441164 -0.207538 0.0150848 -0.453383 -0.209811 0.0166066 -0.443478 -0.205332 0.0151823 -0.460793 -0.209642 0.0128099 -0.446318 -0.164467 0.00946763 -0.53587 -0.168845 0.0131168 -0.530009 -0.16524 0.00851523 -0.535058 -0.173521 0.0386953 -0.513367 -0.178873 0.0380338 -0.505494 -0.173477 0.0245548 -0.520704 -0.183505 0.0371921 -0.498156 -0.171812 0.0528 -0.504798 -0.181178 0.0528 -0.488362 -0.183593 0.0207656 -0.506778 -0.177661 0.0150848 -0.517662 -0.183027 0.0166066 -0.509031 -0.173168 0.0151823 -0.523954 -0.181944 0.0128099 -0.511662 -0.11014 0.00946763 -0.581693 -0.116184 0.0131168 -0.577572 -0.111135 0.00851523 -0.581177 -0.12601 0.0386953 -0.56335 -0.133629 0.0380338 -0.557642 -0.123586 0.0245548 -0.570275 -0.140392 0.0371921 -0.552205 -0.127176 0.0528 -0.55469 -0.141372 0.0528 -0.542186 -0.137676 0.0207656 -0.560389 -0.128531 0.0150848 -0.568756 -0.136409 0.0166066 -0.562335 -0.122239 0.0151823 -0.573249 -0.134531 0.0128099 -0.564473 -0.0438776 0.00946763 -0.607394 -0.0509325 0.0131168 -0.605459 -0.0449862 0.00851523 -0.607229 -0.064844 0.0386953 -0.595198 -0.0739034 0.0380338 -0.592273 -0.0603029 0.0245548 -0.600961 -0.0820655 0.0371921 -0.589326 -0.0687589 0.0528 -0.587386 -0.0862451 0.0528 -0.580169 -0.0768394 0.0207656 -0.596185 -0.0654735 0.0150848 -0.60113 -0.0750088 0.0166066 -0.597615 -0.0580634 0.0151823 -0.603336 -0.0725384 0.0128099 -0.599026 0.0271395 0.00946763 -0.610187 0.0198384 0.0131168 -0.610647 0.0260373 0.00851523 -0.610391 0.003349 0.0386953 -0.60546 -0.00616957 0.0380338 -0.605634 0.0095151 0.0245548 -0.609436 -0.014846 0.0371921 -0.605498 -0.00289048 0.0528 -0.599342 -0.0217726 0.0528 -0.598194 -0.00767602 0.0207656 -0.610288 0.0046796 0.0150848 -0.611274 -0.00548047 0.0166066 -0.611046 0.0124045 0.0151823 -0.610955 -0.00268549 0.0128099 -0.611579 0.0952155 0.00946763 -0.58977 0.0884594 0.0131168 -0.592576 0.0942392 0.00851523 -0.59032 0.0711791 0.0386953 -0.593023 0.0622329 0.0380338 -0.596279 0.078302 0.0245548 -0.594781 0.0539822 0.0371921 -0.598967 0.0632912 0.0528 -0.589263 0.0450593 0.0528 -0.594308 0.0623191 0.0207656 -0.60117 0.0743255 0.0150848 -0.598091 0.0646418 0.0166066 -0.601174 0.0815281 0.0151823 -0.59528 0.0674584 0.0128099 -0.60077 0.152974 0.00946763 -0.548355 0.147494 0.0131168 -0.553202 0.152229 0.00851523 -0.549192 0.131296 0.0386953 -0.559236 0.123891 0.0380338 -0.56522 0.138604 0.0245548 -0.558586 0.116961 0.0371921 -0.570442 0.122614 0.0528 -0.558241 0.107008 0.0528 -0.568932 0.125561 0.0207656 -0.569818 0.135917 0.0150848 -0.563008 0.127759 0.0166066 -0.569068 0.141817 0.0151823 -0.558011 0.130292 0.0128099 -0.567772 0.194154 0.00946763 -0.490429 0.190546 0.0131168 -0.496793 0.193722 0.00851523 -0.491463 0.177185 0.0386953 -0.50776 0.172124 0.0380338 -0.515824 0.183885 0.0245548 -0.504772 0.167265 0.0371921 -0.523013 0.16865 0.0528 -0.509637 0.157361 0.0528 -0.524817 0.175196 0.0207656 -0.519631 0.18278 0.0150848 -0.509826 0.177032 0.0166066 -0.518207 0.186738 0.0151823 -0.503185 0.179007 0.0128099 -0.516159 0.214296 0.00946763 -0.422271 0.212949 0.0131168 -0.429462 0.214223 0.00851523 -0.423389 0.203873 0.0386953 -0.444173 0.201705 0.0380338 -0.453443 0.20924 0.0245548 -0.439171 0.199443 0.0371921 -0.46182 0.19641 0.0528 -0.44872 0.190662 0.0528 -0.466742 0.205847 0.0207656 -0.456046 0.209836 0.0150848 -0.44431 0.20712 0.0166066 -0.454103 0.211423 0.0151823 -0.436743 0.208323 0.0128099 -0.451525 0.211215 0.00946763 -0.351266 0.212276 0.0131168 -0.358504 0.211509 0.00851523 -0.352347 0.208468 0.0386953 -0.375365 0.209428 0.0380338 -0.384837 0.211921 0.0245548 -0.368892 0.210008 0.0371921 -0.393495 0.202886 0.0528 -0.382089 0.203301 0.0528 -0.401001 0.21419 0.0207656 -0.385954 0.214153 0.0150848 -0.373559 0.214764 0.0166066 -0.383703 0.213196 0.0151823 -0.365887 0.215065 0.0128099 -0.380874 0.185245 0.00946763 -0.285108 0.188599 0.0131168 -0.29161 0.185875 0.00851523 -0.286036 0.190473 0.0386953 -0.308794 0.194456 0.0380338 -0.317441 0.191636 0.0245548 -0.30155 0.197816 0.0371921 -0.325441 0.187376 0.0528 -0.316965 0.19391 0.0528 -0.334718 0.199323 0.0207656 -0.316951 0.195263 0.0150848 -0.30524 0.199135 0.0166066 -0.314636 0.191867 0.0151823 -0.298294 0.1985 0.0128099 -0.311862 0.12464 -0.0488 -0.23531 0.13736 -0.0332766 -0.237149 0.139411 -0.0488 -0.247943 0.122569 -0.0350343 -0.226254 0.119377 -0.0205548 -0.218803 0.131918 -0.0314474 -0.2318 0.109584 -0.00506273 -0.209939 0.107201 -0.00738636 -0.208775 0.120506 0.00212948 -0.216524 0.121374 0.00138494 -0.217112 0.111345 -0.00216941 -0.210801 0.118507 0.00305662 -0.215205 0.119541 0.0026902 -0.215883 0.117438 0.00324812 -0.214512 0.116356 0.00323347 -0.213816 0.115283 0.00304294 -0.213134 0.112357 0.0013864 -0.211315 0.113238 0.0021274 -0.211852 0.11217 0.00120485 -0.211222 0.114242 0.00266843 -0.212478 0.127401 -0.00497209 -0.221647 0.133821 -0.0167656 -0.228447 0.132263 -0.012309 -0.226286 0.130063 -0.0083438 -0.223986 0.0657105 -0.0488 -0.203546 0.0783388 -0.0332766 -0.201155 0.0837831 -0.0488 -0.210698 0.0608115 -0.0350343 -0.195654 0.055373 -0.0205548 -0.189643 0.0714549 -0.0314474 -0.197863 0.0432327 -0.00506273 -0.184439 0.0406011 -0.00738636 -0.184111 0.055701 0.00212949 -0.18712 0.0567125 0.00138494 -0.187394 0.0451779 -0.00216941 -0.184681 0.0533815 0.00305662 -0.186522 0.0545803 0.0026902 -0.186827 0.0521458 0.00324844 -0.186213 0.0508961 0.00323368 -0.185907 0.0496604 0.00304297 -0.185609 0.046302 0.0013864 -0.18484 0.0473094 0.00212737 -0.185061 0.0460953 0.00120485 -0.184812 0.0484627 0.00266841 -0.185327 0.0638857 -0.00497209 -0.189727 0.0721656 -0.0167656 -0.194074 0.069991 -0.012309 -0.192536 0.067163 -0.0083438 -0.191075 -0.000339544 -0.0488 -0.192638 0.0108281 -0.0332766 -0.186276 0.0190762 -0.0488 -0.193534 -0.00753575 -0.0350343 -0.186763 -0.0146314 -0.0205548 -0.182844 0.00324837 -0.0314474 -0.185397 -0.0278036 -0.00506273 -0.181864 -0.030399 -0.00738636 -0.182409 -0.0151402 0.00212948 -0.180352 -0.0140944 0.00138494 -0.180283 -0.0258849 -0.00216941 -0.181462 -0.0175283 0.00305662 -0.180539 -0.0162953 0.0026902 -0.180439 -0.0187973 0.00324812 -0.180648 -0.0200787 0.00323347 -0.180764 -0.0213441 0.00304294 -0.180884 -0.0247704 0.0013864 -0.181247 -0.0237457 0.0021274 -0.181129 -0.024975 0.00120485 -0.181287 -0.0225686 0.00266843 -0.181006 -0.00655242 -0.00497209 -0.18016 0.00269002 -0.0167656 -0.181582 0.00013407 -0.012309 -0.180834 -0.00301508 -0.0083438 -0.180371 -0.0663528 -0.0488 -0.203767 -0.057856 -0.0332766 -0.194123 -0.047698 -0.0488 -0.19831 -0.0750664 -0.0350343 -0.200547 -0.0830502 -0.0205548 -0.199144 -0.0653102 -0.0314474 -0.195754 -0.0958268 -0.00506273 -0.202495 -0.098105 -0.00738636 -0.203852 -0.0843406 0.00212948 -0.196952 -0.083374 0.00138494 -0.196547 -0.0941428 -0.00216941 -0.201491 -0.0865386 0.00305662 -0.197905 -0.085405 0.0026902 -0.197409 -0.0877034 0.00324812 -0.19842 -0.0888776 0.00323347 -0.198946 -0.0900356 0.00304294 -0.19947 -0.0931586 0.0013864 -0.200926 -0.0922276 0.0021274 -0.200482 -0.0933388 0.00120485 -0.201031 -0.0911543 0.00266843 -0.199983 -0.0762805 -0.00497209 -0.193982 -0.067077 -0.0167656 -0.192327 -0.0697374 -0.012309 -0.192449 -0.0728664 -0.0083438 -0.193033 -0.125176 -0.0488 -0.235727 -0.12027 -0.0332766 -0.223847 -0.109303 -0.0488 -0.224509 -0.134463 -0.0350343 -0.235512 -0.142469 -0.0205548 -0.236777 -0.126791 -0.0314474 -0.22781 -0.153466 -0.00506273 -0.244094 -0.15518 -0.00738636 -0.246118 -0.144401 0.00212949 -0.235123 -0.143619 0.00138494 -0.234426 -0.152199 -0.00216941 -0.242598 -0.146171 0.00305662 -0.236737 -0.14526 0.0026902 -0.2359 -0.147106 0.00324844 -0.237603 -0.148045 0.00323368 -0.238481 -0.14897 0.00304297 -0.239353 -0.151452 0.0013864 -0.241744 -0.150715 0.00212737 -0.241022 -0.151588 0.00120485 -0.241902 -0.149862 0.00266841 -0.240201 -0.137742 -0.00497209 -0.229696 -0.129575 -0.0167656 -0.225142 -0.132052 -0.012309 -0.226122 -0.134822 -0.0083438 -0.22769 -0.170434 -0.0488 -0.285056 -0.169652 -0.0332766 -0.272227 -0.159064 -0.0488 -0.269292 -0.179287 -0.0350343 -0.287867 -0.18645 -0.0205548 -0.291664 -0.174533 -0.0314474 -0.278092 -0.194474 -0.00506273 -0.302155 -0.195438 -0.00738636 -0.304626 -0.188814 0.00212949 -0.290727 -0.1883 0.00138494 -0.289813 -0.193762 -0.00216941 -0.300329 -0.189964 0.00305662 -0.292828 -0.189373 0.0026902 -0.291741 -0.190566 0.00324844 -0.29395 -0.19117 0.00323368 -0.295086 -0.191762 0.00304297 -0.296211 -0.193332 0.0013864 -0.299278 -0.19287 0.00212737 -0.298356 -0.19341 0.00120485 -0.299472 -0.19233 0.00266841 -0.297303 -0.184278 -0.00497209 -0.283432 -0.178032 -0.0167656 -0.276473 -0.180056 -0.012309 -0.278203 -0.182167 -0.0083438 -0.280586 -0.197223 -0.0488 -0.346407 -0.200649 -0.0332766 -0.334019 -0.191588 -0.0488 -0.327805 -0.204684 -0.0350343 -0.351941 -0.210225 -0.0205548 -0.357857 -0.203361 -0.0314474 -0.341151 -0.214409 -0.00506273 -0.370386 -0.214518 -0.00738636 -0.373035 -0.212766 0.00212949 -0.357738 -0.212576 0.00138494 -0.356708 -0.214328 -0.00216941 -0.368427 -0.213171 0.00305662 -0.360099 -0.212966 0.0026902 -0.358879 -0.213377 0.00324844 -0.361356 -0.213579 0.00323368 -0.362627 -0.213773 0.00304297 -0.363883 -0.214263 0.0013864 -0.367294 -0.214125 0.00212737 -0.366271 -0.214273 0.00120485 -0.367502 -0.213956 0.00266841 -0.3651 -0.210844 -0.00497209 -0.349366 -0.207196 -0.0167656 -0.340756 -0.208549 -0.012309 -0.34305 -0.209771 -0.0083438 -0.345989 -0.20264 -0.0488 -0.413132 -0.209902 -0.0332766 -0.402528 -0.20335 -0.0488 -0.393708 -0.2079 -0.0350343 -0.420789 -0.21122 -0.0205548 -0.428184 -0.210152 -0.0314474 -0.410154 -0.211108 -0.00506273 -0.441392 -0.210352 -0.00738636 -0.443933 -0.213661 0.00212949 -0.428897 -0.213817 0.00138494 -0.42786 -0.211668 -0.00216941 -0.439513 -0.213278 0.00305662 -0.431261 -0.21348 0.0026902 -0.430041 -0.213064 0.00324844 -0.432517 -0.212842 0.00323368 -0.433784 -0.212619 0.00304297 -0.435035 -0.211974 0.0013864 -0.43842 -0.212176 0.00212737 -0.437409 -0.211917 0.00120485 -0.43862 -0.212396 0.00266841 -0.436246 -0.214562 -0.00497209 -0.420354 -0.213907 -0.0167656 -0.411026 -0.214442 -0.012309 -0.413635 -0.214644 -0.0083438 -0.416811 -0.186097 -0.0488 -0.478001 -0.19641 -0.0332766 -0.470329 -0.193076 -0.0488 -0.45986 -0.188586 -0.0350343 -0.48695 -0.189325 -0.0205548 -0.495023 -0.194169 -0.0314474 -0.477623 -0.184931 -0.00506273 -0.507479 -0.18339 -0.00738636 -0.509637 -0.191403 0.00212948 -0.49649 -0.191886 0.00138494 -0.49556 -0.18607 -0.00216941 -0.505884 -0.190272 0.00305662 -0.498602 -0.19086 0.0026902 -0.497513 -0.189663 0.00324812 -0.49972 -0.189042 0.00323347 -0.500847 -0.188424 0.00304294 -0.501957 -0.186715 0.0013864 -0.50495 -0.187235 0.0021274 -0.504058 -0.186596 0.00120485 -0.50512 -0.18782 0.00266843 -0.50303 -0.195028 -0.00497209 -0.488702 -0.197439 -0.0167656 -0.479667 -0.197097 -0.012309 -0.482308 -0.196256 -0.0083438 -0.485378 -0.149389 -0.0488 -0.533983 -0.161633 -0.0332766 -0.530076 -0.161879 -0.0488 -0.519092 -0.148837 -0.0350343 -0.543256 -0.146914 -0.0205548 -0.551131 -0.157145 -0.0314474 -0.536247 -0.138714 -0.00506273 -0.561486 -0.136556 -0.00738636 -0.563027 -0.148403 0.00212949 -0.553193 -0.149162 0.00138494 -0.552471 -0.140309 -0.00216941 -0.560347 -0.146648 0.00305662 -0.554824 -0.147557 0.0026902 -0.553985 -0.145708 0.00324844 -0.555683 -0.144755 0.00323368 -0.556548 -0.14381 0.00304297 -0.557397 -0.141223 0.0013864 -0.559673 -0.142003 0.00212737 -0.558998 -0.141054 0.00120485 -0.559796 -0.142891 0.00266841 -0.558216 -0.154361 -0.00497209 -0.547005 -0.159574 -0.0167656 -0.539242 -0.158393 -0.012309 -0.541629 -0.156602 -0.0083438 -0.54426 -0.0964912 -0.0488 -0.575013 -0.109341 -0.0332766 -0.575293 -0.11314 -0.0488 -0.564984 -0.0929581 -0.0350343 -0.583605 -0.0885831 -0.0205548 -0.590429 -0.103093 -0.0314474 -0.579673 -0.0774648 -0.00506273 -0.59756 -0.0749232 -0.00738636 -0.598316 -0.0893217 0.00212949 -0.592863 -0.0902744 0.00138494 -0.592426 -0.0793437 -0.00216941 -0.597 -0.0871324 0.00305662 -0.593835 -0.0882646 0.0026902 -0.593336 -0.0859644 0.00324844 -0.594343 -0.0847822 0.00323368 -0.594851 -0.0836123 0.00304297 -0.595347 -0.0804264 0.0013864 -0.596659 -0.0813835 0.00212737 -0.596275 -0.080227 0.00120485 -0.596721 -0.0824774 0.00266841 -0.595823 -0.0969658 -0.00497209 -0.588944 -0.104417 -0.0167656 -0.583294 -0.102525 -0.012309 -0.585169 -0.0999765 -0.0083438 -0.587075 -0.0331374 -0.0488 -0.596645 -0.0451999 -0.0332766 -0.601082 -0.0521408 -0.0488 -0.592565 -0.0270062 -0.0350343 -0.603623 -0.0206525 -0.0205548 -0.608657 -0.0378681 -0.0314474 -0.603196 -0.00782123 -0.00506273 -0.611791 -0.00517157 -0.00738636 -0.611682 -0.0205608 0.00212949 -0.611199 -0.0216037 0.00138494 -0.611095 -0.00977989 -0.00216941 -0.611872 -0.0181745 0.00305662 -0.611407 -0.0194072 0.0026902 -0.611304 -0.0169048 0.00324844 -0.611509 -0.0156218 0.00323368 -0.611605 -0.0143539 0.00304297 -0.611695 -0.0109147 0.0013864 -0.611901 -0.0119447 0.00212737 -0.611849 -0.0107062 0.00120485 -0.611895 -0.0131261 0.00266841 -0.611777 -0.029063 -0.00497209 -0.609975 -0.0379453 -0.0167656 -0.60705 -0.0355473 -0.012309 -0.608209 -0.0325174 -0.0083438 -0.609185 0.0338073 -0.0488 -0.596533 0.0238391 -0.0332766 -0.604646 0.0145088 -0.0488 -0.598844 0.0418722 -0.0350343 -0.601142 0.0495161 -0.0205548 -0.60384 0.03146 -0.0314474 -0.604265 0.0626699 -0.00506273 -0.602639 0.0651404 -0.00738636 -0.601675 0.0504282 0.00212949 -0.606215 0.0494081 0.00138494 -0.606455 0.0608437 -0.00216941 -0.603351 0.0527529 0.00305662 -0.605637 0.0515533 0.0026902 -0.605939 0.0539867 0.00324844 -0.605321 0.0552315 0.00323368 -0.604995 0.0564599 0.00304297 -0.604669 0.0597798 0.0013864 -0.603747 0.0587885 0.00212737 -0.604032 0.0599749 0.00120485 -0.603673 0.0576477 0.00266841 -0.604347 0.0419891 -0.00497209 -0.607818 0.0326387 -0.0167656 -0.607936 0.0352829 -0.012309 -0.608253 0.0384654 -0.0083438 -0.608192 0.0970884 -0.0488 -0.57469 0.0902947 -0.0332766 -0.585601 0.0795861 -0.0488 -0.583143 0.106213 -0.0350343 -0.576431 0.114319 -0.0205548 -0.576501 0.0973789 -0.0314474 -0.582766 0.12637 -0.00506273 -0.571094 0.128393 -0.00738636 -0.56938 0.115953 0.00212948 -0.578451 0.115066 0.00138494 -0.57901 0.124874 -0.00216941 -0.572361 0.117964 0.00305665 -0.57715 0.116927 0.00269019 -0.577825 0.119028 0.00324851 -0.57645 0.1201 0.00323367 -0.575738 0.121155 0.00304297 -0.57503 0.123996 0.00138631 -0.573081 0.123151 0.00212717 -0.573672 0.124157 0.00120485 -0.572947 0.122174 0.00266841 -0.57434 0.108491 -0.00497209 -0.582707 0.0996857 -0.0167656 -0.585855 0.10229 -0.012309 -0.585296 0.10528 -0.0083438 -0.584205 0.149849 -0.0488 -0.533484 0.146966 -0.0332766 -0.546009 0.136039 -0.0488 -0.547161 0.159044 -0.0350343 -0.532168 0.166733 -0.0205548 -0.529602 0.152745 -0.0314474 -0.541027 0.176376 -0.00506273 -0.520574 0.177733 -0.00738636 -0.518296 0.168912 0.00212948 -0.530915 0.168254 0.00138494 -0.531732 0.175372 -0.00216941 -0.522258 0.170391 0.00305662 -0.529032 0.16963 0.0026902 -0.530007 0.171171 0.00324812 -0.528024 0.171953 0.00323347 -0.527003 0.172722 0.00304294 -0.525991 0.174776 0.0013864 -0.523224 0.174168 0.0021274 -0.524058 0.174884 0.00120485 -0.523046 0.173462 0.00266843 -0.525007 0.163236 -0.00497209 -0.537364 0.15593 -0.0167656 -0.5432 0.158212 -0.012309 -0.541826 0.160686 -0.0083438 -0.539823 0.18637 -0.0488 -0.477379 0.18771 -0.0332766 -0.490161 0.17775 -0.0488 -0.494799 0.19464 -0.0350343 -0.473148 0.20108 -0.0205548 -0.468225 0.191559 -0.0314474 -0.483573 0.207268 -0.00506273 -0.456556 0.207813 -0.00738636 -0.45396 0.203566 0.00212948 -0.46876 0.20321 0.00138494 -0.469745 0.206866 -0.00216941 -0.458474 0.204354 0.00305662 -0.466498 0.203951 0.0026902 -0.467667 0.204764 0.00324812 -0.465292 0.205173 0.00323347 -0.464072 0.205571 0.00304294 -0.462865 0.206616 0.0013864 -0.459581 0.206312 0.0021274 -0.460567 0.20666 0.00120485 -0.459378 0.205952 0.00266843 -0.461694 0.200293 -0.00497209 -0.476701 0.195277 -0.0167656 -0.484594 0.196989 -0.012309 -0.482554 0.198679 -0.0083438 -0.479856 0.202696 -0.0488 -0.412455 0.208114 -0.0332766 -0.42411 0.200199 -0.0488 -0.431731 0.209144 -0.0350343 -0.405769 0.213636 -0.0205548 -0.399021 0.209615 -0.0314474 -0.416629 0.2157 -0.00506273 -0.385975 0.215372 -0.00738636 -0.383343 0.216162 0.00212948 -0.39872 0.216144 0.00138494 -0.399768 0.215943 -0.00216941 -0.38792 0.216172 0.00305662 -0.396324 0.216171 0.0026902 -0.397561 0.216169 0.00324812 -0.39505 0.216159 0.00323347 -0.393764 0.216144 0.00304294 -0.392493 0.216065 0.0013864 -0.389048 0.216098 0.0021274 -0.390079 0.216042 0.00120485 -0.388841 0.216124 0.00266843 -0.391263 0.215644 -0.00497209 -0.407294 0.213463 -0.0167656 -0.416387 0.21442 -0.012309 -0.413902 0.215142 -0.0083438 -0.410802 0.197056 -0.0488 -0.345748 0.205965 -0.0332766 -0.355012 0.200953 -0.0488 -0.36479 0.200984 -0.0350343 -0.33733 0.203042 -0.0205548 -0.32949 0.204956 -0.0314474 -0.347449 0.200758 -0.00506273 -0.31648 0.199593 -0.00738636 -0.314098 0.205333 0.00212948 -0.328385 0.205656 0.00138494 -0.329381 0.201619 -0.00216941 -0.318241 0.204565 0.00305662 -0.326116 0.204965 0.0026902 -0.327286 0.204148 0.00324812 -0.324912 0.20372 0.00323347 -0.323699 0.203294 0.00304294 -0.322501 0.202101 0.0013864 -0.319269 0.202467 0.0021274 -0.320233 0.202011 0.00120485 -0.31908 0.202875 0.00266843 -0.321344 0.207627 -0.00497209 -0.336663 0.208517 -0.0167656 -0.345971 0.208615 -0.012309 -0.34331 0.208291 -0.0083438 -0.340143 0.139202 0.00946763 -0.230968 0.144485 0.0131168 -0.236028 0.140098 0.00851523 -0.231641 0.151836 0.0386953 -0.251673 0.158412 0.0380338 -0.258558 0.150585 0.0245548 -0.244444 0.164188 0.0371921 -0.265034 0.151561 0.0528 -0.260407 0.163505 0.0528 -0.275077 0.162856 0.0207656 -0.256514 0.155213 0.0150848 -0.246756 0.161926 0.0166066 -0.254386 0.149746 0.0151823 -0.241289 0.160426 0.0128099 -0.251968 0.170062 -0.0488 -0.284487 0.181497 -0.0332766 -0.290357 0.179931 -0.0488 -0.301232 0.171044 -0.0350343 -0.27525 0.170444 -0.0205548 -0.267166 0.178086 -0.0314474 -0.283531 0.16406 -0.00506273 -0.255603 0.162185 -0.00738636 -0.253727 0.172252 0.00212948 -0.265377 0.172882 0.00138494 -0.266214 0.165446 -0.00216941 -0.256989 0.17079 0.00305662 -0.26348 0.171548 0.0026902 -0.264457 0.170004 0.00324812 -0.262477 0.169206 0.00323347 -0.261468 0.168414 0.00304294 -0.260474 0.166236 0.0013864 -0.257804 0.166895 0.0021274 -0.258598 0.16609 0.00120485 -0.257655 0.167642 0.00266843 -0.259516 0.17711 -0.00497209 -0.272461 0.180975 -0.0167656 -0.280977 0.180203 -0.012309 -0.278428 0.178868 -0.0083438 -0.275538 0.0775398 -0.0017646 -0.23051 0.103721 0.0057646 -0.24553 0.0775398 0.0057646 -0.23051 0.045707 -0.0309408 -0.232644 0.0719711 -0.0309408 -0.242395 0.0741883 -0.0242565 -0.237663 0.103721 -0.0017646 -0.24553 0.0769952 -0.00940726 -0.231672 0.102993 -0.00940726 -0.246586 0.102993 0.0134073 -0.246586 0.0769952 0.0134073 -0.231672 0.0758767 0.0209914 -0.234059 0.101496 0.0209914 -0.248757 0.0298588 0.0496474 -0.250365 0.0167633 0.0457613 -0.240628 0.042108 0.0457613 -0.245506 -0.00981126 0.0349408 -0.226654 -0.0101135 0.0282565 -0.221437 0.018196 0.0349408 -0.227349 0.0663042 0.0457613 -0.25449 0.0512339 0.0496474 -0.256444 0.0714614 0.0496474 -0.265639 0.0886918 0.0457613 -0.267333 0.047115 0.0282565 -0.227611 0.0719711 0.0349408 -0.242395 0.045707 0.0349408 -0.232644 0.0900895 0.0496474 -0.277744 0.136405 0.0349408 -0.295163 0.145551 0.0408328 -0.321838 0.131359 0.0408328 -0.298893 0.161692 0.0134073 -0.313614 0.159343 0.0209914 -0.31481 0.145927 0.0134073 -0.288124 0.10866 0.0457613 -0.283686 0.106703 0.0496474 -0.292486 0.139241 0.0457613 -0.325053 0.151142 0.0349408 -0.31899 0.132463 0.0496474 -0.328507 0.120918 0.0496474 -0.30951 0.125664 0.0457613 -0.303103 0.0481873 0.0209914 -0.223779 0.0488976 0.0134073 -0.22124 0.125664 -0.0417613 -0.303103 0.131359 -0.0368328 -0.298893 0.10866 -0.0417613 -0.283686 0.151142 -0.0309408 -0.31899 0.145551 -0.0368328 -0.321838 0.0741883 0.0282565 -0.237663 0.136405 -0.0309408 -0.295163 0.113584 -0.0368328 -0.278596 0.0440162 0.0408328 -0.238687 0.0175229 0.0408328 -0.233587 0.120918 -0.0456474 -0.30951 0.139241 -0.0417613 -0.325053 -0.00944833 0.0408328 -0.232918 0.106669 -0.0456474 -0.292447 0.00781359 0.0496474 -0.24754 -0.00903874 0.0457613 -0.239988 0.132463 -0.0456474 -0.328507 -0.0144084 0.0496474 -0.248034 -0.0345942 0.0457613 -0.243603 -0.03631 0.0496474 -0.251836 -0.059206 0.0457613 -0.251376 -0.0574005 0.0496474 -0.258862 -0.0822029 0.0457613 -0.263093 -0.0771943 0.0496474 -0.268947 -0.0375509 0.0349408 -0.230578 -0.0361618 0.0408328 -0.236698 -0.0642663 0.0349408 -0.239015 -0.155122 0.0209914 -0.307009 -0.13528 0.0282565 -0.285212 -0.15167 0.0282565 -0.30899 -0.167653 0.0209914 -0.333755 -0.170125 0.0134073 -0.332838 -0.157408 0.0134073 -0.305698 -0.138359 0.0209914 -0.282691 -0.171328 0.0057646 -0.332391 -0.141391 -0.0017646 -0.280208 -0.158522 -0.0017646 -0.305059 -0.157408 -0.00940726 -0.305698 -0.181416 -0.00940726 -0.3915 -0.178201 -0.00940726 -0.361701 -0.179461 -0.0017646 -0.361458 -0.107623 0.0408328 -0.273109 -0.126382 0.0408328 -0.292499 -0.131237 0.0349408 -0.288523 -0.175612 -0.0169914 -0.362199 -0.17878 -0.0169914 -0.391565 -0.173132 -0.0242565 -0.420494 -0.174802 -0.0242565 -0.391664 -0.161745 -0.0368328 -0.418883 -0.163305 -0.0368328 -0.391949 -0.169578 -0.0309408 -0.391793 -0.0859279 0.0408328 -0.257071 -0.111757 0.0349408 -0.268388 -0.161756 -0.0309408 -0.447083 -0.145551 -0.0368328 -0.470162 -0.155772 -0.0368328 -0.445193 -0.120904 0.0457613 -0.296986 -0.102957 0.0457613 -0.278436 -0.139241 -0.0417613 -0.466947 -0.149019 -0.0417613 -0.443061 -0.132463 -0.0456474 -0.463493 -0.141046 -0.0456474 -0.442987 -0.0952555 0.0496474 -0.281863 -0.111195 0.0496474 -0.297328 -0.124657 0.0496474 -0.314998 -0.135337 0.0496474 -0.33448 -0.135552 0.0457613 -0.318236 -0.146503 0.0457613 -0.341608 -0.142995 0.0496474 -0.35534 -0.14746 0.0496474 -0.377111 -0.153457 0.0457613 -0.366463 -0.156226 0.0457613 -0.392124 -0.148629 0.0496474 -0.399306 -0.154733 0.0457613 -0.417891 -0.146475 0.0496474 -0.42143 -0.149019 0.0457613 -0.443061 -0.141046 0.0496474 -0.442987 -0.139241 0.0457613 -0.466947 -0.132463 0.0496474 -0.463493 0.113584 0.0408328 -0.278596 0.0693088 0.0408328 -0.248077 0.0927108 0.0408328 -0.261502 -0.061889 0.0408328 -0.244822 -0.141694 0.0408328 -0.314713 -0.153141 0.0408328 -0.339143 -0.163305 0.0408328 -0.391949 -0.160411 0.0408328 -0.365125 -0.161745 0.0408328 -0.418883 -0.155772 0.0408328 -0.445193 -0.145551 0.0408328 -0.470162 0.140607 0.0282565 -0.292056 0.117947 0.0349408 -0.274087 0.0962721 0.0349408 -0.256336 -0.0892286 0.0349408 -0.251734 -0.147137 0.0349408 -0.31159 -0.159024 0.0349408 -0.336959 -0.169578 0.0349408 -0.391793 -0.166573 0.0349408 -0.363939 -0.167958 0.0349408 -0.419762 -0.161756 0.0349408 -0.447083 -0.151142 0.0349408 -0.47301 0.155798 0.0282565 -0.316617 0.143807 0.0209914 -0.289691 0.121581 0.0282565 -0.270331 0.0992379 0.0282565 -0.252033 0.0187566 0.0282565 -0.222153 -0.0662461 0.0282565 -0.234179 -0.0677537 0.0209914 -0.230496 -0.0387077 0.0282565 -0.225482 -0.0919774 0.0282565 -0.24729 -0.1152 0.0282565 -0.264457 -0.163923 0.0282565 -0.33514 -0.174802 0.0282565 -0.391664 -0.171704 0.0282565 -0.362951 -0.173132 0.0282565 -0.420494 -0.155798 0.0282565 -0.475383 -0.166739 0.0282565 -0.448657 0.159343 -0.0169914 -0.31481 0.140607 -0.0242565 -0.292056 0.155798 -0.0242565 -0.316617 0.162836 0.0057646 -0.313031 0.146959 0.0057646 -0.287361 0.124348 0.0209914 -0.267471 0.0191834 0.0209914 -0.218197 -0.0103437 0.0209914 -0.217464 -0.0395886 0.0209914 -0.221602 -0.117822 0.0209914 -0.261463 -0.119559 0.0134073 -0.25948 -0.0940707 0.0209914 -0.243905 -0.17878 0.0209914 -0.391565 -0.175612 0.0209914 -0.362199 -0.177072 0.0209914 -0.421052 -0.170534 0.0209914 -0.449855 -0.159343 0.0209914 -0.47719 0.126181 0.0134073 -0.265576 0.0492434 0.0057646 -0.220004 0.0492434 -0.0017646 -0.220004 0.0194662 0.0134073 -0.215575 -0.0104962 0.0134073 -0.214832 -0.0401722 0.0134073 -0.219031 -0.0687525 0.0134073 -0.228056 -0.0954574 0.0134073 -0.241663 -0.158522 0.0057646 -0.305059 -0.140398 0.0134073 -0.281021 -0.179461 0.0057646 -0.361458 -0.182699 -0.0017646 -0.391468 -0.181416 0.0134073 -0.3915 -0.178201 0.0134073 -0.361701 -0.179682 0.0134073 -0.421421 -0.161692 0.0134073 -0.478386 -0.173047 0.0134073 -0.450649 0.146959 -0.0017646 -0.287361 0.127073 0.0057646 -0.264654 0.0196039 0.0057646 -0.214299 -0.0105704 0.0057646 -0.213551 -0.0404564 0.0057646 -0.217779 -0.0692388 0.0057646 -0.226869 -0.0961325 0.0057646 -0.240572 -0.120404 0.0057646 -0.258515 -0.141391 0.0057646 -0.280208 -0.170125 -0.00940726 -0.332838 -0.171328 -0.0017646 -0.332391 -0.182699 0.0057646 -0.391468 -0.180953 0.0057646 -0.421601 -0.162836 0.0057646 -0.478969 -0.174271 0.0057646 -0.451036 0.162836 -0.0017646 -0.313031 0.145927 -0.00940726 -0.288124 0.127073 -0.0017646 -0.264654 0.0194662 -0.00940726 -0.215575 0.0196039 -0.0017646 -0.214299 -0.0104962 -0.00940726 -0.214832 -0.0105704 -0.0017646 -0.213551 -0.0404564 -0.0017646 -0.217779 -0.0692388 -0.0017646 -0.226869 -0.0961325 -0.0017646 -0.240572 -0.120404 -0.0017646 -0.258515 -0.180953 -0.0017646 -0.421601 -0.174271 -0.0017646 -0.451036 -0.162836 -0.0017646 -0.478969 0.161692 -0.00940726 -0.313614 0.143807 -0.0169914 -0.289691 0.126181 -0.00940726 -0.265576 0.0488976 -0.00940726 -0.22124 -0.0401722 -0.00940726 -0.219031 -0.0677537 -0.0169914 -0.230496 -0.0395886 -0.0169914 -0.221602 -0.0687525 -0.00940726 -0.228056 -0.0954574 -0.00940726 -0.241663 -0.119559 -0.00940726 -0.25948 -0.140398 -0.00940726 -0.281021 -0.166739 -0.0242565 -0.448657 -0.151142 -0.0309408 -0.47301 -0.179682 -0.00940726 -0.421421 -0.173047 -0.00940726 -0.450649 -0.161692 -0.00940726 -0.478386 0.101496 -0.0169914 -0.248757 0.0758767 -0.0169914 -0.234059 0.0481873 -0.0169914 -0.223779 0.0191834 -0.0169914 -0.218197 -0.0103437 -0.0169914 -0.217464 -0.0940707 -0.0169914 -0.243905 -0.117822 -0.0169914 -0.261463 -0.13528 -0.0242565 -0.285212 -0.1152 -0.0242565 -0.264457 -0.138359 -0.0169914 -0.282691 -0.155122 -0.0169914 -0.307009 -0.167653 -0.0169914 -0.333755 -0.177072 -0.0169914 -0.421052 -0.170534 -0.0169914 -0.449855 -0.159343 -0.0169914 -0.47719 0.124348 -0.0169914 -0.267471 0.0992379 -0.0242565 -0.252033 0.121581 -0.0242565 -0.270331 0.047115 -0.0242565 -0.227611 0.0187566 -0.0242565 -0.222153 -0.0101135 -0.0242565 -0.221437 -0.0387077 -0.0242565 -0.225482 -0.0662461 -0.0242565 -0.234179 -0.0919774 -0.0242565 -0.24729 -0.15167 -0.0242565 -0.30899 -0.163923 -0.0242565 -0.33514 -0.166573 -0.0309408 -0.363939 -0.159024 -0.0309408 -0.336959 -0.171704 -0.0242565 -0.362951 -0.155798 -0.0242565 -0.475383 0.0962721 -0.0309408 -0.256336 0.117947 -0.0309408 -0.274087 0.018196 -0.0309408 -0.227349 -0.00944833 -0.0368328 -0.232918 -0.00981126 -0.0309408 -0.226654 -0.0375509 -0.0309408 -0.230578 -0.0642663 -0.0309408 -0.239015 -0.0892286 -0.0309408 -0.251734 -0.111757 -0.0309408 -0.268388 -0.131237 -0.0309408 -0.288523 -0.147137 -0.0309408 -0.31159 -0.167958 -0.0309408 -0.419762 0.0927108 -0.0368328 -0.261502 0.0693088 -0.0368328 -0.248077 0.0440162 -0.0368328 -0.238687 0.0175229 -0.0368328 -0.233587 -0.0361618 -0.0368328 -0.236698 -0.059206 -0.0417613 -0.251376 -0.0822029 -0.0417613 -0.263093 -0.0772079 -0.0456474 -0.268954 -0.061889 -0.0368328 -0.244822 -0.0859279 -0.0368328 -0.257071 -0.107623 -0.0368328 -0.273109 -0.126382 -0.0368328 -0.292499 -0.141694 -0.0368328 -0.314713 -0.153141 -0.0368328 -0.339143 -0.160411 -0.0368328 -0.365125 0.0886918 -0.0417613 -0.267333 0.0663042 -0.0417613 -0.25449 0.042108 -0.0417613 -0.245506 0.0167633 -0.0417613 -0.240628 -0.00903874 -0.0417613 -0.239988 -0.0345942 -0.0417613 -0.243603 -0.102957 -0.0417613 -0.278436 -0.120904 -0.0417613 -0.296986 -0.135552 -0.0417613 -0.318236 -0.146503 -0.0417613 -0.341608 -0.153457 -0.0417613 -0.366463 -0.156226 -0.0417613 -0.392124 -0.154733 -0.0417613 -0.417891 0.0900366 -0.0456474 -0.2777 0.0713928 -0.0456474 -0.2656 0.0511556 -0.0456474 -0.256415 0.0297782 -0.0456474 -0.25035 0.0077392 -0.0456474 -0.247539 -0.0144686 -0.0456474 -0.248043 -0.0363491 -0.0456474 -0.251849 -0.0574141 -0.0456474 -0.258869 -0.0952885 -0.0456474 -0.281887 -0.111238 -0.0456474 -0.297371 -0.124699 -0.0456474 -0.315059 -0.135372 -0.0456474 -0.334554 -0.143018 -0.0456474 -0.35542 -0.147468 -0.0456474 -0.377189 -0.148625 -0.0456474 -0.399375 -0.146463 -0.0456474 -0.421481 0.0934241 0.0496474 -0.329296 0.120918 0.0496474 -0.30951 0.132463 0.0496474 -0.328507 0.0521149 0.0496474 -0.293719 0.0714614 0.0496474 -0.265639 0.0674736 0.0496474 -0.303131 4.44988e-14 0.0496474 -0.281207 0.00781359 0.0496474 -0.24754 0.0179576 0.0496474 -0.28262 0.0512339 0.0496474 -0.256444 0.035473 0.0496474 -0.286825 -0.0715723 0.0496474 -0.306251 -0.0771943 0.0496474 -0.268947 -0.0555275 0.0496474 -0.29553 -0.0192285 0.0496474 -0.282829 -0.0144084 0.0496474 -0.248034 -0.0855945 0.0496474 -0.319508 -0.097198 0.0496474 -0.334926 -0.124657 0.0496474 -0.314998 0.146463 0.0496474 -0.370519 0.113911 0.0496474 -0.381801 0.110021 0.0496474 -0.363245 -0.14746 0.0496474 -0.377111 -0.111915 0.0496474 -0.370456 -0.114612 0.0496474 -0.389564 0.143018 0.0496474 -0.43658 0.10694 0.0496474 -0.437728 0.11235 0.0496474 -0.419557 0.0875967 0.0496474 -0.470191 0.111238 0.0496474 -0.494629 0.0741906 0.0496474 -0.483597 0.0144686 0.0496474 -0.543957 0.00474382 0.0496474 -0.510695 0.0235573 0.0496474 -0.50835 -0.103425 0.0496474 -0.445807 -0.141046 0.0496474 -0.442987 -0.110307 0.0496474 -0.427779 -0.0667036 0.0496474 -0.489424 -0.0504167 0.0496474 -0.499129 -0.0713928 0.0496474 -0.5264 -0.106669 0.0496474 -0.499553 -0.120918 0.0496474 -0.48249 -0.0936207 0.0496474 -0.462427 -0.0811709 0.0496474 -0.477171 -0.0900366 0.0496474 -0.5143 -0.0077392 0.0496474 -0.544461 -0.014199 0.0496474 -0.509911 -0.0511556 0.0496474 -0.535585 -0.0327546 0.0496474 -0.506021 -0.0297782 0.0496474 -0.54165 -0.132463 0.0496474 -0.463493 0.0772079 0.0496474 -0.523046 0.0574141 0.0496474 -0.533131 0.0587608 0.0496474 -0.494613 0.0952885 0.0496474 -0.510113 -0.148629 0.0496474 -0.399306 -0.114071 0.0496474 -0.408853 -0.146475 0.0496474 -0.42143 0.0986134 0.0496474 -0.454761 0.135372 0.0496474 -0.457446 0.124699 0.0496474 -0.476941 -0.106055 0.0496474 -0.352071 -0.135337 0.0496474 -0.33448 -0.142995 0.0496474 -0.35534 0.114695 0.0496474 -0.400744 0.148625 0.0496474 -0.392625 0.147468 0.0496474 -0.414811 -0.0952555 0.0496474 -0.281863 -0.111195 0.0496474 -0.297328 0.141046 0.0496474 -0.349013 0.103129 0.0496474 -0.345583 -0.0379137 0.0496474 -0.287649 -0.03631 0.0496474 -0.251836 -0.0574005 0.0496474 -0.258862 0.0900895 0.0496474 -0.277744 0.0811709 0.0496474 -0.314829 0.106703 0.0496474 -0.292486 0.0363491 0.0496474 -0.540151 0.0417282 0.0496474 -0.50294 0.0298588 0.0496474 -0.250365 -0.124699 -0.0456474 -0.315059 -0.0855945 -0.0456474 -0.319508 -0.111238 -0.0456474 -0.297371 -0.014199 -0.0456474 -0.509911 -0.00781359 -0.0456474 -0.54446 0.00474382 -0.0456474 -0.510695 -0.0555275 -0.0456474 -0.29553 -0.0379137 -0.0456474 -0.287649 -0.0574141 -0.0456474 -0.258869 0.0144084 -0.0456474 -0.543966 0.0235573 -0.0456474 -0.50835 0.0077392 -0.0456474 -0.247539 4.44988e-14 -0.0456474 -0.281207 0.0179576 -0.0456474 -0.28262 0.0771943 -0.0456474 -0.523053 0.0952555 -0.0456474 -0.510137 0.0587608 -0.0456474 -0.494613 0.0875967 -0.0456474 -0.470191 0.124657 -0.0456474 -0.477002 0.0986134 -0.0456474 -0.454761 0.114695 -0.0456474 -0.400744 0.11235 -0.0456474 -0.419557 0.14746 -0.0456474 -0.414889 0.141046 -0.0456474 -0.349013 0.103129 -0.0456474 -0.345583 0.110021 -0.0456474 -0.363245 0.120918 -0.0456474 -0.30951 0.106669 -0.0456474 -0.292447 0.0934241 -0.0456474 -0.329296 0.113911 -0.0456474 -0.381801 0.146475 -0.0456474 -0.37057 0.132463 -0.0456474 -0.328507 0.0811709 -0.0456474 -0.314829 0.0900366 -0.0456474 -0.2777 0.148629 -0.0456474 -0.392694 0.142995 -0.0456474 -0.43666 0.10694 -0.0456474 -0.437728 0.0674736 -0.0456474 -0.303131 0.0511556 -0.0456474 -0.256415 0.035473 -0.0456474 -0.286825 0.0521149 -0.0456474 -0.293719 0.135337 -0.0456474 -0.45752 0.0297782 -0.0456474 -0.25035 0.111195 -0.0456474 -0.494672 0.0741906 -0.0456474 -0.483597 -0.0192285 -0.0456474 -0.282829 -0.0144686 -0.0456474 -0.248043 0.03631 -0.0456474 -0.540164 0.0417282 -0.0456474 -0.50294 0.0574005 -0.0456474 -0.533138 -0.0952885 -0.0456474 -0.281887 -0.0715723 -0.0456474 -0.306251 -0.0772079 -0.0456474 -0.268954 -0.0327546 -0.0456474 -0.506021 -0.0298588 -0.0456474 -0.541635 -0.106055 -0.0456474 -0.352071 -0.097198 -0.0456474 -0.334926 -0.135372 -0.0456474 -0.334554 -0.0667036 -0.0456474 -0.489424 -0.0714614 -0.0456474 -0.526361 -0.0504167 -0.0456474 -0.499129 -0.0512339 -0.0456474 -0.535556 -0.148625 -0.0456474 -0.399375 -0.114071 -0.0456474 -0.408853 -0.114612 -0.0456474 -0.389564 -0.141046 -0.0456474 -0.442987 -0.110307 -0.0456474 -0.427779 -0.146463 -0.0456474 -0.421481 -0.0900895 -0.0456474 -0.514256 -0.106703 -0.0456474 -0.499514 -0.0936207 -0.0456474 -0.462427 -0.120918 -0.0456474 -0.48249 -0.0811709 -0.0456474 -0.477171 -0.132463 -0.0456474 -0.463493 -0.103425 -0.0456474 -0.445807 -0.147468 -0.0456474 -0.377189 -0.111915 -0.0456474 -0.370456 -0.143018 -0.0456474 -0.35542 0.0713928 -0.0456474 -0.2656 -0.0363491 -0.0456474 -0.251849 0.17096 0.0528 -0.386068 0.144456 0.0536916 -0.407369 0.171011 0.0528 -0.405026 0.128812 0.0528 -0.283156 0.118552 0.0536916 -0.31268 0.140495 0.0528 -0.298086 0.102462 0.0536916 -0.293538 0.121091 0.0527998 -0.274909 0.131112 0.0536916 -0.334303 0.139767 0.0536916 -0.357764 0.158472 0.0528 -0.331096 0.152584 0.0527998 -0.318255 0.164676 0.0528 -0.34901 0.168838 0.0527998 -0.367366 0.14426 0.0536916 -0.382363 0.168987 0.0527999 -0.423739 0.14035 0.0536916 -0.432036 0.132065 0.0536916 -0.45563 0.119846 0.0536916 -0.477447 0.150824 0.0527999 -0.477106 0.164922 0.0528 -0.442117 0.141012 0.0528 -0.493169 0.129407 0.0528 -0.50816 0.0859775 0.0528 -0.544101 0.101821 0.0528 -0.53369 0.0851716 0.0536916 -0.513229 0.116317 0.0527999 -0.521684 0.104058 0.0536916 -0.49684 0.0692048 0.0528 -0.552642 0.0637484 0.0536916 -0.526127 0.0404266 0.0536916 -0.535149 0.0243297 0.0527999 -0.512033 0.0159008 0.0536916 -0.540028 0.0515961 0.0528 -0.559291 -0.00909851 0.0536916 -0.540617 -0.00422003 0.0528 -0.567197 0.0145934 0.0528 -0.566626 -0.0146646 0.0527999 -0.513646 -0.0338269 0.0536916 -0.536899 -0.0231173 0.0528 -0.565681 -0.0595788 0.0528 -0.55655 -0.0415993 0.0528 -0.562119 -0.0795549 0.0536916 -0.517111 -0.0769601 0.0528 -0.548981 -0.0575478 0.0536916 -0.528985 -0.0338285 0.0527999 -0.509628 -0.108481 0.0528 -0.528506 -0.0991927 0.0536916 -0.501629 -0.0932842 0.0528 -0.539611 -0.0688906 0.0527999 -0.492487 -0.0838323 0.0528 -0.479832 -0.115876 0.0536916 -0.483002 -0.122463 0.0528 -0.515703 -0.13486 0.0528 -0.501541 -0.0959144 0.0527999 -0.465686 -0.105635 0.0528 -0.449824 -0.129109 0.0536916 -0.461784 -0.145628 0.0528 -0.486103 -0.152584 0.0528 -0.473745 0.0332306 0.0528 -0.563993 0.158814 0.0528 -0.460064 0.0964872 0.0527999 -0.327109 0.0838323 0.0528 -0.312168 -0.0520697 0.0527999 -0.50251 0.00489935 0.0527999 -0.514455 0.0430963 0.0527999 -0.506446 0.0606874 0.0527999 -0.497847 0.0766231 0.0527999 -0.486469 0.0904687 0.0527999 -0.472623 0.101847 0.0527999 -0.456687 0.110446 0.0527999 -0.439096 0.116033 0.0527999 -0.42033 0.118455 0.0527999 -0.400899 0.117646 0.0527999 -0.381335 0.113628 0.0527999 -0.362171 0.10651 0.0527999 -0.34393 0.0812721 0.000786491 -0.217014 0.0891069 -0.00413866 -0.221118 0.0613996 -0.00497209 -0.209672 0.0521318 0.00269106 -0.206454 0.0580103 0.00705369 -0.208388 0.0532513 0.00213032 -0.206762 -0.0732 0.0172266 -0.215648 -0.0738525 0.00705369 -0.214041 -0.0902538 0.0125081 -0.222392 0.0484565 0.0032533 -0.205491 0.0319588 0.00897209 -0.202437 0.0866667 0.00261506 -0.21955 0.0892131 0.00509092 -0.220909 -0.0084102 0.00705369 -0.199805 -0.0134734 0.00304915 -0.199884 -0.0147436 0.00323496 -0.199979 0.0509352 0.00304896 -0.206136 0.0769849 0.00261506 -0.215116 0.0542622 0.00138494 -0.207052 0.0869079 -0.022532 -0.225434 0.0848276 -0.0312211 -0.229517 0.0724602 -0.0250327 -0.220056 0.0695197 -0.0167656 -0.2153 0.0675391 -0.0125164 -0.213262 0.0648127 -0.00854953 -0.211388 0.0883424 -0.0134181 -0.222618 0.0824318 0.00076503 -0.217544 0.0835773 0.000967201 -0.218075 0.0846881 0.00132403 -0.218594 0.0857321 0.00186778 -0.219091 0.0750513 -0.0328361 -0.226025 0.0821614 -0.0392534 -0.234749 0.0772407 -0.0400102 -0.233054 0.0789984 -0.0464296 -0.240957 -0.00242777 -0.00497209 -0.199831 -0.0100291 0.00138494 -0.199671 0.0151182 0.00186849 -0.199995 0.0801233 0.000973142 -0.216493 0.0789969 0.00131049 -0.215987 0.077942 0.00186849 -0.215524 0.0497031 0.00323479 -0.205813 -0.0258988 0.0164727 -0.202898 -0.0083359 0.0172266 -0.201538 -0.0289935 0.0125081 -0.202494 0.0438685 0.00138494 -0.204372 0.0246777 0.00261506 -0.20097 0.0448905 0.00213679 -0.204606 0.0236448 0.00186778 -0.20084 0.0251687 -0.00305369 -0.201244 0.0224959 0.00132402 -0.200708 -0.0122382 0.00269111 -0.199797 -0.0110794 0.00213034 -0.199725 0.0140808 0.00261506 -0.19992 0.0249463 -0.0132266 -0.202965 0.00135725 -0.00854935 -0.200346 0.0359685 -0.00546763 -0.203203 0.0445178 -0.0130974 -0.206485 0.0526969 -0.0205548 -0.211112 0.0244968 -0.0232052 -0.206443 0.0599591 -0.0426013 -0.228446 0.0616367 -0.0488 -0.236228 0.0440938 -0.0487998 -0.230525 0.0260393 -0.0488 -0.226743 0.0214494 -0.0420443 -0.218807 -0.0742096 0.00213031 -0.213957 -0.075282 0.00269107 -0.214402 0.0554465 -0.0283495 -0.215784 0.00707971 -0.0167656 -0.202518 0.00602895 0.00946763 -0.199969 0.0174961 0.000973123 -0.200203 -0.0326225 0.00897201 -0.202549 -0.0160271 0.0032533 -0.20008 0.0157432 0.0179778 -0.202197 -0.0401249 0.0245548 -0.207982 -0.0718812 0.0272052 -0.218898 -0.0346727 0.0350539 -0.212311 -0.0764221 0.00304911 -0.214885 -0.0775925 0.00323492 -0.215388 -0.0503492 0.00261506 -0.205972 -0.057949 0.00946763 -0.208633 -0.0732336 0.00138494 -0.213565 -0.049354 0.00187429 -0.205708 -0.0659921 -0.00497209 -0.211249 -0.0417427 -0.00305369 -0.204112 -0.0413739 -0.0132266 -0.205807 -0.0622447 -0.00854987 -0.210506 -0.0285816 -0.00546763 -0.20197 -0.0194591 -0.0130731 -0.202295 -0.0372474 -0.0420443 -0.221443 -0.0439763 -0.0343401 -0.216532 -0.00767495 -0.0412654 -0.216957 -0.00189669 -0.0357179 -0.212237 0.00230572 -0.0426013 -0.218056 -0.0120248 -0.0487998 -0.225174 -0.0303294 -0.0488 -0.227459 0.00641924 -0.0488 -0.224872 -0.00607364 -0.0283495 -0.207545 -0.0406285 -0.0232052 -0.209234 -0.109323 0.00261506 -0.232617 -0.129298 0.00213034 -0.247916 -0.130168 0.00269109 -0.248685 -0.0101915 -0.0205548 -0.204019 -0.0561277 -0.0167658 -0.210702 -0.0470443 0.000932594 -0.205134 -0.0207298 0.00138494 -0.200511 -0.0421234 0.00130825 -0.203982 -0.0871954 0.0164727 -0.22177 -0.140338 0.0452654 -0.284552 -0.123095 0.0528 -0.276947 -0.132075 0.0445357 -0.27394 -0.131089 0.00304897 -0.249513 -0.130705 0.00705369 -0.249441 -0.135417 0.0527998 -0.291175 -0.128502 0.00138494 -0.247229 -0.108459 0.00186848 -0.232038 -0.119102 -0.00854977 -0.240767 -0.103799 -0.00305369 -0.229299 -0.102882 -0.0132266 -0.230772 -0.122405 -0.00497209 -0.242687 -0.0813007 -0.0130732 -0.219109 -0.0900345 -0.00546763 -0.221763 -0.0673959 -0.0412654 -0.229949 -0.0614616 -0.035718 -0.22281 -0.0555975 -0.0426013 -0.226949 -0.0834113 -0.0488 -0.246439 -0.0919078 -0.0420443 -0.242995 -0.0668404 -0.0487998 -0.238334 -0.0494938 -0.0488 -0.23206 -0.0669356 -0.0283495 -0.219729 -0.0998665 -0.0343401 -0.240535 -0.0719756 -0.0205548 -0.21773 -0.107051 -0.025842 -0.239174 -0.15645 0.00261506 -0.276966 -0.169845 0.00138494 -0.297014 -0.170375 0.00213034 -0.297923 -0.107494 0.00131048 -0.231408 -0.102198 0.00132402 -0.22807 -0.0830818 0.00138494 -0.217834 -0.132033 0.0032348 -0.250368 -0.139043 0.0164727 -0.259523 -0.12955 0.0172266 -0.250735 -0.141734 0.0125081 -0.261104 -0.115647 0.00946763 -0.237601 -0.192245 0.0172266 -0.365552 -0.188553 0.00946763 -0.342033 -0.193958 0.00705369 -0.36528 -0.164552 0.0445357 -0.323438 -0.169628 0.0452654 -0.338194 -0.155082 0.0528 -0.323367 -0.170948 0.00269109 -0.298933 -0.171551 0.00304898 -0.300014 -0.172355 0.00705369 -0.301887 -0.141731 -0.00546763 -0.260438 -0.151964 0.000967208 -0.271302 -0.151188 0.00132403 -0.270353 -0.15582 0.0018685 -0.276139 -0.163053 -0.00854978 -0.287851 -0.153782 -0.00305369 -0.273875 -0.152424 -0.0132266 -0.274954 -0.165554 -0.00497209 -0.290738 -0.134332 -0.0130733 -0.255091 -0.119278 -0.0412654 -0.262254 -0.114366 -0.035718 -0.25215 -0.107476 -0.0426014 -0.254161 -0.127454 -0.0488 -0.281626 -0.136609 -0.0420444 -0.281128 -0.114413 -0.0487998 -0.26858 -0.100043 -0.0488 -0.257013 -0.120544 -0.0283496 -0.251013 -0.144935 -0.0343401 -0.281386 -0.12596 -0.0205548 -0.250759 -0.152172 -0.0258421 -0.28243 -0.186623 0.00261506 -0.334215 -0.192783 0.00138494 -0.357526 -0.192989 0.00213034 -0.358558 -0.155112 0.00131048 -0.27523 -0.172166 0.0032348 -0.30113 -0.175824 0.0164727 -0.312065 -0.170832 0.0172266 -0.302719 -0.177855 0.0125081 -0.314434 -0.160813 0.00946763 -0.283734 -0.161822 0.0527999 -0.452033 -0.166994 0.0528 -0.433935 -0.174423 0.0445358 -0.439808 -0.194442 0.0179733 -0.39632 -0.19586 0.00946763 -0.40618 -0.191297 0.0172266 -0.431926 -0.193203 0.0026911 -0.359699 -0.193422 0.00304899 -0.360918 -0.178068 -0.00546763 -0.313803 -0.18422 0.0009672 -0.327401 -0.183794 0.00132402 -0.326251 -0.186297 0.00186849 -0.333228 -0.189334 -0.00854972 -0.346654 -0.185879 -0.00305369 -0.332656 -0.184237 -0.0132266 -0.333216 -0.190762 -0.00497209 -0.350197 -0.172807 -0.0130734 -0.306343 -0.174297 -0.0343402 -0.334656 -0.163186 -0.0326539 -0.306894 -0.157287 -0.0412654 -0.310115 -0.154877 -0.0357181 -0.297079 -0.147708 -0.0426014 -0.296744 -0.157686 -0.0488 -0.329207 -0.166506 -0.0420444 -0.331709 -0.149587 -0.0487998 -0.312634 -0.139752 -0.0488 -0.297028 -0.16109 -0.0283496 -0.29801 -0.166295 -0.0205548 -0.299528 -0.180803 -0.0258421 -0.337994 -0.185922 0.00131047 -0.332138 -0.193642 0.00323481 -0.362172 -0.193551 0.0164727 -0.373703 -0.194703 0.0125081 -0.376603 -0.124529 0.0164727 -0.545839 -0.153245 0.0179724 -0.515682 -0.148308 0.00946763 -0.524333 -0.150748 0.0445358 -0.49407 -0.14224 0.0366539 -0.515738 -0.137098 0.0452654 -0.51141 -0.196483 0.00132402 -0.389708 -0.195109 -0.00546763 -0.376075 -0.196512 0.000967193 -0.390934 -0.194333 0.00304899 -0.425623 -0.194134 0.00323481 -0.42688 -0.193002 0.00705369 -0.432246 -0.196585 0.00186849 -0.397119 -0.19483 0.00138494 -0.422208 -0.196573 0.00261506 -0.398159 -0.19469 0.00213034 -0.42325 -0.195098 -0.00854942 -0.410804 -0.196356 -0.00305369 -0.398804 -0.194621 -0.0132266 -0.398779 -0.192555 -0.0130735 -0.367311 -0.184772 -0.0343402 -0.394574 -0.183639 -0.0326539 -0.366914 -0.177001 -0.0412654 -0.367966 -0.178605 -0.0357182 -0.352728 -0.171933 -0.0426015 -0.350082 -0.17083 -0.0488 -0.384027 -0.178359 -0.0420444 -0.389256 -0.168551 -0.0487998 -0.365722 -0.164316 -0.0488 -0.347768 -0.184179 -0.0283497 -0.355625 -0.189841 -0.0258422 -0.399844 -0.188609 -0.0205548 -0.358751 -0.195298 -0.00497209 -0.414619 -0.193406 -0.0167656 -0.404922 -0.194522 0.0026911 -0.424399 -0.190451 0.0125081 -0.440874 -0.190304 0.0164727 -0.437757 -0.0587256 0.0445358 -0.565982 -0.0415993 0.0528 -0.562119 -0.0595788 0.0528 -0.55655 -0.0330773 0.0452654 -0.572128 -0.18788 0.00132402 -0.453847 -0.191007 -0.00546763 -0.440507 -0.18751 0.00096719 -0.455016 -0.181942 0.00946763 -0.469224 -0.174185 0.00304914 -0.487117 -0.173588 0.00323495 -0.488242 -0.18557 0.00186849 -0.46089 -0.175764 0.00138494 -0.484049 -0.185221 0.00261506 -0.46187 -0.175293 0.00213034 -0.484989 -0.182369 -0.0132266 -0.46402 -0.17972 -0.00854931 -0.473351 -0.183994 -0.00305369 -0.464626 -0.191437 -0.0130735 -0.431388 -0.175223 -0.0343402 -0.454646 -0.182734 -0.0326539 -0.430318 -0.176129 -0.0412654 -0.429077 -0.182978 -0.0357182 -0.413065 -0.177527 -0.0426015 -0.408397 -0.165461 -0.0488 -0.440144 -0.170885 -0.0420445 -0.447535 -0.169249 -0.0487998 -0.42209 -0.171074 -0.0488 -0.403734 -0.187309 -0.0283497 -0.417615 -0.18785 -0.0232052 -0.431279 -0.190484 -0.0205548 -0.42201 -0.178307 -0.0258422 -0.461277 -0.18003 -0.0167656 -0.467238 -0.186729 0.000786471 -0.45743 -0.187124 0.000765016 -0.456218 -0.174761 0.00269111 -0.486021 -0.165562 0.0125081 -0.500282 -0.166434 0.0164727 -0.497286 -0.169597 0.00705369 -0.494996 0.0298999 0.0272052 -0.584781 0.0290855 0.0366539 -0.579639 0.00396566 0.035054 -0.58289 0.0304484 0.0172266 -0.588245 0.057329 0.0164727 -0.582206 0.0547281 0.0207656 -0.581716 -0.158917 0.00132402 -0.511717 -0.166207 -0.00546763 -0.500115 -0.158187 0.000967191 -0.512703 -0.135162 0.00304897 -0.538738 -0.134232 0.00323481 -0.539609 -0.154445 0.00186849 -0.517628 -0.137651 0.00138494 -0.536349 -0.153797 0.00261506 -0.518442 -0.136901 0.00213032 -0.537085 -0.169574 -0.0130736 -0.49163 -0.146373 -0.0125164 -0.524569 -0.150232 -0.00305369 -0.522466 -0.146687 -0.0343402 -0.508364 -0.160574 -0.0326539 -0.48973 -0.15477 -0.0412654 -0.486342 -0.167523 -0.0357182 -0.471554 -0.163883 -0.0426015 -0.465368 -0.142163 -0.0488 -0.491477 -0.144893 -0.0420445 -0.500229 -0.151607 -0.0487998 -0.475632 -0.159293 -0.0488 -0.458863 -0.170142 -0.0283497 -0.477263 -0.16507 -0.0232052 -0.492354 -0.171718 -0.0205548 -0.482451 -0.147451 -0.0258422 -0.515636 -0.147144 -0.0167656 -0.521833 -0.156665 0.000786477 -0.514733 -0.157432 0.000765018 -0.513714 -0.122731 0.0125081 -0.54839 -0.126466 0.00705369 -0.546232 0.0916007 0.0272052 -0.563754 0.0891059 0.0366539 -0.559186 0.064434 0.035054 -0.571476 -0.112733 0.00132402 -0.557047 -0.123395 -0.00546763 -0.548441 -0.111723 0.000967198 -0.557743 -0.106585 0.00186849 -0.561186 -0.0846219 0.00138494 -0.573439 -0.105707 0.00261506 -0.561745 -0.0836727 0.00213032 -0.573892 -0.0966959 -0.0125166 -0.56513 -0.0943152 -0.0085497 -0.567427 -0.0989963 -0.00305369 -0.565597 -0.102254 -0.0343402 -0.549905 -0.119738 -0.0326539 -0.53824 -0.11541 -0.0412654 -0.533098 -0.100615 -0.0258422 -0.557031 -0.133014 -0.0405223 -0.51709 -0.130251 -0.0487998 -0.507179 -0.127859 -0.0487998 -0.509922 -0.103458 -0.0488 -0.532464 -0.103199 -0.0420445 -0.541628 -0.123091 -0.0232052 -0.542222 -0.134343 -0.0205548 -0.533524 -0.134407 -0.0310441 -0.525958 -0.0983138 -0.0167656 -0.562793 -0.129335 -0.0130736 -0.541509 -0.109624 0.000786476 -0.559168 -0.110681 0.000765028 -0.558454 -0.080329 0.0032348 -0.575412 -0.0986029 0.00946763 -0.565535 -0.0814912 0.00304897 -0.574891 -0.0691291 0.0164727 -0.578155 -0.0665999 0.0125081 -0.579983 -0.0633824 0.00897209 -0.581663 -0.0791524 0.0032533 -0.575935 0.141012 0.0528 -0.493169 0.150364 0.0445358 -0.494657 0.150824 0.0527999 -0.477106 0.142647 0.0272052 -0.523216 0.138762 0.0366539 -0.519751 0.11792 0.035054 -0.541047 -0.0177215 0.0032348 -0.591774 -0.0164389 0.0032533 -0.591886 0.000336491 0.00897209 -0.592183 -0.0362461 -0.00305369 -0.589002 -0.0461625 0.00261506 -0.587088 -0.0471736 0.0018685 -0.586844 -0.0213775 0.00213033 -0.591422 -0.0202226 0.00269108 -0.591541 -0.0672114 -0.00546763 -0.580248 -0.0365404 -0.0125167 -0.587363 -0.0335428 -0.00854978 -0.588763 -0.0224224 0.00138494 -0.591302 -0.0750803 -0.0130736 -0.57562 -0.0467413 -0.0343402 -0.574768 -0.0649754 -0.0326539 -0.570206 -0.0626267 -0.0412654 -0.563909 -0.0857934 -0.0357182 -0.558517 -0.0867198 -0.0426015 -0.5514 -0.053543 -0.0488 -0.558663 -0.0503219 -0.0420445 -0.567246 -0.0707286 -0.0488 -0.55196 -0.0870936 -0.0488 -0.543448 -0.0843529 -0.0283497 -0.564632 -0.0667946 -0.0232052 -0.575083 -0.0824098 -0.0205548 -0.569693 -0.042877 -0.0258422 -0.580976 -0.0388293 -0.0167656 -0.585678 -0.0298936 -0.00497209 -0.589893 -0.0382124 0.00946763 -0.588365 -0.0189899 0.00304897 -0.591659 -0.0359259 0.0172266 -0.587297 -0.00325205 0.0125081 -0.591639 -0.00623802 0.0164727 -0.590731 0.0640189 0.00897209 -0.581444 0.0468065 0.00323481 -0.586921 0.048056 0.0032533 -0.58661 0.0183849 0.00261506 -0.591723 0.0432342 0.00213034 -0.587775 0.0443652 0.0026911 -0.587512 -0.00374452 -0.00546763 -0.592088 0.0275748 -0.0125167 -0.588859 0.0308645 -0.00854977 -0.589209 0.034683 -0.00497209 -0.589094 0.0173494 0.00186849 -0.591821 0.0162011 0.00131048 -0.591915 -0.0126896 -0.0130735 -0.590266 -0.00277945 -0.0132266 -0.590621 0.013837 -0.0343402 -0.580258 -0.00265504 -0.0326539 -0.581909 -0.00255907 -0.0412654 -0.575189 -0.0283756 -0.0357182 -0.577569 -0.0315629 -0.0426015 -0.571137 0.00217469 -0.0488 -0.567235 0.00800817 -0.0420444 -0.574307 -0.0162573 -0.0487998 -0.566475 -0.0344984 -0.0487998 -0.563738 -0.0250279 -0.0283497 -0.582884 -0.00272938 -0.0232052 -0.587115 -0.0215466 -0.0205548 -0.58704 0.0195077 -0.0258421 -0.584875 0.024863 -0.0167656 -0.588009 0.026319 0.00946763 -0.59035 0.0455693 0.00304898 -0.587223 0.0604482 0.0125081 -0.582095 0.174251 0.0445357 -0.440488 0.168987 0.0527999 -0.423739 0.164922 0.0528 -0.442117 0.107343 0.00325327 -0.560679 0.0941127 0.00705369 -0.568355 0.106262 0.00323485 -0.561378 0.0789369 0.00131047 -0.57604 0.0955011 -0.00497209 -0.56737 0.0799922 0.00186849 -0.575577 0.103161 0.00213034 -0.563346 0.102263 0.00138494 -0.563893 0.0627844 -0.0132266 -0.580237 0.0919273 -0.00854965 -0.568719 0.0601281 -0.00546763 -0.582679 0.0778017 0.000973081 -0.576526 0.0510762 -0.0130734 -0.583861 0.0321171 -0.0357182 -0.576944 0.0654705 -0.0420444 -0.562046 0.0599741 -0.0326539 -0.57199 0.0270143 -0.0426015 -0.571896 0.0399778 -0.0487998 -0.562517 0.0576567 -0.0488 -0.557251 0.0218351 -0.0488 -0.565851 0.0370094 -0.0283497 -0.580885 0.0616532 -0.0232052 -0.576917 0.0797785 -0.0258421 -0.568307 0.0416516 -0.0205548 -0.583686 0.0858609 -0.0167656 -0.569532 0.0766405 0.000786466 -0.577018 0.088702 -0.0125166 -0.569456 0.104145 0.00269109 -0.56273 0.08094 0.00261506 -0.575149 0.0879983 0.00946763 -0.571274 0.0932813 0.0172266 -0.566832 0.117598 0.0125081 -0.552384 0.114684 0.0164727 -0.553502 0.120764 0.00897209 -0.55061 0.17096 0.0528 -0.386068 0.179255 0.0445357 -0.381498 0.168838 0.0527998 -0.367366 0.194462 0.0172266 -0.404336 0.194864 0.00946763 -0.418196 0.196195 0.00705369 -0.40441 0.128445 0.00132402 -0.544818 0.12757 0.00186778 -0.545575 0.122125 -0.00305369 -0.549782 0.153412 0.00304918 -0.518913 0.154203 0.00323497 -0.517914 0.146559 0.00705369 -0.526705 0.133967 0.00186849 -0.539874 0.151236 0.00138494 -0.521591 0.134724 0.00261506 -0.539161 0.151908 0.00213037 -0.520782 0.121046 -0.0132266 -0.548424 0.143028 -0.00854921 -0.529512 0.117485 -0.00546763 -0.553041 0.14597 -0.00497209 -0.527075 0.133119 0.00131048 -0.540654 0.109307 -0.0130733 -0.557097 0.0891294 -0.0357181 -0.556712 0.115838 -0.0420444 -0.531791 0.115628 -0.0326539 -0.541601 0.0826641 -0.0426014 -0.553594 0.0918796 -0.0487998 -0.540514 0.106891 -0.0488 -0.529793 0.0758025 -0.0488 -0.549558 0.095036 -0.0283496 -0.55885 0.118865 -0.0232052 -0.545677 0.131404 -0.0258421 -0.533067 0.100336 -0.0205548 -0.559992 0.137555 -0.0167656 -0.532251 0.131264 0.000786474 -0.542325 0.140217 -0.0125161 -0.531256 0.15264 0.00269115 -0.519881 0.145265 0.0172266 -0.52555 0.162004 0.0125081 -0.505727 0.15961 0.0164727 -0.50773 0.140142 0.00946763 -0.533204 0.170832 0.0454948 -0.342555 0.169802 0.00130825 -0.495059 0.169219 0.00187436 -0.496059 0.166701 -0.00305369 -0.499799 0.18501 0.00304909 -0.46244 0.185433 0.00323491 -0.461239 0.181959 0.00705369 -0.469852 0.173429 0.00187429 -0.48857 0.183821 0.00138494 -0.46568 0.173909 0.00261506 -0.487659 0.184194 0.0021303 -0.464697 0.165228 -0.0132266 -0.498882 0.17863 -0.00854994 -0.475837 0.16211 -0.00546763 -0.506385 0.180621 -0.00497209 -0.472577 0.155693 -0.0130732 -0.512877 0.136483 -0.0357181 -0.519064 0.153653 -0.0420443 -0.48682 0.157832 -0.0326539 -0.494277 0.129356 -0.0426014 -0.518214 0.133825 -0.0487998 -0.50285 0.144541 -0.0488 -0.487836 0.121555 -0.0488 -0.516625 0.142764 -0.0283496 -0.519168 0.16879 -0.0258421 -0.482974 0.162251 -0.0232052 -0.497028 0.148148 -0.0205548 -0.518527 0.174342 -0.0167656 -0.480204 0.171672 0.000746125 -0.491762 0.176537 -0.0125169 -0.478399 0.184593 0.00269105 -0.463606 0.180352 0.0172266 -0.4692 0.188854 0.0125081 -0.447179 0.187241 0.0164727 -0.449851 0.177098 0.00946763 -0.480266 0.191737 0.0179779 -0.363686 0.185954 0.0172266 -0.338502 0.182604 0.0272052 -0.339538 0.185924 0.0350539 -0.376615 0.190689 0.0245548 -0.371539 0.192767 0.00132401 -0.434546 0.192541 0.00186777 -0.43568 0.191888 -0.00305369 -0.437743 0.196558 0.00304912 -0.398768 0.196569 0.00323493 -0.397494 0.194088 0.00186847 -0.427253 0.196487 0.00138494 -0.402218 0.194247 0.00261506 -0.426225 0.19652 0.00213032 -0.401167 0.194874 -0.00854951 -0.41351 0.190193 -0.0132266 -0.437374 0.195699 -0.00497209 -0.40978 0.185207 -0.0130731 -0.45599 0.189169 -0.00546763 -0.447767 0.169047 -0.035718 -0.46808 0.16203 -0.0426013 -0.469591 0.174817 -0.0420443 -0.432009 0.161268 -0.0487998 -0.453608 0.166529 -0.0488 -0.435928 0.154136 -0.0488 -0.47062 0.175021 -0.0283495 -0.466139 0.182017 -0.03434 -0.427819 0.179905 -0.0205548 -0.463785 0.186766 -0.0232052 -0.436629 0.192236 -0.0167654 -0.419033 0.193683 0.000973159 -0.429605 0.193727 -0.0125164 -0.416613 0.196543 0.00269108 -0.400006 0.19524 0.0125081 -0.383085 0.194581 0.0164727 -0.386136 0.196533 0.00138494 -0.391484 0.19512 0.00261506 -0.372046 0.196557 0.00213679 -0.392532 0.191513 0.00946763 -0.353722 0.194756 -0.00305369 -0.370831 0.194838 0.00132767 -0.369865 0.186807 0.00304912 -0.334795 0.186403 0.00323493 -0.333587 0.187612 0.00705369 -0.33799 0.193719 0.00186943 -0.36254 0.187859 0.00138494 -0.338082 0.193537 0.00261506 -0.361515 0.187549 0.00213032 -0.337077 0.190001 -0.0085496 -0.349286 0.193035 -0.0132266 -0.371054 0.18957 -0.00497209 -0.34549 0.194651 -0.0130731 -0.392603 0.195728 -0.00546763 -0.383539 0.177037 -0.0420443 -0.373295 0.182486 -0.03434 -0.366994 0.183292 -0.035718 -0.409285 0.177146 -0.0426013 -0.412992 0.171235 -0.0487998 -0.398123 0.17047 -0.0488 -0.379692 0.170014 -0.0488 -0.416529 0.188312 -0.0283495 -0.40551 0.192167 -0.0205548 -0.401697 0.189557 -0.0232052 -0.371503 0.1893 -0.0167656 -0.355366 0.1941 0.000937981 -0.364887 0.189923 -0.0125165 -0.352593 0.187195 0.00269108 -0.335971 0.180468 0.0125081 -0.320391 0.180835 0.0164727 -0.32349 0.185991 0.00325329 -0.332368 0.185578 0.00303663 -0.331166 0.184418 0.00138494 -0.327915 0.176454 0.00206907 -0.309336 0.17677 0.00261506 -0.309988 0.185171 0.00268919 -0.329996 0.179524 0.00897209 -0.316886 0.184781 0.00213679 -0.328898 0.176096 0.00160326 -0.308613 0.181077 -0.00546763 -0.320661 0.175153 0.000891386 -0.306755 0.175641 0.00118003 -0.307711 0.174173 -0.00952139 -0.307254 0.17121 -0.0412654 -0.343061 0.177674 -0.0357179 -0.34905 0.173065 -0.0426013 -0.354553 0.162647 -0.0487998 -0.342408 0.155939 -0.0488 -0.325224 0.16152 -0.0388933 -0.313701 0.167468 -0.0488 -0.360213 0.167269 -0.0297718 -0.310772 0.181197 -0.0283495 -0.343849 0.183605 -0.0205548 -0.338992 0.171534 -0.0198688 -0.308599 0.183001 -0.013073 -0.329584 0.175532 0.0375238 -0.336496 0.164676 0.0528 -0.34901 0.172279 0.0366539 -0.465923 0.158627 0.0350539 -0.494899 0.177102 0.0272052 -0.467881 0.157257 0.0207656 -0.508941 0.116317 0.0527999 -0.521684 0.101821 0.0528 -0.53369 0.110183 0.0445358 -0.538134 0.171011 0.0528 -0.405026 0.17893 0.0454949 -0.40092 0.196575 0.00325329 -0.396207 0.195486 0.00897209 -0.379464 0.196574 0.00303664 -0.394936 0.19657 0.0026892 -0.393697 0.194293 0.000748142 -0.366138 0.194994 0.00186646 -0.371015 0.193908 0.00130898 -0.363676 0.194484 0.000752233 -0.367405 0.194667 0.000948902 -0.368656 0.187033 0.00213683 -0.456542 0.187351 0.00138494 -0.455543 0.192326 0.00261506 -0.436699 0.191841 0.0179772 -0.427693 0.190958 0.0272052 -0.404186 0.0934718 0.0457798 -0.548344 0.0580624 0.0445358 -0.56621 0.0783984 0.0179743 -0.573937 0.0692048 0.0528 -0.552642 0.0515961 0.0528 -0.559291 0.158814 0.0528 -0.460064 0.167257 0.0458516 -0.458824 0.185857 0.00325328 -0.460023 0.190264 0.00897216 -0.443834 0.186269 0.00303664 -0.458821 0.186667 0.00268922 -0.457648 0.193461 0.000786477 -0.430847 0.193897 0.00131046 -0.428389 0.193231 0.000764998 -0.432101 0.192998 0.000967178 -0.433342 0.157241 0.00213676 -0.513992 0.157866 0.00138494 -0.51315 0.16869 0.00261506 -0.496942 0.171157 0.0179763 -0.488266 -0.000350561 0.0445358 -0.57584 0.0280341 0.0452654 -0.573001 0.0145934 0.0528 -0.566626 -0.00422003 0.0528 -0.567197 0.129407 0.0528 -0.50816 0.138179 0.045495 -0.509783 0.154998 0.0032533 -0.516902 0.164422 0.00897209 -0.50302 0.180635 0.029762 -0.454658 0.155778 0.00303661 -0.515899 0.156536 0.00268916 -0.514919 0.172287 0.000932594 -0.490659 0.172879 0.00130874 -0.489585 0.171036 0.000746027 -0.492894 0.170412 0.00093219 -0.493994 0.110409 0.00213663 -0.558655 0.111274 0.00138491 -0.558061 0.126774 0.00261506 -0.546246 0.131926 0.0179753 -0.53884 -0.0474221 0.0179728 -0.584571 -0.0343178 0.0366539 -0.578734 -0.0569324 0.035054 -0.574052 -0.0352787 0.0272052 -0.58385 0.0859775 0.0528 -0.544101 0.100142 0.0383067 -0.551315 0.152196 0.0291837 -0.510083 0.132203 0.000973101 -0.541482 0.130313 0.000765027 -0.543174 0.129367 0.000967198 -0.54401 0.108407 0.00303666 -0.559984 0.109442 0.00268924 -0.559302 0.0516134 0.00213679 -0.585692 0.0526235 0.00138494 -0.585411 0.0711206 0.00261506 -0.579269 0.112065 0.0207656 -0.553883 -0.106081 0.0179724 -0.558956 -0.0937297 0.0366539 -0.556574 -0.111661 0.035054 -0.545919 -0.0963539 0.0272052 -0.56107 0.0389411 0.0457799 -0.57044 0.0332306 0.0528 -0.563993 0.0492877 0.00303667 -0.586298 0.0442852 0.0383067 -0.575416 0.106597 0.0296454 -0.553255 0.0731641 0.00132402 -0.578461 0.0754647 0.000765028 -0.577512 0.0742987 0.000967198 -0.577996 0.0720912 0.00186778 -0.578892 0.0504876 0.00268922 -0.58599 -0.0127759 0.00213679 -0.592172 -0.0117293 0.00138494 -0.592235 0.00775975 0.00261506 -0.592432 0.0163757 0.0179734 -0.589752 -0.110737 0.0445358 -0.537704 -0.0932842 0.0528 -0.539611 -0.108481 0.0528 -0.528506 -0.0903416 0.0452654 -0.55077 -0.0198095 0.0457799 -0.573633 -0.0231173 0.0528 -0.565681 -0.0151726 0.00303669 -0.591991 -0.0163706 0.0383067 -0.580074 0.0497608 0.0296455 -0.579346 0.00995489 0.00132403 -0.592331 0.0137114 0.000786463 -0.592095 0.012439 0.000765037 -0.592181 0.0149696 0.000973061 -0.592006 0.0111791 0.000967204 -0.592259 0.00880007 0.00186778 -0.592391 -0.0139375 0.00268922 -0.592089 -0.0757807 0.00213679 -0.577395 -0.0748111 0.00138494 -0.577794 -0.056442 0.00261506 -0.584308 -0.00853899 0.0207656 -0.589423 -0.13486 0.0528 -0.501541 -0.145628 0.0528 -0.486103 -0.154289 0.035054 -0.501539 -0.146222 0.0272052 -0.519091 -0.0764134 0.04578 -0.557576 -0.0769601 0.0528 -0.548981 -0.0779887 0.00303669 -0.576445 -0.0752524 0.0383067 -0.564785 -0.0124677 0.0296455 -0.585569 -0.0768524 0.00268922 -0.576939 -0.0543331 0.00132403 -0.584926 -0.0507035 0.000786465 -0.585922 -0.0519347 0.000765041 -0.58559 -0.0482904 0.00131048 -0.586561 -0.0494847 0.000973058 -0.586247 -0.0531519 0.000967208 -0.585255 -0.0554447 0.00186778 -0.584607 -0.130574 0.00213678 -0.542961 -0.129786 0.00138494 -0.543652 -0.114527 0.00261506 -0.555778 -0.0708808 0.0207656 -0.576171 -0.174206 0.0366539 -0.460975 -0.180198 0.035054 -0.445723 -0.179083 0.0272052 -0.462795 -0.183803 0.0179727 -0.459439 -0.167908 0.0452654 -0.458627 -0.126038 0.0377023 -0.531725 -0.124756 0.0457028 -0.524092 -0.132354 0.00303668 -0.541345 -0.133289 0.00325331 -0.540485 -0.126265 0.0292922 -0.538181 -0.0733452 0.0296456 -0.571249 -0.131439 0.00268921 -0.542181 -0.082619 0.00269107 -0.57438 -0.108577 0.000973106 -0.559871 -0.113681 0.00186778 -0.556385 -0.107549 0.00131048 -0.560556 -0.120233 0.00897209 -0.551023 -0.171217 0.00213678 -0.492601 -0.170696 0.00138494 -0.493511 -0.160202 0.00261506 -0.509934 -0.125542 0.0207656 -0.543393 -0.122463 0.0528 -0.515703 -0.18591 0.0366539 -0.398655 -0.179189 0.0452654 -0.398559 -0.179197 0.0445358 -0.3808 -0.163055 0.0383067 -0.482974 -0.159543 0.0457799 -0.476572 -0.172376 0.00303663 -0.490495 -0.172981 0.0032533 -0.489378 -0.16552 0.0296455 -0.489247 -0.171782 0.00268919 -0.491582 -0.136062 0.00269108 -0.537889 -0.155902 0.000973125 -0.515737 -0.159599 0.00186778 -0.510783 -0.155153 0.00131047 -0.516719 -0.144867 -0.00854955 -0.527515 -0.164054 0.00897209 -0.503584 -0.193306 0.00213679 -0.431773 -0.193109 0.00138494 -0.432802 -0.188516 0.00261506 -0.451743 -0.166598 0.0207656 -0.494644 -0.154695 0.0528 -0.469454 -0.171248 0.0527999 -0.396453 -0.170263 0.0528 -0.377657 -0.18246 0.0383067 -0.425318 -0.17706 0.0457799 -0.420403 -0.193718 0.00303667 -0.429405 -0.193928 0.00325331 -0.428151 -0.186829 0.0296455 -0.43045 -0.19351 0.00268921 -0.430626 -0.186334 0.000973115 -0.458628 -0.188221 0.00186778 -0.452742 -0.185943 0.00131047 -0.4598 -0.190098 0.00897209 -0.444486 -0.194447 0.00213679 -0.367068 -0.194596 0.00138494 -0.368106 -0.196402 0.00261506 -0.387512 -0.192115 0.0245548 -0.388741 -0.189601 0.0207656 -0.435205 -0.170164 0.0528 -0.415244 -0.17599 0.0366539 -0.336026 -0.172742 0.0350539 -0.324559 -0.167193 0.0528 -0.358949 -0.162117 0.0527999 -0.340825 -0.182094 0.0383067 -0.364485 -0.17539 0.0457799 -0.361589 -0.194069 0.00303667 -0.364694 -0.19386 0.00325331 -0.363441 -0.187892 0.0296455 -0.36792 -0.194268 0.00268921 -0.365917 -0.196558 0.000786467 -0.393471 -0.196573 0.000973094 -0.394732 -0.196447 0.00186778 -0.388552 -0.196584 0.00131047 -0.395967 -0.196538 0.000765021 -0.392196 -0.195541 0.00897209 -0.380135 -0.174517 0.00213679 -0.305499 -0.174995 0.00138494 -0.306432 -0.183004 0.00261506 -0.3242 -0.18401 0.0179742 -0.333166 -0.154714 0.0457798 -0.306505 -0.146103 0.0528 -0.30667 -0.161994 0.0383067 -0.307067 -0.173389 0.00303668 -0.303377 -0.172784 0.0032533 -0.302259 -0.173974 0.00268922 -0.304468 -0.179795 0.00897209 -0.317502 -0.185087 0.000786465 -0.329786 -0.185511 0.000973074 -0.330974 -0.183384 0.00186778 -0.32517 -0.184654 0.000765031 -0.328586 -0.135676 0.00213679 -0.253737 -0.136431 0.00138494 -0.254464 -0.149775 0.00261506 -0.268669 -0.153636 0.0179763 -0.276821 -0.168594 0.0296454 -0.308433 -0.147147 0.0245548 -0.272273 -0.173702 0.0207656 -0.310483 -0.0947243 0.0452654 -0.243873 -0.12434 0.0383067 -0.259286 -0.117272 0.0457798 -0.261118 -0.0924376 0.0350539 -0.233522 -0.0852861 0.0445357 -0.237668 -0.109181 0.0528 -0.26407 -0.0940434 0.0527998 -0.252885 -0.133919 0.0030367 -0.252096 -0.132984 0.0032533 -0.251235 -0.134828 0.00268922 -0.252938 -0.144565 0.00897209 -0.263376 -0.153558 0.000786469 -0.273276 -0.154345 0.000973067 -0.274262 -0.150449 0.00186778 -0.269463 -0.152759 0.000765041 -0.272282 -0.0821316 0.00213682 -0.217391 -0.100316 0.00261506 -0.226937 -0.106614 0.0179761 -0.233393 -0.136523 0.0207656 -0.258716 -0.131026 0.0296454 -0.258436 -0.0990001 0.0245548 -0.231198 -0.0777692 0.0528 -0.243429 -0.0292549 0.0445357 -0.218555 -0.0737957 0.0375239 -0.225981 -0.0240156 0.0528 -0.226444 -0.0424785 0.0527998 -0.230103 -0.0673696 0.0454949 -0.230165 -0.0604282 0.0528 -0.235767 -0.0799374 0.00303662 -0.21641 -0.078774 0.00325328 -0.215899 -0.0810703 0.00268921 -0.216912 -0.0936696 0.00897219 -0.223621 -0.10539 0.0007865 -0.230065 -0.106454 0.000973192 -0.230742 -0.101211 0.00186777 -0.227468 -0.104311 0.000765012 -0.229385 -0.103241 0.000967189 -0.228716 -0.0196872 0.00213676 -0.200401 -0.0399855 0.00261506 -0.203525 -0.0480384 0.0179771 -0.207586 -0.00987268 0.0454949 -0.217275 -0.00512655 0.0528 -0.224828 0.0136897 0.0527999 -0.2253 0.0323405 0.0528 -0.227833 0.0299465 0.0445357 -0.21867 0.0564618 0.0272052 -0.213396 0.0853012 0.0334999 -0.228587 0.0838188 0.0245548 -0.222982 -0.0172933 0.00303662 -0.200185 -0.0185277 0.00268917 -0.200292 -0.0458163 0.000746126 -0.204839 -0.040993 0.00187436 -0.203734 -0.0482345 0.00130874 -0.205425 -0.0445524 0.000746028 -0.204541 -0.0433203 0.00093219 -0.204254 0.0460226 0.00268922 -0.20488 0.0472247 0.00303667 -0.20518 -0.00818572 0.0272052 -0.205042 0.0230985 0.0245548 -0.205141 0.0268495 0.0350539 -0.211006 0.0461925 0.0375239 -0.216505 0.0486941 0.0454948 -0.223753 0.0831494 0.0405509 -0.23281 0.0806091 0.047017 -0.237796 0.0507306 0.0528 -0.232438 0.0433381 0.0291836 -0.210796 0.0574978 0.0172266 -0.210046 0.0382059 0.0164766 -0.204953 0.040259 0.0207656 -0.20662 0.0354268 0.0125309 -0.203572 0.0693535 0.00946763 -0.212548 0.0187518 0.000786479 -0.200323 0.0162665 0.00131048 -0.20009 0.0200209 0.000765023 -0.200448 0.0212766 0.000967195 -0.200578 0.0778183 0.0179783 -0.21781 0.0777452 0.0527998 -0.243416 -0.0145922 0.0375239 -0.211232 -0.140186 0.0350539 -0.27234 -0.18658 0.035054 -0.384519 0.145821 0.037524 -0.510404 0.174507 0.038206 -0.457031 0.182145 0.0350539 -0.438035 0.185342 0.0375239 -0.396716 -0.0191456 0.0291836 -0.206759 -0.0795546 0.0291837 -0.223229 -0.179348 0.0245548 -0.326755 -0.184062 0.0245548 -0.451514 -0.156064 0.0245548 -0.508271 -0.111153 0.0245548 -0.552862 -0.0541978 0.0245548 -0.580454 0.00863091 0.0245548 -0.588058 0.0705243 0.0245548 -0.574849 0.124775 0.0245548 -0.542259 0.165505 0.0245548 -0.49382 0.1883 0.0245548 -0.434781 0.190175 0.0291836 -0.392547 0.17875 0.0291835 -0.330984 -0.0234138 0.0207654 -0.20381 -0.0845497 0.0207657 -0.221825 -0.192058 0.0207656 -0.371517 0.185409 0.0207658 -0.451761 0.193468 0.0207656 -0.388537 0.180562 0.0207656 -0.326123 0.042207 0.00138494 -0.588 0.10519 0.00304903 -0.562066 -0.178671 -0.00497209 -0.477023 -0.142682 -0.00497209 -0.530648 -0.0912308 -0.00497209 -0.569681 0.00454447 -0.0125162 -0.201233 -0.0589422 -0.0125168 -0.21031 -0.113252 -0.0167652 -0.238968 -0.116042 -0.0125167 -0.23951 -0.158105 -0.0167656 -0.284248 -0.160567 -0.0125167 -0.285668 -0.185824 -0.0167656 -0.34164 -0.187692 -0.0125166 -0.343782 -0.194477 -0.0125163 -0.407555 -0.180188 -0.0125162 -0.470075 0.0118462 -0.025842 -0.20649 -0.0503296 -0.0258421 -0.212912 0.187885 -0.025842 -0.423455 0.186619 -0.025842 -0.360962 0.0578737 -0.0357179 -0.221578 0.0166795 -0.03434 -0.211977 0.0729158 -0.0343402 -0.565782 0.124093 -0.0343401 -0.532907 0.161823 -0.0343401 -0.485196 -0.118043 -0.0487999 -0.384977 -0.143699 -0.0496916 -0.377363 -0.114654 -0.0487999 -0.365831 -0.142163 -0.0488 -0.491477 -0.151607 -0.0487998 -0.475632 -0.123041 -0.0496916 -0.472535 -0.108188 -0.0496916 -0.492396 -0.100218 -0.0487999 -0.45934 -0.0885175 -0.0488 -0.474869 -0.141605 -0.0496916 -0.426737 -0.144773 -0.0496916 -0.40214 -0.118257 -0.0487999 -0.404419 -0.13429 -0.0496916 -0.450433 -0.109223 -0.0487999 -0.442108 -0.115961 -0.0496916 -0.30911 -0.0994458 -0.0496916 -0.290609 -0.0867578 -0.0487999 -0.315199 -0.138416 -0.0496916 -0.353132 -0.108181 -0.0487999 -0.347496 -0.0582458 -0.0496916 -0.263319 -0.0347677 -0.0496916 -0.25533 -0.038235 -0.0487999 -0.283778 -0.0723841 -0.0487999 -0.302105 0.0388981 -0.0496916 -0.256416 0.0185464 -0.0487999 -0.278903 0.0145262 -0.0496916 -0.251827 -0.0494938 -0.0488 -0.23206 -0.0303294 -0.0488 -0.227459 0.0696859 -0.0487999 -0.300086 0.0835431 -0.0496916 -0.277605 0.0838323 -0.0488 -0.312168 0.036636 -0.0487999 -0.283246 0.0621306 -0.0496916 -0.265093 0.0538236 -0.0487999 -0.290365 0.13962 -0.0496916 -0.35723 0.114223 -0.0487999 -0.364237 0.130963 -0.0496916 -0.333989 0.102508 -0.0496916 -0.293585 0.124509 -0.0488 -0.278426 0.118471 -0.0496916 -0.312565 0.144529 -0.0496916 -0.406403 0.140638 -0.0496916 -0.430896 0.115075 -0.0487999 -0.42452 0.117966 -0.0487999 -0.384183 0.144186 -0.0496916 -0.381606 0.118253 -0.0487999 -0.404476 0.0987949 -0.0487999 -0.461538 0.120732 -0.0496916 -0.476128 0.0861697 -0.0487999 -0.477428 0.108525 -0.0487999 -0.443728 0.132628 -0.0496916 -0.454367 0.0867839 -0.0496916 -0.51204 0.1053 -0.0496916 -0.495542 0.121555 -0.0488 -0.516625 0.0710195 -0.0487999 -0.490931 0.0657254 -0.0496916 -0.525139 0.0537882 -0.0487999 -0.501653 0.0427417 -0.0496916 -0.534455 0.0349808 -0.0487999 -0.509279 0.0151484 -0.0487999 -0.513585 0.0576567 -0.0488 -0.557251 0.0185059 -0.0496916 -0.539716 -0.00512793 -0.0487999 -0.514446 0.00217469 -0.0488 -0.567235 -0.00627189 -0.0496916 -0.540767 -0.0162573 -0.0487998 -0.566475 -0.030866 -0.0496916 -0.537577 -0.036478 -0.0488 -0.563318 -0.0344984 -0.0487998 -0.563738 -0.025254 -0.0488 -0.511836 0.161268 -0.0487998 -0.453608 0.154136 -0.0488 -0.47062 0.170014 -0.0488 -0.416529 0.171235 -0.0487998 -0.398123 0.162647 -0.0487998 -0.342408 0.107132 -0.0487999 -0.345221 0.0969018 -0.0487999 -0.327694 0.0616367 -0.0488 -0.236228 0.0795862 -0.0488 -0.244368 0.00641924 -0.0488 -0.224872 -0.0102712 -0.0496916 -0.251462 4.44978e-14 -0.0488 -0.277443 -0.0193781 -0.0487999 -0.279038 -0.0560636 -0.0487999 -0.291537 -0.0800178 -0.0496916 -0.275195 -0.100043 -0.0488 -0.257013 -0.0834113 -0.0488 -0.246439 -0.139752 -0.0488 -0.297028 -0.127454 -0.0488 -0.281626 -0.098798 -0.0487999 -0.330466 -0.129079 -0.0496916 -0.330157 -0.157686 -0.0488 -0.329207 -0.149587 -0.0487998 -0.312634 -0.17083 -0.0488 -0.384027 -0.168551 -0.0487998 -0.365722 -0.165461 -0.0488 -0.440144 -0.169249 -0.0487998 -0.42209 -0.115291 -0.0487999 -0.423635 -0.130251 -0.0487998 -0.507179 -0.127859 -0.0487998 -0.509922 0.0218351 -0.0488 -0.565851 0.0399778 -0.0487998 -0.562517 0.0758025 -0.0488 -0.549558 0.0918796 -0.0487998 -0.540514 0.106891 -0.0488 -0.529793 0.133825 -0.0487998 -0.50285 0.144541 -0.0488 -0.487836 0.166529 -0.0488 -0.435928 0.17047 -0.0488 -0.379692 0.167468 -0.0488 -0.360213 0.155939 -0.0488 -0.325224 0.146774 -0.0488 -0.307776 0.136433 -0.0488 -0.2925 0.110175 -0.0488 -0.264899 0.0954342 -0.0488 -0.253809 0.0440938 -0.0487998 -0.230525 0.0260393 -0.0488 -0.226743 -0.0120248 -0.0487998 -0.225174 -0.0668404 -0.0487998 -0.238334 -0.114413 -0.0487998 -0.26858 -0.164316 -0.0488 -0.347768 -0.171074 -0.0488 -0.403734 -0.159293 -0.0488 -0.458863 -0.0775398 -0.0017646 -0.56149 -0.103721 0.0057646 -0.54647 -0.0775398 0.0057646 -0.56149 -0.045707 -0.0309408 -0.559356 -0.0719711 -0.0309408 -0.549605 -0.0741883 -0.0242565 -0.554337 -0.103721 -0.0017646 -0.54647 -0.0769952 -0.00940726 -0.560328 -0.102993 -0.00940726 -0.545414 -0.102993 0.0134073 -0.545414 -0.0769952 0.0134073 -0.560328 -0.0758767 0.0209914 -0.557941 -0.101496 0.0209914 -0.543243 -0.0297782 0.0496474 -0.54165 -0.0167633 0.0457613 -0.551372 -0.042108 0.0457613 -0.546494 0.00981126 0.0349408 -0.565346 0.0101135 0.0282565 -0.570563 -0.018196 0.0349408 -0.564651 -0.0663042 0.0457613 -0.537511 -0.0511556 0.0496474 -0.535585 -0.0713928 0.0496474 -0.5264 -0.0886918 0.0457613 -0.524667 -0.047115 0.0282565 -0.564389 -0.0719711 0.0349408 -0.549605 -0.045707 0.0349408 -0.559356 -0.0900366 0.0496474 -0.5143 -0.136405 0.0349408 -0.496837 -0.145551 0.0408328 -0.470162 -0.131359 0.0408328 -0.493107 -0.161692 0.0134073 -0.478386 -0.159343 0.0209914 -0.47719 -0.145927 0.0134073 -0.503876 -0.10866 0.0457613 -0.508314 -0.106669 0.0496474 -0.499553 -0.139241 0.0457613 -0.466947 -0.151142 0.0349408 -0.47301 -0.132463 0.0496474 -0.463493 -0.120918 0.0496474 -0.48249 -0.125664 0.0457613 -0.488897 -0.0481873 0.0209914 -0.568221 -0.0488976 0.0134073 -0.57076 -0.125664 -0.0417613 -0.488897 -0.131359 -0.0368328 -0.493107 -0.10866 -0.0417613 -0.508314 -0.151142 -0.0309408 -0.47301 -0.145551 -0.0368328 -0.470162 -0.0741883 0.0282565 -0.554337 -0.136405 -0.0309408 -0.496837 -0.113584 -0.0368328 -0.513404 -0.0440162 0.0408328 -0.553313 -0.0175229 0.0408328 -0.558413 -0.120918 -0.0456474 -0.48249 -0.139241 -0.0417613 -0.466947 0.00944833 0.0408328 -0.559082 -0.106703 -0.0456474 -0.499514 -0.0077392 0.0496474 -0.544461 0.00903874 0.0457613 -0.552012 -0.132463 -0.0456474 -0.463493 0.0144686 0.0496474 -0.543957 0.0345942 0.0457613 -0.548397 0.0363491 0.0496474 -0.540151 0.059206 0.0457613 -0.540624 0.0574141 0.0496474 -0.533131 0.0822029 0.0457613 -0.528907 0.0772079 0.0496474 -0.523046 0.0375509 0.0349408 -0.561422 0.0361618 0.0408328 -0.555302 0.0642663 0.0349408 -0.552985 0.155122 0.0209914 -0.484991 0.13528 0.0282565 -0.506788 0.15167 0.0282565 -0.48301 0.167653 0.0209914 -0.458245 0.170125 0.0134073 -0.459162 0.157408 0.0134073 -0.486302 0.138359 0.0209914 -0.509309 0.171328 0.0057646 -0.459609 0.141391 -0.0017646 -0.511792 0.158522 -0.0017646 -0.486941 0.157408 -0.00940726 -0.486302 0.181416 -0.00940726 -0.4005 0.178201 -0.00940726 -0.430299 0.179461 -0.0017646 -0.430542 0.107623 0.0408328 -0.518891 0.126382 0.0408328 -0.499501 0.131237 0.0349408 -0.503477 0.175612 -0.0169914 -0.429801 0.17878 -0.0169914 -0.400435 0.173132 -0.0242565 -0.371506 0.174802 -0.0242565 -0.400336 0.161745 -0.0368328 -0.373117 0.163305 -0.0368328 -0.400051 0.169578 -0.0309408 -0.400207 0.0859279 0.0408328 -0.534929 0.111757 0.0349408 -0.523612 0.161756 -0.0309408 -0.344917 0.145551 -0.0368328 -0.321838 0.155772 -0.0368328 -0.346807 0.120904 0.0457613 -0.495014 0.102957 0.0457613 -0.513564 0.139241 -0.0417613 -0.325053 0.149019 -0.0417613 -0.348939 0.132463 -0.0456474 -0.328507 0.141046 -0.0456474 -0.349013 0.0952885 0.0496474 -0.510113 0.111238 0.0496474 -0.494629 0.124699 0.0496474 -0.476941 0.135372 0.0496474 -0.457446 0.135552 0.0457613 -0.473764 0.146503 0.0457613 -0.450392 0.143018 0.0496474 -0.43658 0.147468 0.0496474 -0.414811 0.153457 0.0457613 -0.425537 0.156226 0.0457613 -0.399876 0.148625 0.0496474 -0.392625 0.154733 0.0457613 -0.374109 0.146463 0.0496474 -0.370519 0.149019 0.0457613 -0.348939 0.141046 0.0496474 -0.349013 0.139241 0.0457613 -0.325053 0.132463 0.0496474 -0.328507 -0.113584 0.0408328 -0.513404 -0.0693088 0.0408328 -0.543923 -0.0927108 0.0408328 -0.530498 0.061889 0.0408328 -0.547178 0.141694 0.0408328 -0.477287 0.153141 0.0408328 -0.452857 0.163305 0.0408328 -0.400051 0.160411 0.0408328 -0.426875 0.161745 0.0408328 -0.373117 0.155772 0.0408328 -0.346807 0.145551 0.0408328 -0.321838 -0.140607 0.0282565 -0.499944 -0.117947 0.0349408 -0.517913 -0.0962721 0.0349408 -0.535664 0.0892286 0.0349408 -0.540266 0.147137 0.0349408 -0.48041 0.159024 0.0349408 -0.455041 0.169578 0.0349408 -0.400207 0.166573 0.0349408 -0.428061 0.167958 0.0349408 -0.372238 0.161756 0.0349408 -0.344917 0.151142 0.0349408 -0.31899 -0.155798 0.0282565 -0.475383 -0.143807 0.0209914 -0.502309 -0.121581 0.0282565 -0.521669 -0.0992379 0.0282565 -0.539967 -0.0187566 0.0282565 -0.569847 0.0662461 0.0282565 -0.557821 0.0677537 0.0209914 -0.561504 0.0387077 0.0282565 -0.566518 0.0919774 0.0282565 -0.54471 0.1152 0.0282565 -0.527543 0.163923 0.0282565 -0.45686 0.174802 0.0282565 -0.400336 0.171704 0.0282565 -0.429049 0.173132 0.0282565 -0.371506 0.155798 0.0282565 -0.316617 0.166739 0.0282565 -0.343343 -0.159343 -0.0169914 -0.47719 -0.140607 -0.0242565 -0.499944 -0.155798 -0.0242565 -0.475383 -0.162836 0.0057646 -0.478969 -0.146959 0.0057646 -0.504639 -0.124348 0.0209914 -0.524529 -0.0191834 0.0209914 -0.573803 0.0103437 0.0209914 -0.574536 0.0395886 0.0209914 -0.570398 0.117822 0.0209914 -0.530537 0.119559 0.0134073 -0.53252 0.0940707 0.0209914 -0.548095 0.17878 0.0209914 -0.400435 0.175612 0.0209914 -0.429801 0.177072 0.0209914 -0.370948 0.170534 0.0209914 -0.342145 0.159343 0.0209914 -0.31481 -0.126181 0.0134073 -0.526424 -0.0492434 0.0057646 -0.571996 -0.0492434 -0.0017646 -0.571996 -0.0194662 0.0134073 -0.576424 0.0104962 0.0134073 -0.577168 0.0401722 0.0134073 -0.572969 0.0687525 0.0134073 -0.563944 0.0954574 0.0134073 -0.550337 0.158522 0.0057646 -0.486941 0.140398 0.0134073 -0.510979 0.179461 0.0057646 -0.430542 0.182699 -0.0017646 -0.400532 0.181416 0.0134073 -0.4005 0.178201 0.0134073 -0.430299 0.179682 0.0134073 -0.370579 0.161692 0.0134073 -0.313614 0.173047 0.0134073 -0.341351 -0.146959 -0.0017646 -0.504639 -0.127073 0.0057646 -0.527346 -0.0196039 0.0057646 -0.5777 0.0105704 0.0057646 -0.578449 0.0404564 0.0057646 -0.574221 0.0692388 0.0057646 -0.565131 0.0961325 0.0057646 -0.551428 0.120404 0.0057646 -0.533485 0.141391 0.0057646 -0.511792 0.170125 -0.00940726 -0.459162 0.171328 -0.0017646 -0.459609 0.182699 0.0057646 -0.400532 0.180953 0.0057646 -0.370399 0.162836 0.0057646 -0.313031 0.174271 0.0057646 -0.340964 -0.162836 -0.0017646 -0.478969 -0.145927 -0.00940726 -0.503876 -0.127073 -0.0017646 -0.527346 -0.0194662 -0.00940726 -0.576424 -0.0196039 -0.0017646 -0.5777 0.0104962 -0.00940726 -0.577168 0.0105704 -0.0017646 -0.578449 0.0404564 -0.0017646 -0.574221 0.0692388 -0.0017646 -0.565131 0.0961325 -0.0017646 -0.551428 0.120404 -0.0017646 -0.533485 0.180953 -0.0017646 -0.370399 0.174271 -0.0017646 -0.340964 0.162836 -0.0017646 -0.313031 -0.161692 -0.00940726 -0.478386 -0.143807 -0.0169914 -0.502309 -0.126181 -0.00940726 -0.526424 -0.0488976 -0.00940726 -0.57076 0.0401722 -0.00940726 -0.572969 0.0677537 -0.0169914 -0.561504 0.0395886 -0.0169914 -0.570398 0.0687525 -0.00940726 -0.563944 0.0954574 -0.00940726 -0.550337 0.119559 -0.00940726 -0.53252 0.140398 -0.00940726 -0.510979 0.166739 -0.0242565 -0.343343 0.151142 -0.0309408 -0.31899 0.179682 -0.00940726 -0.370579 0.173047 -0.00940726 -0.341351 0.161692 -0.00940726 -0.313614 -0.101496 -0.0169914 -0.543243 -0.0758767 -0.0169914 -0.557941 -0.0481873 -0.0169914 -0.568221 -0.0191834 -0.0169914 -0.573803 0.0103437 -0.0169914 -0.574536 0.0940707 -0.0169914 -0.548095 0.117822 -0.0169914 -0.530537 0.13528 -0.0242565 -0.506788 0.1152 -0.0242565 -0.527543 0.138359 -0.0169914 -0.509309 0.155122 -0.0169914 -0.484991 0.167653 -0.0169914 -0.458245 0.177072 -0.0169914 -0.370948 0.170534 -0.0169914 -0.342145 0.159343 -0.0169914 -0.31481 -0.124348 -0.0169914 -0.524529 -0.0992379 -0.0242565 -0.539967 -0.121581 -0.0242565 -0.521669 -0.047115 -0.0242565 -0.564389 -0.0187566 -0.0242565 -0.569847 0.0101135 -0.0242565 -0.570563 0.0387077 -0.0242565 -0.566518 0.0662461 -0.0242565 -0.557821 0.0919774 -0.0242565 -0.54471 0.15167 -0.0242565 -0.48301 0.163923 -0.0242565 -0.45686 0.166573 -0.0309408 -0.428061 0.159024 -0.0309408 -0.455041 0.171704 -0.0242565 -0.429049 0.155798 -0.0242565 -0.316617 -0.0962721 -0.0309408 -0.535664 -0.117947 -0.0309408 -0.517913 -0.018196 -0.0309408 -0.564651 0.00944833 -0.0368328 -0.559082 0.00981126 -0.0309408 -0.565346 0.0375509 -0.0309408 -0.561422 0.0642663 -0.0309408 -0.552985 0.0892286 -0.0309408 -0.540266 0.111757 -0.0309408 -0.523612 0.131237 -0.0309408 -0.503477 0.147137 -0.0309408 -0.48041 0.167958 -0.0309408 -0.372238 -0.0927108 -0.0368328 -0.530498 -0.0693088 -0.0368328 -0.543923 -0.0440162 -0.0368328 -0.553313 -0.0175229 -0.0368328 -0.558413 0.0361618 -0.0368328 -0.555302 0.059206 -0.0417613 -0.540624 0.0822029 -0.0417613 -0.528907 0.0771943 -0.0456474 -0.523053 0.061889 -0.0368328 -0.547178 0.0859279 -0.0368328 -0.534929 0.107623 -0.0368328 -0.518891 0.126382 -0.0368328 -0.499501 0.141694 -0.0368328 -0.477287 0.153141 -0.0368328 -0.452857 0.160411 -0.0368328 -0.426875 -0.0886918 -0.0417613 -0.524667 -0.0663042 -0.0417613 -0.537511 -0.042108 -0.0417613 -0.546494 -0.0167633 -0.0417613 -0.551372 0.00903874 -0.0417613 -0.552012 0.0345942 -0.0417613 -0.548397 0.102957 -0.0417613 -0.513564 0.120904 -0.0417613 -0.495014 0.135552 -0.0417613 -0.473764 0.146503 -0.0417613 -0.450392 0.153457 -0.0417613 -0.425537 0.156226 -0.0417613 -0.399876 0.154733 -0.0417613 -0.374109 -0.0900895 -0.0456474 -0.514256 -0.0714614 -0.0456474 -0.526361 -0.0512339 -0.0456474 -0.535556 -0.0298588 -0.0456474 -0.541635 -0.00781359 -0.0456474 -0.54446 0.0144084 -0.0456474 -0.543966 0.03631 -0.0456474 -0.540164 0.0574005 -0.0456474 -0.533138 0.0952555 -0.0456474 -0.510137 0.111195 -0.0456474 -0.494672 0.124657 -0.0456474 -0.477002 0.135337 -0.0456474 -0.45752 0.142995 -0.0456474 -0.43666 0.14746 -0.0456474 -0.414889 0.148629 -0.0456474 -0.392694 0.146475 -0.0456474 -0.37057 0.114407 0.0172272 -0.238532 0.125163 0.00946763 -0.245007 0.115427 0.007058 -0.237129 0.112346 0.0272059 -0.24137 0.130854 0.0170793 -0.251858 0.110853 0.00269109 -0.233652 0.109824 0.00304913 -0.232961 0.0995691 0.0207656 -0.229953 0.0959751 0.0125094 -0.225489 0.098168 0.016473 -0.227708 0.121091 0.0527998 -0.274909 0.101961 0.0458649 -0.249297 0.10109 0.0528 -0.257773 0.134818 0.0350541 -0.266503 0.102 0.0381598 -0.241777 0.132552 0.0445358 -0.274455 0.128812 0.0528 -0.283156 0.172837 0.00136821 -0.302337 0.1734 0.000974952 -0.303393 0.162898 -0.00497209 -0.286673 0.111812 0.00213033 -0.234306 0.131547 0.00261506 -0.249914 0.112673 0.00138494 -0.234909 0.148089 0.0207656 -0.27128 0.157468 0.0172272 -0.281593 0.147493 0.0164729 -0.268702 0.134985 0.000786043 -0.2531 0.13591 0.000765755 -0.253979 0.138859 -0.003058 -0.257141 0.118573 -0.00497209 -0.239704 0.134068 0.000971679 -0.252235 0.133167 0.00131069 -0.251391 0.13232 0.00186877 -0.25061 0.137632 -0.0132272 -0.258368 0.146803 -0.00546763 -0.265948 0.151538 -0.0131056 -0.273798 0.137703 0.00132341 -0.255705 0.136821 0.000967791 -0.254852 0.172316 0.00192549 -0.301374 0.174173 -0.00952139 -0.307254 0.165534 -0.0124694 -0.293248 0.164534 -0.00852849 -0.290111 0.171853 0.00261506 -0.300542 0.158875 0.00138494 -0.280222 0.158255 0.00213033 -0.279372 0.173982 0.000762253 -0.3045 0.14614 0.0125094 -0.265891 0.158871 0.007058 -0.280573 0.167408 0.00946763 -0.293828 0.168738 0.030812 -0.310024 0.172015 0.0224045 -0.308354 0.15463 0.0272059 -0.283654 0.146549 0.0381598 -0.283252 0.14792 0.0295861 -0.27674 0.152584 0.0527998 -0.318255 0.158903 0.0461969 -0.315035 0.140495 0.0528 -0.298086 0.14407 0.0458649 -0.290353 0.174572 0.000733902 -0.305632 0.164338 0.0388118 -0.312265 0.157561 0.00269109 -0.278442 0.156812 0.00304913 -0.277455 0.138529 0.00186848 -0.256513 0.139264 0.00261506 -0.257251 0.152319 0.00138494 -0.271723 0.165849 -0.0167656 -0.296102 0.171534 -0.0198688 -0.308599 0.165307 -0.0246032 -0.301346 0.175153 0.000891386 -0.306755 0.167269 -0.0297718 -0.310772 0.163848 -0.0320249 -0.307256 0.144982 -0.0412654 -0.290664 0.124509 -0.0488 -0.278426 0.125754 -0.0420974 -0.269407 0.136433 -0.0488 -0.2925 0.126189 -0.0346058 -0.261283 0.16152 -0.0388933 -0.313701 0.153707 0.0026892 -0.273447 0.144109 0.00897209 -0.262881 0.154471 0.00303665 -0.274422 0.155252 0.0032533 -0.275424 0.156038 0.00323494 -0.276444 0.152982 0.00213679 -0.272536 0.121237 -0.00852849 -0.242424 0.135152 -0.0232059 -0.260848 0.124426 -0.0167656 -0.247664 0.15023 -0.0426023 -0.300604 0.146774 -0.0488 -0.307776 0.0821614 -0.0392534 -0.234749 0.111372 -0.0357178 -0.249821 0.111115 -0.0426023 -0.256994 0.0848276 -0.0312211 -0.229517 0.110958 -0.0283487 -0.243553 0.109875 -0.0205548 -0.23824 0.0869079 -0.022532 -0.225434 0.0883424 -0.0134181 -0.222618 0.103649 -0.0131056 -0.231215 0.0966209 -0.00546763 -0.225328 0.0891069 -0.00413866 -0.221118 0.155146 -0.0205548 -0.282464 0.093077 0.00897209 -0.223302 0.107689 0.0032533 -0.231547 0.106625 0.00303665 -0.230852 0.103713 0.00138494 -0.228999 0.0892131 0.00509092 -0.220909 0.104604 0.00213679 -0.229552 0.108764 0.00323494 -0.232256 0.105586 0.0026892 -0.230178 0.0789984 -0.0464296 -0.240957 0.110175 -0.0488 -0.264899 0.0954342 -0.0488 -0.253809 0.0795862 -0.0488 -0.244368 0.135456 0.0245548 -0.259573 0.101182 0.0295861 -0.235173 0.123201 -0.0124694 -0.245066 0.154445 -0.0283487 -0.287841 0.125764 -0.0260035 -0.253848 0.152802 -0.0357178 -0.293904 0.152584 0.0527998 -0.318255 0.158472 0.0528 -0.331096 0.163099 0.0471572 -0.326173 0.164338 0.0388118 -0.312265 0.158903 0.0461969 -0.315035 0.167322 0.0401722 -0.320811 0.172414 0.0245548 -0.310947 0.172015 0.0224045 -0.308354 0.168738 0.030812 -0.310024 0.170491 0.032445 -0.31561</float_array>
          <technique_common>
            <accessor count="6164" source="#ID14" stride="3">
              <param name="X" type="float"/>
              <param name="Y" type="float"/>
              <param name="Z" type="float"/>
            </accessor>
          </technique_common>
        </source>
        <source id="ID15">
          <float_array count="18492" id="ID16">0.912481 1.38839e-15 -0.409118 0.833339 1.87586e-15 -0.552762 0.846724 1.80551e-15 -0.532032 0.707107 -2.39965e-15 0.707107 0.746626 -2.25759e-15 0.665244 0.815561 -1.96379e-15 0.578671 -0.898391 1.49047e-15 -0.439197 -0.903633 1.45351e-15 -0.428307 -0.958427 9.68322e-16 -0.285336 0.731783 2.31288e-15 -0.681538 0.745642 2.26133e-15 -0.666346 -0.963443 9.092e-16 -0.267915 -0.99502 3.38249e-16 -0.0996721 -0.992321 4.19766e-16 -0.123693 -0.999146 -1.40241e-16 0.041325 0.923879 1.29868e-15 -0.382684 0.610545 2.68768e-15 -0.791982 0.483719 2.97017e-15 -0.875223 0.62349 2.65324e-15 -0.781831 -0.997441 -2.42614e-16 0.0714912 -0.978717 -6.96422e-16 0.205215 0.472884 2.9902e-15 -0.881125 0.322504 3.21229e-15 -0.946568 0.16345 3.34798e-15 -0.986552 0.167506 3.34567e-15 -0.985871 0.330279 3.20318e-15 -0.943883 3.01992e-07 3.39362e-15 -1 -1.74846e-07 3.39362e-15 -1 0.96708 8.63576e-16 -0.254471 0.974928 7.55151e-16 -0.222521 0.995668 3.15537e-16 -0.0929794 0.998427 1.90282e-16 -0.0560705 0.997475 -2.40992e-16 0.0710132 0.972454 -7.9104e-16 0.233096 0.993712 -3.79965e-16 0.111965 0.960917 -9.39474e-16 0.276836 0.921276 -1.31981e-15 0.388909 0.900969 -1.47244e-15 0.433884 0.845319 -1.81308e-15 0.534262 0.439197 -3.0488e-15 0.898391 0.349785 -3.17924e-15 0.93683 0.47945 -2.97814e-15 0.877569 0.581077 -2.76189e-15 0.813849 0.599369 -2.7165e-15 0.800473 -0.127773 -3.3658e-15 0.991803 0.0432529 -3.39044e-15 0.999064 -0.0413249 -3.39072e-15 0.999146 0.213012 -3.31573e-15 0.97705 0.285336 -3.25254e-15 0.958427 0.123693 -3.36756e-15 0.992321 -0.453692 -3.02425e-15 0.891159 -0.511885 -2.9153e-15 0.859054 -0.599034 -2.71735e-15 0.800724 -0.205215 -3.32139e-15 0.978717 -0.363508 -3.16146e-15 0.931591 -0.295056 -3.24253e-15 0.95548 -0.859054 -1.73714e-15 0.511885 -0.915385 -1.3662e-15 0.402579 -0.833313 -1.876e-15 0.552801 -0.763084 -2.19329e-15 0.646299 -0.726822 -2.33082e-15 0.686826 -0.646299 -2.58962e-15 0.763084 -0.970634 -8.16367e-16 0.24056 -0.931591 -1.23361e-15 0.363508 -0.817345 1.95523e-15 -0.576148 -0.707107 2.39965e-15 -0.707107 -0.813849 1.97195e-15 -0.581077 -0.707107 2.39965e-15 -0.707107 -0.587785 2.74549e-15 -0.809017 -0.587785 2.74549e-15 -0.809017 -0.453991 3.02374e-15 -0.891007 -0.453991 3.02374e-15 -0.891007 -0.309017 3.22752e-15 -0.951057 -0.309017 3.22752e-15 -0.951057 -0.156434 3.35184e-15 -0.987688 -0.156434 3.35184e-15 -0.987688 0.707107 -2.39965e-15 0.707107 -0.363508 0 0.931591 -0.205215 0 0.978717 -0.205215 0 0.978717 -0.707107 -0 -0.707107 -0.707107 -0 -0.707107 -0.578671 -0 -0.815561 -0.0413248 0 0.999146 -0.0413252 0 0.999146 0.123692 0 0.992321 0.285336 0 0.958427 0.123692 0 0.992321 0.285336 0 0.958427 0.439197 0 0.898391 0.581077 0 0.813849 0.439197 0 0.898391 0.581077 0 0.813849 0.707107 0 0.707107 0.809017 0 0.587785 0.707107 0 0.707107 0.809017 0 0.587785 0.891007 0 0.453991 0.891007 0 0.453991 0.951057 0 0.309017 -0.363508 0 0.931591 1 0 -1.74846e-07 0.987688 0 0.156435 0.987688 0 0.156434 0.951057 0 0.309017 1 0 3.01992e-07 -0.511885 0 0.859054 -0.511885 0 0.859054 -0.646299 0 0.763084 -0.646299 0 0.763084 -0.763084 0 0.646299 -0.763084 0 0.646299 -0.859054 0 0.511885 -0.859054 0 0.511885 -0.931591 0 0.363508 -0.931591 0 0.363508 -0.978717 0 0.205215 -0.978717 0 0.205215 -0.999146 0 0.0413249 -0.999146 0 0.0413249 -0.992321 -0 -0.123693 -0.992321 -0 -0.123693 -0.958427 -0 -0.285336 -0.958427 -0 -0.285336 -0.898391 -0 -0.439197 -0.898391 -0 -0.439197 -0.813849 -0 -0.581077 -0.813849 -0 -0.581077 -0.433884 -0 -0.900969 -0.578671 -0 -0.815561 -0.433884 -0 -0.900969 0.0560704 0 -0.998427 -0.111964 -0 -0.993712 0.0560704 0 -0.998427 -0.276836 -0 -0.960917 -0.276835 -0 -0.960917 -0.111964 -0 -0.993712 0.382683 0 -0.92388 0.532032 0 -0.846724 0.532032 0 -0.846724 0.222521 0 -0.974928 0.382683 0 -0.92388 0.222521 0 -0.974928 0.875223 0 -0.483719 0.875223 0 -0.483719 0.781831 0 -0.62349 0.781831 0 -0.62349 0.666347 0 -0.745642 0.666347 0 -0.745642 0.943883 0 -0.330279 0.943883 0 -0.330279 0.985871 0 -0.167506 0.985871 0 -0.167506 0.439197 -3.83995e-16 0.898391 0.439197 -3.83995e-16 0.898391 0.285336 -4.09656e-16 0.958427 -0.707107 3.02235e-16 -0.707107 -0.707107 3.02235e-16 -0.707107 -0.587785 3.45794e-16 -0.809017 0.581077 -3.47859e-16 0.813849 0.581077 -3.47859e-16 0.813849 0.707107 -3.02235e-16 0.707107 0.707107 -3.02235e-16 0.707107 0.815561 -2.47338e-16 0.578671 0.815561 -2.47338e-16 0.578671 0.900969 -1.85453e-16 0.433884 0.900969 -1.85453e-16 0.433884 0.993712 -4.78564e-17 0.111965 0.960917 -1.18326e-16 0.276836 0.960917 -1.18326e-16 0.276836 0.998427 2.39659e-17 -0.0560705 0.993712 -4.78564e-17 0.111965 0.974928 9.5111e-17 -0.222521 0.974928 9.5111e-17 -0.222521 0.998427 2.39659e-17 -0.0560705 0.923879 1.63568e-16 -0.382684 0.846724 2.27404e-16 -0.532032 0.846724 2.27404e-16 -0.532032 0.923879 1.63568e-16 -0.382684 0.745642 2.84813e-16 -0.666346 0.745642 2.84813e-16 -0.666346 0.62349 3.34174e-16 -0.781831 0.62349 3.34174e-16 -0.781831 0.483719 3.74092e-16 -0.875223 0.483719 3.74092e-16 -0.875223 0.330279 4.03439e-16 -0.943883 0.330279 4.03439e-16 -0.943883 0.167506 4.21386e-16 -0.985871 0.167506 4.21386e-16 -0.985871 -1.74846e-07 4.27425e-16 -1 3.01992e-07 4.27425e-16 -1 0.285336 -4.09656e-16 0.958427 0.123693 -4.24143e-16 0.992321 0.123693 -4.24143e-16 0.992321 -0.0413249 -4.2706e-16 0.999146 -0.0413249 -4.2706e-16 0.999146 -0.205215 -4.18328e-16 0.978717 -0.205215 -4.18328e-16 0.978717 -0.363508 -3.98185e-16 0.931591 -0.363508 -3.98185e-16 0.931591 -0.511885 -3.67181e-16 0.859054 -0.511885 -3.67181e-16 0.859054 -0.646299 -3.26161e-16 0.763084 -0.646299 -3.26161e-16 0.763084 -0.763084 -2.76244e-16 0.646299 -0.763084 -2.76244e-16 0.646299 -0.859054 -2.18792e-16 0.511885 -0.859054 -2.18792e-16 0.511885 -0.931591 -1.55372e-16 0.363508 -0.931591 -1.55372e-16 0.363508 -0.978717 -8.77141e-17 0.205215 -0.978717 -8.77141e-17 0.205215 -0.999146 -1.76634e-17 0.041325 -0.999146 -1.76634e-17 0.041325 -0.992321 5.28693e-17 -0.123693 -0.992321 5.28693e-17 -0.123693 -0.958427 1.2196e-16 -0.285336 -0.958427 1.2196e-16 -0.285336 -0.898391 1.87724e-16 -0.439197 -0.898391 1.87724e-16 -0.439197 -0.813849 2.48367e-16 -0.581077 -0.813849 2.48367e-16 -0.581077 -0.453991 3.80838e-16 -0.891007 -0.587785 3.45794e-16 -0.809017 -0.453991 3.80838e-16 -0.891007 -0.156434 4.22163e-16 -0.987688 -0.156434 4.22163e-16 -0.987688 -0.309017 4.06505e-16 -0.951057 -0.309017 4.06505e-16 -0.951057 0.439197 7.67989e-17 0.898391 0.581077 6.95719e-17 0.813849 0.581077 6.95719e-17 0.813849 -0.707107 -6.0447e-17 -0.707107 -0.707107 -6.0447e-17 -0.707107 -0.587785 -6.91588e-17 -0.809017 0.707107 6.0447e-17 0.707107 0.815561 4.94677e-17 0.578671 0.707107 6.0447e-17 0.707107 0.439197 7.67989e-17 0.898391 0.960917 2.36653e-17 0.276836 0.993712 9.57128e-18 0.111965 0.960917 2.36653e-17 0.276836 0.815561 4.94677e-17 0.578671 0.900969 3.70906e-17 0.433884 0.900969 3.70906e-17 0.433884 0.998427 -4.79318e-18 -0.0560705 0.998427 -4.79318e-18 -0.0560705 0.993712 9.57128e-18 0.111965 0.974928 -1.90222e-17 -0.222521 0.974928 -1.90222e-17 -0.222521 0.923879 -3.27137e-17 -0.382684 0.923879 -3.27137e-17 -0.382684 0.285336 8.19311e-17 0.958427 0.846724 -4.54808e-17 -0.532032 0.846724 -4.54808e-17 -0.532032 0.745642 -5.69626e-17 -0.666346 0.745642 -5.69626e-17 -0.666346 0.62349 -6.68348e-17 -0.781831 0.483719 -7.48185e-17 -0.875223 0.483719 -7.48185e-17 -0.875223 0.62349 -6.68348e-17 -0.781831 0.330279 -8.06878e-17 -0.943883 0.330279 -8.06878e-17 -0.943883 0.167506 -8.42772e-17 -0.985871 0.167506 -8.42772e-17 -0.985871 -1.74846e-07 -8.5485e-17 -1 3.01992e-07 -8.5485e-17 -1 0.285336 8.19311e-17 0.958427 0.123693 8.48285e-17 0.992321 0.123693 8.48285e-17 0.992321 -0.0413249 8.5412e-17 0.999146 -0.0413249 8.5412e-17 0.999146 -0.205215 8.36656e-17 0.978717 -0.205215 8.36656e-17 0.978717 -0.363508 7.9637e-17 0.931591 -0.363508 7.9637e-17 0.931591 -0.511885 7.34362e-17 0.859054 -0.511885 7.34362e-17 0.859054 -0.646299 6.52322e-17 0.763084 -0.646299 6.52322e-17 0.763084 -0.763084 5.52489e-17 0.646299 -0.763084 5.52489e-17 0.646299 -0.859054 4.37585e-17 0.511885 -0.859054 4.37585e-17 0.511885 -0.931591 3.10745e-17 0.363508 -0.931591 3.10745e-17 0.363508 -0.978717 1.75428e-17 0.205215 -0.978717 1.75428e-17 0.205215 -0.999146 3.53267e-18 0.041325 -0.999146 3.53267e-18 0.041325 -0.992321 -1.05739e-17 -0.123693 -0.992321 -1.05739e-17 -0.123693 -0.958427 -2.4392e-17 -0.285336 -0.958427 -2.4392e-17 -0.285336 -0.898391 -3.75447e-17 -0.439197 -0.898391 -3.75447e-17 -0.439197 -0.813849 -4.96733e-17 -0.581077 -0.813849 -4.96733e-17 -0.581077 -0.453991 -7.61677e-17 -0.891007 -0.587785 -6.91588e-17 -0.809017 -0.453991 -7.61677e-17 -0.891007 -0.156434 -8.44325e-17 -0.987688 -0.156434 -8.44325e-17 -0.987688 -0.309017 -8.1301e-17 -0.951057 -0.309017 -8.1301e-17 -0.951057 0.53009 0.661823 -0.53009 0.460532 0.758828 -0.460532 0.460532 0.758828 -0.460532 0.65097 0.390481 -0.65097 0.599597 0.530064 -0.599597 0.65097 0.390481 -0.65097 0.59567 0.538845 -0.59567 0.534716 0.654337 -0.534716 0.460532 0.758828 -0.460532 0.460532 0.758828 -0.460532 0.460532 0.758828 -0.460532 0.460532 0.758828 -0.460532 -0.36042 0.860346 0.36042 -0.460532 0.758828 0.460532 -0.460532 0.758828 0.460532 -0.0509705 0.997399 0.0509705 -0.0512279 0.997372 0.0512279 -0.154763 0.975755 0.154763 -0.258619 0.930716 0.258619 -0.258985 0.930512 0.258985 0.259356 0.930306 -0.259356 0.259626 0.930155 -0.259626 0.155331 0.975574 -0.155331 0.051953 0.997297 -0.051953 0.0519078 0.997302 -0.0519078 0.36113 0.85975 -0.36113 0.360934 0.859915 -0.360934 0.460144 0.7593 -0.460144 0.460144 0.759299 -0.460144 0.155008 0.975677 -0.155008 -0.154338 0.975889 0.154338 -0.360533 0.860251 0.360533 -0.460532 0.758828 0.460532 -0.460532 0.758828 0.460532 -0.460532 0.758828 0.460532 -0.460532 0.758828 0.460532 -0.460532 0.758828 0.460532 -0.460532 -0.758828 0.460532 -0.460532 -0.758828 0.460532 -0.460532 -0.758828 0.460532 -0.460532 -0.758828 0.460532 -0.460532 -0.758828 0.460532 -0.460532 -0.758828 0.460532 -0.650991 -0.390413 0.650991 -0.650991 -0.390413 0.650991 -0.650991 -0.390413 0.650991 -0.650991 -0.390413 0.650991 -0.650991 -0.390413 0.650991 -0.650991 -0.390413 0.650991 -0.650991 -0.390413 0.650991 -0.650991 -0.390413 0.650991 0.650991 0.390413 -0.650991 0.650991 0.390413 -0.650991 0.650991 0.390413 -0.650991 0.650991 0.390413 -0.650991 0.650991 0.390413 -0.650991 0.650991 0.390413 -0.650991 0.650991 0.390413 -0.650991 0.650991 0.390413 -0.650991 0 -1 0 0 -1 0 0 -1 0 0 -1 0 0.707107 2.51215e-15 0.707107 0.707107 2.51215e-15 0.707107 0.707107 2.51215e-15 0.707107 0.707107 2.51215e-15 0.707107 0.707107 2.51215e-15 0.707107 0.600581 -0.527829 -0.600581 0.598778 -0.531912 -0.598778 0.539286 -0.646793 -0.539286 0.650991 -0.390413 -0.650991 0.650991 -0.390413 -0.650991 0.534292 -0.65503 -0.534292 0.460532 -0.758828 -0.460532 0.460532 -0.758828 -0.460532 0.650991 -0.390413 -0.650991 0.650991 -0.390413 -0.650991 0.650991 -0.390413 -0.650991 0.650991 -0.390413 -0.650991 0.650991 -0.390413 -0.650991 0.650991 -0.390413 -0.650991 0.650991 -0.390413 -0.650991 0.650991 -0.390413 -0.650991 -0.650991 0.390413 0.650991 -0.650991 0.390413 0.650991 -0.650991 0.390413 0.650991 -0.650991 0.390413 0.650991 -0.650991 0.390413 0.650991 -0.650991 0.390413 0.650991 -0.650991 0.390413 0.650991 -0.460532 0.758828 0.460532 -0.460532 0.758828 0.460532 -0.460532 0.758828 0.460532 -0.460532 0.758828 0.460532 -0.460532 0.758828 0.460532 -0.460532 -0.758828 0.460532 -0.460532 -0.758828 0.460532 -0.460532 -0.758828 0.460532 -0.460532 -0.758828 0.460532 -0.460532 -0.758828 0.460532 0 1 0 0 1 0 0 1 0 0 1 0 0.707107 2.51215e-15 0.707107 0.707107 2.51215e-15 0.707107 0.707107 2.51215e-15 0.707107 0.707107 2.51215e-15 0.707107 0.707107 2.51215e-15 0.707107 0.707107 2.51215e-15 0.707107 0.707107 2.51215e-15 0.707107 0.707107 2.51215e-15 0.707107 0.707107 2.51215e-15 0.707107 0.707107 2.51215e-15 0.707107 0.707107 2.51215e-15 0.707107 0.707107 2.51215e-15 0.707107 0.707107 2.51215e-15 0.707107 0.707107 2.51215e-15 0.707107 0.707107 2.51215e-15 0.707107 0.707107 2.51215e-15 0.707107 0.329248 0.661823 -0.673488 0.286045 0.758828 -0.585114 0.286045 0.758828 -0.585114 0.404329 0.390481 -0.827069 0.372397 0.530148 -0.76175 0.404329 0.390481 -0.827069 0.369981 0.538845 -0.756809 0.332095 0.654409 -0.67931 0.286045 0.758828 -0.585114 0.286045 0.758828 -0.585114 0.286045 0.758828 -0.585114 0.286045 0.758828 -0.585114 -0.223863 0.860346 0.457919 -0.286045 0.758828 0.585114 -0.286045 0.758828 0.585114 -0.031659 0.997399 0.0647595 -0.0318185 0.997372 0.0650859 -0.096126 0.975754 0.196629 -0.160633 0.930716 0.32858 -0.160861 0.930512 0.329046 0.161091 0.930305 -0.329517 0.161258 0.930155 -0.329859 0.0964786 0.975574 -0.19735 0.0322689 0.997297 -0.0660071 0.032241 0.997302 -0.0659499 0.224304 0.85975 -0.458821 0.224183 0.859914 -0.458574 0.285803 0.7593 -0.58462 0.285803 0.759299 -0.58462 0.0962787 0.975676 -0.196941 -0.0958621 0.975889 0.196089 -0.223934 0.860251 0.458064 -0.286045 0.758828 0.585114 -0.286045 0.758828 0.585114 -0.286045 0.758828 0.585114 -0.286045 0.758828 0.585114 -0.286045 0.758828 0.585114 -0.286045 -0.758828 0.585114 -0.286045 -0.758828 0.585114 -0.286045 -0.758828 0.585114 -0.286045 -0.758828 0.585114 -0.286045 -0.758828 0.585114 -0.286045 -0.758828 0.585114 -0.404342 -0.390413 0.827095 -0.404342 -0.390413 0.827095 -0.404342 -0.390413 0.827095 -0.404342 -0.390413 0.827095 -0.404342 -0.390413 0.827095 -0.404342 -0.390413 0.827095 -0.404342 -0.390413 0.827095 -0.404342 -0.390413 0.827095 0.404342 0.390413 -0.827095 0.404342 0.390413 -0.827095 0.404342 0.390413 -0.827095 0.404342 0.390413 -0.827095 0.404342 0.390413 -0.827095 0.404342 0.390413 -0.827095 0.404342 0.390413 -0.827095 0.404342 0.390413 -0.827095 0 -1 0 0 -1 0 0 -1 0 0 -1 0 0.898391 1.98595e-15 0.439197 0.898391 1.98595e-15 0.439197 0.898391 1.98595e-15 0.439197 0.898391 1.98595e-15 0.439197 0.898391 1.98595e-15 0.439197 0.0927274 0.661823 -0.743903 0.0805599 0.758828 -0.646289 0.0805599 0.758828 -0.646289 0.113873 0.390481 -0.913541 0.104879 0.530159 -0.841387 0.113872 0.390488 -0.913538 0.104199 0.538845 -0.835936 0.0935285 0.654414 -0.750329 0.0805599 0.758828 -0.646289 0.0805599 0.758828 -0.646289 0.0805599 0.758828 -0.646289 0.0805599 0.758828 -0.646289 -0.0630474 0.860346 0.505796 -0.0805599 0.758828 0.646289 -0.0805599 0.758828 0.646289 -0.00891621 0.997399 0.0715301 -0.00896118 0.997372 0.0718908 -0.0270721 0.975755 0.217185 -0.0452396 0.930716 0.362934 -0.0453039 0.930512 0.363449 0.0453686 0.930306 -0.363968 0.0454158 0.930155 -0.364347 0.0271716 0.975574 -0.217984 0.00908802 0.997297 -0.0729084 0.00908022 0.997302 -0.0728458 0.0631716 0.85975 -0.506793 0.0631374 0.859915 -0.506518 0.0804919 0.7593 -0.645744 0.0804919 0.759299 -0.645744 0.0271155 0.975676 -0.217533 -0.026998 0.975889 0.216591 -0.0630673 0.860251 0.505956 -0.0805599 0.758828 0.646289 -0.0805599 0.758828 0.646289 -0.0805599 0.758828 0.646289 -0.0805599 0.758828 0.646289 -0.0805599 0.758828 0.646289 -0.0805599 -0.758828 0.646289 -0.0805599 -0.758828 0.646289 -0.0805599 -0.758828 0.646289 -0.0805599 -0.758828 0.646289 -0.0805599 -0.758828 0.646289 -0.0805599 -0.758828 0.646289 -0.113876 -0.390413 0.91357 -0.113876 -0.390413 0.91357 -0.113876 -0.390413 0.91357 -0.113876 -0.390413 0.91357 -0.113876 -0.390413 0.91357 -0.113876 -0.390413 0.91357 -0.113876 -0.390413 0.91357 -0.113876 -0.390413 0.91357 0.113876 0.390413 -0.91357 0.113876 0.390413 -0.91357 0.113876 0.390413 -0.91357 0.113876 0.390413 -0.91357 0.113876 0.390413 -0.91357 0.113876 0.390413 -0.91357 0.113876 0.390413 -0.91357 0.113876 0.390413 -0.91357 0 -1 0 0 -1 0 0 -1 0 0 -1 0 0.992321 -1.37326e-17 0.123693 0.992321 -1.37326e-17 0.123693 0.992321 -1.37326e-17 0.123693 0.992321 -1.37326e-17 0.123693 0.992321 -1.37326e-17 0.123693 -0.153842 0.661823 -0.733705 -0.133655 0.758828 -0.637429 -0.133655 0.758828 -0.637429 -0.188924 0.390481 -0.901018 -0.174005 0.530133 -0.829868 -0.188924 0.390481 -0.901018 -0.172874 0.538845 -0.824476 -0.155174 0.654396 -0.740059 -0.133655 0.758828 -0.637429 -0.133655 0.758828 -0.637429 -0.133655 0.758828 -0.637429 -0.133655 0.758828 -0.637429 0.1046 0.860346 0.498862 0.133655 0.758828 0.637429 0.133655 0.758828 0.637429 0.0147909 0.997399 0.0705409 0.0148673 0.997372 0.0709053 0.0449138 0.975756 0.214204 0.0750559 0.930716 0.357958 0.0751602 0.930516 0.358456 -0.0752714 0.930303 -0.358986 -0.0753482 0.930155 -0.359352 -0.0450798 0.975574 -0.214995 -0.0150777 0.997297 -0.0719089 -0.015066 0.997301 -0.0718531 -0.104806 0.85975 -0.499845 -0.104751 0.859912 -0.499578 -0.133542 0.7593 -0.636891 -0.133542 0.759299 -0.636892 -0.044987 0.975676 -0.214553 0.0447917 0.975889 0.213621 0.104631 0.860257 0.499009 0.133655 0.758828 0.637429 0.133655 0.758828 0.637429 0.133655 0.758828 0.637429 0.133655 0.758828 0.637429 0.133655 0.758828 0.637429 0.133655 -0.758828 0.637429 0.133655 -0.758828 0.637429 0.133655 -0.758828 0.637429 0.133655 -0.758828 0.637429 0.133655 -0.758828 0.637429 0.133655 -0.758828 0.637429 0.188929 -0.390413 0.901046 0.188929 -0.390413 0.901046 0.188929 -0.390413 0.901046 0.188929 -0.390413 0.901046 0.188929 -0.390413 0.901046 0.188929 -0.390413 0.901046 0.188929 -0.390413 0.901046 0.188929 -0.390413 0.901046 -0.188929 0.390413 -0.901046 -0.188929 0.390413 -0.901046 -0.188929 0.390413 -0.901046 -0.188929 0.390413 -0.901046 -0.188929 0.390413 -0.901046 -0.188929 0.390413 -0.901046 -0.188929 0.390413 -0.901046 -0.188929 0.390413 -0.901046 0 -1 0 0 -1 0 0 -1 0 0 -1 0 0.978717 0 -0.205215 0.978717 0 -0.205215 0.978717 0 -0.205215 0.978717 0 -0.205215 0.978717 0 -0.205215 -0.38374 0.661823 -0.643999 -0.333386 0.758828 -0.559494 -0.333386 0.758828 -0.559494 -0.471247 0.390481 -0.790855 -0.434024 0.530166 -0.728387 -0.471247 0.390481 -0.790855 -0.431214 0.538845 -0.723671 -0.38705 0.654424 -0.649554 -0.333386 0.758828 -0.559494 -0.333386 0.758828 -0.559494 -0.333386 0.758828 -0.559494 -0.333386 0.758828 -0.559494 0.260913 0.860346 0.437869 0.333386 0.758828 0.559494 0.333386 0.758828 0.559494 0.0369067 0.997397 0.0619374 0.0370846 0.997372 0.062236 0.112044 0.975751 0.188035 0.187218 0.930716 0.314192 0.187491 0.930507 0.31465 -0.187744 0.930312 -0.315075 -0.187947 0.930155 -0.315416 -0.112446 0.975574 -0.188709 -0.0376095 0.997297 -0.0631169 -0.0375681 0.997303 -0.0630474 -0.261427 0.85975 -0.438731 -0.26128 0.859921 -0.438484 -0.333105 0.7593 -0.559022 -0.333105 0.759299 -0.559022 -0.112203 0.975681 -0.188301 0.111728 0.975889 0.187503 0.261002 0.860244 0.438017 0.333386 0.758828 0.559494 0.333386 0.758828 0.559494 0.333386 0.758828 0.559494 0.333386 0.758828 0.559494 0.333386 0.758828 0.559494 0.333386 -0.758828 0.559494 0.333386 -0.758828 0.559494 0.333386 -0.758828 0.559494 0.333386 -0.758828 0.559494 0.333386 -0.758828 0.559494 0.333386 -0.758828 0.559494 0.471262 -0.390413 0.790879 0.471262 -0.390413 0.790879 0.471262 -0.390413 0.790879 0.471262 -0.390413 0.790879 0.471262 -0.390413 0.790879 0.471262 -0.390413 0.790879 0.471262 -0.390413 0.790879 0.471262 -0.390413 0.790879 -0.471262 0.390413 -0.790879 -0.471262 0.390413 -0.790879 -0.471262 0.390413 -0.790879 -0.471262 0.390413 -0.790879 -0.471262 0.390413 -0.790879 -0.471262 0.390413 -0.790879 -0.471262 0.390413 -0.790879 -0.471262 0.390413 -0.790879 0 -1 0 0 -1 0 0 -1 0 0 -1 0 0.859054 0 -0.511885 0.859054 0 -0.511885 0.859054 0 -0.511885 0.859054 0 -0.511885 0.859054 0 -0.511885 -0.572054 0.661823 -0.484505 -0.49699 0.758828 -0.420929 -0.49699 0.758828 -0.420929 -0.702504 0.390481 -0.59499 -0.647024 0.530146 -0.548001 -0.702504 0.390481 -0.59499 -0.642826 0.538845 -0.544446 -0.577 0.654407 -0.488694 -0.49699 0.758828 -0.420929 -0.49699 0.758828 -0.420929 -0.49699 0.758828 -0.420929 -0.49699 0.758828 -0.420929 0.389113 0.860221 0.329562 0.496569 0.759301 0.420573 0.496569 0.759301 0.420573 0.0550042 0.997399 0.0465862 0.0551151 0.997388 0.0466801 0.167029 0.97575 0.141467 0.279146 0.930689 0.236424 0.279525 0.930493 0.236745 -0.279901 0.930299 -0.237064 -0.280263 0.930112 -0.237371 -0.167659 0.975565 -0.142 -0.0559303 0.99731 -0.0473706 -0.0560132 0.997302 -0.0474408 -0.389773 0.859707 -0.330121 -0.389489 0.859929 -0.32988 -0.496569 0.759301 -0.420573 -0.496569 0.759301 -0.420573 -0.167267 0.97568 -0.141668 0.166537 0.975895 0.14105 0.389208 0.860147 0.329642 0.49699 0.758828 0.420929 0.49699 0.758828 0.420929 0.49699 0.758828 0.420929 0.49699 0.758828 0.420929 0.49699 0.758828 0.420929 0.49699 -0.758828 0.420929 0.49699 -0.758828 0.420929 0.49699 -0.758828 0.420929 0.49699 -0.758828 0.420929 0.49699 -0.758828 0.420929 0.49699 -0.758828 0.420929 0.702526 -0.390413 0.595009 0.702526 -0.390413 0.595009 0.702526 -0.390413 0.595009 0.702526 -0.390413 0.595009 0.702526 -0.390413 0.595009 0.702526 -0.390413 0.595009 0.702526 -0.390413 0.595009 0.702526 -0.390413 0.595009 -0.702526 0.390413 -0.595009 -0.702526 0.390413 -0.595009 -0.702526 0.390413 -0.595009 -0.702526 0.390413 -0.595009 -0.702526 0.390413 -0.595009 -0.702526 0.390413 -0.595009 -0.702526 0.390413 -0.595009 -0.702526 0.390413 -0.595009 0 -1 0 0 -1 0 0 -1 0 0 -1 0 0.646299 0 -0.763084 0.646299 0 -0.763084 0.646299 0 -0.763084 0.646299 0 -0.763084 0.646299 0 -0.763084 -0.698377 0.661823 -0.272507 -0.606737 0.758828 -0.236749 -0.606737 0.758828 -0.236749 -0.857633 0.390481 -0.334649 -0.789905 0.530141 -0.308222 -0.857633 0.390481 -0.334649 -0.784777 0.538845 -0.306221 -0.704419 0.654402 -0.274865 -0.606737 0.758828 -0.236749 -0.606737 0.758828 -0.236749 -0.606737 0.758828 -0.236749 -0.606737 0.758828 -0.236749 0.474841 0.860346 0.185284 0.606737 0.758828 0.236749 0.606737 0.758828 0.236749 0.0671564 0.997398 0.0262045 0.0674855 0.997373 0.0263329 0.203909 0.975751 0.0795657 0.340722 0.930716 0.13295 0.341207 0.930512 0.133139 -0.341687 0.930309 -0.133327 -0.342049 0.930155 -0.133468 -0.204645 0.975574 -0.0798526 -0.0684466 0.997297 -0.0267079 -0.0683805 0.997302 -0.0266822 -0.475776 0.859751 -0.185648 -0.475512 0.859919 -0.185545 -0.606225 0.7593 -0.23655 -0.606225 0.759299 -0.23655 -0.204207 0.975679 -0.0796819 0.203334 0.975889 0.0793413 0.474993 0.86025 0.185343 0.606737 0.758828 0.236749 0.606737 0.758828 0.236749 0.606737 0.758828 0.236749 0.606737 0.758828 0.236749 0.606737 0.758828 0.236749 0.606737 -0.758828 0.236749 0.606737 -0.758828 0.236749 0.606737 -0.758828 0.236749 0.606737 -0.758828 0.236749 0.606737 -0.758828 0.236749 0.606737 -0.758828 0.236749 0.85766 -0.390413 0.33466 0.85766 -0.390413 0.33466 0.85766 -0.390413 0.33466 0.85766 -0.390413 0.33466 0.85766 -0.390413 0.33466 0.85766 -0.390413 0.33466 0.85766 -0.390413 0.33466 0.85766 -0.390413 0.33466 -0.85766 0.390413 -0.33466 -0.85766 0.390413 -0.33466 -0.85766 0.390413 -0.33466 -0.85766 0.390413 -0.33466 -0.85766 0.390413 -0.33466 -0.85766 0.390413 -0.33466 -0.85766 0.390413 -0.33466 -0.85766 0.390413 -0.33466 0 -1 0 0 -1 0 0 -1 0 0 -1 0 0.363508 0 -0.931591 0.363508 0 -0.931591 0.363508 0 -0.931591 0.363508 0 -0.931591 0.363508 0 -0.931591 -0.74902 0.661823 -0.0309797 -0.650735 0.758828 -0.0269146 -0.650735 0.758828 -0.0269146 -0.919825 0.390481 -0.0380442 -0.847185 0.530141 -0.0350398 -0.919825 0.390481 -0.0380442 -0.841685 0.538845 -0.0348124 -0.7555 0.654403 -0.0312477 -0.650735 0.758828 -0.0269146 -0.650735 0.758828 -0.0269146 -0.650735 0.758828 -0.0269146 -0.650735 0.758828 -0.0269146 0.509275 0.860346 0.0210638 0.650734 0.758828 0.0269146 0.650734 0.758828 0.0269146 0.0720233 0.997398 0.0029789 0.0723792 0.997373 0.00299363 0.218691 0.975752 0.00904515 0.36543 0.930716 0.0151143 0.365948 0.930512 0.0151357 -0.366468 0.930307 -0.0151572 -0.366853 0.930155 -0.0151731 -0.219485 0.975574 -0.00907795 -0.07341 0.997297 -0.00303626 -0.073343 0.997302 -0.00303349 -0.510277 0.859751 -0.0211052 -0.509996 0.859918 -0.0210936 -0.650185 0.7593 -0.0268919 -0.650186 0.759299 -0.0268919 -0.219021 0.975678 -0.00905876 0.218079 0.975889 0.00901982 0.509436 0.86025 0.0210704 0.650735 0.758828 0.0269146 0.650735 0.758828 0.0269146 0.650735 0.758828 0.0269146 0.650735 0.758828 0.0269146 0.650735 0.758828 0.0269146 0.650735 -0.758828 0.0269146 0.650735 -0.758828 0.0269146 0.650735 -0.758828 0.0269146 0.650735 -0.758828 0.0269146 0.650735 -0.758828 0.0269146 0.650735 -0.758828 0.0269146 0.919853 -0.390413 0.0380454 0.919853 -0.390413 0.0380454 0.919853 -0.390413 0.0380454 0.919853 -0.390413 0.0380454 0.919853 -0.390413 0.0380454 0.919853 -0.390413 0.0380454 0.919853 -0.390413 0.0380454 0.919853 -0.390413 0.0380454 -0.919853 0.390413 -0.0380454 -0.919853 0.390413 -0.0380454 -0.919853 0.390413 -0.0380454 -0.919853 0.390413 -0.0380454 -0.919853 0.390413 -0.0380454 -0.919853 0.390413 -0.0380454 -0.919853 0.390413 -0.0380454 -0.919853 0.390413 -0.0380454 0 -1 0 0 -1 0 0 -1 0 0 -1 0 0 -1 0 0.041325 0 -0.999146 0.041325 0 -0.999146 0.041325 0 -0.999146 0.041325 0 -0.999146 0.041325 0 -0.999146 -0.718495 0.661823 0.213905 -0.624215 0.758828 0.185837 -0.624215 0.758828 0.185837 -0.882339 0.390481 0.262684 -0.812657 0.530145 0.241939 -0.882339 0.390481 0.262684 -0.807384 0.538845 0.240369 -0.724708 0.654406 0.215755 -0.624215 0.758828 0.185837 -0.624215 0.758828 0.185837 -0.624215 0.758828 0.185837 -0.624215 0.758828 0.185837 0.48852 0.860346 -0.145439 0.624215 0.758828 -0.185837 0.624215 0.758828 -0.185837 0.0690875 0.997399 -0.0205682 0.0694295 0.997373 -0.0206701 0.209776 0.975753 -0.062453 0.350537 0.930716 -0.104359 0.351036 0.930512 -0.104508 -0.351536 0.930306 0.104657 -0.351902 0.930155 0.104766 -0.21054 0.975574 0.0626804 -0.0704183 0.997297 0.0209644 -0.0703564 0.997302 0.020946 -0.489482 0.859751 0.145725 -0.489215 0.859917 0.145646 -0.623688 0.7593 0.18568 -0.623688 0.759299 0.18568 -0.2101 0.975677 0.0625494 0.209192 0.975889 -0.0622791 0.488675 0.86025 -0.145485 0.624215 0.758828 -0.185837 0.624215 0.758828 -0.185837 0.624215 0.758828 -0.185837 0.624215 0.758828 -0.185837 0.624215 0.758828 -0.185837 0.624215 -0.758828 -0.185837 0.624215 -0.758828 -0.185837 0.624215 -0.758828 -0.185837 0.624215 -0.758828 -0.185837 0.624215 -0.758828 -0.185837 0.624215 -0.758828 -0.185837 0.882367 -0.390413 -0.262692 0.882367 -0.390413 -0.262692 0.882367 -0.390413 -0.262692 0.882367 -0.390413 -0.262692 0.882367 -0.390413 -0.262692 0.882367 -0.390413 -0.262692 0.882367 -0.390413 -0.262692 0.882367 -0.390413 -0.262692 -0.882367 0.390413 0.262692 -0.882367 0.390413 0.262692 -0.882367 0.390413 0.262692 -0.882367 0.390413 0.262692 -0.882367 0.390413 0.262692 -0.882367 0.390413 0.262692 -0.882367 0.390413 0.262692 -0.882367 0.390413 0.262692 0 -1 0 0 -1 0 0 -1 0 0 -1 0 -0.285336 -1.70251e-15 -0.958427 -0.285336 -1.70251e-15 -0.958427 -0.285336 -1.70251e-15 -0.958427 -0.285336 -1.70251e-15 -0.958427 -0.285336 -1.70251e-15 -0.958427 -0.61011 0.661823 0.43561 -0.530052 0.758828 0.37845 -0.530052 0.758828 0.37845 -0.749238 0.390481 0.534946 -0.690064 0.530152 0.492696 -0.749238 0.390481 0.534946 -0.68559 0.538845 0.489502 -0.615382 0.654412 0.439374 -0.530052 0.758828 0.37845 -0.530052 0.758828 0.37845 -0.530052 0.758828 0.37845 -0.530052 0.758828 0.37845 0.414827 0.860346 -0.296181 0.530052 0.758828 -0.37845 0.530052 0.758828 -0.37845 0.058668 0.997398 -0.0418881 0.0589561 0.997373 -0.0420938 0.178136 0.975752 -0.127186 0.297659 0.930716 -0.212524 0.298084 0.930511 -0.212828 -0.298506 0.930307 0.213129 -0.298818 0.930155 0.213352 -0.17878 0.975574 0.127646 -0.0597957 0.997297 0.0426933 -0.0597405 0.997302 0.0426539 -0.415644 0.859751 0.296764 -0.415416 0.859917 0.296602 -0.529605 0.7593 0.378131 -0.529605 0.759299 0.378131 -0.178403 0.975678 0.127377 0.177635 0.975889 -0.126829 0.41496 0.86025 -0.296276 0.530052 0.758828 -0.37845 0.530052 0.758828 -0.37845 0.530052 0.758828 -0.37845 0.530052 0.758828 -0.37845 0.530052 0.758828 -0.37845 0.530052 -0.758828 -0.37845 0.530052 -0.758828 -0.37845 0.530052 -0.758828 -0.37845 0.530052 -0.758828 -0.37845 0.530052 -0.758828 -0.37845 0.530052 -0.758828 -0.37845 0.749262 -0.390413 -0.534962 0.749262 -0.390413 -0.534962 0.749262 -0.390413 -0.534962 0.749262 -0.390413 -0.534962 0.749262 -0.390413 -0.534962 0.749262 -0.390413 -0.534962 0.749262 -0.390413 -0.534962 -0.749262 0.390413 0.534962 -0.749262 0.390413 0.534962 -0.749262 0.390413 0.534962 -0.749262 0.390413 0.534962 -0.749262 0.390413 0.534962 -0.749262 0.390413 0.534962 -0.749262 0.390413 0.534962 -0.749262 0.390413 0.534962 0 -1 0 0 -1 0 0 -1 0 0 -1 0 -0.581077 0 -0.813849 -0.581077 0 -0.813849 -0.581077 0 -0.813849 -0.581077 0 -0.813849 -0.581077 0 -0.813849 -0.43561 0.661823 0.61011 -0.37845 0.758828 0.530052 -0.37845 0.758828 0.530052 -0.534946 0.390481 0.749238 -0.492693 0.530163 0.690059 -0.534946 0.390481 0.749238 -0.489502 0.538845 0.68559 -0.43937 0.654421 0.615376 -0.37845 0.758828 0.530052 -0.37845 0.758828 0.530052 -0.37845 0.758828 0.530052 -0.37845 0.758828 0.530052 0.296181 0.860346 -0.414827 0.37845 0.758828 -0.530052 0.37845 0.758828 -0.530052 0.0418897 0.997398 -0.0586701 0.0420974 0.997372 -0.058961 0.127183 0.975753 -0.178131 0.212524 0.930716 -0.297659 0.212828 0.93051 -0.298085 -0.213128 0.930308 0.298504 -0.213352 0.930155 0.298818 -0.127645 0.975574 0.178779 -0.0426932 0.997297 0.0597956 -0.0426525 0.997302 0.0597385 -0.296764 0.85975 0.415644 -0.296602 0.859917 0.415416 -0.378131 0.7593 0.529605 -0.378131 0.759299 0.529605 -0.127377 0.975678 0.178402 0.12683 0.975889 -0.177636 0.296276 0.860249 -0.41496 0.37845 0.758828 -0.530052 0.37845 0.758828 -0.530052 0.37845 0.758828 -0.530052 0.37845 0.758828 -0.530052 0.37845 0.758828 -0.530052 0.37845 -0.758828 -0.530052 0.37845 -0.758828 -0.530052 0.37845 -0.758828 -0.530052 0.37845 -0.758828 -0.530052 0.37845 -0.758828 -0.530052 0.37845 -0.758828 -0.530052 0.534962 -0.390413 -0.749262 0.534962 -0.390413 -0.749262 0.534962 -0.390413 -0.749262 0.534962 -0.390413 -0.749262 0.534962 -0.390413 -0.749262 0.534962 -0.390413 -0.749262 0.534962 -0.390413 -0.749262 0.534962 -0.390413 -0.749262 -0.534962 0.390413 0.749262 -0.534962 0.390413 0.749262 -0.534962 0.390413 0.749262 -0.534962 0.390413 0.749262 -0.534962 0.390413 0.749262 -0.534962 0.390413 0.749262 -0.534962 0.390413 0.749262 -0.534962 0.390413 0.749262 0 -1 0 0 -1 0 0 -1 0 0 -1 0 -0.813849 -1.44569e-15 -0.581077 -0.813849 -1.44569e-15 -0.581077 -0.813849 -1.44569e-15 -0.581077 -0.813849 -1.44569e-15 -0.581077 -0.813849 -1.44569e-15 -0.581077 -0.213905 0.661823 0.718495 -0.185837 0.758828 0.624215 -0.185837 0.758828 0.624215 -0.262684 0.390481 0.882339 -0.241936 0.530157 0.81265 -0.262684 0.390481 0.882339 -0.240369 0.538845 0.807384 -0.215753 0.654416 0.7247 -0.185837 0.758828 0.624215 -0.185837 0.758828 0.624215 -0.185837 0.758828 0.624215 -0.185837 0.758828 0.624215 0.145439 0.860346 -0.48852 0.185837 0.758828 -0.624215 0.185837 0.758828 -0.624215 0.0205702 0.997398 -0.0690941 0.0206701 0.997373 -0.0694295 0.0624563 0.97575 -0.209787 0.104359 0.930716 -0.350537 0.104509 0.93051 -0.351039 -0.104655 0.930309 0.351529 -0.104766 0.930155 0.351902 -0.0626804 0.975574 0.21054 -0.0209644 0.997297 0.0704183 -0.0209435 0.997303 0.0703478 -0.145725 0.859751 0.489482 -0.145644 0.859919 0.48921 -0.18568 0.7593 0.623688 -0.18568 0.759299 0.623688 -0.0625459 0.97568 0.210088 0.0622791 0.975889 -0.209192 0.145486 0.860249 -0.488677 0.185837 0.758828 -0.624215 0.185837 0.758828 -0.624215 0.185837 0.758828 -0.624215 0.185837 0.758828 -0.624215 0.185837 0.758828 -0.624215 0.185837 -0.758828 -0.624215 0.185837 -0.758828 -0.624215 0.185837 -0.758828 -0.624215 0.185837 -0.758828 -0.624215 0.185837 -0.758828 -0.624215 0.185837 -0.758828 -0.624215 0.262692 -0.390413 -0.882367 0.262692 -0.390413 -0.882367 0.262692 -0.390413 -0.882367 0.262692 -0.390413 -0.882367 0.262692 -0.390413 -0.882367 0.262692 -0.390413 -0.882367 0.262692 -0.390413 -0.882367 0.262692 -0.390413 -0.882367 -0.262692 0.390413 0.882367 -0.262692 0.390413 0.882367 -0.262692 0.390413 0.882367 -0.262692 0.390413 0.882367 -0.262692 0.390413 0.882367 -0.262692 0.390413 0.882367 -0.262692 0.390413 0.882367 -0.262692 0.390413 0.882367 0 -1 0 0 -1 0 0 -1 0 0 -1 0 -0.958427 0 -0.285336 -0.958427 0 -0.285336 -0.958427 0 -0.285336 -0.958427 0 -0.285336 -0.958427 0 -0.285336 0.0309797 0.661823 0.74902 0.0269146 0.758828 0.650735 0.0269146 0.758828 0.650735 0.0380442 0.390481 0.919825 0.0350398 0.530143 0.847184 0.0380442 0.390481 0.919825 0.0348124 0.538845 0.841685 0.0312477 0.654404 0.755499 0.0269146 0.758828 0.650735 0.0269146 0.758828 0.650735 0.0269146 0.758828 0.650735 0.0269146 0.758828 0.650735 -0.0210638 0.860346 -0.509275 -0.0269146 0.758828 -0.650734 -0.0269146 0.758828 -0.650734 -0.00297911 0.997398 -0.0720282 -0.00299363 0.997373 -0.0723792 -0.00904542 0.975751 -0.218698 -0.0151143 0.930716 -0.36543 -0.0151359 0.930511 -0.365951 0.015157 0.930309 0.366464 0.0151731 0.930155 0.366853 0.00907795 0.975574 0.219485 0.00303626 0.997297 0.07341 0.00303325 0.997303 0.0733373 0.0211052 0.859751 0.510277 0.0210935 0.85992 0.509993 0.0268919 0.7593 0.650185 0.0268919 0.759299 0.650186 0.00905847 0.97568 0.219014 -0.00901982 0.975889 -0.218079 -0.0210705 0.86025 -0.509438 -0.0269146 0.758828 -0.650735 -0.0269146 0.758828 -0.650735 -0.0269146 0.758828 -0.650735 -0.0269146 0.758828 -0.650735 -0.0269146 0.758828 -0.650735 -0.0269146 -0.758828 -0.650735 -0.0269146 -0.758828 -0.650735 -0.0269146 -0.758828 -0.650735 -0.0269146 -0.758828 -0.650735 -0.0269146 -0.758828 -0.650735 -0.0269146 -0.758828 -0.650735 -0.0380454 -0.390413 -0.919853 -0.0380454 -0.390413 -0.919853 -0.0380454 -0.390413 -0.919853 -0.0380454 -0.390413 -0.919853 -0.0380454 -0.390413 -0.919853 -0.0380454 -0.390413 -0.919853 -0.0380454 -0.390413 -0.919853 -0.0380454 -0.390413 -0.919853 0.0380454 0.390413 0.919853 0.0380454 0.390413 0.919853 0.0380454 0.390413 0.919853 0.0380454 0.390413 0.919853 0.0380454 0.390413 0.919853 0.0380454 0.390413 0.919853 0.0380454 0.390413 0.919853 0.0380454 0.390413 0.919853 0 -1 0 0 -1 0 0 -1 0 0 -1 0 -0.999146 0 0.041325 -0.999146 0 0.041325 -0.999146 0 0.041325 -0.999146 0 0.041325 -0.999146 0 0.041325 0.272507 0.661823 0.698377 0.236749 0.758828 0.606737 0.236749 0.758828 0.606737 0.334649 0.390481 0.857633 0.308222 0.53014 0.789905 0.334649 0.390481 0.857633 0.306221 0.538845 0.784777 0.274865 0.654402 0.70442 0.236749 0.758828 0.606737 0.236749 0.758828 0.606737 0.236749 0.758828 0.606737 0.236749 0.758828 0.606737 -0.185284 0.860346 -0.474841 -0.236749 0.758828 -0.606737 -0.236749 0.758828 -0.606737 -0.0262042 0.997398 -0.0671555 -0.0263329 0.997373 -0.0674855 -0.0795652 0.975751 -0.203908 -0.13295 0.930716 -0.340722 -0.133139 0.930512 -0.341206 0.133327 0.930308 0.341688 0.133468 0.930155 0.342049 0.0798526 0.975574 0.204645 0.0267079 0.997297 0.0684466 0.0266825 0.997302 0.0683815 0.185648 0.859751 0.475776 0.185546 0.859919 0.475512 0.23655 0.7593 0.606225 0.23655 0.759299 0.606225 0.0796824 0.975679 0.204209 -0.0793413 0.975889 -0.203334 -0.185343 0.86025 -0.474992 -0.236749 0.758828 -0.606737 -0.236749 0.758828 -0.606737 -0.236749 0.758828 -0.606737 -0.236749 0.758828 -0.606737 -0.236749 0.758828 -0.606737 -0.236749 -0.758828 -0.606737 -0.236749 -0.758828 -0.606737 -0.236749 -0.758828 -0.606737 -0.236749 -0.758828 -0.606737 -0.236749 -0.758828 -0.606737 -0.236749 -0.758828 -0.606737 -0.33466 -0.390413 -0.85766 -0.33466 -0.390413 -0.85766 -0.33466 -0.390413 -0.85766 -0.33466 -0.390413 -0.85766 -0.33466 -0.390413 -0.85766 -0.33466 -0.390413 -0.85766 -0.33466 -0.390413 -0.85766 -0.33466 -0.390413 -0.85766 0.33466 0.390413 0.85766 0.33466 0.390413 0.85766 0.33466 0.390413 0.85766 0.33466 0.390413 0.85766 0.33466 0.390413 0.85766 0.33466 0.390413 0.85766 0.33466 0.390413 0.85766 0.33466 0.390413 0.85766 0 -1 0 0 -1 0 0 -1 0 0 -1 0 -0.931591 0 0.363508 -0.931591 0 0.363508 -0.931591 0 0.363508 -0.931591 0 0.363508 -0.931591 0 0.363508 0.484505 0.661823 0.572054 0.420929 0.758828 0.49699 0.420929 0.758828 0.49699 0.59499 0.390481 0.702504 0.548 0.530148 0.647023 0.594986 0.390495 0.702499 0.544446 0.538845 0.642826 0.488694 0.654407 0.577 0.420929 0.758828 0.49699 0.420929 0.758828 0.49699 0.420929 0.758828 0.49699 0.420929 0.758828 0.49699 -0.329425 0.860346 -0.388952 -0.420929 0.758828 -0.49699 -0.420929 0.758828 -0.49699 -0.0465883 0.997398 -0.0550066 -0.0468186 0.997373 -0.0552786 -0.14146 0.975753 -0.167021 -0.236379 0.930716 -0.279092 -0.236714 0.930512 -0.279488 0.237049 0.930308 0.279883 0.237299 0.930155 0.280179 0.141974 0.975574 0.167628 0.0474854 0.997297 0.0560659 0.0474419 0.997302 0.0560146 0.330074 0.859751 0.389717 0.329891 0.859919 0.389501 0.420574 0.7593 0.49657 0.420574 0.759299 0.49657 0.141674 0.975678 0.167274 -0.141065 0.975889 -0.166555 -0.329529 0.860251 -0.389075 -0.420929 0.758828 -0.49699 -0.420929 0.758828 -0.49699 -0.420929 0.758828 -0.49699 -0.420929 0.758828 -0.49699 -0.420929 0.758828 -0.49699 -0.420929 -0.758828 -0.49699 -0.420929 -0.758828 -0.49699 -0.420929 -0.758828 -0.49699 -0.420929 -0.758828 -0.49699 -0.420929 -0.758828 -0.49699 -0.420929 -0.758828 -0.49699 -0.595009 -0.390413 -0.702526 -0.595009 -0.390413 -0.702526 -0.595009 -0.390413 -0.702526 -0.595009 -0.390413 -0.702526 -0.595009 -0.390413 -0.702526 -0.595009 -0.390413 -0.702526 -0.595009 -0.390413 -0.702526 -0.595009 -0.390413 -0.702526 0.595009 0.390413 0.702526 0.595009 0.390413 0.702526 0.595009 0.390413 0.702526 0.595009 0.390413 0.702526 0.595009 0.390413 0.702526 0.595009 0.390413 0.702526 0.595009 0.390413 0.702526 0.595009 0.390413 0.702526 0 -1 0 0 -1 0 0 -1 0 0 -1 0 -0.763084 0 0.646299 -0.763084 0 0.646299 -0.763084 0 0.646299 -0.763084 0 0.646299 -0.763084 0 0.646299 0.643999 0.661823 0.38374 0.559494 0.758828 0.333386 0.559494 0.758828 0.333386 0.790855 0.390481 0.471247 0.728406 0.530129 0.434036 0.790858 0.390472 0.471249 0.723671 0.538845 0.431214 0.649575 0.654397 0.387063 0.559494 0.758828 0.333386 0.559494 0.758828 0.333386 0.559494 0.758828 0.333386 0.559494 0.758828 0.333386 -0.437869 0.860346 -0.260913 -0.559494 0.758828 -0.333386 -0.559494 0.758828 -0.333386 -0.0619194 0.997399 -0.0368959 -0.062236 0.997372 -0.0370846 -0.188018 0.975755 -0.112035 -0.314192 0.930716 -0.187218 -0.314634 0.930514 -0.187481 0.315092 0.930304 0.187754 0.315416 0.930155 0.187947 0.188709 0.975574 0.112446 0.0631169 0.997297 0.0376095 0.0630649 0.997302 0.0375785 0.438731 0.85975 0.261427 0.438496 0.859913 0.261287 0.559022 0.7593 0.333105 0.559022 0.759299 0.333105 0.188318 0.975677 0.112213 -0.187503 0.975889 -0.111728 -0.438004 0.860253 -0.260994 -0.559494 0.758828 -0.333386 -0.559494 0.758828 -0.333386 -0.559494 0.758828 -0.333386 -0.559494 0.758828 -0.333386 -0.559494 0.758828 -0.333386 -0.559494 -0.758828 -0.333386 -0.559494 -0.758828 -0.333386 -0.559494 -0.758828 -0.333386 -0.559494 -0.758828 -0.333386 -0.559494 -0.758828 -0.333386 -0.559494 -0.758828 -0.333386 -0.790879 -0.390413 -0.471262 -0.790879 -0.390413 -0.471262 -0.790879 -0.390413 -0.471262 -0.790879 -0.390413 -0.471262 -0.790879 -0.390413 -0.471262 -0.790879 -0.390413 -0.471262 -0.790879 -0.390413 -0.471262 -0.790879 -0.390413 -0.471262 0.790879 0.390413 0.471262 0.790879 0.390413 0.471262 0.790879 0.390413 0.471262 0.790879 0.390413 0.471262 0.790879 0.390413 0.471262 0.790879 0.390413 0.471262 0.790879 0.390413 0.471262 0.790879 0.390413 0.471262 0 -1 0 0 -1 0 0 -1 0 0 -1 0 -0.511885 0 0.859054 -0.511885 0 0.859054 -0.511885 0 0.859054 -0.511885 0 0.859054 -0.511885 0 0.859054 0.733705 0.661823 0.153842 0.637429 0.758828 0.133655 0.637429 0.758828 0.133655 0.901018 0.390481 0.188924 0.829852 0.53016 0.174002 0.901018 0.390481 0.188924 0.824476 0.538845 0.172874 0.740039 0.654419 0.15517 0.637429 0.758828 0.133655 0.637429 0.758828 0.133655 0.637429 0.758828 0.133655 0.637429 0.758828 0.133655 -0.498862 0.860346 -0.1046 -0.637429 0.758828 -0.133655 -0.637429 0.758828 -0.133655 -0.070558 0.997398 -0.0147945 -0.0709053 0.997372 -0.0148673 -0.214218 0.975753 -0.0449168 -0.357958 0.930716 -0.0750559 -0.358476 0.930508 -0.0751645 0.358973 0.930308 0.0752687 0.359352 0.930155 0.0753482 0.214995 0.975574 0.0450798 0.0719089 0.997297 0.0150777 0.0718388 0.997303 0.015063 0.499845 0.85975 0.104806 0.499571 0.859917 0.104749 0.636891 0.7593 0.133542 0.636892 0.759299 0.133542 0.214543 0.975678 0.0449849 -0.213621 0.975889 -0.0447917 -0.499029 0.860245 -0.104635 -0.637429 0.758828 -0.133655 -0.637429 0.758828 -0.133655 -0.637429 0.758828 -0.133655 -0.637429 0.758828 -0.133655 -0.637429 0.758828 -0.133655 -0.637429 -0.758828 -0.133655 -0.637429 -0.758828 -0.133655 -0.637429 -0.758828 -0.133655 -0.637429 -0.758828 -0.133655 -0.637429 -0.758828 -0.133655 -0.637429 -0.758828 -0.133655 -0.901046 -0.390413 -0.188929 -0.901046 -0.390413 -0.188929 -0.901046 -0.390413 -0.188929 -0.901046 -0.390413 -0.188929 -0.901046 -0.390413 -0.188929 -0.901046 -0.390413 -0.188929 -0.901046 -0.390413 -0.188929 -0.901046 -0.390413 -0.188929 0.901046 0.390413 0.188929 0.901046 0.390413 0.188929 0.901046 0.390413 0.188929 0.901046 0.390413 0.188929 0.901046 0.390413 0.188929 0.901046 0.390413 0.188929 0.901046 0.390413 0.188929 0.901046 0.390413 0.188929 0 -1 0 0 -1 0 0 -1 0 0 -1 0 -0.205215 0 0.978717 -0.205215 0 0.978717 -0.205215 0 0.978717 -0.205215 0 0.978717 -0.205215 0 0.978717 0.743903 0.661823 -0.0927274 0.646289 0.758828 -0.0805599 0.646289 0.758828 -0.0805599 0.913541 0.390481 -0.113873 0.841391 0.530152 -0.104879 0.913541 0.390481 -0.113873 0.835936 0.538845 -0.104199 0.750332 0.654412 -0.0935287 0.646289 0.758828 -0.0805599 0.646289 0.758828 -0.0805599 0.646289 0.758828 -0.0805599 0.646289 0.758828 -0.0805599 -0.505796 0.860346 0.0630474 -0.646289 0.758828 0.0805599 -0.646289 0.758828 0.0805599 -0.0715307 0.997399 0.00891629 -0.0718848 0.997373 0.00896043 -0.217198 0.975752 0.0270737 -0.362933 0.930716 0.0452396 -0.363449 0.930512 0.0453039 0.363969 0.930305 -0.0453687 0.364347 0.930155 -0.0454158 0.217985 0.975574 -0.0271718 0.0729086 0.997297 -0.00908804 0.0728436 0.997302 -0.00907994 0.506792 0.859751 -0.0631715 0.506516 0.859916 -0.0631372 0.645744 0.7593 -0.0804919 0.645744 0.759299 -0.0804919 0.217527 0.975678 -0.0271148 -0.21659 0.975889 0.0269979 -0.505956 0.86025 0.0630674 -0.646289 0.758828 0.0805599 -0.646289 0.758828 0.0805599 -0.646289 0.758828 0.0805599 -0.646289 0.758828 0.0805599 -0.646289 0.758828 0.0805599 -0.646289 -0.758828 0.0805599 -0.646289 -0.758828 0.0805599 -0.646289 -0.758828 0.0805599 -0.646289 -0.758828 0.0805599 -0.646289 -0.758828 0.0805599 -0.646289 -0.758828 0.0805599 -0.91357 -0.390413 0.113876 -0.91357 -0.390413 0.113876 -0.91357 -0.390413 0.113876 -0.91357 -0.390413 0.113876 -0.91357 -0.390413 0.113876 -0.91357 -0.390413 0.113876 -0.91357 -0.390413 0.113876 -0.91357 -0.390413 0.113876 0.91357 0.390413 -0.113876 0.91357 0.390413 -0.113876 0.91357 0.390413 -0.113876 0.91357 0.390413 -0.113876 0.91357 0.390413 -0.113876 0.91357 0.390413 -0.113876 0.91357 0.390413 -0.113876 0.91357 0.390413 -0.113876 0.91357 0.390413 -0.113876 0 -1 0 0 -1 0 0 -1 0 0 -1 0 0.123693 0 0.992321 0.123693 0 0.992321 0.123693 0 0.992321 0.123693 0 0.992321 0.123693 0 0.992321 0.673488 0.661823 -0.329248 0.585114 0.758828 -0.286045 0.585114 0.758828 -0.286045 0.827069 0.390481 -0.404329 0.761797 0.530064 -0.37242 0.827069 0.390481 -0.404329 0.756809 0.538845 -0.369981 0.679366 0.654337 -0.332122 0.585114 0.758828 -0.286045 0.585114 0.758828 -0.286045 0.585114 0.758828 -0.286045 0.585114 0.758828 -0.286045 -0.457919 0.860346 0.223863 -0.585114 0.758828 0.286045 -0.585114 0.758828 0.286045 -0.0647589 0.997399 0.0316587 -0.0650859 0.997372 0.0318185 -0.196629 0.975755 0.0961259 -0.32858 0.930716 0.160633 -0.329045 0.930512 0.16086 0.329516 0.930306 -0.161091 0.329859 0.930155 -0.161258 0.19735 0.975574 -0.0964786 0.0660071 0.997297 -0.0322689 0.0659498 0.997302 -0.0322409 0.458821 0.85975 -0.224304 0.458572 0.859915 -0.224182 0.58462 0.7593 -0.285803 0.58462 0.759299 -0.285803 0.19694 0.975677 -0.0962781 -0.196089 0.975889 0.0958621 -0.458063 0.860251 0.223934 -0.585114 0.758828 0.286045 -0.585114 0.758828 0.286045 -0.585114 0.758828 0.286045 -0.585114 0.758828 0.286045 -0.585114 0.758828 0.286045 -0.585114 -0.758828 0.286045 -0.585114 -0.758828 0.286045 -0.585114 -0.758828 0.286045 -0.585114 -0.758828 0.286045 -0.585114 -0.758828 0.286045 -0.585114 -0.758828 0.286045 -0.827095 -0.390413 0.404342 -0.827095 -0.390413 0.404342 -0.827095 -0.390413 0.404342 -0.827095 -0.390413 0.404342 -0.827095 -0.390413 0.404342 -0.827095 -0.390413 0.404342 -0.827095 -0.390413 0.404342 -0.827095 -0.390413 0.404342 0.827095 0.390413 -0.404342 0.827095 0.390413 -0.404342 0.827095 0.390413 -0.404342 0.827095 0.390413 -0.404342 0.827095 0.390413 -0.404342 0.827095 0.390413 -0.404342 0.827095 0.390413 -0.404342 0.827095 0.390413 -0.404342 0 -1 0 0 -1 0 0 -1 0 0 -1 0 0.439197 -1.20578e-15 0.898391 0.439197 -1.20578e-15 0.898391 0.439197 -1.20578e-15 0.898391 0.439197 -1.20578e-15 0.898391 0.439197 -1.20578e-15 0.898391 0.373032 -0.527829 -0.763049 0.371927 -0.531855 -0.76079 0.33496 -0.646793 -0.685172 0.404342 -0.390413 -0.827095 0.404342 -0.390413 -0.827095 0.331852 -0.655046 -0.678814 0.286045 -0.758828 -0.585114 0.286045 -0.758828 -0.585114 0.404342 -0.390413 -0.827095 0.404342 -0.390413 -0.827095 0.404342 -0.390413 -0.827095 0.404342 -0.390413 -0.827095 0.404342 -0.390413 -0.827095 0.404342 -0.390413 -0.827095 0.404342 -0.390413 -0.827095 0.404342 -0.390413 -0.827095 -0.404342 0.390413 0.827095 -0.404342 0.390413 0.827095 -0.404342 0.390413 0.827095 -0.404342 0.390413 0.827095 -0.404342 0.390413 0.827095 -0.404342 0.390413 0.827095 -0.404342 0.390413 0.827095 -0.404342 0.390413 0.827095 -0.286045 0.758828 0.585114 -0.286045 0.758828 0.585114 -0.286045 0.758828 0.585114 -0.286045 0.758828 0.585114 -0.286045 0.758828 0.585114 -0.286045 -0.758828 0.585114 -0.286045 -0.758828 0.585114 -0.286045 -0.758828 0.585114 -0.286045 -0.758828 0.585114 -0.286045 -0.758828 0.585114 0 1 0 0 1 0 0 1 0 0 1 0 0.898391 1.98595e-15 0.439197 0.898391 1.98595e-15 0.439197 0.898391 1.98595e-15 0.439197 0.898391 1.98595e-15 0.439197 0.898391 1.98595e-15 0.439197 0.898391 1.98595e-15 0.439197 0.898391 1.98595e-15 0.439197 0.898391 1.98595e-15 0.439197 0.898391 1.98595e-15 0.439197 0.898391 1.98595e-15 0.439197 0.898391 1.98595e-15 0.439197 0.898391 1.98595e-15 0.439197 0.898391 1.98595e-15 0.439197 0.898391 1.98595e-15 0.439197 0.898391 1.98595e-15 0.439197 0.898391 1.98595e-15 0.439197 0.105058 -0.527829 -0.842828 0.104747 -0.531856 -0.840332 0.0943361 -0.646793 -0.756809 0.113876 -0.390413 -0.91357 0.113876 -0.390413 -0.91357 0.0934607 -0.655047 -0.749786 0.0805599 -0.758828 -0.646289 0.0805599 -0.758828 -0.646289 0.113876 -0.390413 -0.91357 0.113876 -0.390413 -0.91357 0.113876 -0.390413 -0.91357 0.113876 -0.390413 -0.91357 0.113876 -0.390413 -0.91357 0.113876 -0.390413 -0.91357 0.113876 -0.390413 -0.91357 0.113876 -0.390413 -0.91357 -0.113876 0.390413 0.91357 -0.113876 0.390413 0.91357 -0.113876 0.390413 0.91357 -0.113876 0.390413 0.91357 -0.113876 0.390413 0.91357 -0.113876 0.390413 0.91357 -0.113876 0.390413 0.91357 -0.0805599 0.758828 0.646289 -0.0805599 0.758828 0.646289 -0.0805599 0.758828 0.646289 -0.0805599 0.758828 0.646289 -0.0805599 0.758828 0.646289 -0.0805599 -0.758828 0.646289 -0.0805599 -0.758828 0.646289 -0.0805599 -0.758828 0.646289 -0.0805599 -0.758828 0.646289 -0.0805599 -0.758828 0.646289 0 1 0 0 1 0 0 1 0 0 1 0 0.992321 -1.37326e-17 0.123693 0.992321 -1.37326e-17 0.123693 0.992321 -1.37326e-17 0.123693 0.992321 -1.37326e-17 0.123693 0.992321 -1.37326e-17 0.123693 0.992321 -1.37326e-17 0.123693 0.992321 -1.37326e-17 0.123693 0.992321 -1.37326e-17 0.123693 0.992321 -1.37326e-17 0.123693 0.992321 -1.37326e-17 0.123693 0.992321 -1.37326e-17 0.123693 0.992321 -1.37326e-17 0.123693 0.992321 -1.37326e-17 0.123693 0.992321 -1.37326e-17 0.123693 0.992321 -1.37326e-17 0.123693 0.992321 -1.37326e-17 0.123693 -0.1743 -0.527829 -0.831274 -0.173784 -0.531849 -0.828816 -0.156511 -0.646793 -0.746433 -0.18893 -0.390406 -0.901049 -0.188929 -0.390413 -0.901046 -0.155059 -0.655041 -0.739512 -0.133655 -0.758828 -0.637429 -0.133655 -0.758826 -0.637432 -0.188929 -0.390413 -0.901046 -0.188929 -0.390413 -0.901046 -0.188929 -0.390413 -0.901046 -0.188929 -0.390413 -0.901046 -0.188929 -0.390413 -0.901046 -0.188929 -0.390413 -0.901046 -0.188929 -0.390413 -0.901046 -0.188929 -0.390413 -0.901046 0.188929 0.390413 0.901046 0.188929 0.390413 0.901046 0.188929 0.390413 0.901046 0.188929 0.390413 0.901046 0.188929 0.390413 0.901046 0.188929 0.390413 0.901046 0.188929 0.390413 0.901046 0.133655 0.758828 0.637429 0.133655 0.758828 0.637429 0.133655 0.758828 0.637429 0.133655 0.758828 0.637429 0.133655 0.758828 0.637429 0.133655 -0.758828 0.637429 0.133655 -0.758828 0.637429 0.133655 -0.758828 0.637429 0.133655 -0.758828 0.637429 0.133655 -0.758828 0.637429 0 1 0 0 1 0 0 1 0 0 1 0 0.978717 0 -0.205215 0.978717 0 -0.205215 0.978717 0 -0.205215 0.978717 0 -0.205215 0.978717 0 -0.205215 0.978717 0 -0.205215 0.978717 0 -0.205215 0.978717 0 -0.205215 0.978717 0 -0.205215 0.978717 0 -0.205215 0.978717 0 -0.205215 0.978717 0 -0.205215 0.978717 0 -0.205215 0.978717 0 -0.205215 0.978717 0 -0.205215 0.978717 0 -0.205215 -0.43477 -0.527829 -0.729638 -0.433481 -0.53186 -0.727475 -0.390397 -0.646793 -0.655171 -0.471262 -0.390413 -0.790879 -0.471262 -0.390413 -0.790879 -0.386773 -0.655049 -0.649089 -0.333386 -0.758828 -0.559494 -0.333386 -0.758828 -0.559494 -0.471262 -0.390413 -0.790879 -0.471262 -0.390413 -0.790879 -0.471262 -0.390413 -0.790879 -0.471262 -0.390413 -0.790879 -0.471262 -0.390413 -0.790879 -0.471262 -0.390413 -0.790879 -0.471262 -0.390413 -0.790879 -0.471262 -0.390413 -0.790879 0.471262 0.390413 0.790879 0.471262 0.390413 0.790879 0.471262 0.390413 0.790879 0.471262 0.390413 0.790879 0.471262 0.390413 0.790879 0.471262 0.390413 0.790879 0.471262 0.390413 0.790879 0.333386 0.758828 0.559494 0.333386 0.758828 0.559494 0.333386 0.758828 0.559494 0.333386 0.758828 0.559494 0.333386 0.758828 0.559494 0.333386 -0.758828 0.559494 0.333386 -0.758828 0.559494 0.333386 -0.758828 0.559494 0.333386 -0.758828 0.559494 0.333386 -0.758828 0.559494 0 1 0 0 1 0 0 1 0 0 1 0 0.859054 0 -0.511885 0.859054 0 -0.511885 0.859054 0 -0.511885 0.859054 0 -0.511885 0.859054 0 -0.511885 0.859054 0 -0.511885 0.859054 0 -0.511885 0.859054 0 -0.511885 0.859054 0 -0.511885 0.859054 0 -0.511885 0.859054 0 -0.511885 0.859054 0 -0.511885 0.859054 0 -0.511885 0.859054 0 -0.511885 0.859054 0 -0.511885 0.859054 0 -0.511885 -0.648126 -0.527829 -0.548935 -0.646206 -0.531857 -0.547308 -0.581978 -0.646793 -0.49291 -0.702526 -0.390413 -0.595009 -0.702526 -0.390413 -0.595009 -0.576577 -0.655047 -0.488336 -0.49699 -0.758828 -0.420929 -0.49699 -0.758828 -0.420929 -0.702526 -0.390413 -0.595009 -0.702526 -0.390413 -0.595009 -0.702526 -0.390413 -0.595009 -0.702526 -0.390413 -0.595009 -0.702526 -0.390413 -0.595009 -0.702526 -0.390413 -0.595009 -0.702526 -0.390413 -0.595009 -0.702526 -0.390413 -0.595009 0.702526 0.390413 0.595009 0.702526 0.390413 0.595009 0.702526 0.390413 0.595009 0.702526 0.390413 0.595009 0.702526 0.390413 0.595009 0.702526 0.390413 0.595009 0.702526 0.390413 0.595009 0.49699 0.758828 0.420929 0.49699 0.758828 0.420929 0.49699 0.758828 0.420929 0.49699 0.758828 0.420929 0.49699 0.758828 0.420929 0.49699 -0.758828 0.420929 0.49699 -0.758828 0.420929 0.49699 -0.758828 0.420929 0.49699 -0.758828 0.420929 0.49699 -0.758828 0.420929 0 1 0 0 1 0 0 1 0 0 1 0 0.646299 0 -0.763084 0.646299 0 -0.763084 0.646299 0 -0.763084 0.646299 0 -0.763084 0.646299 0 -0.763084 0.646299 0 -0.763084 0.646299 0 -0.763084 0.646299 0 -0.763084 0.646299 0 -0.763084 0.646299 0 -0.763084 0.646299 0 -0.763084 0.646299 0 -0.763084 0.646299 0 -0.763084 0.646299 0 -0.763084 0.646299 0 -0.763084 0.646299 0 -0.763084 -0.791247 -0.527829 -0.308746 -0.788904 -0.531855 -0.307831 -0.710492 -0.646793 -0.277235 -0.85766 -0.390413 -0.33466 -0.85766 -0.390413 -0.33466 -0.703901 -0.655045 -0.274663 -0.606737 -0.758828 -0.236749 -0.606737 -0.758828 -0.236749 -0.85766 -0.390413 -0.33466 -0.85766 -0.390413 -0.33466 -0.85766 -0.390413 -0.33466 -0.85766 -0.390413 -0.33466 -0.85766 -0.390413 -0.33466 -0.85766 -0.390413 -0.33466 -0.85766 -0.390413 -0.33466 -0.85766 -0.390413 -0.33466 0.85766 0.390413 0.33466 0.85766 0.390413 0.33466 0.85766 0.390413 0.33466 0.85766 0.390413 0.33466 0.85766 0.390413 0.33466 0.85766 0.390413 0.33466 0.85766 0.390413 0.33466 0.606737 0.758828 0.236749 0.606737 0.758828 0.236749 0.606737 0.758828 0.236749 0.606737 0.758828 0.236749 0.606737 0.758828 0.236749 0.606737 -0.758828 0.236749 0.606737 -0.758828 0.236749 0.606737 -0.758828 0.236749 0.606737 -0.758828 0.236749 0.606737 -0.758828 0.236749 0 1 0 0 1 0 0 1 0 0 1 0 0.363508 0 -0.931591 0.363508 0 -0.931591 0.363508 0 -0.931591 0.363508 0 -0.931591 0.363508 0 -0.931591 0.363508 0 -0.931591 0.363508 0 -0.931591 0.363508 0 -0.931591 0.363508 0 -0.931591 0.363508 0 -0.931591 0.363508 0 -0.931591 0.363508 0 -0.931591 0.363508 0 -0.931591 0.363508 0 -0.931591 0.363508 0 -0.931591 0.363508 0 -0.931591 -0.848625 -0.527829 -0.0350994 -0.846112 -0.531855 -0.0349954 -0.762014 -0.646793 -0.0315171 -0.919853 -0.390413 -0.0380454 -0.919853 -0.390413 -0.0380454 -0.754944 -0.655046 -0.0312247 -0.650735 -0.758828 -0.0269146 -0.650735 -0.758828 -0.0269146 -0.919853 -0.390413 -0.0380454 -0.919853 -0.390413 -0.0380454 -0.919853 -0.390413 -0.0380454 -0.919853 -0.390413 -0.0380454 -0.919853 -0.390413 -0.0380454 -0.919853 -0.390413 -0.0380454 -0.919853 -0.390413 -0.0380454 -0.919853 -0.390413 -0.0380454 0.919853 0.390413 0.0380454 0.919853 0.390413 0.0380454 0.919853 0.390413 0.0380454 0.919853 0.390413 0.0380454 0.919853 0.390413 0.0380454 0.919853 0.390413 0.0380454 0.919853 0.390413 0.0380454 0.650735 0.758828 0.0269146 0.650735 0.758828 0.0269146 0.650735 0.758828 0.0269146 0.650735 0.758828 0.0269146 0.650735 0.758828 0.0269146 0.650735 -0.758828 0.0269146 0.650735 -0.758828 0.0269146 0.650735 -0.758828 0.0269146 0.650735 -0.758828 0.0269146 0.650735 -0.758828 0.0269146 0 1 0 0 1 0 0 1 0 0 1 0 0.041325 0 -0.999146 0.041325 0 -0.999146 0.041325 0 -0.999146 0.041325 0 -0.999146 0.041325 0 -0.999146 0.041325 0 -0.999146 0.041325 0 -0.999146 0.041325 0 -0.999146 0.041325 0 -0.999146 0.041325 0 -0.999146 0.041325 0 -0.999146 0.041325 0 -0.999146 0.041325 0 -0.999146 0.041325 0 -0.999146 0.041325 0 -0.999146 0.041325 0 -0.999146 -0.814041 -0.527829 0.24235 -0.81163 -0.531856 0.241633 -0.730959 -0.646793 0.217616 -0.882367 -0.390413 0.262692 -0.882367 -0.390413 0.262692 -0.724177 -0.655047 0.215597 -0.624215 -0.758828 0.185837 -0.624215 -0.758828 0.185837 -0.882367 -0.390413 0.262692 -0.882367 -0.390413 0.262692 -0.882367 -0.390413 0.262692 -0.882367 -0.390413 0.262692 -0.882367 -0.390413 0.262692 -0.882367 -0.390413 0.262692 -0.882367 -0.390413 0.262692 -0.882367 -0.390413 0.262692 0.882367 0.390413 -0.262692 0.882367 0.390413 -0.262692 0.882367 0.390413 -0.262692 0.882367 0.390413 -0.262692 0.882367 0.390413 -0.262692 0.882367 0.390413 -0.262692 0.882367 0.390413 -0.262692 0.624215 0.758828 -0.185837 0.624215 0.758828 -0.185837 0.624215 0.758828 -0.185837 0.624215 0.758828 -0.185837 0.624215 0.758828 -0.185837 0.624215 -0.758828 -0.185837 0.624215 -0.758828 -0.185837 0.624215 -0.758828 -0.185837 0.624215 -0.758828 -0.185837 0.624215 -0.758828 -0.185837 0 1 0 0 1 0 0 1 0 0 1 0 -0.285336 -1.70251e-15 -0.958427 -0.285336 -1.70251e-15 -0.958427 -0.285336 -1.70251e-15 -0.958427 -0.285336 -1.70251e-15 -0.958427 -0.285336 -1.70251e-15 -0.958427 -0.285336 -1.70251e-15 -0.958427 -0.285336 -1.70251e-15 -0.958427 -0.285336 -1.70251e-15 -0.958427 -0.285336 -1.70251e-15 -0.958427 -0.285336 -1.70251e-15 -0.958427 -0.285336 -1.70251e-15 -0.958427 -0.285336 -1.70251e-15 -0.958427 -0.285336 -1.70251e-15 -0.958427 -0.285336 -1.70251e-15 -0.958427 -0.285336 -1.70251e-15 -0.958427 -0.285336 -1.70251e-15 -0.958427 -0.691243 -0.527829 0.493538 -0.689195 -0.531856 0.492076 -0.620694 -0.646793 0.443167 -0.749262 -0.390413 0.534962 -0.749262 -0.390413 0.534962 -0.614934 -0.655048 0.439054 -0.530052 -0.758828 0.37845 -0.530052 -0.758828 0.37845 -0.749262 -0.390413 0.534962 -0.749262 -0.390413 0.534962 -0.749262 -0.390413 0.534962 -0.749262 -0.390413 0.534962 -0.749262 -0.390413 0.534962 -0.749262 -0.390413 0.534962 -0.749262 -0.390413 0.534962 -0.749262 -0.390413 0.534962 0.749262 0.390413 -0.534962 0.749262 0.390413 -0.534962 0.749262 0.390413 -0.534962 0.749262 0.390413 -0.534962 0.749262 0.390413 -0.534962 0.749262 0.390413 -0.534962 0.749262 0.390413 -0.534962 0.530052 0.758828 -0.37845 0.530052 0.758828 -0.37845 0.530052 0.758828 -0.37845 0.530052 0.758828 -0.37845 0.530052 0.758828 -0.37845 0.530052 -0.758828 -0.37845 0.530052 -0.758828 -0.37845 0.530052 -0.758828 -0.37845 0.530052 -0.758828 -0.37845 0.530052 -0.758828 -0.37845 0 1 0 0 1 0 0 1 0 0 1 0 -0.581077 0 -0.813849 -0.581077 0 -0.813849 -0.581077 0 -0.813849 -0.581077 0 -0.813849 -0.581077 0 -0.813849 -0.581077 0 -0.813849 -0.581077 0 -0.813849 -0.581077 0 -0.813849 -0.581077 0 -0.813849 -0.581077 0 -0.813849 -0.581077 0 -0.813849 -0.581077 0 -0.813849 -0.581077 0 -0.813849 -0.581077 0 -0.813849 -0.581077 0 -0.813849 -0.581077 0 -0.813849 -0.493538 -0.527829 0.691243 -0.492076 -0.531856 0.689195 -0.443167 -0.646793 0.620694 -0.534962 -0.390413 0.749262 -0.534962 -0.390413 0.749262 -0.439054 -0.655049 0.614933 -0.37845 -0.758828 0.530052 -0.37845 -0.758828 0.530052 -0.534962 -0.390413 0.749262 -0.534962 -0.390413 0.749262 -0.534962 -0.390413 0.749262 -0.534962 -0.390413 0.749262 -0.534962 -0.390413 0.749262 -0.534962 -0.390413 0.749262 -0.534962 -0.390413 0.749262 -0.534962 -0.390413 0.749262 0.534962 0.390413 -0.749262 0.534962 0.390413 -0.749262 0.534962 0.390413 -0.749262 0.534962 0.390413 -0.749262 0.534962 0.390413 -0.749262 0.534962 0.390413 -0.749262 0.534962 0.390413 -0.749262 0.37845 0.758828 -0.530052 0.37845 0.758828 -0.530052 0.37845 0.758828 -0.530052 0.37845 0.758828 -0.530052 0.37845 0.758828 -0.530052 0.37845 -0.758828 -0.530052 0.37845 -0.758828 -0.530052 0.37845 -0.758828 -0.530052 0.37845 -0.758828 -0.530052 0.37845 -0.758828 -0.530052 0 1 0 0 1 0 0 1 0 0 1 0 0 1 0 -0.813849 -1.44569e-15 -0.581077 -0.813849 -1.44569e-15 -0.581077 -0.813849 -1.44569e-15 -0.581077 -0.813849 -1.44569e-15 -0.581077 -0.813849 -1.44569e-15 -0.581077 -0.813849 -1.44569e-15 -0.581077 -0.813849 -1.44569e-15 -0.581077 -0.813849 -1.44569e-15 -0.581077 -0.813849 -1.44569e-15 -0.581077 -0.813849 -1.44569e-15 -0.581077 -0.813849 -1.44569e-15 -0.581077 -0.813849 -1.44569e-15 -0.581077 -0.813849 -1.44569e-15 -0.581077 -0.813849 -1.44569e-15 -0.581077 -0.813849 -1.44569e-15 -0.581077 -0.813849 -1.44569e-15 -0.581077 -0.24235 -0.527829 0.814041 -0.241633 -0.531856 0.811629 -0.217616 -0.646793 0.730959 -0.262692 -0.390413 0.882367 -0.262692 -0.390413 0.882367 -0.215596 -0.655051 0.724173 -0.185837 -0.758828 0.624215 -0.185837 -0.758828 0.624215 -0.262692 -0.390413 0.882367 -0.262692 -0.390413 0.882367 -0.262692 -0.390413 0.882367 -0.262692 -0.390413 0.882367 -0.262692 -0.390413 0.882367 -0.262692 -0.390413 0.882367 -0.262692 -0.390413 0.882367 -0.262692 -0.390413 0.882367 0.262692 0.390413 -0.882367 0.262692 0.390413 -0.882367 0.262692 0.390413 -0.882367 0.262692 0.390413 -0.882367 0.262692 0.390413 -0.882367 0.262692 0.390413 -0.882367 0.262692 0.390413 -0.882367 0.185837 0.758828 -0.624215 0.185837 0.758828 -0.624215 0.185837 0.758828 -0.624215 0.185837 0.758828 -0.624215 0.185837 0.758828 -0.624215 0.185837 -0.758828 -0.624215 0.185837 -0.758828 -0.624215 0.185837 -0.758828 -0.624215 0.185837 -0.758828 -0.624215 0.185837 -0.758828 -0.624215 0 1 0 0 1 0 0 1 0 0 1 0 -0.958427 0 -0.285336 -0.958427 0 -0.285336 -0.958427 0 -0.285336 -0.958427 0 -0.285336 -0.958427 0 -0.285336 -0.958427 0 -0.285336 -0.958427 0 -0.285336 -0.958427 0 -0.285336 -0.958427 0 -0.285336 -0.958427 0 -0.285336 -0.958427 0 -0.285336 -0.958427 0 -0.285336 -0.958427 0 -0.285336 -0.958427 0 -0.285336 -0.958427 0 -0.285336 -0.958427 0 -0.285336 0.0350994 -0.527829 0.848625 0.0349954 -0.531857 0.846111 0.0315171 -0.646793 0.762014 0.0380454 -0.390413 0.919853 0.0380454 -0.390413 0.919853 0.0312247 -0.655046 0.754944 0.0269146 -0.758828 0.650735 0.0269146 -0.758828 0.650735 0.0380454 -0.390413 0.919853 0.0380454 -0.390413 0.919853 0.0380454 -0.390413 0.919853 0.0380454 -0.390413 0.919853 0.0380454 -0.390413 0.919853 0.0380454 -0.390413 0.919853 0.0380454 -0.390413 0.919853 0.0380454 -0.390413 0.919853 -0.0380454 0.390413 -0.919853 -0.0380454 0.390413 -0.919853 -0.0380454 0.390413 -0.919853 -0.0380454 0.390413 -0.919853 -0.0380454 0.390413 -0.919853 -0.0380454 0.390413 -0.919853 -0.0380454 0.390413 -0.919853 -0.0269146 0.758828 -0.650735 -0.0269146 0.758828 -0.650735 -0.0269146 0.758828 -0.650735 -0.0269146 0.758828 -0.650735 -0.0269146 0.758828 -0.650735 -0.0269146 -0.758828 -0.650735 -0.0269146 -0.758828 -0.650735 -0.0269146 -0.758828 -0.650735 -0.0269146 -0.758828 -0.650735 -0.0269146 -0.758828 -0.650735 0 1 0 0 1 0 0 1 0 0 1 0 -0.999146 0 0.041325 -0.999146 0 0.041325 -0.999146 0 0.041325 -0.999146 0 0.041325 -0.999146 0 0.041325 -0.999146 0 0.041325 -0.999146 0 0.041325 -0.999146 0 0.041325 -0.999146 0 0.041325 -0.999146 0 0.041325 -0.999146 0 0.041325 -0.999146 0 0.041325 -0.999146 0 0.041325 -0.999146 0 0.041325 -0.999146 0 0.041325 -0.999146 0 0.041325 0.308746 -0.527829 0.791247 0.307831 -0.531855 0.788904 0.277235 -0.646793 0.710492 0.33466 -0.390413 0.85766 0.33466 -0.390413 0.85766 0.274663 -0.655045 0.703901 0.236749 -0.758828 0.606737 0.236749 -0.758828 0.606737 0.33466 -0.390413 0.85766 0.33466 -0.390413 0.85766 0.33466 -0.390413 0.85766 0.33466 -0.390413 0.85766 0.33466 -0.390413 0.85766 0.33466 -0.390413 0.85766 0.33466 -0.390413 0.85766 0.33466 -0.390413 0.85766 -0.33466 0.390413 -0.85766 -0.33466 0.390413 -0.85766 -0.33466 0.390413 -0.85766 -0.33466 0.390413 -0.85766 -0.33466 0.390413 -0.85766 -0.33466 0.390413 -0.85766 -0.33466 0.390413 -0.85766 -0.236749 0.758828 -0.606737 -0.236749 0.758828 -0.606737 -0.236749 0.758828 -0.606737 -0.236749 0.758828 -0.606737 -0.236749 0.758828 -0.606737 -0.236749 -0.758828 -0.606737 -0.236749 -0.758828 -0.606737 -0.236749 -0.758828 -0.606737 -0.236749 -0.758828 -0.606737 -0.236749 -0.758828 -0.606737 0 1 0 0 1 0 0 1 0 0 1 0 -0.931591 0 0.363508 -0.931591 0 0.363508 -0.931591 0 0.363508 -0.931591 0 0.363508 -0.931591 0 0.363508 -0.931591 0 0.363508 -0.931591 0 0.363508 -0.931591 0 0.363508 -0.931591 0 0.363508 -0.931591 0 0.363508 -0.931591 0 0.363508 -0.931591 0 0.363508 -0.931591 0 0.363508 -0.931591 0 0.363508 -0.931591 0 0.363508 -0.931591 0 0.363508 0.548935 -0.527829 0.648126 0.547309 -0.531854 0.646207 0.49291 -0.646793 0.581978 0.595009 -0.390413 0.702526 0.595009 -0.390413 0.702526 0.488337 -0.655045 0.576578 0.420929 -0.758828 0.49699 0.420929 -0.758828 0.49699 0.595009 -0.390413 0.702526 0.595009 -0.390413 0.702526 0.595009 -0.390413 0.702526 0.595009 -0.390413 0.702526 0.595009 -0.390413 0.702526 0.595009 -0.390413 0.702526 0.595009 -0.390413 0.702526 0.595009 -0.390413 0.702526 -0.595009 0.390413 -0.702526 -0.595009 0.390413 -0.702526 -0.595009 0.390413 -0.702526 -0.595009 0.390413 -0.702526 -0.595009 0.390413 -0.702526 -0.595009 0.390413 -0.702526 -0.595009 0.390413 -0.702526 -0.420929 0.758828 -0.49699 -0.420929 0.758828 -0.49699 -0.420929 0.758828 -0.49699 -0.420929 0.758828 -0.49699 -0.420929 0.758828 -0.49699 -0.420929 -0.758828 -0.49699 -0.420929 -0.758828 -0.49699 -0.420929 -0.758828 -0.49699 -0.420929 -0.758828 -0.49699 -0.420929 -0.758828 -0.49699 0 1 0 0 1 0 0 1 0 0 1 0 -0.763084 0 0.646299 -0.763084 0 0.646299 -0.763084 0 0.646299 -0.763084 0 0.646299 -0.763084 0 0.646299 -0.763084 0 0.646299 -0.763084 0 0.646299 -0.763084 0 0.646299 -0.763084 0 0.646299 -0.763084 0 0.646299 -0.763084 0 0.646299 -0.763084 0 0.646299 -0.763084 0 0.646299 -0.763084 0 0.646299 -0.763084 0 0.646299 -0.763084 0 0.646299 0.729638 -0.527829 0.43477 0.727481 -0.531848 0.433485 0.655171 -0.646793 0.390397 0.790881 -0.390408 0.471263 0.790879 -0.390413 0.471262 0.649091 -0.655047 0.386774 0.559494 -0.758828 0.333386 0.559497 -0.758825 0.333388 0.790879 -0.390413 0.471262 0.790879 -0.390413 0.471262 0.790879 -0.390413 0.471262 0.790879 -0.390413 0.471262 0.790879 -0.390413 0.471262 0.790879 -0.390413 0.471262 0.790879 -0.390413 0.471262 0.790879 -0.390413 0.471262 -0.790879 0.390413 -0.471262 -0.790879 0.390413 -0.471262 -0.790879 0.390413 -0.471262 -0.790879 0.390413 -0.471262 -0.790879 0.390413 -0.471262 -0.790879 0.390413 -0.471262 -0.790879 0.390413 -0.471262 -0.559494 0.758828 -0.333386 -0.559494 0.758828 -0.333386 -0.559494 0.758828 -0.333386 -0.559494 0.758828 -0.333386 -0.559494 0.758828 -0.333386 -0.559494 -0.758828 -0.333386 -0.559494 -0.758828 -0.333386 -0.559494 -0.758828 -0.333386 -0.559494 -0.758828 -0.333386 -0.559494 -0.758828 -0.333386 0 1 0 0 1 0 0 1 0 0 1 0 -0.511885 0 0.859054 -0.511885 0 0.859054 -0.511885 0 0.859054 -0.511885 0 0.859054 -0.511885 0 0.859054 -0.511885 0 0.859054 -0.511885 0 0.859054 -0.511885 0 0.859054 -0.511885 0 0.859054 -0.511885 0 0.859054 -0.511885 0 0.859054 -0.511885 0 0.859054 -0.511885 0 0.859054 -0.511885 0 0.859054 -0.511885 0 0.859054 -0.511885 0 0.859054 0.831274 -0.527829 0.1743 0.828808 -0.531861 0.173783 0.746433 -0.646793 0.156511 0.901043 -0.390419 0.188929 0.901046 -0.390413 0.188929 0.739505 -0.655049 0.155058 0.637429 -0.758828 0.133655 0.637427 -0.75883 0.133654 0.901046 -0.390413 0.188929 0.901046 -0.390413 0.188929 0.901046 -0.390413 0.188929 0.901046 -0.390413 0.188929 0.901046 -0.390413 0.188929 0.901046 -0.390413 0.188929 0.901046 -0.390413 0.188929 0.901046 -0.390413 0.188929 -0.901046 0.390413 -0.188929 -0.901046 0.390413 -0.188929 -0.901046 0.390413 -0.188929 -0.901046 0.390413 -0.188929 -0.901046 0.390413 -0.188929 -0.901046 0.390413 -0.188929 -0.901046 0.390413 -0.188929 -0.637429 0.758828 -0.133655 -0.637429 0.758828 -0.133655 -0.637429 0.758828 -0.133655 -0.637429 0.758828 -0.133655 -0.637429 0.758828 -0.133655 -0.637429 -0.758828 -0.133655 -0.637429 -0.758828 -0.133655 -0.637429 -0.758828 -0.133655 -0.637429 -0.758828 -0.133655 -0.637429 -0.758828 -0.133655 0 1 0 0 1 0 0 1 0 0 1 0 -0.205215 0 0.978717 -0.205215 0 0.978717 -0.205215 0 0.978717 -0.205215 0 0.978717 -0.205215 0 0.978717 -0.205215 0 0.978717 -0.205215 0 0.978717 -0.205215 0 0.978717 -0.205215 0 0.978717 -0.205215 0 0.978717 -0.205215 0 0.978717 -0.205215 0 0.978717 -0.205215 0 0.978717 -0.205215 0 0.978717 -0.205215 0 0.978717 -0.205215 0 0.978717 0.842828 -0.527829 -0.105058 0.840332 -0.531855 -0.104747 0.756809 -0.646793 -0.0943361 0.91357 -0.390413 -0.113876 0.91357 -0.390413 -0.113876 0.749785 -0.655048 -0.0934606 0.646289 -0.758828 -0.0805599 0.646289 -0.758828 -0.0805599 0.91357 -0.390413 -0.113876 0.91357 -0.390413 -0.113876 0.91357 -0.390413 -0.113876 0.91357 -0.390413 -0.113876 0.91357 -0.390413 -0.113876 0.91357 -0.390413 -0.113876 0.91357 -0.390413 -0.113876 0.91357 -0.390413 -0.113876 -0.91357 0.390413 0.113876 -0.91357 0.390413 0.113876 -0.91357 0.390413 0.113876 -0.91357 0.390413 0.113876 -0.91357 0.390413 0.113876 -0.91357 0.390413 0.113876 -0.91357 0.390413 0.113876 -0.646289 0.758828 0.0805599 -0.646289 0.758828 0.0805599 -0.646289 0.758828 0.0805599 -0.646289 0.758828 0.0805599 -0.646289 0.758828 0.0805599 -0.646289 -0.758828 0.0805599 -0.646289 -0.758828 0.0805599 -0.646289 -0.758828 0.0805599 -0.646289 -0.758828 0.0805599 -0.646289 -0.758828 0.0805599 0 1 0 0 1 0 0 1 0 0 1 0 0.123693 0 0.992321 0.123693 0 0.992321 0.123693 0 0.992321 0.123693 0 0.992321 0.123693 0 0.992321 0.123693 0 0.992321 0.123693 0 0.992321 0.123693 0 0.992321 0.123693 0 0.992321 0.123693 0 0.992321 0.123693 0 0.992321 0.123693 0 0.992321 0.123693 0 0.992321 0.123693 0 0.992321 0.123693 0 0.992321 0.123693 0 0.992321 0.763049 -0.527829 -0.373032 0.760757 -0.531912 -0.371912 0.685172 -0.646793 -0.33496 0.827095 -0.390413 -0.404342 0.827095 -0.390413 -0.404342 0.678827 -0.65503 -0.331858 0.585114 -0.758828 -0.286045 0.585114 -0.758828 -0.286045 0.827095 -0.390413 -0.404342 0.827095 -0.390413 -0.404342 0.827095 -0.390413 -0.404342 0.827095 -0.390413 -0.404342 0.827095 -0.390413 -0.404342 0.827095 -0.390413 -0.404342 0.827095 -0.390413 -0.404342 0.827095 -0.390413 -0.404342 -0.827095 0.390413 0.404342 -0.827095 0.390413 0.404342 -0.827095 0.390413 0.404342 -0.827095 0.390413 0.404342 -0.827095 0.390413 0.404342 -0.827095 0.390413 0.404342 -0.827095 0.390413 0.404342 -0.827095 0.390413 0.404342 -0.585114 0.758828 0.286045 -0.585114 0.758828 0.286045 -0.585114 0.758828 0.286045 -0.585114 0.758828 0.286045 -0.585114 0.758828 0.286045 -0.585114 -0.758828 0.286045 -0.585114 -0.758828 0.286045 -0.585114 -0.758828 0.286045 -0.585114 -0.758828 0.286045 -0.585114 -0.758828 0.286045 0 1 0 0 1 0 0 1 0 0 1 0 0.439197 -1.20578e-15 0.898391 0.439197 -1.20578e-15 0.898391 0.439197 -1.20578e-15 0.898391 0.439197 -1.20578e-15 0.898391 0.439197 -1.20578e-15 0.898391 0.439197 -1.20578e-15 0.898391 0.439197 -1.20578e-15 0.898391 0.439197 -1.20578e-15 0.898391 0.439197 -1.20578e-15 0.898391 0.439197 -1.20578e-15 0.898391 0.439197 -1.20578e-15 0.898391 0.439197 -1.20578e-15 0.898391 0.439197 -1.20578e-15 0.898391 0.439197 -1.20578e-15 0.898391 0.439197 -1.20578e-15 0.898391 0.439197 -1.20578e-15 0.898391 0 -1 0 0 -1 0 0 -1 0 0 -1 0 0 -1 0 0 -1 0 0 -1 0 0 -1 0 0 -1 0 0 -1 0 0 -1 0 0 -1 0 0 -1 0 0 -1 0 0 -1 0 0 -1 0 0 -1 0 0 -1 0 0 -1 0 0 -1 0 0 -1 0 0 -1 0 0 -1 0 0 -1 0 0 -1 0 0 -1 0 0 -1 0 0 -1 0 0 -1 0 0 -1 0 0 -1 0 0 -1 0 0 -1 0 0 -1 0 0 -1 0 0 -1 0 0 -1 0 0 -1 0 0 -1 0 0 -1 0 0 -1 0 0 -1 0 0 -1 0 0 -1 0 0 -1 0 0 -1 0 0 -1 0 0 -1 0 0 -1 0 0 -1 0 0 -1 0 0 -1 0 0 -1 0 0 -1 0 0 -1 0 0 -1 0 0 -1 0 0 -1 0 0 -1 0 0 -1 0 0 -1 0 0 -1 0 0 -1 0 0 -1 0 0 -1 0 0 -1 0 0 -1 0 0 -1 0 0 -1 0 0 -1 0 0 -1 0 0 -1 0 0 -1 0 0 -1 0 0 -1 0 0 -1 0 0 1 0 0 1 0 0 1 0 0 1 0 0 1 0 0 1 0 0 1 0 0 1 0 0 1 0 0 1 0 0 1 0 0 1 0 0 1 0 0 1 0 0 1 0 0 1 0 0 1 0 0 1 0 0 1 0 0 1 0 0 1 0 0 1 0 0 1 0 0 1 0 0 1 0 0 1 0 0 1 0 0 1 0 0 1 0 0 1 0 0 1 0 0 1 0 0 1 0 0 1 0 0 1 0 0 1 0 0 1 0 0 1 0 0 1 0 0 1 0 0 1 0 0 1 0 0 1 0 0 1 0 0 1 0 0 1 0 0 1 0 0 1 0 0 1 0 0 1 0 0 1 0 0 1 0 0 1 0 0 1 0 0 1 0 0 1 0 0 1 0 0 1 0 0 1 0 0 1 0 0 1 0 0 1 0 0 1 0 0 1 0 0 1 0 0 1 0 0 1 0 0 1 0 0 1 0 0 1 0 0 1 0 0 1 0 0 1 0 0 1 0 0 1 0 0 1 0 -2.99838e-06 1 5.89219e-07 -2.85946e-06 1 1.07748e-06 -0.0660201 0.997711 0.0146303 -0.0610853 0.997711 -0.029005 -2.91477e-06 1 -9.17379e-07 -0.0638995 0.997711 -0.022126 -2.72268e-06 1 -1.38727e-06 -0.0602514 0.997711 -0.0306996 -3.02643e-06 1 -4.22168e-07 -3.05456e-06 1 8.46947e-08 -0.0671934 0.997711 -0.0075991 0.0643063 0.997711 0.0208944 -0.0676215 0.997711 -0.000179037 -0.0672327 0.997711 0.00724315 -2.64162e-06 1 1.53601e-06 0.0528641 0.997711 -0.0421577 -2.35088e-06 1 1.95214e-06 -0.061238 0.997711 0.0286811 -0.0640157 0.997711 0.0217873 -1.99525e-06 1 2.3144e-06 -0.0486072 0.997711 0.0470111 -0.0307091 0.997711 0.0602466 -1.58456e-06 1 2.61279e-06 -1.13014e-06 1 2.83906e-06 -0.043113 0.997711 0.0520958 -6.44525e-07 1 2.98698e-06 -0.0238616 0.997711 0.0632719 -0.00202435 0.997711 0.0675915 -1.41124e-07 1 3.05247e-06 3.66171e-07 1 3.03371e-06 -0.0167737 0.997711 0.0655084 -0.00757055 0.997711 -0.0671905 0.0127704 0.997711 0.066405 0.0054057 0.997711 0.0674053 8.63361e-07 1 2.93123e-06 1.33672e-06 1 2.74785e-06 0.0200322 0.997711 0.0645865 0.0336402 0.997711 0.0586604 0.0306996 0.997711 0.0602514 -0.0293373 0.997711 -0.0609196 1.77319e-06 1 2.48863e-06 2.16073e-06 1 2.16073e-06 0.039918 0.997711 0.0545825 -0.0391272 0.997711 -0.0551447 -0.0478115 0.997711 -0.0478115 0.0478158 0.997711 0.0478158 -0.00948314 0.997711 0.0669535 -0.0534729 0.997711 0.0413927 -0.0576925 0.997711 0.0352743 0.0150459 0.997711 -0.0659204 -0.0371354 0.997711 0.0565125 0.0359737 0.997711 -0.0572518 0.0676157 0.997711 -1.64968e-08 -0.0659417 0.997711 -0.0149797 0.060246 0.997711 0.0306969 -0.0187184 0.997711 -0.0649731 0.00379125 0.997711 -0.0675093 0.0258754 0.997711 -0.0624687 0.0450555 0.997711 -0.0504171 0.0591788 0.997711 -0.032707 0.0638213 0.997711 -0.022332 0.0666603 0.997711 -0.011326 0.0667832 0.997711 0.0105774 0.32601 0.695945 0.639827 0.346962 0.695987 0.628665 0.360719 0.607205 0.707944 0.287586 0.773773 0.56442 0.315132 0.773773 0.549515 0.372568 0.606361 0.702509 0.391862 0.504964 0.769061 0.0478115 -0.997711 0.0478115 -1.9354e-06 -1 -2.36468e-06 -2.28149e-06 -1 -2.03281e-06 -6.50907e-07 -1 -2.9856e-06 0.023651 -0.997711 0.0633444 0.0144029 -0.997711 0.0660639 -1.10994e-06 -1 -2.84702e-06 -0.0211428 -0.997711 -0.0642315 -0.027929 -0.997711 -0.0615847 -0.0504881 -0.997711 -0.044985 -0.0408531 -0.997711 -0.0538862 0.0324183 -0.997711 0.0593374 -1.54165e-06 -1 -2.63833e-06 0.0504836 -0.997711 0.0449809 0.0405267 -0.997711 0.0541245 -0.0144042 -0.997711 -0.0660698 -0.0343911 -0.997711 -0.0582233 -0.157541 -0.974865 0.157541 -0.0521232 -0.997279 0.0521232 -0.154715 -0.97577 0.154715 -0.051507 -0.997343 0.051507 -0.258835 -0.930596 0.258835 -0.365027 -0.856452 0.365027 -0.263892 -0.927751 0.263892 -0.360838 -0.859995 0.360838 -0.460532 -0.758828 0.460532 -0.460532 -0.758828 0.460532 0.0514344 -0.997351 -0.0514344 0.0521231 -0.997279 -0.0521231 0.157541 -0.974865 -0.157541 0.155203 -0.975615 -0.155203 0.259438 -0.93026 -0.259438 0.263892 -0.927751 -0.263892 0.365027 -0.856452 -0.365027 0.360863 -0.859975 -0.360863 0.460532 -0.758828 -0.460532 0.460532 -0.758828 -0.460532 0.460532 -0.758828 -0.460532 0.460532 -0.758828 -0.460532 0.460532 -0.758828 -0.460532 0.460532 -0.758828 -0.460532 -0.0323747 -0.997279 0.0662235 -0.0415764 -0.995509 0.0850459 -0.0978513 -0.974865 0.200158 0.0218119 -0.998766 -0.044617 -0.105279 -0.970845 0.215352 -0.163908 -0.927751 0.335279 -0.169219 -0.922795 0.346142 -0.229355 -0.852814 0.469153 -0.226725 -0.856452 0.463773 -0.286045 -0.758828 0.585114 -0.286045 -0.758828 0.585114 0.0323746 -0.997279 -0.0662233 0.0978513 -0.974865 -0.200158 0.0862327 -0.980535 -0.176392 0.14364 -0.945007 -0.293819 0.163908 -0.927751 -0.335279 0.226725 -0.856452 -0.463773 0.196931 -0.893839 -0.402828 0.286045 -0.758828 -0.585114 0.243828 -0.831737 -0.498759 0.286045 -0.758828 -0.585114 0.286045 -0.758828 -0.585114 0.286045 -0.758828 -0.585114 0.286045 -0.758828 -0.585114 0.286045 -0.758828 -0.585114 -0.00911781 -0.997279 0.0731473 -0.00904065 -0.997325 0.0725284 -0.0271414 -0.975629 0.217741 -0.0275582 -0.974865 0.221085 -0.0453438 -0.930385 0.363769 0.0090053 -0.997346 -0.0722448 -0.046162 -0.927751 0.370333 -0.0631058 -0.860066 0.506264 -0.0638534 -0.856452 0.512262 -0.0805599 -0.758828 0.646289 -0.0805599 -0.758828 0.646289 0.00911779 -0.997279 -0.0731472 0.0275582 -0.974865 -0.221085 0.0271354 -0.97564 -0.217693 0.0453927 -0.930229 -0.364162 0.046162 -0.927751 -0.370333 0.0638534 -0.856452 -0.512262 0.0631294 -0.859953 -0.506454 0.0805599 -0.758828 -0.646289 0.0805599 -0.758828 -0.646289 0.0805599 -0.758828 -0.646289 0.0805599 -0.758828 -0.646289 0.0805599 -0.758828 -0.646289 0.0805599 -0.758828 -0.646289 0.0151271 -0.997279 0.0721446 -0.0149279 -0.997351 -0.0711945 0.0149477 -0.997344 0.0712887 0.0448998 -0.975771 0.214137 0.075117 -0.930599 0.358249 0.0457212 -0.974865 0.218054 0.0765862 -0.927751 0.365256 0.105938 -0.856452 0.505239 0.104721 -0.859998 0.499437 0.133654 -0.758834 0.637423 0.133655 -0.758828 0.637429 -0.0151271 -0.997279 -0.0721444 -0.0457212 -0.974865 -0.218054 -0.0450433 -0.975614 -0.214821 -0.0752938 -0.93026 -0.359093 -0.0765862 -0.927751 -0.365256 -0.105938 -0.856452 -0.505239 -0.104729 -0.859974 -0.499476 -0.133655 -0.758828 -0.637429 -0.133655 -0.758828 -0.637429 -0.133655 -0.758828 -0.637429 -0.133655 -0.758828 -0.637429 -0.133655 -0.758828 -0.637429 -0.133655 -0.758828 -0.637429 0.0372891 -0.997343 0.0625792 0.112004 -0.975768 0.187967 0.0377327 -0.997279 0.0633236 -0.0372318 -0.997351 -0.062483 0.18738 -0.930592 0.314464 0.114046 -0.974865 0.191394 0.191035 -0.927751 0.320598 0.261219 -0.859992 0.438382 0.264248 -0.856452 0.443466 0.33339 -0.758821 0.559501 0.333386 -0.758828 0.559494 -0.0377327 -0.997279 -0.0633237 -0.114046 -0.974865 -0.191394 -0.112352 -0.975615 -0.188552 -0.187811 -0.93026 -0.315187 -0.191035 -0.927751 -0.320598 -0.264248 -0.856452 -0.443466 -0.261234 -0.859975 -0.438407 -0.333386 -0.758828 -0.559494 -0.333386 -0.758828 -0.559494 -0.333386 -0.758828 -0.559494 -0.333386 -0.758828 -0.559494 -0.333386 -0.758828 -0.559494 -0.333386 -0.758828 -0.559494 0.0562495 -0.997279 0.0476409 -0.0555063 -0.997351 -0.0470115 0.0555842 -0.997344 0.0470774 0.166962 -0.97577 0.14141 0.170012 -0.974865 0.143993 0.279326 -0.930596 0.236577 0.284782 -0.927751 0.241198 0.389403 -0.859995 0.329808 0.393924 -0.856452 0.333637 0.49699 -0.758828 0.420929 0.49699 -0.758828 0.420929 -0.0562494 -0.997279 -0.0476408 -0.170012 -0.974865 -0.143993 -0.16749 -0.975615 -0.141857 -0.279976 -0.93026 -0.237128 -0.284782 -0.927751 -0.241198 -0.393924 -0.856452 -0.333637 -0.38943 -0.859975 -0.32983 -0.49699 -0.758828 -0.420929 -0.49699 -0.758828 -0.420929 -0.49699 -0.758828 -0.420929 -0.49699 -0.758828 -0.420929 -0.49699 -0.758828 -0.420929 -0.49699 -0.758828 -0.420929 0.0686708 -0.997279 0.0267954 0.0678584 -0.997344 0.0264784 0.203832 -0.97577 0.0795354 -0.0677635 -0.997351 -0.0264414 0.207555 -0.974865 0.0809881 0.347669 -0.927751 0.135661 0.475392 -0.859996 0.185499 0.480912 -0.856452 0.187652 0.341008 -0.930596 0.133062 0.606737 -0.758828 0.236749 0.606737 -0.758828 0.236749 -0.0686706 -0.997279 -0.0267954 -0.207555 -0.974865 -0.0809882 -0.204476 -0.975615 -0.0797866 -0.341802 -0.93026 -0.133372 -0.347669 -0.927751 -0.135661 -0.480912 -0.856452 -0.187652 -0.475425 -0.859975 -0.185512 -0.606737 -0.758828 -0.236749 -0.606737 -0.758828 -0.236749 -0.606737 -0.758828 -0.236749 -0.606737 -0.758828 -0.236749 -0.606737 -0.758828 -0.236749 -0.606737 -0.758828 -0.236749 0.0727793 -0.997344 0.00301018 0.218614 -0.97577 0.00904193 0.0736504 -0.997279 0.0030462 -0.0726767 -0.997351 -0.00300593 0.222606 -0.974865 0.00920704 0.365738 -0.930595 0.015127 0.509865 -0.859996 0.0210882 0.515785 -0.856452 0.021333 0.37288 -0.927751 0.0154224 0.650735 -0.758828 0.0269146 0.650735 -0.758828 0.0269146 -0.0736503 -0.997279 -0.0030462 -0.222606 -0.974865 -0.00920704 -0.219303 -0.975615 -0.00907044 -0.366588 -0.93026 -0.0151622 -0.37288 -0.927751 -0.0154224 -0.515785 -0.856452 -0.021333 -0.509901 -0.859975 -0.0210897 -0.650734 -0.758828 -0.0269146 -0.650734 -0.758828 -0.0269146 -0.650735 -0.758828 -0.0269146 -0.650735 -0.758828 -0.0269146 -0.650735 -0.758828 -0.0269146 -0.650735 -0.758828 -0.0269146 0.350833 -0.930595 -0.104448 0.213534 -0.974865 -0.0635718 0.209705 -0.97577 -0.0624319 0.0698137 -0.997343 -0.0207845 0.070649 -0.997279 -0.0210331 0.357684 -0.927751 -0.106487 -0.0697146 -0.997351 0.0207549 0.489087 -0.859996 -0.145607 0.494765 -0.856452 -0.147298 0.624215 -0.758828 -0.185837 0.624215 -0.758828 -0.185837 -0.0706488 -0.997279 0.0210331 -0.213534 -0.974865 0.0635718 -0.210365 -0.975615 0.0626285 -0.351648 -0.93026 0.10469 -0.357684 -0.927751 0.106487 -0.494765 -0.856452 0.147298 -0.489121 -0.859975 0.145618 -0.624215 -0.758828 0.185837 -0.624215 -0.758828 0.185837 -0.624215 -0.758828 0.185837 -0.624215 -0.758828 0.185837 -0.624215 -0.758828 0.185837 -0.624215 -0.758828 0.185837 0.0599916 -0.997279 -0.0428332 0.0592825 -0.997343 -0.0423269 0.17807 -0.97577 -0.127139 -0.0591988 -0.997351 0.0422671 0.181322 -0.974865 -0.129462 0.303728 -0.927751 -0.216857 0.297908 -0.930596 -0.212702 0.415309 -0.859995 -0.296525 0.42013 -0.856452 -0.299967 0.530052 -0.758828 -0.37845 0.530052 -0.758828 -0.37845 -0.0599914 -0.997279 0.0428331 -0.181322 -0.974865 0.129462 -0.178632 -0.975615 0.127541 -0.298602 -0.93026 0.213198 -0.303728 -0.927751 0.216857 -0.42013 -0.856452 0.299967 -0.415337 -0.859975 0.296545 -0.530052 -0.758828 0.37845 -0.530052 -0.758828 0.37845 -0.530052 -0.758828 0.37845 -0.530052 -0.758828 0.37845 -0.530052 -0.758828 0.37845 -0.530052 -0.758828 0.37845 0.0423268 -0.997343 -0.0592823 0.127139 -0.97577 -0.178069 0.0428332 -0.997279 -0.0599916 -0.0422675 -0.997351 0.0591993 0.212702 -0.930596 -0.297907 0.129462 -0.974865 -0.181322 0.299967 -0.856452 -0.42013 0.216857 -0.927751 -0.303728 0.296525 -0.859995 -0.415309 0.37845 -0.758828 -0.530052 0.37845 -0.758828 -0.530052 -0.0428331 -0.997279 0.0599914 -0.129462 -0.974865 0.181322 -0.127541 -0.975615 0.178632 -0.213198 -0.93026 0.298602 -0.216857 -0.927751 0.303728 -0.299967 -0.856452 0.42013 -0.296545 -0.859975 0.415337 -0.37845 -0.758828 0.530052 -0.37845 -0.758828 0.530052 -0.37845 -0.758828 0.530052 -0.37845 -0.758828 0.530052 -0.37845 -0.758828 0.530052 -0.37845 -0.758828 0.530052 0.0210331 -0.997279 -0.070649 -0.0207553 -0.997351 0.0697159 0.0207843 -0.997344 -0.0698133 0.0624312 -0.97577 -0.209703 0.104447 -0.930596 -0.35083 0.0635718 -0.974865 -0.213534 0.106487 -0.927751 -0.357684 0.147298 -0.856452 -0.494765 0.145608 -0.859995 -0.489088 0.185837 -0.758828 -0.624215 0.185837 -0.758828 -0.624215 -0.0210331 -0.997279 0.0706488 -0.0635718 -0.974865 0.213534 -0.0626288 -0.975614 0.210366 -0.10469 -0.93026 0.351648 -0.106487 -0.927751 0.357684 -0.147298 -0.856452 0.494765 -0.145618 -0.859975 0.489121 -0.185837 -0.758828 0.624215 -0.185837 -0.758828 0.624215 -0.185837 -0.758828 0.624215 -0.185837 -0.758828 0.624215 -0.185837 -0.758828 0.624215 -0.185837 -0.758828 0.624215 -0.00301017 -0.997344 -0.0727791 -0.00904187 -0.97577 -0.218612 -0.0030462 -0.997279 -0.0736504 0.00300597 -0.997351 0.0726778 -0.0154224 -0.927751 -0.37288 -0.00920704 -0.974865 -0.222606 -0.0151269 -0.930596 -0.365736 -0.0210882 -0.859995 -0.509866 -0.0269146 -0.758828 -0.650735 -0.021333 -0.856452 -0.515785 -0.0269146 -0.758828 -0.650735 0.0030462 -0.997279 0.0736503 0.00920704 -0.974865 0.222606 0.00907046 -0.975615 0.219303 0.0151622 -0.93026 0.366588 0.0154224 -0.927751 0.37288 0.021333 -0.856452 0.515785 0.0210897 -0.859975 0.509901 0.0269146 -0.758828 0.650734 0.0269146 -0.758828 0.650734 0.0269146 -0.758828 0.650735 0.0269146 -0.758828 0.650735 0.0269146 -0.758828 0.650735 0.0269146 -0.758828 0.650735 -0.0267954 -0.997279 -0.0686708 0.0264413 -0.997351 0.0677633 -0.0264784 -0.997344 -0.0678584 -0.0795355 -0.97577 -0.203832 -0.0809881 -0.974865 -0.207555 -0.133062 -0.930595 -0.341009 -0.187652 -0.856452 -0.480912 -0.135661 -0.927751 -0.347669 -0.185499 -0.859996 -0.475392 -0.236749 -0.758828 -0.606737 -0.236749 -0.758828 -0.606737 0.0267954 -0.997279 0.0686706 0.0809882 -0.974865 0.207555 0.0797866 -0.975615 0.204476 0.133372 -0.93026 0.341802 0.135661 -0.927751 0.347669 0.187652 -0.856452 0.480912 0.185512 -0.859975 0.475425 0.236749 -0.758828 0.606737 0.236749 -0.758828 0.606737 0.236749 -0.758828 0.606737 0.236749 -0.758828 0.606737 0.236749 -0.758828 0.606737 0.236749 -0.758828 0.606737 -0.141411 -0.97577 -0.166963 -0.143993 -0.974865 -0.170012 -0.0476409 -0.997279 -0.0562495 0.047011 -0.997351 0.0555057 -0.0470777 -0.997343 -0.0555845 -0.241198 -0.927751 -0.284782 -0.236578 -0.930595 -0.279327 -0.329807 -0.859996 -0.389403 -0.333637 -0.856452 -0.393924 -0.420929 -0.758828 -0.49699 -0.420929 -0.758828 -0.49699 0.0476408 -0.997279 0.0562494 0.143993 -0.974865 0.170012 0.141856 -0.975615 0.16749 0.237128 -0.93026 0.279976 0.241198 -0.927751 0.284782 0.333637 -0.856452 0.393924 0.32983 -0.859975 0.38943 0.420929 -0.758828 0.49699 0.420929 -0.758828 0.49699 0.420929 -0.758828 0.49699 0.420929 -0.758828 0.49699 0.420929 -0.758828 0.49699 0.420929 -0.758828 0.49699 -0.0633236 -0.997279 -0.0377327 0.062488 -0.997351 0.0372348 -0.0625753 -0.997343 -0.0372868 -0.187959 -0.97577 -0.111999 -0.314452 -0.930597 -0.187373 -0.191394 -0.974865 -0.114046 -0.443466 -0.856452 -0.264248 -0.320598 -0.927751 -0.191035 -0.438378 -0.859994 -0.261217 -0.559494 -0.758828 -0.333386 -0.559494 -0.758828 -0.333386 0.0633237 -0.997279 0.0377327 0.191394 -0.974865 0.114046 0.188555 -0.975614 0.112354 0.315188 -0.93026 0.187811 0.320598 -0.927751 0.191035 0.443466 -0.856452 0.264248 0.438408 -0.859974 0.261234 0.559494 -0.758828 0.333386 0.559494 -0.758828 0.333386 0.559494 -0.758828 0.333386 0.559494 -0.758828 0.333386 0.559494 -0.758828 0.333386 0.559494 -0.758828 0.333386 -0.0721446 -0.997279 -0.0151271 -0.21415 -0.975768 -0.0449026 -0.218054 -0.974865 -0.0457212 -0.358269 -0.930591 -0.0751211 -0.0712946 -0.997343 -0.0149489 -0.365256 -0.927751 -0.0765862 0.0711872 -0.997351 0.0149264 -0.499445 -0.859993 -0.104723 -0.505239 -0.856452 -0.105938 -0.637437 -0.758822 -0.133656 -0.637429 -0.758828 -0.133655 0.0721444 -0.997279 0.0151271 0.218054 -0.974865 0.0457212 0.214817 -0.975615 0.0450423 0.359092 -0.93026 0.0752936 0.365256 -0.927751 0.0765862 0.505239 -0.856452 0.105938 0.499475 -0.859975 0.104729 0.637429 -0.758828 0.133655 0.637429 -0.758828 0.133655 0.637429 -0.758828 0.133655 0.637429 -0.758828 0.133655 0.637429 -0.758828 0.133655 0.637429 -0.758828 0.133655 -0.217119 -0.97577 0.0270638 -0.363236 -0.930596 0.0452773 -0.221085 -0.974865 0.0275582 -0.0722824 -0.997344 0.00900999 -0.0731473 -0.997279 0.00911781 0.0721813 -0.997351 -0.00899739 -0.370333 -0.927751 0.046162 -0.506383 -0.859995 0.0631206 -0.512262 -0.856452 0.0638534 -0.646289 -0.758828 0.0805599 -0.646289 -0.758828 0.0805599 0.0731472 -0.997279 -0.00911779 0.221085 -0.974865 -0.0275582 0.217805 -0.975615 -0.0271494 0.364083 -0.93026 -0.0453829 0.370333 -0.927751 -0.046162 0.512262 -0.856452 -0.0638534 0.506418 -0.859975 -0.0631249 0.646289 -0.758828 -0.0805599 0.646289 -0.758828 -0.0805599 0.646289 -0.758828 -0.0805599 0.646289 -0.758828 -0.0805599 0.646289 -0.758828 -0.0805599 0.646289 -0.758828 -0.0805599 -0.0662235 -0.997279 0.0323747 -0.0654409 -0.997343 0.0319921 -0.196567 -0.97577 0.0960959 -0.335279 -0.927751 0.163908 -0.200158 -0.974865 0.0978513 -0.328854 -0.930596 0.160767 0.0653485 -0.997351 -0.0319469 -0.458451 -0.859995 0.224123 -0.585114 -0.758828 0.286045 -0.463773 -0.856452 0.226725 -0.585114 -0.758828 0.286045 0.0662233 -0.997279 -0.0323746 0.200158 -0.974865 -0.0978513 0.197188 -0.975615 -0.0963995 0.32962 -0.93026 -0.161142 0.335279 -0.927751 -0.163908 0.463773 -0.856452 -0.226725 0.458482 -0.859975 -0.224138 0.585114 -0.758828 -0.286045 0.585114 -0.758828 -0.286045 0.585114 -0.758828 -0.286045 0.585114 -0.758828 -0.286045 0.585114 -0.758828 -0.286045 0.585114 -0.758828 -0.286045 0.585114 -0.758828 -0.286045 0.360621 0.0742251 0.929754 0.390605 0.109984 0.913965 0.365674 0.064838 0.928482 0.433925 0.342319 0.833383 0.472359 0.336863 0.814493 0.425743 0.218715 0.878013 0.50687 0.329874 0.796408 0.436132 0.450094 0.779233 0.506651 0.450094 0.735336 0.498525 0.183391 0.847255 0.4529 0.129098 0.882165 0.493023 0.14378 0.858054 0.420885 0.130041 0.897745 0.484072 0.106988 0.868463 0.0391913 0.0742251 0.996471 0.0726768 0.109984 0.991273 0.0443831 0.064838 0.996908 0.139815 0.342319 0.929123 0.1823 0.336863 0.923737 0.117585 0.218715 0.968678 0.220813 0.329874 0.917837 0.159484 0.450094 0.878624 0.240436 0.450094 0.860003 0.19641 0.183391 0.963219 0.141922 0.129098 0.981423 0.1877 0.14378 0.971646 0.106583 0.130041 0.985763 0.175854 0.106988 0.978585 -0.286486 0.0742251 0.955205 -0.253127 0.109984 0.961161 -0.281717 0.064838 0.957304 -0.169447 0.342319 0.924178 -0.127514 0.336863 0.932879 -0.203316 0.218715 0.954372 -0.089172 0.329874 0.939804 -0.134446 0.450094 0.882802 -0.0518338 0.450094 0.891475 -0.126988 0.183391 0.974803 -0.184436 0.129098 0.974329 -0.137963 0.14378 0.979946 -0.219269 0.130041 0.966959 -0.15142 0.106988 0.982662 -0.581118 0.0742251 0.810427 -0.5515 0.109984 0.826892 -0.577289 0.064838 0.813961 -0.460346 0.342319 0.819085 -0.42351 0.336863 0.840929 -0.502184 0.218715 0.836645 -0.389494 0.329874 0.859929 -0.413806 0.450094 0.791315 -0.338487 0.450094 0.826342 -0.436626 0.183391 0.880753 -0.490807 0.129098 0.861651 -0.448676 0.14378 0.882053 -0.52136 0.130041 0.84337 -0.462286 0.106988 0.880253 -0.812777 0.0742251 0.577828 -0.79011 0.109984 0.603017 -0.810303 0.064838 0.582413 -0.701359 0.342319 0.62523 -0.673613 0.336863 0.657852 -0.746632 0.218715 0.628255 -0.647609 0.329874 0.686867 -0.648325 0.450094 0.614077 -0.58846 0.450094 0.671662 -0.698948 0.183391 0.691259 -0.743991 0.129098 0.6556 -0.710768 0.14378 0.688576 -0.766953 0.130041 0.628389 -0.723055 0.106988 0.682455 -0.956358 0.0742251 0.282611 -0.943099 0.109984 0.313796 -0.955508 0.064838 0.287752 -0.86637 0.342319 0.363623 -0.850719 0.336863 0.403486 -0.910172 0.218715 0.351783 -0.835545 0.329874 0.439372 -0.812587 0.450094 0.370294 -0.774664 0.450094 0.444197 -0.885529 0.183391 0.426856 -0.916552 0.129098 0.378504 -0.895836 0.14378 0.420481 -0.929435 0.130041 0.345312 -0.905471 0.106988 0.410702 -0.996304 0.0742251 -0.0432305 -0.993889 0.109984 -0.00943004 -0.997168 0.064838 -0.0380925 -0.937496 0.342319 0.0626107 -0.935636 0.336863 0.105396 -0.97508 0.218715 0.0371903 -0.932937 0.329874 0.144265 -0.888793 0.450094 0.0863834 -0.876921 0.450094 0.168597 -0.976148 0.183391 0.116197 -0.989791 0.129098 0.0603916 -0.983828 0.14378 0.106821 -0.991198 0.130041 0.0248149 -0.989765 0.106988 0.0944429 -0.928285 0.0742251 -0.364388 -0.936975 0.109984 -0.331634 -0.930771 0.064838 -0.359809 -0.907029 0.342319 -0.245186 -0.919163 0.336863 -0.204115 -0.934323 0.218715 -0.281433 -0.92923 0.329874 -0.166476 -0.868684 0.450094 -0.206888 -0.88415 0.450094 -0.125274 -0.960987 0.183391 -0.207053 -0.955771 0.129098 -0.264265 -0.965206 0.14378 -0.218415 -0.94555 0.130041 -0.298371 -0.966802 0.106988 -0.23205 -0.759671 0.0742251 -0.646058 -0.778526 0.109984 -0.617901 -0.763509 0.064838 -0.642534 -0.778272 0.342319 -0.526413 -0.803084 0.336863 -0.491507 -0.792318 0.218715 -0.569558 -0.824827 0.329874 -0.459176 -0.75444 0.450094 -0.477739 -0.795568 0.450094 -0.40557 -0.841688 0.183391 -0.507867 -0.818178 0.129098 -0.560285 -0.841989 0.14378 -0.519983 -0.797436 0.130041 -0.589224 -0.839071 0.106988 -0.533397 -0.508736 0.0742251 -0.857717 -0.535711 0.109984 -0.837208 -0.51351 0.064838 -0.855631 -0.565177 0.342319 -0.750595 -0.599978 0.336863 -0.725637 -0.564453 0.218715 -0.795963 -0.631042 0.329874 -0.702118 -0.558441 0.450094 -0.69682 -0.620774 0.450094 -0.641915 -0.631179 0.183391 -0.753645 -0.591922 0.129098 -0.795589 -0.627529 0.14378 -0.765202 -0.562908 0.130041 -0.816225 -0.620414 0.106988 -0.776942 -0.202671 0.0742251 -0.97643 -0.234844 0.109984 -0.965791 -0.207863 0.064838 -0.976007 -0.290836 0.342319 -0.893438 -0.331856 0.336863 -0.881133 -0.27542 0.218715 -0.936113 -0.368873 0.329874 -0.868974 -0.301926 0.450094 -0.84039 -0.378709 0.450094 -0.808699 -0.352272 0.183391 -0.917754 -0.301523 0.129098 -0.944679 -0.345067 0.14378 -0.9275 -0.26738 0.130041 -0.954776 -0.334526 0.106988 -0.936294 0.125357 0.0742251 -0.989331 0.0914725 0.109984 -0.989715 0.120308 0.064838 -0.990617 0.0150209 0.342319 -0.939464 -0.0277718 0.336863 -0.941144 0.0434582 0.218715 -0.97482 -0.0667309 0.329874 -0.941664 -0.0126924 0.450094 -0.892891 -0.0956052 0.450094 -0.887848 -0.0351909 0.183391 -0.98241 0.021551 0.129098 -0.991398 -0.025212 0.14378 -0.989289 0.0571223 0.130041 -0.989862 -0.0123862 0.106988 -0.994183 0.4398 0.0742251 -0.895023 0.407876 0.109984 -0.906389 0.435442 0.064838 -0.897879 0.31925 0.342319 -0.883684 0.279322 0.336863 -0.899168 0.357627 0.218715 -0.907891 0.242642 0.329874 -0.912309 0.277916 0.450094 -0.848633 0.197859 0.450094 -0.870785 0.285704 0.183391 -0.940607 0.34229 0.129098 -0.930683 0.297375 0.14378 -0.943872 0.375435 0.130041 -0.917681 0.311096 0.106988 -0.944337 0.706584 0.0742251 -0.703725 0.68008 0.109984 -0.724841 0.703389 0.064838 -0.707841 0.588884 0.342319 -0.732143 0.556147 0.336863 -0.759753 0.633042 0.218715 -0.742578 0.525722 0.329874 -0.784092 0.538409 0.450094 -0.712412 0.469882 0.450094 -0.759359 0.575638 0.183391 -0.796874 0.625936 0.129098 -0.769115 0.587738 0.14378 -0.796173 0.653063 0.130041 -0.746055 0.600865 0.106988 -0.792158 0.896799 0.0742251 -0.436168 0.878587 0.109984 -0.464745 0.895114 0.064838 -0.441098 0.794703 0.342319 -0.501263 0.772704 0.336863 -0.538006 0.839856 0.218715 -0.496795 0.751831 0.329874 -0.570906 0.740556 0.450094 -0.498991 0.690986 0.450094 -0.565645 0.803193 0.183391 -0.566788 0.841752 0.129098 -0.524201 0.814409 0.14378 -0.562196 0.859922 0.130041 -0.493582 0.825522 0.106988 -0.554136 0.989831 0.0742251 -0.121345 0.981885 0.109984 -0.154287 0.989838 0.064838 -0.126556 0.914404 0.342319 -0.216063 0.905528 0.336863 -0.257959 0.95566 0.218715 -0.197176 0.896467 0.329874 -0.295854 0.862453 0.450094 -0.231496 0.837211 0.450094 -0.310634 0.94371 0.183391 -0.275281 0.966352 0.129098 -0.222482 0.952827 0.14378 -0.267297 0.973595 0.130041 -0.187622 0.960721 0.106988 -0.256065 0.9756 0.0742251 0.206627 0.978781 0.109984 0.17289 0.977299 0.064838 0.201702 0.935015 0.342319 0.0925499 0.940223 0.336863 0.0500421 0.967902 0.218715 0.12381 0.943958 0.329874 0.011259 0.890889 0.450094 0.0610853 0.892711 0.450094 -0.0219607 0.981961 0.183391 0.0460561 0.986232 0.129098 0.103346 0.987992 0.14378 0.0565689 0.981764 0.130041 0.138669 0.99181 0.106988 0.0697551 0.855648 0.0742251 0.512208 0.869611 0.109984 0.481332 0.858853 0.064838 0.508101 0.854302 0.342319 0.391134 0.87303 0.336863 0.352621 0.875258 0.218715 0.431379 0.889156 0.329874 0.317152 0.822784 0.450094 0.347047 0.851472 0.450094 0.269092 0.913801 0.183391 0.362403 0.899239 0.129098 0.417976 0.916092 0.14378 0.374304 0.883543 0.130041 0.449934 0.915422 0.106988 0.388016 0.547062 -0.450872 0.705292 0.617265 -0.330782 0.71384 0.611895 -0.450872 0.649845 0.54939 -0.345368 0.760849 0.545229 -0.218506 0.809309 0.594413 -0.315349 0.739749 0.506255 -0.0697232 0.859561 0.494758 -0.092586 0.864085 0.557436 0.00156046 0.830218 0.561446 -0.00583483 0.827493 0.514827 -0.0411098 0.856308 0.548171 0.0107685 0.836297 0.552966 0.00712961 0.833173 0.543222 0.0126701 0.839493 0.538217 0.0125247 0.842713 0.533264 0.0106327 0.845882 0.519736 -0.00582025 0.854307 0.523814 0.00153982 0.851831 0.518902 -0.00762272 0.8548 0.528458 0.00691336 0.848931 0.588585 -0.068829 0.8055 0.613516 -0.183083 0.768166 0.608606 -0.14051 0.780933 0.599976 -0.101967 0.793493 0.288413 -0.450872 0.844709 0.352036 -0.330782 0.875588 0.367737 -0.450872 0.813317 0.272575 -0.345368 0.898011 0.252904 -0.218506 0.942494 0.322009 -0.315349 0.892673 0.199726 -0.0697232 0.977368 0.187383 -0.092586 0.977914 0.257661 0.00156061 0.966234 0.262338 -0.00583483 0.964958 0.20889 -0.0411097 0.977075 0.246925 0.0107686 0.968975 0.252474 0.00712964 0.967577 0.241206 0.0126733 0.970391 0.235426 0.0125267 0.971812 0.229713 0.010633 0.9732 0.214182 -0.00582025 0.976776 0.218843 0.00153953 0.975759 0.213234 -0.00762272 0.976972 0.224177 0.00691325 0.974524 0.295149 -0.068829 0.952969 0.330851 -0.183083 0.925753 0.322062 -0.14051 0.936234 0.309821 -0.101967 0.945311 -0.00149042 -0.450872 0.892587 0.048659 -0.330782 0.942452 0.0837281 -0.450872 0.888653 -0.0337774 -0.345368 0.937859 -0.0668258 -0.218506 0.973545 0.0147117 -0.315349 0.948862 -0.128447 -0.0697232 0.989262 -0.140298 -0.092586 0.985771 -0.0700353 0.00156046 0.997543 -0.0651974 -0.00583483 0.997855 -0.119684 -0.0411098 0.991961 -0.0810797 0.0107685 0.996649 -0.0753775 0.00712961 0.99713 -0.0869489 0.0126701 0.996132 -0.0928763 0.0125247 0.995599 -0.0987309 0.0106327 0.995057 -0.114582 -0.00582025 0.993397 -0.109842 0.00153982 0.993948 -0.115542 -0.00762272 0.993273 -0.104397 0.00691336 0.994512 -0.0302718 -0.068829 0.997169 0.0123326 -0.183083 0.98302 0.000616921 -0.14051 0.990079 -0.0139084 -0.101967 0.994691 -0.291232 -0.450872 0.843741 -0.259991 -0.330782 0.907187 -0.209354 -0.450872 0.86769 -0.33647 -0.345368 0.876076 -0.379314 -0.218506 0.899097 -0.29418 -0.315349 0.902227 -0.4427 -0.0697232 0.893955 -0.452776 -0.092586 0.886804 -0.390142 0.00156046 0.920753 -0.385668 -0.00583483 0.922619 -0.435289 -0.0411098 0.899352 -0.400298 0.0107685 0.916322 -0.395061 0.00712961 0.918627 -0.405681 0.0126701 0.913927 -0.411114 0.0125247 0.911498 -0.416476 0.0106327 0.909085 -0.430929 -0.00582025 0.902367 -0.426625 0.00153982 0.904427 -0.431797 -0.00762272 0.901939 -0.421658 0.00691336 0.906729 -0.352412 -0.068829 0.93331 -0.307522 -0.183083 0.933762 -0.320895 -0.14051 0.936634 -0.33613 -0.101967 0.936279 -0.549415 -0.450872 0.703461 -0.540467 -0.330782 0.773614 -0.479749 -0.450872 0.752699 -0.6027 -0.345368 0.719356 -0.650699 -0.218506 0.727218 -0.571193 -0.315349 0.757821 -0.70898 -0.0697232 0.701773 -0.716188 -0.092586 0.691739 -0.667971 0.00156061 0.744185 -0.664345 -0.00583483 0.747403 -0.703723 -0.0411097 0.709285 -0.676138 0.0107686 0.736696 -0.671933 0.00712964 0.740578 -0.680452 0.0126733 0.732683 -0.684802 0.0125267 0.728621 -0.689089 0.010633 0.724598 -0.700578 -0.00582025 0.713552 -0.697177 0.00153953 0.716898 -0.70126 -0.00762272 0.712865 -0.693226 0.00691325 0.720688 -0.636363 -0.068829 0.768313 -0.594051 -0.183083 0.783316 -0.607632 -0.14051 0.78169 -0.621927 -0.101967 0.776408 -0.748059 -0.450872 0.486951 -0.762375 -0.330782 0.556208 -0.698156 -0.450872 0.556141 -0.803619 -0.345368 0.484683 -0.851569 -0.218506 0.476534 -0.786309 -0.315349 0.531294 -0.898431 -0.0697232 0.433544 -0.90199 -0.092586 0.421713 -0.873416 0.00156061 0.486973 -0.871031 -0.00583483 0.491194 -0.895897 -0.0411097 0.442355 -0.878708 0.0107686 0.477238 -0.875991 0.00712964 0.482275 -0.881485 0.0126733 0.472042 -0.884281 0.0125267 0.466788 -0.887029 0.010633 0.461591 -0.894309 -0.00582025 0.447412 -0.892178 0.00153953 0.451681 -0.894731 -0.00762272 0.446541 -0.889672 0.00691325 0.456549 -0.851354 -0.068829 0.520057 -0.816206 -0.183083 0.547985 -0.828524 -0.14051 0.542038 -0.840329 -0.101967 0.532401 -0.86564 -0.450872 0.217672 -0.901668 -0.330782 0.278528 -0.840906 -0.450872 0.299317 -0.917453 -0.345368 0.197487 -0.960159 -0.218506 0.17421 -0.916215 -0.315349 0.247193 -0.990523 -0.0697232 0.118333 -0.990048 -0.092586 0.105987 -0.984211 0.00156061 0.17699 -0.983326 -0.00583483 0.181757 -0.990988 -0.0411097 0.12749 -0.986056 0.0107686 0.166064 -0.985122 0.00712964 0.17171 -0.986995 0.0126733 0.160248 -0.987934 0.0125267 0.15437 -0.988846 0.010633 0.148562 -0.991127 -0.00582025 0.132789 -0.990498 0.00153953 0.137518 -0.991243 -0.00762272 0.131828 -0.989708 0.00691325 0.142936 -0.974087 -0.068829 0.215445 -0.949913 -0.183083 0.253272 -0.959632 -0.14051 0.243648 -0.967668 -0.101967 0.230699 -0.889416 -0.450872 -0.0751946 -0.943251 -0.330782 -0.0293343 -0.892532 -0.450872 0.0100578 -0.931867 -0.345368 -0.11111 -0.964701 -0.218506 -0.146992 -0.946836 -0.315349 -0.063695 -0.975277 -0.0697232 -0.209701 -0.970818 -0.092586 -0.221223 -0.988353 0.00156061 -0.152173 -0.989063 -0.00583483 -0.147377 -0.978689 -0.0411097 -0.201191 -0.98655 0.0107686 -0.163105 -0.987499 0.00712964 -0.157462 -0.98555 0.0126733 -0.168912 -0.984529 0.0125267 -0.174775 -0.983506 0.010633 -0.180565 -0.980542 -0.00582025 -0.196225 -0.981482 0.00153953 -0.191547 -0.980339 -0.00762272 -0.197171 -0.982494 0.00691325 -0.186167 -0.991263 -0.068829 -0.112514 -0.980681 -0.183083 -0.0688867 -0.986748 -0.14051 -0.0811453 -0.990145 -0.101967 -0.0960018 -0.816809 -0.450872 -0.359913 -0.882618 -0.330782 -0.334018 -0.847438 -0.450872 -0.280292 -0.845298 -0.345368 -0.407666 -0.864703 -0.218506 -0.452266 -0.874852 -0.315349 -0.367681 -0.854344 -0.0697232 -0.51501 -0.846386 -0.092586 -0.524461 -0.885391 0.00156046 -0.464845 -0.88762 -0.00583483 -0.46054 -0.860334 -0.0411098 -0.50807 -0.880136 0.0107685 -0.4746 -0.882866 0.00712961 -0.469571 -0.877304 0.0126701 -0.479767 -0.874435 0.0125247 -0.484981 -0.871587 0.0106327 -0.490125 -0.863699 -0.00582025 -0.503974 -0.866108 0.00153982 -0.499855 -0.8632 -0.00762272 -0.504804 -0.868811 0.00691336 -0.495095 -0.901021 -0.068829 -0.42828 -0.905178 -0.183083 -0.383581 -0.906936 -0.14051 -0.397145 -0.905324 -0.101967 -0.4123 -0.655689 -0.450872 -0.60563 -0.72634 -0.330782 -0.602506 -0.710511 -0.450872 -0.540268 -0.667129 -0.345368 -0.660046 -0.671 -0.218506 -0.708529 -0.708064 -0.315349 -0.631823 -0.640829 -0.0697232 -0.764511 -0.630234 -0.092586 -0.770865 -0.686483 0.00156061 -0.727144 -0.689989 -0.00583483 -0.723796 -0.648749 -0.0411097 -0.759891 -0.678345 0.0107686 -0.734665 -0.68256 0.00712964 -0.730795 -0.673989 0.0126733 -0.738632 -0.669582 0.0125267 -0.742632 -0.665219 0.010633 -0.746573 -0.653262 -0.00582025 -0.75711 -0.656877 0.00153953 -0.753996 -0.65252 -0.00762272 -0.757733 -0.66098 0.00691325 -0.750372 -0.713139 -0.068829 -0.697636 -0.731584 -0.183083 -0.656708 -0.728843 -0.14051 -0.670108 -0.722398 -0.101967 -0.683918 -0.423514 -0.450872 -0.785717 -0.491352 -0.330782 -0.805703 -0.496589 -0.450872 -0.741697 -0.416665 -0.345368 -0.840899 -0.404585 -0.218506 -0.888013 -0.464547 -0.315349 -0.827497 -0.357871 -0.0697232 -0.931164 -0.345787 -0.092586 -0.933734 -0.413184 0.00156061 -0.910646 -0.417587 -0.00583483 -0.908618 -0.366862 -0.0411097 -0.929367 -0.403045 0.0107686 -0.915117 -0.408289 0.00712964 -0.912825 -0.397637 0.0126733 -0.917455 -0.39217 0.0125267 -0.919807 -0.386764 0.010633 -0.922118 -0.372033 -0.00582025 -0.928201 -0.376463 0.00153953 -0.92643 -0.37113 -0.00762272 -0.92855 -0.381521 0.00691325 -0.924334 -0.447977 -0.068829 -0.891392 -0.478712 -0.183083 -0.858671 -0.471768 -0.14051 -0.870455 -0.461188 -0.101967 -0.881424 -0.145445 -0.450872 -0.880659 -0.203118 -0.330782 -0.921589 -0.228854 -0.450872 -0.862752 -0.12105 -0.345368 -0.930628 -0.0943258 -0.218506 -0.971266 -0.170689 -0.315349 -0.933499 -0.0361323 -0.0697232 -0.996912 -0.023868 -0.092586 -0.995419 -0.0951101 0.00156061 -0.995466 -0.0999334 -0.00583483 -0.994977 -0.0452193 -0.0411097 -0.998131 -0.0840692 0.0107686 -0.996402 -0.0897726 0.00712964 -0.995937 -0.078195 0.0126733 -0.996858 -0.0722603 0.0125267 -0.997307 -0.0663968 0.010633 -0.997737 -0.0504886 -0.00582025 -0.998708 -0.0552539 0.00153953 -0.998471 -0.0495212 -0.00762272 -0.998744 -0.0607181 0.00691325 -0.998131 -0.13427 -0.068829 -0.988552 -0.173964 -0.183083 -0.967583 -0.16357 -0.14051 -0.976474 -0.150002 -0.101967 -0.983414 0.148385 -0.450872 -0.880168 0.107127 -0.330782 -0.937607 0.0636813 -0.450872 -0.890314 0.187683 -0.345368 -0.919509 0.226155 -0.218506 -0.949268 0.141667 -0.315349 -0.938342 0.289522 -0.0697232 -0.954629 0.300637 -0.092586 -0.949234 0.23327 0.00156061 -0.972411 0.22855 -0.00583483 -0.973515 0.281323 -0.0411097 -0.958732 0.244017 0.0107686 -0.969711 0.238472 0.00712964 -0.971123 0.249721 0.0126733 -0.968235 0.25548 0.0125267 -0.966733 0.261165 0.010633 -0.965236 0.276527 -0.00582025 -0.960989 0.271943 0.00153953 -0.962312 0.277454 -0.00762272 -0.960709 0.266664 0.00691325 -0.963765 0.193988 -0.068829 -0.978586 0.149635 -0.183083 -0.971643 0.162353 -0.14051 -0.976677 0.177439 -0.101967 -0.978835 0.426135 -0.450872 -0.784298 0.405763 -0.330782 -0.852021 0.349315 -0.450872 -0.821397 0.476078 -0.345368 -0.808746 0.522128 -0.218506 -0.824401 0.43867 -0.315349 -0.841501 0.583802 -0.0697232 -0.808896 0.592564 -0.092586 -0.800185 0.536372 0.0015605 -0.84398 0.532266 -0.00583486 -0.846557 0.57738 -0.0411097 -0.81544 0.54566 0.0107688 -0.837937 0.540874 0.00712954 -0.841074 0.550576 0.012674 -0.834689 0.555535 0.0125266 -0.831399 0.560426 0.010633 -0.828136 0.573576 -0.00582115 -0.819132 0.56967 0.00153756 -0.821872 0.574362 -0.00762272 -0.818566 0.56515 0.00691325 -0.824959 0.501223 -0.068829 -0.862576 0.45702 -0.183083 -0.87041 0.470683 -0.14051 -0.871042 0.485652 -0.101967 -0.868185 0.657707 -0.450872 -0.603436 0.660429 -0.330782 -0.674105 0.597096 -0.450872 -0.663469 0.712882 -0.345368 -0.610344 0.76152 -0.218506 -0.610199 0.688136 -0.315349 -0.65347 0.814819 -0.0697232 -0.575508 0.820277 -0.092586 -0.564424 0.78135 0.00156046 -0.624091 0.778303 -0.00583483 -0.627862 0.810869 -0.0411098 -0.583782 0.788173 0.0107685 -0.61536 0.784664 0.00712961 -0.61988 0.791767 0.0126701 -0.610692 0.795389 0.0125247 -0.605969 0.798956 0.0106327 -0.601295 0.80847 -0.00582025 -0.588509 0.805665 0.00153982 -0.592369 0.809029 -0.00762272 -0.587719 0.802392 0.00691336 -0.596757 0.754144 -0.068829 -0.653093 0.714879 -0.183083 -0.674855 0.728007 -0.14051 -0.671016 0.741238 -0.101967 -0.663453 0.818006 -0.450872 -0.357183 0.843526 -0.330782 -0.423139 0.780172 -0.450872 -0.433644 0.872435 -0.345368 -0.345801 0.91839 -0.218506 -0.329871 0.863033 -0.315349 -0.394626 0.957537 -0.0697232 -0.279754 0.9591 -0.092586 -0.267498 0.941656 0.00156046 -0.336572 0.939999 -0.00583483 -0.341128 0.956488 -0.0411098 -0.288862 0.945274 0.0107685 -0.326099 0.943424 0.00712961 -0.331514 0.947158 0.0126701 -0.320516 0.949051 0.0125247 -0.314874 0.950907 0.0106327 -0.309295 0.955753 -0.00582025 -0.294112 0.954354 0.00153982 -0.298674 0.956026 -0.00762272 -0.293183 0.952683 0.00691336 -0.303887 0.925341 -0.068829 -0.372836 0.89527 -0.183083 -0.406169 0.90644 -0.14051 -0.398275 0.916498 -0.101967 -0.386826 0.889662 -0.450872 -0.072224 0.935215 -0.330782 -0.12632 0.878704 -0.450872 -0.156827 0.937445 -0.345368 -0.0437857 0.975738 -0.218506 -0.0137971 0.944406 -0.315349 -0.0930178 0.996491 -0.0697232 0.0463154 0.99399 -0.092586 0.0584146 0.99992 0.00156046 -0.0125803 0.999831 -0.00583483 -0.0174275 0.998456 -0.0411098 0.0373601 0.999941 0.0107685 -0.00149986 0.999949 0.00712961 -0.00722222 0.99991 0.0126701 0.00439196 0.999868 0.0125247 0.0103432 0.999812 0.0106327 0.0162225 0.999466 -0.00582025 0.0321565 0.999624 0.00153982 0.0273877 0.999422 -0.00762272 0.0331236 0.999736 0.00691336 0.0219143 0.996263 -0.068829 -0.0521772 0.978644 -0.183083 -0.0934677 0.986647 -0.14051 -0.0823749 0.992442 -0.101967 -0.06828 0.864909 -0.450872 0.220562 0.925558 -0.330782 0.184188 0.882015 -0.450872 0.136985 0.900869 -0.345368 0.262975 0.92735 -0.218506 0.303772 0.923438 -0.315349 0.21867 0.927459 -0.0697232 0.367366 0.921165 -0.092586 0.377997 0.949826 0.00156046 0.312775 0.951316 -0.00583483 0.308161 0.932226 -0.0411098 0.359534 0.946248 0.0107685 0.323262 0.948114 0.00712961 0.317852 0.944306 0.0126701 0.328824 0.942334 0.0125247 0.334439 0.940372 0.0106327 0.339982 0.934871 -0.00582025 0.35494 0.936569 0.00153982 0.350481 0.934516 -0.00762272 0.355841 0.938452 0.00691336 0.345341 0.959225 -0.068829 0.274136 0.955967 -0.183083 0.229362 0.959934 -0.14051 0.242452 0.960839 -0.101967 0.257665 0.642973 0.0742251 0.762284 0.666205 0.109984 0.737614 0.647338 0.064838 0.75944 0.681013 0.342319 0.647333 0.711231 0.336863 0.616987 0.687765 0.218715 0.692201 0.738 0.329874 0.588676 0.665517 0.450094 0.5954 0.717963 0.450094 0.530984 0.746617 0.183391 0.639477 0.714799 0.129098 0.687311 0.744919 0.14378 0.651478 0.689577 0.130041 0.712441 0.739833 0.106988 0.664229 0.746429 -0.450872 0.489447 0.815603 -0.330782 0.474737 0.789745 -0.450872 0.415953 0.76667 -0.345368 0.541238 0.778469 -0.218506 0.588423 0.802402 -0.315349 0.506662 0.757924 -0.0697232 0.648607 0.748519 -0.092586 0.656618 0.796804 0.00156046 0.604236 0.799711 -0.00583483 0.600356 0.764975 -0.0411098 0.642747 0.790015 0.0107685 0.612993 0.793536 0.00712961 0.608482 0.786372 0.0126701 0.617623 0.782683 0.0125247 0.622294 0.779028 0.0106327 0.626899 0.768968 -0.00582025 0.639261 0.772022 0.00153982 0.635594 0.76834 -0.00762272 0.639997 0.775472 0.00691336 0.631344 0.818239 -0.068829 0.570742 0.829697 -0.183083 0.527337 0.829198 -0.14051 0.541005 0.825114 -0.101967 0.555688 -0.422844 0.0822835 -0.902459 -0.565617 -0.0822835 -0.820553 -0.422844 -0.0822835 -0.902459 -0.198676 0.675523 -0.710068 -0.31284 0.675523 -0.667682 -0.354226 0.55043 -0.75601 -0.565617 0.0822835 -0.820553 -0.411111 0.247235 -0.877418 -0.549922 0.247235 -0.797785 -0.549922 -0.247235 -0.797785 -0.411111 -0.247235 -0.877418 -0.387772 -0.405832 -0.827607 -0.518703 -0.405832 -0.752494 -0.0793935 -0.918336 -0.387757 -0.0549952 -0.858576 -0.509728 -0.138144 -0.858576 -0.493724 0.0426471 -0.675523 -0.736105 0.0482888 -0.55043 -0.833483 -0.0790933 -0.675523 -0.733085 -0.217524 -0.858576 -0.464253 -0.136299 -0.918336 -0.371593 -0.19016 -0.918336 -0.347128 -0.290971 -0.858576 -0.422118 -0.224959 -0.55043 -0.804002 -0.31284 -0.675523 -0.667682 -0.198676 -0.675523 -0.710068 -0.239772 -0.918336 -0.314909 -0.592916 -0.675523 -0.438314 -0.560168 -0.777655 -0.28542 -0.505549 -0.777655 -0.373728 -0.863346 -0.247235 -0.439897 -0.814333 -0.405832 -0.414924 -0.779166 -0.247235 -0.575999 -0.356481 -0.858576 -0.368468 -0.284029 -0.918336 -0.275656 -0.456807 -0.858576 -0.232755 -0.656974 -0.675523 -0.334745 -0.352661 -0.918336 -0.17969 -0.321941 -0.918336 -0.230244 -0.412267 -0.858576 -0.304768 -0.246264 -0.405832 -0.880145 -0.261086 -0.247235 -0.933118 -0.412267 0.858576 -0.304768 -0.505549 0.777655 -0.373728 -0.356481 0.858576 -0.368469 -0.656974 0.675523 -0.334745 -0.560168 0.777655 -0.28542 -0.354226 -0.55043 -0.75601 -0.592916 0.675523 -0.438314 -0.437141 0.777655 -0.451841 -0.169401 -0.777655 -0.605439 -0.0674388 -0.777655 -0.625064 -0.321941 0.918336 -0.230244 -0.456807 0.858576 -0.232755 0.036363 -0.777655 -0.627639 -0.284029 0.918336 -0.275656 -0.0207146 -0.918336 -0.395259 0.0296534 -0.858576 -0.511828 -0.352661 0.918336 -0.17969 0.0384269 -0.918336 -0.393931 0.113493 -0.858576 -0.499967 0.0967102 -0.918336 -0.383804 0.194237 -0.858576 -0.474467 0.152833 -0.918336 -0.365103 0.269683 -0.858576 -0.436026 0.205542 -0.918336 -0.338247 0.163224 -0.675523 -0.719046 0.139173 -0.777655 -0.613093 0.279349 -0.675523 -0.682373 0.792758 -0.405832 -0.454791 0.645919 -0.55043 -0.528976 0.724176 -0.55043 -0.415446 0.856802 -0.405832 -0.318104 0.908371 -0.247235 -0.33725 0.840472 -0.247235 -0.482163 0.70709 -0.405832 -0.579072 0.934295 -0.0822836 -0.346875 0.771042 0.0822835 -0.631445 0.864459 0.0822836 -0.495924 0.840472 0.247235 -0.482163 0.968657 0.247235 -0.0240295 0.951491 0.247235 -0.183138 0.978646 0.0822836 -0.188364 0.414199 -0.777655 -0.472961 0.486397 -0.777655 -0.398335 0.570454 -0.675523 -0.467174 0.897475 0.405832 -0.172741 0.913667 0.405832 -0.0226653 0.826649 0.55043 0.116952 0.834624 0.55043 -0.0207045 0.622492 0.777655 0.0880686 0.628498 0.777655 -0.0155911 0.737112 0.675523 -0.0182855 0.330703 -0.777655 -0.534685 0.485779 -0.675523 -0.554696 0.703111 0.675523 0.222045 0.560168 0.777655 0.28542 0.599507 0.777655 0.189326 0.396648 -0.858576 -0.324835 0.337772 -0.858576 -0.385691 0.456807 0.858576 0.232755 0.488887 0.858576 0.154392 0.352661 0.918336 0.17969 0.375504 0.918336 0.125122 0.253659 -0.918336 -0.303835 0.29611 -0.918336 -0.262635 0.331947 -0.918336 -0.215569 0.360368 -0.918336 -0.163687 0.444704 -0.858576 -0.255119 0.48063 -0.858576 -0.178443 0.380739 -0.918336 -0.108149 0.392605 -0.918336 -0.0501944 0.503446 -0.858576 -0.0969004 0.512529 -0.858576 -0.0127143 0.395701 -0.918336 0.00888094 0.507631 -0.858576 0.0718184 0.389958 -0.918336 0.0677579 0.488887 -0.858576 0.154392 0.375504 -0.918336 0.125122 0.456807 -0.858576 0.232755 0.352661 -0.918336 0.17969 -0.437141 -0.777655 -0.451841 -0.266743 -0.777655 -0.569299 -0.356808 -0.777655 -0.51763 0.238187 -0.777655 -0.581825 0.545327 -0.777655 -0.312844 0.589382 -0.777655 -0.218819 0.628498 -0.777655 -0.0155911 0.61736 -0.777655 -0.118826 0.622492 -0.777655 0.0880686 0.599507 -0.777655 0.189326 0.560168 -0.777655 0.28542 -0.671353 -0.55043 -0.496298 -0.512686 -0.675523 -0.529927 -0.41847 -0.675523 -0.607084 0.387854 -0.675523 -0.627087 0.639568 -0.675523 -0.366908 0.691236 -0.675523 -0.256635 0.737112 -0.675523 -0.0182855 0.724049 -0.675523 -0.139361 0.730069 -0.675523 0.103288 0.703111 -0.675523 0.222045 0.656974 -0.675523 0.334745 -0.743884 -0.55043 -0.379028 -0.734933 -0.405832 -0.5433 -0.580509 -0.55043 -0.60003 -0.473829 -0.55043 -0.687395 -0.0895565 -0.55043 -0.830064 0.316304 -0.55043 -0.772644 0.346259 -0.405832 -0.845816 0.184817 -0.55043 -0.814168 0.439163 -0.55043 -0.710044 0.550043 -0.55043 -0.628076 0.782679 -0.55043 -0.290585 0.834624 -0.55043 -0.0207045 0.819833 -0.55043 -0.157797 0.826649 -0.55043 0.116952 0.743884 -0.55043 0.379028 0.796125 -0.55043 0.251419 -0.814333 0.405832 -0.414924 -0.671353 0.55043 -0.496298 -0.743884 0.55043 -0.379028 -0.887985 -0.0822836 -0.452451 -0.801403 -0.0822836 -0.592438 -0.635485 -0.405832 -0.656856 -0.0980379 -0.405832 -0.908674 0.052862 -0.405832 -0.912418 0.20232 -0.405832 -0.891273 0.602134 -0.405832 -0.687557 0.638375 -0.247235 -0.728939 0.480754 -0.405832 -0.777288 0.913667 -0.405832 -0.0226653 0.897475 -0.405832 -0.172741 0.904936 -0.405832 0.128028 0.871521 -0.405832 0.27523 0.814333 -0.405832 0.414924 -0.673733 -0.247235 -0.69639 -0.268537 -0.0822836 -0.959749 -0.268537 0.0822835 -0.959749 -0.103938 -0.247235 -0.963365 0.0560436 -0.247235 -0.967333 0.214497 -0.247235 -0.944916 0.3671 -0.247235 -0.896723 0.509689 -0.247235 -0.824071 0.864459 -0.0822836 -0.495924 0.749648 -0.247235 -0.613924 0.978646 -0.0822836 -0.188364 0.996302 0.0822836 -0.0247153 0.968657 -0.247235 -0.0240295 0.951491 -0.247235 -0.183138 0.959401 -0.247235 0.135734 0.863346 -0.247235 0.439897 0.923975 -0.247235 0.291795 -0.801403 0.0822836 -0.592438 -0.692961 -0.0822836 -0.716264 -0.106905 -0.0822836 -0.990859 0.057643 -0.0822836 -0.994941 0.220619 -0.0822836 -0.971883 0.377576 -0.0822836 -0.922315 0.524235 -0.0822836 -0.847589 0.656594 -0.0822835 -0.749743 0.771042 -0.0822835 -0.631445 0.908371 0.247235 -0.33725 0.934295 0.0822836 -0.346875 0.996302 -0.0822836 -0.0247153 0.986782 -0.0822836 0.139607 0.887985 -0.0822835 0.452451 0.950345 -0.0822835 0.300123 -0.887985 0.0822836 -0.452451 -0.779166 0.247235 -0.575999 -0.692961 0.0822836 -0.716264 -0.103938 0.247235 -0.963365 -0.106905 0.0822836 -0.990859 0.0560436 0.247235 -0.967333 0.057643 0.0822836 -0.994941 0.220619 0.0822836 -0.971883 0.377576 0.0822836 -0.922315 0.524235 0.0822836 -0.847589 0.656594 0.0822835 -0.749743 0.986782 0.0822836 0.139607 0.950345 0.0822835 0.300123 0.887985 0.0822835 0.452451 -0.863346 0.247235 -0.439897 -0.734933 0.405832 -0.543299 -0.673733 0.247235 -0.69639 -0.261086 0.247235 -0.933118 0.214497 0.247235 -0.944916 0.346259 0.405832 -0.845816 0.20232 0.405832 -0.891273 0.3671 0.247235 -0.896723 0.509689 0.247235 -0.824071 0.638375 0.247235 -0.728939 0.749648 0.247235 -0.613924 0.796125 0.55043 0.251419 0.656974 0.675523 0.334745 0.959401 0.247235 0.135734 0.923975 0.247235 0.291795 0.863346 0.247235 0.439897 -0.518703 0.405832 -0.752494 -0.387772 0.405832 -0.827607 -0.246264 0.405832 -0.880145 -0.0980379 0.405832 -0.908674 0.052862 0.405832 -0.912418 0.480754 0.405832 -0.777288 0.602134 0.405832 -0.687557 0.645919 0.55043 -0.528976 0.550043 0.55043 -0.628076 0.70709 0.405832 -0.579072 0.792758 0.405832 -0.454791 0.856802 0.405832 -0.318104 0.904936 0.405832 0.128028 0.871521 0.405832 0.27523 0.814333 0.405832 0.414924 -0.635485 0.405832 -0.656856 -0.473829 0.55043 -0.687395 -0.580509 0.55043 -0.60003 -0.224959 0.55043 -0.804002 -0.0895565 0.55043 -0.830064 0.0482888 0.55043 -0.833483 0.184817 0.55043 -0.814168 0.316304 0.55043 -0.772644 0.439163 0.55043 -0.710044 0.724176 0.55043 -0.415446 0.782679 0.55043 -0.290585 0.724049 0.675523 -0.139361 0.691236 0.675523 -0.256635 0.819833 0.55043 -0.157797 0.743884 0.55043 0.379028 -0.41847 0.675523 -0.607084 -0.512686 0.675523 -0.529927 -0.0790933 0.675523 -0.733085 0.036363 0.777655 -0.627639 0.0426471 0.675523 -0.736105 0.163224 0.675523 -0.719046 0.279349 0.675523 -0.682373 0.387854 0.675523 -0.627087 0.485779 0.675523 -0.554696 0.570454 0.675523 -0.467174 0.639568 0.675523 -0.366908 0.730069 0.675523 0.103288 -0.356808 0.777655 -0.51763 -0.266743 0.777655 -0.569299 -0.169401 0.777655 -0.605439 -0.0674388 0.777655 -0.625064 0.139173 0.777655 -0.613094 0.194237 0.858576 -0.474467 0.269683 0.858576 -0.436026 0.205542 0.918336 -0.338247 0.238187 0.777655 -0.581824 0.330703 0.777655 -0.534685 0.414199 0.777655 -0.472961 0.486397 0.777655 -0.398335 0.545327 0.777655 -0.312844 0.589382 0.777655 -0.218819 0.61736 0.777655 -0.118826 -0.290971 0.858576 -0.422118 -0.217524 0.858576 -0.464253 -0.138144 0.858576 -0.493724 -0.0549951 0.858576 -0.509728 0.0296534 0.858576 -0.511828 0.113493 0.858576 -0.499967 0.337772 0.858576 -0.385691 0.396648 0.858576 -0.324835 0.444704 0.858576 -0.255119 0.48063 0.858576 -0.178443 0.503446 0.858576 -0.0969004 0.512529 0.858576 -0.0127143 0.507631 0.858576 0.0718184 -0.239772 0.918336 -0.314909 -0.19016 0.918336 -0.347128 -0.136299 0.918336 -0.371593 -0.0793935 0.918336 -0.387757 -0.0207146 0.918336 -0.395259 0.0384269 0.918336 -0.393931 0.0967102 0.918336 -0.383804 0.152833 0.918336 -0.365103 0.253659 0.918336 -0.303835 0.29611 0.918336 -0.262635 0.331947 0.918336 -0.215569 0.360368 0.918336 -0.163687 0.380739 0.918336 -0.108149 0.392605 0.918336 -0.0501944 0.395701 0.918336 0.00888094 0.389958 0.918336 0.0677579 0 -1 0 0 -1 0 0 -1 0 0 -1 0 0 -1 0 0 -1 0 0 -1 0 0 -1 0 0 -1 0 0 -1 0 0 -1 0 0 -1 0 0 -1 0 0 -1 0 0 -1 0 0 -1 0 0 -1 0 0 -1 0 0 -1 0 0 -1 0 0 -1 0 0 -1 0 0 -1 0 0 -1 0 0 -1 0 0 -1 0 0 -1 0 0 -1 0 0 -1 0 0 -1 0 0 -1 0 0 -1 0 0 -1 0 0 -1 0 0 -1 0 0 -1 0 0 -1 0 0 -1 0 0 -1 0 0 -1 0 0 -1 0 0 -1 0 0 -1 0 0 -1 0 0 -1 0 0 -1 0 0 -1 0 0 -1 0 0 -1 0 0 -1 0 0 -1 0 0 -1 0 0 -1 0 0 -1 0 0 -1 0 0 -1 0 0 -1 0 0 -1 0 0 -1 0 0 -1 0 0 -1 0 0 -1 0 0 -1 0 0 -1 0 0 -1 0 0 -1 0 0 -1 0 0 -1 0 0 -1 0 0 -1 0 0 -1 0 0 -1 0 0 -1 0 0 -1 0 0 -1 0 0 -1 0 0 -1 0 0 -1 0 0 -1 0 0 -1 0 0 1 0 0 1 0 0 1 0 0 1 0 0 1 0 0 1 0 0 1 0 0 1 0 0 1 0 0 1 0 0 1 0 0 1 0 0 1 0 0 1 0 0 1 0 0 1 0 0 1 0 0 1 0 0 1 0 0 1 0 0 1 0 0 1 0 0 1 0 0 1 0 0 1 0 0 1 0 0 1 0 0 1 0 0 1 0 0 1 0 0 1 0 0 1 0 0 1 0 0 1 0 0 1 0 0 1 0 0 1 0 0 1 0 0 1 0 0 1 0 0 1 0 0 1 0 0 1 0 0 1 0 0 1 0 0 1 0 0 1 0 0 1 0 0 1 0 0 1 0 0 1 0 0 1 0 0 1 0 0 1 0 0 1 0 0 1 0 0 1 0 0 1 0 0 1 0 0 1 0 0 1 0 0 1 0 0 1 0 0 1 0 0 1 0 0 1 0 0 1 0 0 1 0 0 1 0 0 1 0 0 1 0 0 1 0 0 1 0 0 1 0 0 1 0 0 1 0 0 1 0 0 1 0 0 1 0 0 1 0 0.0675079 0.997711 0.00392178 3.04631e-06 1 -2.39749e-07 0.0675278 0.997711 -0.00356423 0.0508644 0.997711 0.0445591 2.50004e-06 1 1.75706e-06 0.0554781 0.997711 0.0386637 2.16073e-06 1 2.16073e-06 0.0478158 0.997711 0.0478158 2.76491e-06 1 1.30107e-06 2.94743e-06 1 8.06324e-07 0.0625768 0.997711 0.0256291 0.0602514 0.997711 0.0306996 0.0650262 0.997711 0.0185551 0.0666698 0.997711 0.0113067 3.04217e-06 1 2.87569e-07 0.0667287 0.997711 -0.0109535 2.95973e-06 1 -7.59929e-07 2.785e-06 1 -1.25748e-06 2.52734e-06 1 -1.71758e-06 0.0595566 0.997711 -0.0320268 0.0651236 0.997711 -0.0182105 0.0556821 0.997711 -0.0383694 0.0510997 0.997711 -0.0442891 0.0339503 0.997711 -0.0584814 0.0402065 0.997711 -0.0543704 1.79611e-06 1 -2.47214e-06 0.0459305 0.997711 -0.0496295 2.1944e-06 1 -2.12652e-06 0.0273272 0.997711 -0.0618541 1.34434e-06 1 -2.74413e-06 8.52521e-07 1 -2.9344e-06 -0.0138758 0.997711 0.0661766 3.35319e-07 1 -3.03728e-06 0.020374 0.997711 -0.0644795 -1.91871e-07 1 -3.0497e-06 -0.00166639 0.997711 -0.0676012 0.00576258 0.997711 -0.0673758 0.00836356 0.997711 0.0670964 -7.13346e-07 1 -2.9713e-06 -0.00912845 0.997711 -0.0670028 -0.0235262 0.997711 -0.0633973 -0.0164265 0.997711 -0.0655963 -1.67767e-06 1 -2.554e-06 -0.0303896 0.997711 -0.0604084 -1.21358e-06 1 -2.80441e-06 0.0192932 0.997711 0.0648047 -0.0428365 0.997711 -0.0523233 -2.09179e-06 1 -2.22753e-06 -0.0368356 0.997711 -0.0567084 0.0392899 0.997711 0.0550289 0.0478115 0.997711 0.0478115 -2.44362e-06 1 -1.83472e-06 -0.0483576 0.997711 -0.0472678 -0.0532529 0.997711 -0.0416753 0.0547022 0.997711 0.0397435 0.060246 0.997711 0.0306969 -2.72268e-06 1 -1.38727e-06 -0.0575049 0.997711 -0.0355793 -0.0602514 0.997711 -0.0306996 0.0131219 0.997711 -0.0663364 0.0627116 0.997711 -0.0252973 -0.0550289 0.997711 -0.0392899 -0.0478115 0.997711 -0.0478115 0.0296966 0.997711 0.0607453 -0.00279422 0.997711 0.0675579 -0.0245788 0.997711 0.0629902 -0.0346114 0.997711 0.0580855 -0.0437 0.997711 0.0515964 -0.0515964 0.997711 0.0436999 -0.0580855 0.997711 0.0346114 -0.0629901 0.997711 0.0245788 -0.0661766 0.997711 0.0138758 -0.0675579 0.997711 0.00279422 -0.0670964 0.997711 -0.00836356 -0.0648047 0.997711 -0.0192932 -0.0607453 0.997711 -0.0296966 0.41336 -0.0201012 0.910346 0.451641 -0.101611 0.886395 0.310877 -0.115479 0.943409 0.265171 0.0114308 0.964134 0.294366 0.0838183 0.95201 0.270878 0.0021514 0.962611 -0.364075 0.250619 0.897017 -0.374754 0.0838183 0.923328 -0.454251 0.173705 0.873775 0.246451 0.0207622 0.968933 0.161813 0.115479 0.980041 0.440839 0.0101712 0.897529 0.453392 0.0513207 0.889832 -0.0426759 0.0838183 0.995567 -0.0685291 0.0173714 0.997498 -0.0749863 0.0204576 0.996975 0.259071 0.0173683 0.965702 0.391592 0.0101712 0.920083 0.27601 -0.0101712 0.961101 0.416382 -0.398521 0.817195 0.38485 -0.530469 0.75531 0.342495 -0.437147 0.831625 0.34167 -0.307503 0.88809 0.336618 -0.239111 0.910777 0.326178 -0.174384 0.929084 0.439145 -0.253637 0.86187 0.419254 -0.0204578 0.907638 0.425101 -0.0170999 0.904985 0.430774 -0.0111805 0.902391 0.436101 -0.00218286 0.899895 0.336218 -0.554197 0.761461 0.346521 -0.646071 0.680085 0.323081 -0.656573 0.681565 0.303888 -0.742929 0.596413 -0.0122917 -0.115479 0.993234 -0.0510135 -0.0101712 0.998646 0.0769036 -0.00217122 0.997036 0.407534 -0.0170012 0.913032 0.401823 -0.0114049 0.915647 0.396474 -0.00217113 0.918043 0.252794 0.0204549 0.967304 -0.129096 0.238402 0.962548 -0.0414598 0.250619 0.967198 -0.145925 0.173706 0.973926 0.223142 -0.0101713 0.974733 0.125526 0.0101712 0.992038 0.228348 0.00225847 0.973577 0.120276 -0.00218295 0.992738 0.127715 -0.0838183 0.988263 0.114428 -0.0111806 0.993369 -0.0622496 0.0114316 0.997995 -0.056358 0.00215175 0.998408 0.071624 0.0101712 0.99738 0.124076 -0.250619 0.960102 0.00683105 -0.174381 0.984654 0.18199 -0.123655 0.975494 0.221504 -0.248529 0.942958 0.254902 -0.367697 0.894329 0.116955 -0.409015 0.905002 0.24323 -0.692087 0.679598 0.227856 -0.774099 0.590637 0.163004 -0.774099 0.61172 0.0962614 -0.774098 0.625704 0.0876218 -0.684381 0.72384 -0.377487 0.00215122 0.926012 -0.382925 0.0114308 0.923709 0.256736 -0.48739 0.834588 0.0347954 -0.307503 0.950911 0.0305051 0.123655 0.991856 0.0889916 -0.0170015 0.995887 -0.165173 0.11548 0.979481 -0.0815137 0.0207623 0.996456 0.0781219 0.262755 0.961695 -0.194089 0.367697 0.909466 -0.343181 0.409015 0.845537 -0.157543 0.527898 0.834568 -0.388703 0.0173707 0.921199 -0.39464 0.020457 0.918608 -0.256105 0.0101712 0.966595 -0.293203 0.123655 0.94802 -0.372509 -0.0101713 0.927973 -0.251052 -0.00207536 0.967971 -0.334128 -0.115479 0.935427 -0.211817 -0.0838183 0.973708 -0.205781 -0.250619 0.945962 -0.313253 -0.17439 0.93352 -0.144613 -0.123655 0.981731 -0.0968275 -0.248135 0.963874 -0.152156 -0.684382 0.713071 -0.194536 -0.57608 0.793907 -0.0316455 -0.673792 0.738243 -0.00822546 -0.596362 0.802674 0.00938647 -0.692088 0.721752 -0.0444524 -0.774099 0.631502 -0.11212 -0.774098 0.623058 0.0237307 -0.774099 0.632619 -0.0281646 -0.48739 0.87273 -0.193971 -0.409015 0.891673 -0.556082 0.0101712 0.831065 -0.657709 0.00215175 0.753269 -0.662105 0.0114312 0.749324 -0.0492972 -0.367697 0.928638 -0.275851 -0.307504 0.910685 -0.239278 -0.0176746 0.97079 -0.105444 -0.0101712 0.994373 -0.214263 -0.0114421 0.976709 -0.434639 0.238402 0.868477 -0.57865 0.673792 0.45953 -0.455053 0.774099 0.440111 -0.549266 0.663803 0.507615 -0.666755 0.0173685 0.745075 -0.663243 0.0838183 0.743695 -0.500604 0.774099 0.387513 -0.653638 -0.0101713 0.756739 -0.551704 -0.00217131 0.834037 -0.599394 -0.174388 0.781227 -0.526713 -0.0838183 0.845901 -0.511704 -0.250619 0.821796 -0.619757 -0.115479 0.776251 -0.40455 -0.248137 0.880209 -0.455545 -0.123655 0.881583 -0.277891 -0.673792 0.684676 -0.268407 -0.596362 0.756511 -0.225474 -0.692088 0.685693 -0.308351 -0.774099 0.552893 -0.375445 -0.684382 0.625029 -0.247092 -0.774099 0.582852 -0.182966 -0.7741 0.606047 -0.310013 -0.487391 0.816298 -0.441776 -0.57608 0.687725 -0.348154 -0.367697 0.862315 -0.503608 -0.449529 0.737769 -0.795798 0.0101712 0.605476 -0.863935 -0.0101712 0.503501 -0.866659 0.00215166 0.498897 -0.546772 -0.011405 0.837204 -0.51984 -0.0111806 0.854191 -0.422603 -0.0101712 0.906258 -0.671529 0.020455 0.740696 -0.693084 0.238402 0.680294 -0.644344 0.250619 0.722503 -0.713353 0.173705 0.678936 -0.585138 0.123655 0.801451 -0.956167 0.250619 0.151442 -0.954017 0.123655 0.273058 -0.984213 0.0838183 0.155884 -0.684327 0.663803 0.301764 -0.699423 0.673792 0.238351 -0.573301 0.774099 0.268509 -0.869535 0.0114312 0.493738 -0.872554 0.0173686 0.488209 -0.87459 0.0838183 0.477563 -0.717112 -0.123655 0.685901 -0.772936 -0.0170997 0.634254 -0.769029 -0.0111805 0.639117 -0.792623 -0.00217105 0.609708 -0.820581 -0.174389 0.544275 -0.780346 -0.0838183 0.619705 -0.75811 -0.250619 0.602046 -0.838225 -0.115479 0.532957 -0.668433 -0.248138 0.70116 -0.491815 -0.673792 0.551473 -0.499503 -0.596363 0.62837 -0.435901 -0.692089 0.575329 -0.471168 -0.774099 0.422814 -0.558049 -0.684383 0.469256 -0.422955 -0.774099 0.47104 -0.369835 -0.7741 0.513801 -0.558267 -0.487391 0.671407 -0.641143 -0.576081 0.507017 -0.609284 -0.367697 0.702547 -0.715874 -0.44953 0.534273 -0.949278 0.0101712 0.314275 -0.980611 -0.0101712 0.195701 -0.981692 0.00215175 0.190461 -0.788986 -0.011405 0.614305 -0.875647 0.020455 0.482518 -0.876422 0.238402 0.418389 -0.849668 0.250619 0.463954 -0.895152 0.173705 0.410524 -0.813664 0.123655 0.568032 -0.598216 0.7741 -0.20714 -0.617336 0.7741 -0.140237 -0.725377 0.663804 -0.182188 -0.964881 0.262683 -0.00158712 -0.990988 0.123655 -0.0515059 -0.951452 0.250619 -0.178684 -0.982738 0.0114313 0.184649 -0.983798 0.0173687 0.178439 -0.900968 -0.123655 0.415891 -0.936998 -0.0170999 0.348916 -0.934881 -0.0111806 0.354784 -0.947648 -0.00217105 0.319308 -0.952846 -0.174388 0.248342 -0.943216 -0.0838183 0.321431 -0.916339 -0.250619 0.312272 -0.965859 -0.115479 0.231909 -0.859881 -0.24814 0.446129 -0.771032 -0.576081 0.271366 -0.732118 -0.551534 0.399767 -0.648535 -0.673792 0.354127 -0.676469 -0.596364 0.432134 -0.599091 -0.692089 0.402619 -0.582926 -0.774099 0.246917 -0.680179 -0.684383 0.262632 -0.552985 -0.7741 0.308184 -0.516627 -0.7741 0.365876 -0.746024 -0.487392 0.453759 -0.804387 -0.367698 0.466647 -0.850563 -0.449531 0.272881 -0.945701 -0.0114051 0.324837 -0.984876 0.0204552 0.172051 -0.964786 0.238402 0.111146 -0.979947 0.173705 0.0976252 -0.620735 0.238403 -0.746895 -0.760451 0.262668 -0.593902 -0.750393 0.123655 -0.649323 -0.626917 0.663805 -0.407846 -0.638147 0.551534 -0.537196 -0.565292 0.673792 -0.475867 -0.999425 -0.0111806 0.0320052 -0.987191 -0.123655 0.100813 -0.999522 -0.0171001 0.0257678 -0.988432 0.0173688 -0.150668 -0.987377 0.0204552 -0.15706 -0.97936 0.0838183 -0.183925 -0.999981 -0.00217113 -0.00569343 -0.991023 -0.0101713 -0.133307 -0.999888 0.0101712 -0.0109834 -0.990344 0.00215175 -0.138614 -0.981855 -0.174383 -0.0745041 -0.996379 -0.0838183 -0.0142291 -0.967987 -0.250619 -0.0138237 -0.958148 -0.248141 0.142754 -0.817368 -0.576082 0.00630919 -0.823883 -0.551534 0.13049 -0.729824 -0.673792 0.115593 -0.780129 -0.596365 0.189071 -0.697361 -0.69209 0.186279 -0.631515 -0.774099 0.0442624 -0.728601 -0.684384 0.0275484 -0.623089 -0.7741 0.111932 -0.607434 -0.7741 0.178303 -0.852937 -0.487393 0.18694 -0.893081 -0.449531 -0.0180826 -0.912323 -0.367698 0.180178 -0.988826 -0.115479 -0.0942705 -0.950536 -0.307504 -0.0438491 -0.989446 0.0114313 -0.144451 -0.958549 0.173705 -0.225853 -0.9486 0.238402 -0.208142 -0.244221 0.663805 -0.706908 -0.153782 0.774101 -0.6141 -0.220247 0.774101 -0.593514 -0.136386 0.673792 -0.726225 -0.955666 -0.0111806 -0.294242 -0.966436 -0.123655 -0.22519 -0.953732 -0.0171001 -0.300173 -0.920569 0.123655 -0.370489 -0.885954 0.0173713 -0.463448 -0.882881 0.0204575 -0.469151 -0.943951 -0.00217122 -0.330079 -0.894041 -0.0101713 -0.447869 -0.942145 0.0101713 -0.335052 -0.891677 0.00215166 -0.452668 -0.907048 -0.250619 -0.338311 -0.904464 -0.174381 -0.389276 -0.933653 -0.0838183 -0.348234 -0.952585 -0.248142 -0.17609 -0.775129 -0.576082 -0.259431 -0.819821 -0.551534 -0.153964 -0.726225 -0.673792 -0.136386 -0.79925 -0.596365 -0.0744811 -0.72006 -0.69209 -0.050247 -0.611669 -0.7741 -0.163188 -0.698068 -0.684384 -0.210521 -0.625673 -0.7741 -0.0964495 -0.632416 -0.774101 -0.0285915 -0.867422 -0.487393 -0.100138 -0.896849 -0.409015 -0.16843 -0.921395 -0.367698 -0.125815 -0.83882 -0.449532 -0.307086 -0.884795 -0.307504 -0.350112 -0.949724 -0.0201015 -0.312442 -0.951724 -0.020458 -0.306271 -0.888932 0.0114314 -0.457897 -0.833278 0.173706 -0.524856 -0.829618 0.238402 -0.504874 -0.860597 0.0838183 -0.502343 0.142751 0.409015 -0.901293 0.13049 0.551534 -0.823883 0.0180304 0.5279 -0.849115 0.151442 0.250619 -0.956167 0.285766 0.238402 -0.928171 0.268974 0.307503 -0.91274 -0.808345 -0.0111806 -0.588603 -0.840953 -0.123655 -0.52679 -0.80459 -0.0171001 -0.593585 -0.687469 0.0173685 -0.726006 -0.682711 0.020455 -0.730402 -0.785628 -0.00217122 -0.618695 -0.700177 -0.0101713 -0.713897 -0.782305 0.0101713 -0.622812 -0.696382 0.00215149 -0.717668 -0.843794 -0.248143 -0.475853 -0.729529 -0.239112 -0.640792 -0.762332 -0.0838183 -0.641736 -0.648893 -0.576082 -0.497059 -0.720404 -0.551533 -0.42051 -0.638159 -0.673792 -0.372502 -0.731761 -0.596366 -0.329962 -0.664729 -0.692091 -0.281328 -0.52554 -0.7741 -0.352955 -0.591889 -0.684384 -0.425777 -0.560455 -0.7741 -0.294379 -0.588866 -0.774101 -0.232388 -0.787908 -0.487393 -0.376363 -0.788091 -0.409015 -0.46002 -0.830619 -0.367698 -0.418175 -0.69366 -0.449532 -0.562812 -0.723174 -0.307504 -0.618435 -0.796816 -0.0201014 -0.603888 -0.800711 -0.020458 -0.598701 -0.617708 0.173706 -0.766983 -0.641736 0.0838183 -0.762332 0.437328 0.409015 -0.800906 0.399767 0.551534 -0.732118 0.292761 0.527899 -0.797254 -0.573427 -0.0111805 -0.81918 -0.624339 -0.123655 -0.771304 -0.568258 -0.0171 -0.822673 -0.542171 -0.00217113 -0.840265 -0.430437 -0.0101713 -0.902563 -0.537691 0.0101713 -0.843081 -0.425624 0.00215149 -0.904898 -0.481936 -0.239115 -0.842948 -0.474652 -0.174387 -0.862725 -0.502343 -0.0838183 -0.860597 -0.452339 -0.576082 -0.680822 -0.537196 -0.551534 -0.638147 -0.475867 -0.673792 -0.565292 -0.473331 -0.449532 -0.757548 -0.553177 -0.663622 -0.503588 -0.481505 -0.7741 -0.411002 -0.472662 -0.7741 -0.421142 -0.38246 -0.7741 -0.504474 -0.421569 -0.684384 -0.594893 -0.58767 -0.409015 -0.698105 -0.649832 -0.367698 -0.665219 -0.610584 -0.527869 -0.590374 -0.483185 -0.307504 -0.81974 -0.643566 -0.248143 -0.72405 -0.55756 -0.0201015 -0.829893 -0.562928 -0.0204579 -0.826253 -0.408559 0.020455 -0.912503 -0.498899 0.123655 -0.857793 -0.414486 0.0173684 -0.90989 -0.344585 0.238403 -0.907979 -0.3352 0.173706 -0.925996 -0.320915 0.11548 -0.940041 -0.402571 0.0207624 -0.915153 0.521286 0.7741 -0.359207 0.625325 0.663804 -0.410284 0.557559 0.7741 -0.299829 0.681039 0.409015 -0.607365 0.622546 0.551534 -0.5552 0.535766 0.527899 -0.658997 -0.090132 0.020455 -0.99572 -0.0836083 0.0207624 -0.996282 0.00170438 0.11548 -0.993308 -0.183926 -0.0838183 -0.97936 -0.23481 0.0101713 -0.971988 -0.239961 -0.00217105 -0.97078 -0.108742 0.00215158 -0.994068 -0.102863 0.0114311 -0.99463 -0.340068 -0.123655 -0.932236 -0.182119 -0.239116 -0.953759 -0.168808 -0.174389 -0.970099 -0.114053 -0.0101713 -0.993423 -0.373597 -0.248143 -0.893784 -0.206767 -0.576082 -0.790808 -0.291507 -0.551533 -0.781559 -0.258226 -0.673792 -0.692332 -0.374795 -0.596366 -0.709843 -0.35177 -0.692091 -0.630292 -0.197935 -0.7741 -0.601325 -0.205566 -0.684384 -0.699544 -0.261466 -0.7741 -0.576545 -0.321963 -0.774101 -0.545076 -0.390602 -0.487393 -0.780947 -0.318896 -0.409015 -0.854992 -0.398626 -0.367698 -0.840176 -0.201709 -0.449532 -0.870192 -0.190835 -0.307504 -0.932214 -0.151356 -0.115479 -0.981711 -0.193342 0.123655 -0.973308 -0.096587 0.0173685 -0.995173 -0.178685 0.250619 -0.951452 -0.016367 0.173705 -0.984662 -0.0310939 0.238402 -0.970669 0.324139 0.115479 -0.938935 0.238061 0.020455 -0.971035 0.244415 0.0207624 -0.969449 0.0935174 0.0101712 -0.995566 0.219923 0.00215175 -0.975515 0.225666 0.0114313 -0.974138 -0.0189454 -0.123655 -0.992144 0.137435 -0.239116 -0.961215 0.15533 -0.174388 -0.972348 0.175606 -0.115479 -0.977664 0.088253 -0.00217105 -0.996096 0.0824079 -0.0114051 -0.996533 -0.0631427 -0.248142 -0.966664 -0.0138235 -0.250619 -0.967987 0.0612108 -0.576082 -0.815097 -0.011911 -0.551534 -0.834068 -0.0105512 -0.673792 -0.738846 -0.124001 -0.596365 -0.793078 -0.128054 -0.692091 -0.710361 0.00803957 -0.7741 -0.633013 0.032714 -0.684384 -0.728388 -0.0600948 -0.7741 -0.630204 -0.127532 -0.774101 -0.620083 -0.115865 -0.487393 -0.865461 -0.0130301 -0.409015 -0.912435 -0.104223 -0.367698 -0.924086 0.0917719 -0.449531 -0.888538 0.122195 -0.307504 -0.943668 0.133166 0.123655 -0.983349 0.231779 0.0173686 -0.972613 0.304239 0.173705 -0.936624 0.724662 0.663804 -0.185011 0.624704 0.774099 -0.102545 0.609676 0.7741 -0.170483 0.545951 0.020762 -0.83756 0.477563 0.0838183 -0.87459 0.540457 0.0204558 -0.841123 0.401517 -0.0114052 -0.915781 0.483538 -0.115479 -0.867672 0.406903 -0.00217113 -0.913469 0.524756 0.00215166 -0.85125 0.520169 -0.0101712 -0.854003 0.312272 -0.250619 -0.916339 0.462636 -0.174386 -0.869228 0.30423 -0.123655 -0.944539 0.395725 -0.0170022 -0.918212 0.254154 -0.248141 -0.93479 0.140229 -0.596365 -0.79037 0.267449 -0.684383 -0.6783 0.26907 -0.551533 -0.789565 0.109538 -0.69209 -0.713451 0.147789 -0.7741 -0.615571 0.213143 -0.774099 -0.596104 0.0807193 -0.774101 -0.627895 0.171428 -0.487393 -0.85619 0.294351 -0.409015 -0.86375 0.375308 -0.449531 -0.810596 0.201475 -0.367698 -0.907858 0.421983 -0.307503 -0.852861 0.389803 -0.0201017 -0.920679 0.442095 -0.239114 -0.86451 0.529741 0.0114312 -0.848082 0.41171 0.0101712 -0.911258 0.445244 0.123655 -0.88683 0.463954 0.250619 -0.849668 0.591876 0.173705 -0.787089 0.57166 0.238402 -0.785092 0.611448 0.115479 -0.782813 0.631999 0.774099 0.0367155 0.745472 0.663803 0.0603107 0.624153 0.774099 0.105852 0.967198 0.250619 -0.0414598 0.98595 0.123655 -0.112307 0.995567 0.0838183 -0.0426758 0.653346 -0.0111806 -0.756977 0.648921 -0.00218286 -0.760852 0.619705 -0.0838182 -0.780346 0.780298 0.0173719 -0.625167 0.784286 0.0204579 -0.620063 0.743695 0.0838183 -0.663244 0.681459 -0.00217113 -0.731853 0.769279 -0.0101712 -0.638832 0.685287 0.0101712 -0.728202 0.772724 0.00215219 -0.634739 0.602046 -0.250619 -0.75811 0.719809 -0.174379 -0.671913 0.594437 -0.123655 -0.794578 0.739072 -0.115479 -0.663655 0.677115 -0.0114051 -0.735789 0.54391 -0.248139 -0.801616 0.389264 -0.596364 -0.702014 0.473202 -0.684383 -0.554707 0.518754 -0.551534 -0.653226 0.335261 -0.692089 -0.639228 0.339657 -0.7741 -0.534231 0.39515 -0.774099 -0.494598 0.280223 -0.7741 -0.567665 0.440144 -0.487392 -0.754137 0.567495 -0.409015 -0.714602 0.618173 -0.44953 -0.644814 0.485339 -0.367698 -0.793249 0.676042 -0.307503 -0.669633 0.667626 -0.0201015 -0.744225 0.698849 -0.239106 -0.67412 0.77641 0.0114322 -0.630124 0.722503 0.250619 -0.644344 0.815374 0.173706 -0.552261 0.795605 0.238402 -0.556936 0.709073 0.123655 -0.694209 0.702483 0.676918 0.219772 0.863705 -0.0114421 -0.503868 0.860778 -0.00207421 -0.508976 0.845901 -0.0838182 -0.526713 0.94101 0.0173705 -0.337932 0.943125 0.0204568 -0.331809 0.923328 0.0838183 -0.374754 0.882193 -0.00207536 -0.470883 0.935026 -0.0101712 -0.354434 0.884604 0.0101712 -0.466233 0.936955 0.00215105 -0.349444 0.821796 -0.250619 -0.511704 0.898974 -0.174391 -0.401788 0.820228 -0.123655 -0.558512 0.914515 -0.115479 -0.38772 0.774725 -0.248138 -0.581575 0.596117 -0.596363 -0.537583 0.627676 -0.684382 -0.371004 0.708102 -0.551533 -0.440911 0.524653 -0.692089 -0.495734 0.494718 -0.774099 -0.394999 0.534336 -0.774099 -0.339495 0.449361 -0.7741 -0.445919 0.661164 -0.487391 -0.570361 0.794049 -0.44953 -0.409156 0.774634 -0.409015 -0.482337 0.71661 -0.367697 -0.592679 0.856842 -0.307504 -0.413839 0.873129 -0.0207719 -0.487046 0.879866 -0.239119 -0.410679 0.938943 0.0114305 -0.343882 0.897017 0.250619 -0.364075 0.950513 0.173705 -0.257587 0.933333 0.238402 -0.268428 0.896062 0.123655 -0.426359 0.951445 0.262756 0.160351 0.924882 0.250619 0.285977 0.871803 0.409015 0.269565 0.844727 0.527898 0.0880883 0.922387 0.367697 0.118324 0.980527 -0.0111806 -0.196068 0.979415 -0.00218304 -0.201844 0.973708 -0.0838182 -0.211817 0.99975 0.0173709 -0.0140766 0.999762 0.0204572 -0.00759828 0.98728 -0.0021714 -0.158974 0.999448 -0.0101713 -0.0316271 0.988059 0.0101712 -0.153741 0.999652 0.0021514 -0.0262812 0.980727 -0.174384 -0.0881196 0.945962 -0.250619 -0.205781 0.990857 -0.115479 -0.0697696 0.921586 -0.248136 -0.29851 0.957134 -0.123655 -0.261923 0.738371 -0.596362 -0.314897 0.657191 -0.692088 -0.29852 0.714132 -0.684382 -0.147096 0.596169 -0.774099 -0.212962 0.615618 -0.774098 -0.147602 0.569803 -0.7741 -0.275851 0.810537 -0.487391 -0.324778 0.805183 -0.576079 -0.140757 0.870225 -0.367697 -0.327883 0.891674 -0.409015 -0.193971 0.94479 -0.307502 -0.113201 0.985137 -0.0170009 -0.170926 0.965542 -0.239111 -0.102735 0.999727 0.0114312 -0.0203755 0.98265 0.173705 0.0650014 0.969921 0.238402 0.0491695 0.999684 -0.0101712 0.0229702 0.992497 0.0101712 0.121847 0.999842 0.00225838 0.017639 0.968994 0.123655 0.213916 0.988263 -0.0838182 0.127715 0.991062 -0.0111201 0.132941 0.950151 0.0173709 0.311305 0.948059 0.0204573 0.317435 0.95201 0.0838183 0.294365 0.985407 -0.00215561 0.170203 0.955565 -0.0101712 0.294606 0.984443 0.0101712 0.175411 0.954022 0.0021514 0.299729 0.956201 -0.174386 0.235096 0.960102 -0.250619 0.124076 0.959824 -0.115479 0.255741 0.968578 -0.248135 0.0169022 0.99032 -0.123655 0.0630499 0.7232 -0.684382 0.0927523 0.80726 -0.576079 0.128312 0.800612 -0.596362 -0.0580859 0.718512 -0.692088 -0.0689556 0.633016 -0.774099 -0.00784756 0.630189 -0.774098 0.0602862 0.628499 -0.774099 -0.0758901 0.872075 -0.48739 -0.0440002 0.929537 -0.367697 -0.0275567 0.905002 -0.409015 0.116955 0.930355 -0.307503 0.199705 0.987242 -0.0175852 0.158251 0.946584 -0.239112 0.216342 0.952175 0.0114311 0.305339 0.908302 0.173705 0.380545 0.901403 0.238401 0.361438 0.945954 0.0207621 0.323636 0.943907 0.0171635 0.329766 0.938061 -0.0101712 0.346322 0.897585 0.00113992 0.440841 0.899157 0.0101712 0.437508 0.941887 0.0113996 0.335736 0.908961 0.115479 0.400568 0.93994 0.00225838 0.341331 0.895748 -0.00655602 0.444513 0.91619 -0.123655 0.38119 0.890856 -0.0183587 0.453914 0.89339 -0.0135683 0.449077 0.874714 -0.190356 0.445689 0.705944 -0.673792 0.218281 0.776093 -0.596361 0.205019 0.701971 -0.692087 0.168081 0.601265 -0.774099 0.198117 0.576467 -0.774099 0.261641 0.683831 -0.641071 0.348429 0.619087 -0.774099 0.132295 0.766948 -0.509002 0.390779 0.839111 -0.48739 0.241546 0.88812 -0.367697 0.275757 0.832329 -0.356893 0.424093 0.91061 -0.248134 0.330483 0.781916 0.564225 0.265062 0.608767 0.774098 0.173711 0.772916 0.551534 -0.313706 0.720713 0.527899 -0.449328 0.845537 0.409015 -0.343181 0.772875 0.307503 -0.555073 0.429994 0.7741 -0.464623 0.376407 0.7741 -0.509006 0.458224 0.663804 -0.591096 0.632184 0.774099 -0.0333673 0.735779 0.676919 -0.0202312 0.999784 0.0207621 -0.00104989 0.989775 0.115479 0.0837251 0.999838 0.0171637 0.00541259 0.999866 0.0113996 0.0117147 0.988182 -0.0207384 0.151879 0.991888 -0.00220473 0.127095 0.986325 -0.01143 0.164417 0.989152 -0.0206704 0.145437 0.990128 -0.0174039 0.13908 0.951395 0.00225908 -0.307965 0.952977 -0.0101712 -0.302872 0.978284 0.0101712 -0.207018 0.951962 0.262745 -0.157267 0.91169 0.409015 -0.0390804 0.38306 0.680794 -0.624327 0.241467 0.663804 -0.707854 0.389036 0.262698 -0.882973 0.255833 0.7741 -0.579067 0.190738 0.7741 -0.603645 0.587096 0.7741 -0.236829 0.68485 0.681769 -0.25724 0.945272 0.020762 -0.325623 0.963332 0.115478 -0.242191 0.947421 0.0171636 -0.319528 0.949495 0.0114001 -0.313576 0.983963 -0.0201014 -0.177234 0.98627 -0.0114053 -0.164748 0.982786 -0.0204583 -0.183612 0.981649 -0.0171002 -0.189931 0.79985 0.00225785 -0.600196 0.803 -0.0101712 -0.595892 0.858059 0.0101712 -0.51345 0.849324 0.26273 -0.457845 -0.00145597 0.663805 -0.747905 0.115593 0.673792 -0.729824 0.0539487 0.774101 -0.63076 -0.0155999 0.774101 -0.63287 0.478387 0.7741 -0.414626 0.568206 0.676921 -0.467889 0.788325 0.0207624 -0.614909 0.832497 0.115479 -0.541861 0.850177 0.448307 -0.276079 0.792337 0.0171631 -0.609842 0.79623 0.0113991 -0.604886 0.876293 -0.0176746 -0.481455 0.879357 -0.0114341 -0.476027 0.869893 -0.0207736 -0.492803 0.866755 -0.0176813 -0.49842 0.561628 0.00225564 -0.827387 0.566006 -0.0101713 -0.824339 0.644851 0.0101712 -0.764241 0.654651 0.262714 -0.708811 -0.235322 0.262674 -0.935749 -0.153964 0.551534 -0.819821 -0.258654 0.5279 -0.808962 -0.16843 0.409015 -0.896849 0.317838 0.7741 -0.547493 0.443124 0.575596 -0.687263 0.718753 0.439461 -0.538764 0.672427 -0.0170019 -0.739968 0.662779 -0.0204579 -0.748535 0.658 -0.0171 -0.752823 0.551391 0.017164 -0.83407 0.556682 0.0114004 -0.830647 0.262546 0.00225847 -0.964917 0.267675 -0.0101713 -0.963455 0.361763 0.0101712 -0.932215 0.550767 0.307503 -0.77595 -0.526408 0.262668 -0.80864 -0.42051 0.551534 -0.720404 -0.507309 0.5279 -0.681145 -0.46002 0.409015 -0.788091 0.159586 0.680795 -0.714878 0.122845 0.774101 -0.621029 0.250693 0.0171643 -0.967915 0.19596 0.575596 -0.793907 0.502056 0.446526 -0.740644 0.372156 -0.0111806 -0.928103 0.383819 -0.0204579 -0.923182 0.377907 -0.0170999 -0.925686 0.366712 -0.00218286 -0.930332 0.256809 0.0114001 -0.966395 -0.0649875 0.00225838 -0.997883 -0.059662 -0.0101713 -0.998167 0.0394712 0.0101713 -0.999169 0.0812613 0.262684 -0.961454 -0.460522 0.663805 -0.589307 -0.344848 0.774101 -0.530893 -0.401027 0.774101 -0.489841 -0.372502 0.673792 -0.638158 -0.0811814 0.680795 -0.727961 -0.0854586 0.774101 -0.627268 -0.0771721 0.0171645 -0.99687 -0.0724388 0.575596 -0.814519 0.234366 0.446526 -0.863531 0.0506369 -0.0111805 -0.998655 0.0697384 -0.0201017 -0.997363 0.0632662 -0.0204577 -0.997787 0.0761411 -0.0170025 -0.996952 0.056861 -0.0170998 -0.998236 0.0447647 -0.00218286 -0.998995 -0.0708938 0.0114002 -0.997419 -0.385479 0.00225829 -0.922714 -0.380534 -0.0101713 -0.924711 -0.287097 0.0101713 -0.957847 -0.0419662 0.307504 -0.950621 -0.498544 0.774101 -0.390156 -0.53835 0.774101 -0.333087 -0.70099 0.5279 -0.479516 -0.698105 0.409015 -0.58767 -0.313151 0.680796 -0.662158 -0.284502 0.774101 -0.565532 -0.396674 0.0171645 -0.917799 -0.332988 0.575597 -0.746865 -0.0587206 0.446527 -0.892841 -0.390914 0.0114001 -0.920357 -0.276369 -0.0111805 -0.960986 -0.257884 -0.0201017 -0.965967 -0.264143 -0.0204577 -0.964267 -0.245631 -0.011405 -0.969296 -0.251695 -0.0170026 -0.967657 -0.270347 -0.0170998 -0.962611 -0.282034 -0.00218286 -0.959402 -0.664197 0.00225829 -0.747554 -0.660169 -0.0101713 -0.751049 -0.582554 0.0101712 -0.812728 -0.348359 0.307504 -0.885487 -0.781559 0.551534 -0.291506 -0.818707 0.527899 -0.225923 -0.854992 0.409015 -0.318895 -0.912087 0.262673 -0.314802 -0.692332 0.673792 -0.258226 -0.560603 0.566821 -0.603687 -0.511738 0.679747 -0.525422 -0.67319 0.0171642 -0.73927 -0.677908 0.0207625 -0.734853 -0.595919 0.441123 -0.671037 -0.345444 0.446528 -0.825398 -0.668573 0.0113999 -0.743559 -0.420246 0.0114309 -0.907338 -0.552255 -0.0170018 -0.833502 -0.57827 -0.00218295 -0.815842 -0.547052 -0.0114051 -0.837021 -0.608758 0.11548 -0.784906 -0.87094 0.00225829 -0.491385 -0.868264 -0.0101713 -0.495998 -0.814882 0.0101712 -0.579537 -0.617001 0.307504 -0.724397 -0.452715 0.774101 -0.442512 -0.834068 0.551534 -0.0119112 -0.738846 0.673792 -0.0105513 -0.745231 0.663804 0.0632134 -0.721509 0.575597 -0.384856 -0.653827 0.680795 -0.330194 -0.876756 0.0171634 -0.48063 -0.879784 0.0207623 -0.47492 -0.779574 0.446527 -0.439178 -0.873781 0.0113996 -0.486186 -0.692088 0.011431 -0.721723 -0.79297 -0.0170015 -0.609023 -0.811842 -0.00218295 -0.583873 -0.789192 -0.0114052 -0.614041 -0.72906 -0.174385 -0.661862 -0.830633 0.115479 -0.544714 -0.983302 0.00225829 -0.181966 -0.982269 -0.0101712 -0.187198 -0.958905 0.0101712 -0.283544 -0.818782 0.307504 -0.484807 -0.57187 0.7741 -0.27154 -0.633062 0.7741 -0.00167584 -0.629422 0.774099 0.0678097 -0.807378 0.575596 -0.12973 -0.725615 0.680795 -0.100006 -0.985311 0.017164 -0.169906 -0.986321 0.0207624 -0.163522 -0.879936 0.446527 -0.162255 -0.984302 0.0113999 -0.176127 -0.947754 -0.0170017 -0.318547 -0.957437 -0.00218295 -0.288633 -0.94581 -0.0114052 -0.32452 -0.962495 0.115479 -0.245494 -0.989109 0.00225838 0.147171 -0.989831 -0.0101713 0.141887 -0.999016 0.0101712 0.0431755 -0.929282 0.367698 0.0351112 -0.931835 0.307504 -0.192681 -0.629054 0.7741 -0.0711411 -0.789565 0.551534 0.26907 -0.78484 0.527899 0.324575 -0.61807 0.774099 0.136967 -0.599305 0.774099 0.20397 -0.805755 0.575596 0.139455 -0.718772 0.680794 0.14102 -0.987092 0.0171641 0.159231 -0.985975 0.0207624 0.165596 -0.884943 0.446527 0.132251 -0.988158 0.0114 0.153019 -0.999715 -0.0201016 0.0128626 -0.999835 -0.017002 0.00644797 -0.99928 -0.00218286 0.037886 -0.999935 -0.0114052 0.000167563 -0.999604 -0.0204579 0.0193476 -0.990056 0.115479 0.0803294 -0.887729 0.00225847 0.46036 -0.890128 -0.0101713 0.455597 -0.930867 0.0101712 0.365216 -0.913111 0.262696 0.311799 -0.634038 0.680794 0.366764 -0.540108 0.774099 0.330233 -0.716816 0.575596 0.393527 -0.881907 0.0171643 0.471111 -0.878783 0.0207624 0.476769 -0.884931 0.0114001 0.465582 -0.91033 0.11548 0.397448 -0.941371 -0.0201017 0.336773 -0.943567 -0.0170023 0.330745 -0.932834 -0.00218286 0.360299 -0.93916 -0.0204578 0.34287 -0.690151 0.00225838 0.723662 -0.693966 -0.0101713 0.719935 -0.761845 0.0101713 0.64768 -0.76238 0.262731 0.591395 -0.794052 0.446526 0.412426 -0.711769 0.367698 0.598485 -0.853695 0.307503 0.420293 -0.390574 0.673792 0.627261 -0.550199 0.575596 0.604955 -0.480596 0.680793 0.552764 -0.419991 0.527898 0.738195 -0.354683 0.663803 0.658457 -0.403617 0.774099 0.487713 -0.347655 0.774099 0.529062 -0.681153 0.0171645 0.73194 -0.676362 0.0207624 0.736277 -0.685809 0.0114002 0.727692 -0.731954 0.115479 0.671497 -0.781015 -0.0201016 0.624188 -0.78505 -0.0170024 0.6192 -0.765302 -0.00218286 0.643668 -0.776944 -0.0204576 0.629237 -0.417784 0.00225891 0.908543 -0.510265 0.0101712 0.859957 -0.529048 0.262728 0.806897 -0.670971 0.307503 0.674715 -0.617114 0.446525 0.647908 -0.478875 0.367697 0.797168 -0.287494 0.774099 0.56402 -0.121664 0.663803 0.737946 -0.328725 0.564227 0.757356 -0.0887794 0.774098 0.626809 -0.157032 0.774098 0.61328 -0.277031 0.67692 0.681934 -0.223388 0.774098 0.592342 -0.406586 0.0171634 0.913451 -0.400646 0.020762 0.915998 -0.412369 0.0114 0.910946 -0.47426 0.115478 0.872778 -0.536024 -0.0201011 0.843963 -0.541459 -0.0170003 0.840555 -0.514837 -0.00218304 0.857285 -0.530534 -0.0204581 0.847417 -0.525114 -0.0171001 0.85086 -0.100144 0.00225794 0.99497 -0.20339 0.0101712 0.979045 -0.238378 0.262743 0.934956 -0.0405971 0.67692 0.734937 -0.0189512 0.774099 0.63278 0.0506077 0.774099 0.631038 0.119555 0.774099 0.621673 0.124538 0.663803 0.737466 0.269565 0.409015 0.871803 0.39187 0.504916 0.769089 0.405442 0.367697 0.836908 -0.0879586 0.0171634 0.995976 -0.0942417 0.0113993 0.995484 -0.233022 -0.0207719 0.97225 -0.208522 -0.00207421 0.978015 -0.245347 -0.0114341 0.969368 -0.226594 -0.0207736 0.973768 -0.220337 -0.0176813 0.975264 0.234097 0.0114 0.972146 0.2402 0.0171642 0.970572 -0.0390804 0.409015 0.91169 0.111731 0.367697 0.923209 0.121976 0.527898 0.840503 0.205767 0.564226 0.799568 0.200236 0.676919 0.708298 0.360452 0.607966 0.707426 0.325317 0.697513 0.63847 0.187539 0.774099 0.604648 0.204667 0.439459 0.874635 0.285978 0.250619 0.924882 0.190442 0.238465 0.952295 0.197862 0.307503 0.930749 0.178297 0.174079 0.968456 0.350907 0.123655 0.92821 0.0953744 -0.0201014 0.995238 0.0827409 -0.0114051 0.996506 0.101828 -0.0204579 0.994592 0.10822 -0.0171 0.99398 0.386152 0.262763 0.884218 0.287406 0.774098 0.564066 -0.0650013 0.564226 0.823057 -0.636926 0.527898 0.561826 -0.847704 0.527899 0.0521516 0.649567 0.564228 -0.509617 0.772857 0.574136 -0.270295 0.82756 0.527898 -0.190967 0.825614 0.564226 -0.00318698 -0.0904157 0.43946 0.8937 -0.3757 0.439461 0.815919 -0.867531 0.367698 0.334946 -0.890332 0.367698 -0.268529 -0.7549 0.367698 -0.54307 -0.537663 0.367698 -0.75876 -0.262161 0.367698 -0.892227 0.0417493 0.367698 -0.929008 0.341136 0.367698 -0.865115 0.603555 0.367698 -0.707475 0.800569 0.367697 -0.473168 0.910829 0.367697 -0.187586 0.898114 0.43946 0.016307 0.844158 0.439459 0.30704 -0.115072 0.307503 0.944564 -0.415536 0.307503 0.856021 -0.943909 0.307504 0.120326 0.91123 0.307503 -0.274046 0.95084 0.307503 0.0366787 0.887411 0.307503 0.343428 0.214691 -0.0101712 -0.976629 0.535027 0.0173695 -0.844656 -0.904639 -0.115479 -0.410234 -0.722421 -0.115479 -0.681743 -0.461916 -0.115479 -0.879374 0.0226503 -0.239108 0.970729 -0.29377 -0.239118 0.925485 -0.556603 -0.307502 0.771774 -0.578357 -0.239116 0.779953 -0.777039 -0.307503 0.549228 -0.80027 -0.239116 0.549901 -0.913271 -0.307504 0.267166 -0.935462 -0.239115 0.260258 -0.969283 -0.23911 -0.0575891 -0.898066 -0.239107 -0.369195 0.0557293 -0.449529 0.891526 -0.236768 -0.44953 0.861315 0.883879 -0.449529 -0.12916 0.877926 -0.449529 0.164833 0.252848 -0.596361 0.761854 0.0737853 -0.576079 0.814057 0.322556 -0.576081 -0.751058 0.548948 -0.576081 -0.60563 0.715852 -0.57608 -0.394573 0.0673228 -0.997711 -0.00628684 -3.03035e-06 -1 3.93027e-07 0.0653898 -0.997711 -0.0172062 -0.0561364 -0.997711 -0.0377015 -0.059866 -0.997711 -0.0314447 -2.59471e-06 -1 -1.61399e-06 -2.28149e-06 -1 -2.03281e-06 0.0571568 -0.997711 0.0361245 0.0504836 -0.997711 0.0449809 -2.98619e-06 -1 -6.48178e-07 -3.05299e-06 -1 -1.29473e-07 0.067445 -0.997711 0.00480163 -2.83193e-06 -1 -1.1479e-06 0.0622927 -0.997711 0.0262964 -2.4454e-06 -1 1.83235e-06 -2.09713e-06 -1 2.22251e-06 0.04948 -0.997711 -0.0460826 -2.91895e-06 -1 9.04012e-07 0.061698 -0.997711 -0.0276628 -1.2283e-06 -1 2.79799e-06 -7.33187e-07 -1 2.96647e-06 0.0218064 -0.997711 -0.0640028 0.0412824 -0.997711 -0.0535504 8.2029e-07 -1 2.94357e-06 -0.0105774 -0.997711 -0.0667832 3.06331e-07 -1 3.04034e-06 -0.0195439 -0.997711 0.0647359 -0.0119763 -0.997711 0.0665528 -0.0397435 -0.997711 -0.0547022 1.76177e-06 -1 2.49673e-06 -0.0478115 -0.997711 -0.0478115 -0.0208944 -0.997711 -0.0643063 1.31022e-06 -1 2.76058e-06 -0.0306969 -0.997711 -0.060246 2.94432e-06 -1 8.17599e-07 -0.0651438 -0.997711 -0.0181152 2.76178e-06 -1 1.3077e-06 2.16171e-06 -1 2.15974e-06 0.0491653 -0.997711 0.0464271 2.49834e-06 -1 1.75949e-06 3.04784e-06 -1 -2.19386e-07 2.9658e-06 -1 -7.35898e-07 -0.0656301 -0.997711 0.0162656 -0.067279 -0.997711 -0.00673939 3.04062e-06 -1 3.03552e-07 -0.0674426 -0.997711 0.00483392 -0.056345 -0.997711 0.037378 2.54602e-06 -1 -1.68976e-06 -0.0491446 -0.997711 0.0464402 -0.0618944 -0.997711 0.0272206 2.79687e-06 -1 -1.23085e-06 1.83011e-06 -1 -2.44707e-06 2.22059e-06 -1 -2.09916e-06 0.0479992 -0.997711 -0.0476317 -0.0405041 -0.997711 0.0541415 1.38603e-06 -1 -2.72331e-06 -0.0306767 -0.997711 0.0602563 9.01343e-07 -1 -2.91977e-06 -0.0199504 -0.997711 0.0646054 -0.00863948 -0.997711 0.0670614 0.0227672 -0.997711 -0.0636738 3.90256e-07 -1 -3.03071e-06 0.00292458 -0.997711 0.0675524 0.000858732 -0.997711 -0.0676163 -1.32263e-07 -1 -3.05287e-06 -0.00641959 -0.997711 -0.0673164 -6.50907e-07 -1 -2.9856e-06 -0.0144042 -0.997711 -0.0660698 -0.0136233 -0.997711 -0.0662352 0.0144029 -0.997711 0.0660639 0.0636807 -0.997711 -0.0227479 0.0608645 -0.997711 -0.0294656 0.0671341 -0.997711 -0.00810637 0.0676166 -0.997711 -0.000838284 0.0642251 -0.997711 0.0211622 -0.0610998 -0.997711 -0.0289602 -0.0552653 -0.997711 -0.0389566 0.0243388 -0.997711 0.0630898 0.0314266 -0.997711 0.0598755 0.00253478 -0.997711 0.0675742 -2.166e-07 -1 3.04804e-06 -3.62313e-10 -0.997711 -0.0676157 0.0110518 -0.997711 -0.0667063 0.0319744 -0.997711 -0.0595778 -1.68743e-06 -1 2.54756e-06 -0.0395047 -0.997711 0.0548825 -0.032937 -0.997711 0.0590581 -0.0551845 -0.997711 0.0390817 -0.0503285 -0.997711 0.0451635 0.0563468 -0.997711 -0.0373753 -2.72204e-06 -1 1.38852e-06 -0.0622662 -0.997711 0.0263747 -0.059068 -0.997711 0.0329192 -0.0674563 -0.997711 0.00472791 -0.0665564 -0.997711 0.0119562 -0.0653365 -0.997711 -0.0174313 -0.0668323 -0.997711 -0.0103025 0.0657531 -0.997711 0.015761 -0.0514327 -0.997711 -0.0439019 -0.0504881 -0.997711 -0.044985 0.00862213 -0.997711 -0.0670698 0.0157862 -0.997711 -0.0657533 0.0299325 -0.997711 -0.0606362 0.036281 -0.997711 -0.0570648 0.0422085 -0.997711 -0.0528313 0.0528441 -0.997711 -0.0421925 0.0570758 -0.997711 -0.0362637 0.0657581 -0.997711 -0.0157664 0.0673144 -0.997711 0.0064395 0.0661287 -0.997711 0.0141313 0.0615763 -0.997711 0.0279476 0.0579573 -0.997711 0.0348376 0.0538739 -0.997711 0.0408694 0.0435053 -0.997711 0.0517687 0.0376846 -0.997711 0.0561478 0.0174115 -0.997711 0.0653417 0.0102823 -0.997711 0.0668354 -0.00474829 -0.997711 0.0674548 -0.0263936 -0.997711 0.0622582 -0.0451787 -0.997711 0.0503149 -0.0648842 -0.997711 0.0190457 -0.0675528 -0.997711 -0.0030541 -0.0629009 -0.997711 -0.024823 0.422844 0.0822835 0.902459 0.565617 -0.0822835 0.820553 0.422844 -0.0822835 0.902459 0.198676 0.675523 0.710068 0.31284 0.675523 0.667682 0.354226 0.55043 0.75601 0.565617 0.0822835 0.820553 0.411111 0.247235 0.877418 0.549922 0.247235 0.797785 0.549922 -0.247235 0.797785 0.411111 -0.247235 0.877418 0.387772 -0.405832 0.827607 0.518703 -0.405832 0.752494 0.0793935 -0.918336 0.387757 0.0549952 -0.858576 0.509728 0.138144 -0.858576 0.493724 -0.0426471 -0.675523 0.736105 -0.0482888 -0.55043 0.833483 0.0790933 -0.675523 0.733085 0.217524 -0.858576 0.464253 0.136299 -0.918336 0.371593 0.19016 -0.918336 0.347128 0.290971 -0.858576 0.422118 0.224959 -0.55043 0.804002 0.31284 -0.675523 0.667682 0.198676 -0.675523 0.710068 0.239772 -0.918336 0.314909 0.592916 -0.675523 0.438314 0.560168 -0.777655 0.28542 0.505549 -0.777655 0.373728 0.863346 -0.247235 0.439897 0.814333 -0.405832 0.414924 0.779166 -0.247235 0.575999 0.356481 -0.858576 0.368468 0.284029 -0.918336 0.275656 0.456807 -0.858576 0.232755 0.656974 -0.675523 0.334745 0.352661 -0.918336 0.17969 0.321941 -0.918336 0.230244 0.412267 -0.858576 0.304768 0.246264 -0.405832 0.880145 0.261086 -0.247235 0.933118 0.412267 0.858576 0.304768 0.505549 0.777655 0.373728 0.356481 0.858576 0.368469 0.656974 0.675523 0.334745 0.560168 0.777655 0.28542 0.354226 -0.55043 0.75601 0.592916 0.675523 0.438314 0.437141 0.777655 0.451841 0.169401 -0.777655 0.605439 0.0674388 -0.777655 0.625064 0.321941 0.918336 0.230244 0.456807 0.858576 0.232755 -0.036363 -0.777655 0.627639 0.284029 0.918336 0.275656 0.0207146 -0.918336 0.395259 -0.0296534 -0.858576 0.511828 0.352661 0.918336 0.17969 -0.0384269 -0.918336 0.393931 -0.113493 -0.858576 0.499967 -0.0967102 -0.918336 0.383804 -0.194237 -0.858576 0.474467 -0.152833 -0.918336 0.365103 -0.269683 -0.858576 0.436026 -0.205542 -0.918336 0.338247 -0.163224 -0.675523 0.719046 -0.139173 -0.777655 0.613093 -0.279349 -0.675523 0.682373 -0.792758 -0.405832 0.454791 -0.645919 -0.55043 0.528976 -0.724176 -0.55043 0.415446 -0.856802 -0.405832 0.318104 -0.908371 -0.247235 0.33725 -0.840472 -0.247235 0.482163 -0.70709 -0.405832 0.579072 -0.934295 -0.0822836 0.346875 -0.771042 0.0822835 0.631445 -0.864459 0.0822836 0.495924 -0.840472 0.247235 0.482163 -0.968657 0.247235 0.0240295 -0.951491 0.247235 0.183138 -0.978646 0.0822836 0.188364 -0.414199 -0.777655 0.472961 -0.486397 -0.777655 0.398335 -0.570454 -0.675523 0.467174 -0.897475 0.405832 0.172741 -0.913667 0.405832 0.0226653 -0.826649 0.55043 -0.116952 -0.834624 0.55043 0.0207045 -0.622492 0.777655 -0.0880686 -0.628498 0.777655 0.0155911 -0.737112 0.675523 0.0182855 -0.330703 -0.777655 0.534685 -0.485779 -0.675523 0.554696 -0.703111 0.675523 -0.222045 -0.560168 0.777655 -0.28542 -0.599507 0.777655 -0.189326 -0.396648 -0.858576 0.324835 -0.337772 -0.858576 0.385691 -0.456807 0.858576 -0.232755 -0.488887 0.858576 -0.154392 -0.352661 0.918336 -0.17969 -0.375504 0.918336 -0.125122 -0.253659 -0.918336 0.303835 -0.29611 -0.918336 0.262635 -0.331947 -0.918336 0.215569 -0.360368 -0.918336 0.163687 -0.444704 -0.858576 0.255119 -0.48063 -0.858576 0.178443 -0.380739 -0.918336 0.108149 -0.392605 -0.918336 0.0501944 -0.503446 -0.858576 0.0969004 -0.512529 -0.858576 0.0127143 -0.395701 -0.918336 -0.00888094 -0.507631 -0.858576 -0.0718184 -0.389958 -0.918336 -0.0677579 -0.488887 -0.858576 -0.154392 -0.375504 -0.918336 -0.125122 -0.456807 -0.858576 -0.232755 -0.352661 -0.918336 -0.17969 0.437141 -0.777655 0.451841 0.266743 -0.777655 0.569299 0.356808 -0.777655 0.51763 -0.238187 -0.777655 0.581825 -0.545327 -0.777655 0.312844 -0.589382 -0.777655 0.218819 -0.628498 -0.777655 0.0155911 -0.61736 -0.777655 0.118826 -0.622492 -0.777655 -0.0880686 -0.599507 -0.777655 -0.189326 -0.560168 -0.777655 -0.28542 0.671353 -0.55043 0.496298 0.512686 -0.675523 0.529927 0.41847 -0.675523 0.607084 -0.387854 -0.675523 0.627087 -0.639568 -0.675523 0.366908 -0.691236 -0.675523 0.256635 -0.737112 -0.675523 0.0182855 -0.724049 -0.675523 0.139361 -0.730069 -0.675523 -0.103288 -0.703111 -0.675523 -0.222045 -0.656974 -0.675523 -0.334745 0.743884 -0.55043 0.379028 0.734933 -0.405832 0.5433 0.580509 -0.55043 0.60003 0.473829 -0.55043 0.687395 0.0895565 -0.55043 0.830064 -0.316304 -0.55043 0.772644 -0.346259 -0.405832 0.845816 -0.184817 -0.55043 0.814168 -0.439163 -0.55043 0.710044 -0.550043 -0.55043 0.628076 -0.782679 -0.55043 0.290585 -0.834624 -0.55043 0.0207045 -0.819833 -0.55043 0.157797 -0.826649 -0.55043 -0.116952 -0.743884 -0.55043 -0.379028 -0.796125 -0.55043 -0.251419 0.814333 0.405832 0.414924 0.671353 0.55043 0.496298 0.743884 0.55043 0.379028 0.887985 -0.0822836 0.452451 0.801403 -0.0822836 0.592438 0.635485 -0.405832 0.656856 0.0980379 -0.405832 0.908674 -0.052862 -0.405832 0.912418 -0.20232 -0.405832 0.891273 -0.602134 -0.405832 0.687557 -0.638375 -0.247235 0.728939 -0.480754 -0.405832 0.777288 -0.913667 -0.405832 0.0226653 -0.897475 -0.405832 0.172741 -0.904936 -0.405832 -0.128028 -0.871521 -0.405832 -0.27523 -0.814333 -0.405832 -0.414924 0.673733 -0.247235 0.69639 0.268537 -0.0822836 0.959749 0.268537 0.0822835 0.959749 0.103938 -0.247235 0.963365 -0.0560436 -0.247235 0.967333 -0.214497 -0.247235 0.944916 -0.3671 -0.247235 0.896723 -0.509689 -0.247235 0.824071 -0.864459 -0.0822836 0.495924 -0.749648 -0.247235 0.613924 -0.978646 -0.0822836 0.188364 -0.996302 0.0822836 0.0247153 -0.968657 -0.247235 0.0240295 -0.951491 -0.247235 0.183138 -0.959401 -0.247235 -0.135734 -0.863346 -0.247235 -0.439897 -0.923975 -0.247235 -0.291795 0.801403 0.0822836 0.592438 0.692961 -0.0822836 0.716264 0.106905 -0.0822836 0.990859 -0.057643 -0.0822836 0.994941 -0.220619 -0.0822836 0.971883 -0.377576 -0.0822836 0.922315 -0.524235 -0.0822836 0.847589 -0.656594 -0.0822835 0.749743 -0.771042 -0.0822835 0.631445 -0.908371 0.247235 0.33725 -0.934295 0.0822836 0.346875 -0.996302 -0.0822836 0.0247153 -0.986782 -0.0822836 -0.139607 -0.887985 -0.0822835 -0.452451 -0.950345 -0.0822835 -0.300123 0.887985 0.0822836 0.452451 0.779166 0.247235 0.575999 0.692961 0.0822836 0.716264 0.103938 0.247235 0.963365 0.106905 0.0822836 0.990859 -0.0560436 0.247235 0.967333 -0.057643 0.0822836 0.994941 -0.220619 0.0822836 0.971883 -0.377576 0.0822836 0.922315 -0.524235 0.0822836 0.847589 -0.656594 0.0822835 0.749743 -0.986782 0.0822836 -0.139607 -0.950345 0.0822835 -0.300123 -0.887985 0.0822835 -0.452451 0.863346 0.247235 0.439897 0.734933 0.405832 0.543299 0.673733 0.247235 0.69639 0.261086 0.247235 0.933118 -0.214497 0.247235 0.944916 -0.346259 0.405832 0.845816 -0.20232 0.405832 0.891273 -0.3671 0.247235 0.896723 -0.509689 0.247235 0.824071 -0.638375 0.247235 0.728939 -0.749648 0.247235 0.613924 -0.796125 0.55043 -0.251419 -0.656974 0.675523 -0.334745 -0.959401 0.247235 -0.135734 -0.923975 0.247235 -0.291795 -0.863346 0.247235 -0.439897 0.518703 0.405832 0.752494 0.387772 0.405832 0.827607 0.246264 0.405832 0.880145 0.0980379 0.405832 0.908674 -0.052862 0.405832 0.912418 -0.480754 0.405832 0.777288 -0.602134 0.405832 0.687557 -0.645919 0.55043 0.528976 -0.550043 0.55043 0.628076 -0.70709 0.405832 0.579072 -0.792758 0.405832 0.454791 -0.856802 0.405832 0.318104 -0.904936 0.405832 -0.128028 -0.871521 0.405832 -0.27523 -0.814333 0.405832 -0.414924 0.635485 0.405832 0.656856 0.473829 0.55043 0.687395 0.580509 0.55043 0.60003 0.224959 0.55043 0.804002 0.0895565 0.55043 0.830064 -0.0482888 0.55043 0.833483 -0.184817 0.55043 0.814168 -0.316304 0.55043 0.772644 -0.439163 0.55043 0.710044 -0.724176 0.55043 0.415446 -0.782679 0.55043 0.290585 -0.724049 0.675523 0.139361 -0.691236 0.675523 0.256635 -0.819833 0.55043 0.157797 -0.743884 0.55043 -0.379028 0.41847 0.675523 0.607084 0.512686 0.675523 0.529927 0.0790933 0.675523 0.733085 -0.036363 0.777655 0.627639 -0.0426471 0.675523 0.736105 -0.163224 0.675523 0.719046 -0.279349 0.675523 0.682373 -0.387854 0.675523 0.627087 -0.485779 0.675523 0.554696 -0.570454 0.675523 0.467174 -0.639568 0.675523 0.366908 -0.730069 0.675523 -0.103288 0.356808 0.777655 0.51763 0.266743 0.777655 0.569299 0.169401 0.777655 0.605439 0.0674388 0.777655 0.625064 -0.139173 0.777655 0.613094 -0.194237 0.858576 0.474467 -0.269683 0.858576 0.436026 -0.205542 0.918336 0.338247 -0.238187 0.777655 0.581824 -0.330703 0.777655 0.534685 -0.414199 0.777655 0.472961 -0.486397 0.777655 0.398335 -0.545327 0.777655 0.312844 -0.589382 0.777655 0.218819 -0.61736 0.777655 0.118826 0.290971 0.858576 0.422118 0.217524 0.858576 0.464253 0.138144 0.858576 0.493724 0.0549951 0.858576 0.509728 -0.0296534 0.858576 0.511828 -0.113493 0.858576 0.499967 -0.337772 0.858576 0.385691 -0.396648 0.858576 0.324835 -0.444704 0.858576 0.255119 -0.48063 0.858576 0.178443 -0.503446 0.858576 0.0969004 -0.512529 0.858576 0.0127143 -0.507631 0.858576 -0.0718184 0.239772 0.918336 0.314909 0.19016 0.918336 0.347128 0.136299 0.918336 0.371593 0.0793935 0.918336 0.387757 0.0207146 0.918336 0.395259 -0.0384269 0.918336 0.393931 -0.0967102 0.918336 0.383804 -0.152833 0.918336 0.365103 -0.253659 0.918336 0.303835 -0.29611 0.918336 0.262635 -0.331947 0.918336 0.215569 -0.360368 0.918336 0.163687 -0.380739 0.918336 0.108149 -0.392605 0.918336 0.0501944 -0.395701 0.918336 -0.00888094 -0.389958 0.918336 -0.0677579 0.569 0.250796 0.783161 0.633271 0.123808 0.763963 0.585711 0.0839483 0.806161 0.536423 0.408816 0.738323 0.65109 0.248392 0.717205 0.563857 0.011394 0.825794 0.558597 0.0173137 0.829259 0.489327 0.307671 0.816026 0.48305 0.173672 0.858196 0.489321 0.23851 0.838855 0.447926 0.773773 0.447926 0.417356 0.682068 0.600498 0.373941 0.773774 0.511314 0.612456 0.528012 0.588303 0.451952 0.573389 0.683348 0.551213 0.663845 0.505445 0.476485 0.773773 0.417418 0.879153 -0.0104146 0.476426 0.881959 -0.0169153 0.471022 0.824763 -0.115646 0.553527 0.56876 0.00214515 0.822501 0.669125 0.0101384 0.743081 0.573124 -0.0101384 0.819406 0.727776 0.307671 0.612927 0.783161 0.250796 0.569 0.735184 0.23851 0.634521 0.686552 -0.0200423 0.726805 0.691248 -0.0203783 0.72233 0.704611 -0.0839483 0.704611 0.600345 -0.115646 0.791336 0.681913 -0.0169694 0.731237 0.677362 -0.0113646 0.735562 0.673081 -0.00216003 0.739566 0.684508 -0.250796 0.684508 0.742762 -0.123808 0.658009 0.753948 -0.24882 0.607989 0.70044 -0.0111545 0.713624 0.695915 -0.0170337 0.717922 0.876533 -0.00122613 0.481341 0.874739 -0.190217 0.445702 0.825116 -0.238452 0.512177 0.82808 -0.173984 0.532928 0.874148 0.0101384 0.485554 0.808131 -0.0101383 0.588915 0.805009 0.00214515 0.593259 0.884878 -0.0204363 0.465375 0.735533 0.173672 0.65485 0.806161 0.0839483 0.58571 0.847017 0.123808 0.516947 0.788182 0.466357 0.401599 0.839948 0.333653 0.427975 0.738323 0.408816 0.536423 0.649347 0.573389 0.499574 0.696887 0.445716 0.561859 0.56442 0.773773 0.287586 0.646653 0.687952 0.329486 0.519704 0.773773 0.362192 0.589723 0.682068 0.432446 0.887875 -0.0209059 0.45961 0.722714 0.584878 0.368241 0.801441 0.011394 0.597966 0.79759 0.0173137 0.602951 0.704665 -0.00216483 0.709537 0.70838 0.0101384 0.705759 0.774784 -0.0101384 0.632145 0.815055 -0.30767 0.490942 0.832391 -0.356713 0.424124 0.783275 -0.430497 0.448499 0.890857 -0.0182983 0.453915 0.766855 -0.509179 0.390732 0.738728 -0.542393 0.400114 0.597733 -0.673883 0.434278 0.460568 -0.773773 0.434917 0.513291 -0.685229 0.516715 0.504676 -0.773773 0.382854 0.556985 -0.579816 0.594627 0.683917 -0.640955 0.348473 0.78184 0.0113627 0.623375 0.729633 0.115646 0.67399 0.785689 0.0171072 0.618384 0.789616 0.0206939 0.613252 0.793621 0.0203899 0.608071 0.778182 0.00225165 0.628035 0.610171 -0.173984 0.77293 0.645318 -0.408816 0.645318 0.611485 -0.30767 0.728989 0.609241 -0.692236 0.386827 0.542928 -0.773774 0.326348 0.346543 -0.646012 0.68013 0.486617 -0.596149 0.6386 0.450628 -0.692236 0.563688 0.38481 -0.530608 0.755232 0.513734 -0.48764 0.705893 0.531531 -0.367463 0.763181 0.416418 -0.398335 0.817267 0.439114 -0.253896 0.86181 0.515683 -0.24882 0.819853 0.488862 -0.123808 0.863531 0.451628 -0.101876 0.886371 0.750536 -0.367464 0.549242 0.471255 0.115646 0.874382 0.54771 0.0206939 0.836412 0.54233 0.0171072 0.839992 0.527547 -0.0101384 0.849466 0.453395 0.0512182 0.889837 0.532095 0.00225165 0.846682 0.55318 0.0203898 0.832812 0.537069 0.0113627 0.843462 0.303892 -0.74292 0.596423 0.407545 -0.773774 0.484954 0.353019 -0.773773 0.525978 0.294396 -0.773773 0.560898 0.655283 0.367463 0.659981 0.476692 0.445716 0.757695 0.614105 -0.238452 0.75234 0.715101 -0.48764 0.500837 0.591011 -0.452162 0.668024 0.667604 -0.596149 0.445995 0.56442 0.773773 0.287586 0.586203 0.773773 0.240087 0.65704 0.699407 0.281297 0.723944 0.582958 0.368868 0.647875 0.686503 0.330109 0.727846 0.602716 0.327068 0.83389 0.367979 0.411361 0.839953 0.333639 0.427977 0.789095 0.464406 0.402064 0.789019 0.488914 0.372037</float_array>
          <technique_common>
            <accessor count="6164" source="#ID16" stride="3">
              <param name="X" type="float"/>
              <param name="Y" type="float"/>
              <param name="Z" type="float"/>
            </accessor>
          </technique_common>
        </source>
        <vertices id="ID17">
          <input semantic="POSITION" source="#ID13"/>
          <input semantic="NORMAL" source="#ID15"/>
        </vertices>
        <triangles count="6126" material="ID10">
          <input offset="0" semantic="VERTEX" source="#ID17"/>
          <p>0 2 1 3 5 4 6 8 7 9 1 10 1 2 10 11 7 8 11 13 12 13 14 12 2 0 15 16 18 17 18 16 9 19 14 20 18 9 10 16 17 21 22 24 23 21 25 22 25 21 17 24 22 25 23 24 26 23 26 27 15 0 28 29 28 30 28 29 15 30 32 31 31 29 30 33 34 32 31 32 34 35 33 36 33 35 34 36 38 37 37 35 36 4 5 38 37 38 5 39 41 40 3 43 42 44 46 45 47 49 48 50 52 51 53 55 54 56 58 57 59 61 60 12 14 19 62 20 63 7 64 6 13 11 8 65 67 66 66 64 65 68 69 65 67 65 69 70 68 71 68 70 69 72 70 71 72 71 73 74 75 73 72 73 75 26 74 27 74 26 75 6 64 66 62 63 57 19 20 62 56 59 58 63 56 57 61 52 60 59 60 58 54 50 51 51 52 61 44 55 53 55 50 54 45 46 49 44 53 46 45 49 47 39 40 48 47 48 40 39 42 41 42 43 41 4 76 3 3 76 43 77 79 78 80 82 81 83 78 79 79 84 83 85 87 86 84 87 85 87 88 86 89 91 90 90 91 92 88 91 89 84 85 83 88 89 86 93 95 94 93 92 95 95 96 94 97 98 96 96 98 94 90 92 93 98 97 99 100 77 78 101 103 102 104 103 99 104 99 97 102 103 104 101 102 105 106 77 100 107 106 100 107 109 108 108 106 107 110 111 109 108 109 111 112 110 113 110 112 111 113 115 114 114 112 113 116 117 115 114 115 117 118 116 119 116 118 117 119 121 120 120 118 119 122 123 121 120 121 123 124 122 125 122 124 123 125 127 126 126 124 125 126 127 81 128 130 129 127 80 81 131 133 132 134 136 135 137 139 138 140 142 141 143 145 144 146 148 147 144 150 149 149 143 144 151 152 150 149 150 152 105 151 101 151 105 152 146 147 145 145 143 146 82 80 129 147 148 139 133 136 132 138 139 148 142 137 141 141 137 138 131 140 133 131 142 140 128 134 135 132 136 134 129 130 82 135 130 128 153 155 154 156 158 157 159 161 160 160 154 159 162 163 161 159 162 161 162 164 163 165 164 166 165 163 164 153 154 160 167 169 168 166 168 169 170 167 171 171 167 168 169 165 166 172 174 173 170 174 172 170 171 174 173 175 172 176 178 177 176 175 178 177 180 179 179 176 177 181 182 180 179 180 182 183 181 184 181 183 182 184 186 185 185 183 184 187 188 186 185 186 188 189 187 190 187 189 188 178 175 173 191 155 153 192 193 191 155 191 193 194 192 195 192 194 193 195 197 196 196 194 195 198 199 197 196 197 199 200 198 201 198 200 199 201 203 202 202 200 201 204 205 203 202 203 205 206 204 207 204 206 205 207 209 208 208 206 207 210 211 209 208 209 211 212 210 213 210 212 211 213 215 214 214 212 213 216 217 215 214 215 217 218 216 219 216 218 217 219 221 220 220 218 219 220 221 157 222 224 223 221 156 157 190 226 225 227 226 228 189 190 225 227 225 226 227 228 222 224 158 223 228 224 222 156 223 158 229 231 230 232 234 233 235 237 236 235 230 231 230 238 229 235 231 237 239 241 240 242 243 236 244 241 239 244 239 243 245 247 246 247 245 240 241 247 240 248 250 249 245 246 249 249 246 248 242 236 237 242 244 243 251 250 248 252 229 238 253 255 254 254 250 251 256 255 253 255 256 257 254 251 253 258 260 259 258 257 260 259 261 258 261 259 262 263 264 262 261 262 264 264 263 265 265 263 266 257 256 260 252 238 267 268 269 267 252 267 269 270 268 271 268 270 269 271 273 272 272 270 271 274 275 273 272 273 275 276 274 277 274 276 275 277 279 278 278 276 277 280 281 279 278 279 281 282 280 283 280 282 281 283 285 284 284 282 283 286 287 285 284 285 287 288 286 289 286 288 287 289 291 290 290 288 289 292 293 291 290 291 293 294 292 295 292 294 293 295 297 296 296 294 295 296 297 233 298 300 299 297 232 233 266 302 301 303 302 304 265 266 301 303 301 302 303 304 298 300 234 299 304 300 298 232 299 234 305 307 306 308 310 309 311 309 312 309 311 308 311 312 305 307 305 312 313 315 314 313 314 316 317 319 318 320 322 321 323 322 324 325 327 326 328 327 329 330 331 326 325 326 331 332 333 331 331 330 332 325 334 327 320 328 329 329 327 334 322 335 321 320 321 328 323 324 317 335 322 323 319 317 336 317 324 336 337 339 338 340 338 339 339 337 341 342 344 343 345 346 344 346 343 344 343 347 342 348 350 349 349 350 351 349 351 352 353 350 348 351 354 352 352 354 355 356 358 357 358 359 357 356 361 360 360 358 356 361 362 360 363 359 358 364 366 365 364 365 367 368 370 369 368 369 371 369 370 372 373 375 374 376 377 373 373 374 376 374 375 378 375 379 378 378 379 380 381 383 382 383 381 384 385 382 386 383 386 382 387 382 385 384 381 388 389 391 390 389 390 392 390 393 392 393 394 392 389 395 391 396 398 397 398 396 399 399 400 398 401 403 402 402 404 401 404 402 405 406 408 407 408 406 409 410 412 411 413 415 414 411 416 410 417 416 418 411 418 416 419 420 417 417 418 419 421 420 419 420 421 422 421 413 423 424 413 414 423 413 424 423 422 421 422 423 425 426 428 427 429 431 430 432 430 433 430 432 429 432 433 426 428 426 433 434 436 435 434 435 437 438 440 439 441 443 442 444 443 445 446 448 447 449 448 450 451 452 447 446 447 452 453 454 452 452 451 453 446 455 448 441 449 450 450 448 455 443 456 442 441 442 449 444 445 438 456 443 444 440 438 457 438 445 457 458 460 459 461 462 460 461 460 458 463 465 464 466 467 465 467 464 465 464 468 463 469 471 470 472 473 471 471 469 472 474 473 472 471 475 470 470 475 476 477 479 478 478 479 480 480 482 481 481 478 480 482 483 481 478 484 477 485 487 486 485 486 488 489 491 490 489 490 492 490 491 493 494 496 495 497 499 498 500 498 501 498 500 497 500 501 494 496 494 501 502 504 503 502 503 505 506 508 507 509 511 510 512 511 513 514 516 515 517 516 518 519 520 515 514 515 520 521 522 520 520 519 521 514 523 516 509 517 518 518 516 523 511 524 510 509 510 517 512 513 506 524 511 512 508 506 525 506 513 525 526 528 527 529 530 528 529 528 526 531 533 532 534 535 533 535 532 533 532 536 531 537 539 538 540 542 541 540 537 542 541 543 540 539 544 538 537 540 539 545 547 546 548 546 547 549 550 548 549 548 547 550 551 548 546 552 545 553 555 554 555 553 556 557 559 558 557 558 560 558 559 561 562 564 563 565 567 566 568 566 569 566 568 565 568 569 562 564 562 569 570 572 571 570 571 573 574 576 575 577 579 578 580 579 581 582 584 583 585 584 586 587 588 583 582 583 588 589 590 588 588 587 589 582 591 584 577 585 586 586 584 591 579 592 578 577 578 585 580 581 574 592 579 580 576 574 593 574 581 593 594 596 595 594 597 596 595 598 594 599 601 600 602 603 601 603 600 601 600 604 599 605 607 606 608 610 609 611 610 612 611 612 605 610 608 612 612 607 605 613 615 614 616 614 615 616 618 617 618 616 615 617 618 619 613 614 620 621 623 622 623 621 624 625 627 626 625 626 628 626 627 629 630 632 631 633 635 634 636 634 637 634 636 633 636 637 630 632 630 637 638 640 639 638 639 641 642 644 643 645 647 646 648 647 649 650 652 651 653 652 654 655 656 651 650 651 656 657 658 656 656 655 657 650 659 652 645 653 654 654 652 659 647 660 646 645 646 653 648 649 642 660 647 648 644 642 661 642 649 661 662 664 663 664 662 665 663 666 662 667 669 668 670 671 669 671 668 669 668 672 667 673 675 674 673 677 676 676 675 673 678 676 677 675 679 674 674 679 680 681 683 682 684 686 685 685 683 684 687 685 686 687 688 685 683 681 684 689 691 690 689 692 691 693 695 694 693 694 696 694 695 697 698 700 699 701 703 702 704 702 705 702 704 701 704 705 698 700 698 705 706 708 707 706 707 709 710 712 711 713 715 714 716 715 717 718 720 719 721 720 722 723 724 719 718 719 724 725 726 724 724 723 725 718 727 720 713 721 722 722 720 727 715 728 714 713 714 721 716 717 710 728 715 716 712 710 729 710 717 729 730 732 731 730 733 732 731 734 730 735 737 736 738 739 737 739 736 737 736 740 735 741 743 742 743 745 744 745 743 741 745 746 744 743 747 742 742 747 748 749 751 750 752 754 753 753 751 752 755 753 754 755 756 753 751 749 752 757 759 758 757 758 760 761 763 762 761 762 764 762 763 765 766 768 767 769 771 770 772 770 773 770 772 769 772 773 766 768 766 773 774 776 775 774 775 777 778 780 779 781 783 782 784 783 785 786 788 787 789 788 790 791 792 787 786 787 792 793 794 792 792 791 793 786 795 788 781 789 790 790 788 795 783 796 782 781 782 789 784 785 778 796 783 784 780 778 797 778 785 797 798 800 799 798 801 800 800 802 799 803 805 804 806 807 805 807 804 805 804 808 803 809 811 810 809 813 812 812 811 809 813 814 812 810 811 815 810 815 816 817 819 818 819 817 820 817 821 820 822 817 818 821 823 820 823 821 824 825 827 826 825 826 828 829 831 830 829 830 832 830 831 833 834 836 835 837 839 838 840 838 841 838 840 837 840 841 834 836 834 841 842 844 843 842 843 845 846 848 847 849 851 850 852 851 853 854 856 855 857 856 858 859 860 855 854 855 860 861 862 860 860 859 861 854 863 856 849 857 858 858 856 863 851 864 850 849 850 857 852 853 846 864 851 852 848 846 865 846 853 865 866 868 867 868 866 869 868 870 867 871 873 872 874 875 873 875 872 873 872 876 871 877 879 878 880 882 881 881 879 877 880 883 882 884 878 879 881 882 879 885 887 886 887 885 888 885 889 888 890 885 886 889 891 888 891 889 892 893 895 894 896 895 893 893 894 897 898 900 899 898 899 901 899 900 902 903 905 904 906 908 907 909 907 910 907 909 906 909 910 903 905 903 910 911 913 912 911 912 914 915 917 916 918 920 919 921 920 922 923 925 924 926 925 927 928 929 924 923 924 929 930 931 929 929 928 930 923 932 925 918 926 927 927 925 932 920 933 919 918 919 926 921 922 915 933 920 921 917 915 934 915 922 934 935 937 936 935 936 938 935 938 939 940 942 941 943 944 942 944 941 942 941 945 940 946 948 947 949 951 950 950 951 952 952 951 946 953 949 950 951 948 946 954 956 955 955 956 957 956 958 957 959 954 955 958 960 957 960 958 961 962 964 963 962 963 965 966 968 967 966 969 968 966 967 970 971 973 972 974 976 975 977 975 978 975 977 974 977 978 971 973 971 978 979 981 980 979 980 982 983 985 984 986 988 987 989 988 990 991 993 992 994 993 995 996 997 992 991 992 997 998 999 997 997 996 998 991 1000 993 986 994 995 995 993 1000 988 1001 987 986 987 994 989 990 983 1001 988 989 985 983 1002 983 990 1002 1003 1005 1004 1003 1007 1006 1003 1004 1007 1008 1010 1009 1011 1012 1010 1012 1009 1010 1009 1013 1008 1014 1016 1015 1017 1018 1016 1017 1016 1014 1014 1015 1019 1019 1015 1020 1021 1023 1022 1024 1023 1025 1025 1026 1024 1023 1021 1025 1026 1027 1024 1027 1026 1028 1029 1031 1030 1031 1029 1032 1033 1035 1034 1033 1036 1035 1033 1034 1037 1038 1040 1039 1041 1043 1042 1044 1042 1045 1042 1044 1041 1044 1045 1038 1040 1038 1045 1046 1048 1047 1046 1049 1048 1050 1052 1051 1053 1055 1054 1056 1055 1057 1058 1060 1059 1061 1060 1062 1063 1064 1059 1058 1059 1064 1065 1066 1064 1064 1063 1065 1058 1067 1060 1053 1061 1062 1062 1060 1067 1055 1068 1054 1053 1054 1061 1056 1057 1050 1068 1055 1056 1052 1050 1069 1050 1057 1069 1070 1072 1071 1073 1074 1072 1073 1072 1070 1075 1077 1076 1078 1079 1077 1079 1076 1077 1076 1080 1075 1081 1083 1082 1084 1085 1083 1084 1083 1081 1086 1083 1085 1081 1082 1087 1087 1082 1088 1089 1091 1090 1092 1094 1093 1092 1093 1089 1094 1096 1095 1094 1095 1093 1093 1091 1089 1097 1099 1098 1097 1100 1099 1101 1103 1102 1101 1104 1103 1101 1102 1105 1106 1108 1107 1109 1111 1110 1112 1110 1113 1110 1112 1109 1112 1113 1106 1108 1106 1113 1114 1116 1115 1114 1117 1116 1118 1120 1119 1121 1123 1122 1124 1123 1125 1126 1128 1127 1129 1128 1130 1131 1132 1127 1126 1127 1132 1133 1134 1132 1132 1131 1133 1126 1135 1128 1121 1129 1130 1130 1128 1135 1123 1136 1122 1121 1122 1129 1124 1125 1118 1136 1123 1124 1120 1118 1137 1118 1125 1137 1138 1140 1139 1141 1138 1142 1140 1138 1141 1143 1145 1144 1146 1147 1145 1147 1144 1145 1144 1148 1143 1149 1151 1150 1151 1153 1152 1153 1151 1149 1152 1153 1154 1155 1152 1154 1150 1151 1156 1157 1159 1158 1158 1159 1160 1157 1158 1161 1162 1161 1163 1159 1164 1160 1161 1162 1157 1165 1167 1166 1165 1168 1167 1169 1171 1170 1169 1172 1171 1169 1170 1173 1174 1176 1175 1177 1179 1178 1180 1178 1181 1178 1180 1177 1180 1181 1174 1176 1174 1181 1182 1184 1183 1182 1183 1185 1186 1188 1187 1189 1191 1190 1192 1191 1193 1194 1196 1195 1197 1196 1198 1199 1200 1195 1194 1195 1200 1201 1202 1200 1200 1199 1201 1194 1203 1196 1189 1197 1198 1198 1196 1203 1191 1204 1190 1189 1190 1197 1192 1193 1186 1204 1191 1192 1188 1186 1205 1186 1193 1205 1206 1208 1207 1207 1208 1209 1209 1210 1207 1211 1213 1212 1214 1215 1213 1215 1212 1213 1212 1216 1211 1217 1219 1218 1219 1221 1220 1221 1219 1217 1220 1221 1222 1223 1220 1222 1218 1219 1224 1225 1227 1226 1228 1229 1225 1225 1226 1228 1230 1229 1228 1227 1231 1226 1231 1227 1232 1233 1235 1234 1233 1234 1236 1237 1239 1238 1240 1237 1241 1238 1241 1237 1242 1244 1243 1245 1247 1246 1248 1246 1249 1246 1248 1245 1248 1249 1242 1244 1242 1249 1250 1252 1251 1250 1251 1253 1254 1256 1255 1257 1259 1258 1260 1259 1261 1262 1264 1263 1265 1264 1266 1267 1268 1263 1262 1263 1268 1269 1270 1268 1268 1267 1269 1262 1271 1264 1257 1265 1266 1266 1264 1271 1259 1272 1258 1257 1258 1265 1260 1261 1254 1272 1259 1260 1256 1254 1273 1254 1261 1273 1274 1276 1275 1275 1276 1277 1277 1278 1275 1279 1281 1280 1282 1283 1281 1283 1280 1281 1280 1284 1279 1285 1287 1286 1287 1289 1288 1289 1287 1285 1288 1289 1290 1291 1288 1290 1286 1287 1292 1293 1295 1294 1296 1294 1297 1295 1299 1298 1299 1295 1293 1299 1300 1298 1294 1296 1293 1301 1303 1302 1301 1302 1304 1305 1307 1306 1308 1305 1309 1306 1309 1305 1310 1312 1311 1313 1315 1314 1316 1314 1317 1314 1316 1313 1316 1317 1310 1312 1310 1317 1318 1320 1319 1318 1319 1321 1322 1324 1323 1325 1327 1326 1328 1327 1329 1330 1332 1331 1333 1332 1334 1335 1336 1331 1330 1331 1336 1337 1338 1336 1336 1335 1337 1330 1339 1332 1325 1333 1334 1334 1332 1339 1327 1340 1326 1325 1326 1333 1328 1329 1322 1340 1327 1328 1324 1322 1341 1322 1329 1341 1342 1344 1343 1345 1343 1344 1344 1342 1346 1347 1349 1348 1350 1351 1349 1351 1348 1349 1348 1352 1347 1353 1355 1354 1355 1357 1356 1357 1355 1353 1356 1357 1358 1359 1356 1358 1354 1355 1360 1361 1363 1362 1363 1364 1362 1361 1366 1365 1365 1363 1361 1366 1367 1365 1368 1364 1363 1369 1371 1370 1369 1370 1372 1373 1375 1374 1376 1373 1377 1374 1377 1373 1378 1380 1379 1381 1383 1382 1384 1382 1385 1382 1384 1381 1384 1385 1378 1380 1378 1385 1386 1388 1387 1386 1387 1389 1390 1392 1391 1393 1395 1394 1396 1395 1397 1398 1400 1399 1401 1400 1402 1403 1404 1399 1398 1399 1404 1405 1406 1404 1404 1403 1405 1398 1407 1400 1393 1401 1402 1402 1400 1407 1395 1408 1394 1393 1394 1401 1396 1397 1390 1408 1395 1396 1392 1390 1409 1390 1397 1409 1410 1412 1411 1413 1410 1414 1412 1410 1413 1415 1417 1416 1418 1419 1417 1419 1416 1417 1416 1420 1415 1421 1423 1422 1423 1425 1424 1425 1423 1421 1424 1425 1426 1427 1424 1426 1422 1423 1428 1429 1431 1430 1430 1431 1432 1429 1434 1433 1433 1431 1429 1435 1432 1431 1432 1435 1436 1437 1439 1438 1438 1439 1440 1441 1443 1442 1444 1441 1445 1442 1445 1441 1446 1448 1447 1449 1451 1450 1452 1450 1453 1450 1452 1449 1452 1453 1446 1448 1446 1453 1454 1456 1455 1454 1455 1457 1458 1460 1459 1461 1463 1462 1464 1463 1465 1466 1468 1467 1469 1468 1470 1471 1472 1467 1466 1467 1472 1473 1474 1472 1472 1471 1473 1466 1475 1468 1461 1469 1470 1470 1468 1475 1463 1476 1462 1461 1462 1469 1464 1465 1458 1476 1463 1464 1460 1458 1477 1458 1465 1477 1478 1480 1479 1480 1478 1481 1478 1482 1481 1483 1485 1484 1486 1487 1485 1487 1484 1485 1484 1488 1483 1489 1491 1490 1491 1493 1492 1493 1491 1489 1492 1493 1494 1495 1492 1494 1490 1491 1496 1497 1499 1498 1500 1501 1499 1499 1502 1500 1503 1504 1501 1503 1501 1500 1499 1497 1502 1505 1507 1506 1506 1507 1508 1509 1511 1510 1512 1509 1513 1510 1513 1509 1514 1516 1515 1517 1519 1518 1520 1518 1521 1518 1520 1517 1520 1521 1514 1516 1514 1521 1522 1524 1523 1522 1525 1524 1526 1528 1527 1529 1531 1530 1532 1531 1533 1534 1536 1535 1537 1536 1538 1539 1540 1535 1534 1535 1540 1541 1542 1540 1540 1539 1541 1534 1543 1536 1529 1537 1538 1538 1536 1543 1531 1544 1530 1529 1530 1537 1532 1533 1526 1544 1531 1532 1528 1526 1545 1526 1533 1545 1546 1548 1547 1547 1548 1549 1549 1550 1547 1551 1553 1552 1554 1555 1553 1555 1552 1553 1552 1556 1551 1557 1559 1558 1559 1561 1560 1561 1559 1557 1560 1561 1562 1563 1560 1562 1558 1559 1564 1565 1567 1566 1565 1566 1568 1567 1569 1566 1565 1571 1570 1571 1565 1568 1571 1572 1570 1567 1573 1569 1574 1576 1575 1576 1574 1577 1578 1580 1579 1578 1579 1581 1579 1580 1582 1583 1585 1584 1586 1588 1587 1589 1587 1590 1587 1589 1586 1589 1590 1583 1585 1583 1590 1591 1593 1592 1593 1591 1594 1595 1597 1596 1598 1600 1599 1601 1600 1602 1603 1605 1604 1606 1605 1607 1608 1609 1604 1603 1604 1609 1610 1611 1609 1609 1608 1610 1603 1612 1605 1598 1606 1607 1607 1605 1612 1600 1613 1599 1598 1599 1606 1601 1602 1595 1613 1600 1601 1597 1595 1614 1595 1602 1614 1615 1617 1616 1616 1617 1618 1618 1619 1616 1620 1622 1621 1623 1624 1622 1624 1621 1622 1621 1625 1620 1626 1628 1627 1629 1630 1626 1630 1629 1631 1630 1628 1626 1629 1632 1631 1631 1632 1633 1634 1636 1635 1637 1635 1638 1636 1640 1639 1640 1636 1634 1640 1641 1639 1635 1637 1634 1642 1644 1643 1642 1643 1645 1646 1648 1647 1646 1647 1649 1647 1648 1650 1651 1653 1652 1654 1655 1651 1651 1652 1654 1652 1653 1656 1653 1657 1656 1656 1657 1658 1659 1661 1660 1662 1660 1663 1664 1661 1665 1661 1664 1660 1662 1659 1660 1665 1666 1664 1667 1669 1668 1668 1669 1670 1667 1672 1671 1671 1669 1667 1673 1670 1669 1670 1673 1674 1675 1677 1676 1675 1676 1678 1675 1678 1679 1680 1682 1681 1681 1683 1680 1683 1681 1684 1685 1687 1686 1685 1686 1688 1689 1691 1690 1692 1694 1693 1690 1695 1689 1696 1695 1697 1690 1697 1695 1698 1699 1696 1696 1697 1698 1700 1699 1698 1699 1700 1701 1700 1692 1702 1703 1692 1693 1702 1692 1703 1702 1701 1700 1701 1702 1704 1705 1707 1706 1708 1709 1705 1705 1706 1708 1706 1707 1710 1707 1711 1710 1710 1711 1712 1713 1715 1714 1713 1714 1716 1717 1718 1715 1717 1715 1713 1716 1714 1719 1719 1714 1720 1721 1723 1722 1724 1726 1725 1725 1723 1724 1726 1727 1725 1724 1723 1721 1728 1730 1729 1728 1729 1731 1728 1731 1732 1733 1735 1734 1734 1736 1733 1736 1734 1737 1738 1740 1739 1738 1739 1741 1742 1744 1743 1745 1747 1746 1743 1748 1742 1749 1748 1750 1743 1750 1748 1751 1752 1749 1749 1750 1751 1753 1752 1751 1752 1753 1754 1753 1745 1755 1756 1745 1746 1755 1745 1756 1755 1754 1753 1754 1755 1757 1758 1760 1759 1761 1762 1758 1758 1759 1761 1759 1760 1763 1760 1764 1763 1763 1764 1765 1766 1768 1767 1766 1767 1769 1770 1771 1768 1770 1768 1766 1769 1767 1772 1772 1767 1773 1774 1776 1775 1775 1776 1777 1774 1778 1776 1778 1774 1779 1780 1775 1777 1781 1783 1782 1781 1784 1783 1781 1785 1784 1786 1788 1787 1787 1789 1786 1789 1787 1790 1791 1793 1792 1791 1792 1794 1795 1797 1796 1798 1800 1799 1796 1801 1795 1802 1801 1803 1796 1803 1801 1804 1805 1802 1802 1803 1804 1806 1805 1804 1805 1806 1807 1806 1798 1808 1809 1798 1799 1808 1798 1809 1808 1807 1806 1807 1808 1810 1811 1813 1812 1814 1815 1811 1811 1812 1814 1812 1813 1816 1813 1817 1816 1816 1817 1818 1819 1821 1820 1819 1820 1822 1823 1824 1821 1823 1821 1819 1822 1820 1825 1825 1820 1826 1827 1829 1828 1828 1831 1830 1830 1827 1828 1829 1832 1828 1832 1829 1833 1834 1836 1835 1834 1837 1836 1837 1834 1838 1839 1841 1840 1840 1842 1839 1842 1840 1843 1844 1846 1845 1844 1845 1847 1848 1850 1849 1851 1853 1852 1849 1854 1848 1855 1854 1856 1849 1856 1854 1857 1858 1855 1855 1856 1857 1859 1858 1857 1858 1859 1860 1859 1851 1861 1862 1851 1852 1861 1851 1862 1861 1860 1859 1860 1861 1863 1864 1866 1865 1867 1868 1864 1864 1865 1867 1865 1866 1869 1866 1870 1869 1869 1870 1871 1872 1874 1873 1872 1873 1875 1876 1877 1874 1876 1874 1872 1875 1873 1878 1878 1873 1879 1880 1882 1881 1883 1885 1884 1885 1883 1880 1885 1886 1884 1883 1882 1880 1887 1889 1888 1887 1890 1889 1887 1888 1891 1892 1894 1893 1893 1895 1892 1895 1893 1896 1897 1899 1898 1897 1900 1899 1901 1903 1902 1904 1906 1905 1902 1907 1901 1908 1907 1909 1902 1909 1907 1910 1911 1908 1908 1909 1910 1912 1911 1910 1911 1912 1913 1912 1904 1914 1915 1904 1905 1914 1904 1915 1914 1913 1912 1913 1914 1916 1917 1919 1918 1920 1921 1917 1917 1918 1920 1918 1919 1922 1919 1923 1922 1922 1923 1924 1925 1927 1926 1925 1926 1928 1929 1930 1927 1929 1927 1925 1928 1926 1931 1931 1926 1932 1933 1935 1934 1933 1937 1936 1937 1933 1934 1934 1935 1938 1937 1939 1936 1940 1942 1941 1940 1943 1942 1940 1944 1943 1945 1947 1946 1946 1948 1945 1948 1946 1949 1950 1952 1951 1950 1953 1952 1954 1956 1955 1957 1959 1958 1955 1960 1954 1961 1960 1962 1955 1962 1960 1963 1964 1961 1961 1962 1963 1965 1964 1963 1964 1965 1966 1965 1957 1967 1968 1957 1958 1967 1957 1968 1967 1966 1965 1966 1967 1969 1970 1972 1971 1973 1974 1970 1970 1971 1973 1971 1972 1975 1972 1976 1975 1975 1976 1977 1978 1980 1979 1978 1979 1981 1982 1983 1980 1982 1980 1978 1981 1979 1984 1984 1979 1985 1986 1988 1987 1989 1990 1986 1986 1987 1989 1987 1988 1991 1991 1988 1992 1993 1995 1994 1996 1995 1993 1994 1997 1993 1998 2000 1999 1999 2001 1998 2001 1999 2002 2003 2005 2004 2003 2004 2006 2007 2009 2008 2010 2012 2011 2008 2013 2007 2014 2013 2015 2008 2015 2013 2016 2017 2014 2014 2015 2016 2018 2017 2016 2017 2018 2019 2018 2010 2020 2021 2010 2011 2020 2010 2021 2020 2019 2018 2019 2020 2022 2023 2025 2024 2026 2027 2023 2023 2024 2026 2024 2025 2028 2025 2029 2028 2028 2029 2030 2031 2033 2032 2031 2032 2034 2035 2036 2033 2035 2033 2031 2034 2032 2037 2037 2032 2038 2039 2041 2040 2041 2043 2042 2041 2042 2040 2040 2044 2039 2039 2044 2045 2046 2048 2047 2049 2048 2046 2047 2050 2046 2051 2053 2052 2052 2054 2051 2054 2052 2055 2056 2058 2057 2056 2057 2059 2060 2062 2061 2063 2065 2064 2066 2060 2061 2067 2068 2066 2060 2066 2068 2067 2070 2069 2069 2068 2067 2071 2070 2072 2070 2071 2069 2064 2073 2072 2074 2063 2064 2064 2065 2073 2071 2072 2073 2071 2073 2075 2076 2078 2077 2079 2080 2076 2076 2077 2079 2077 2078 2081 2078 2082 2081 2081 2082 2083 2084 2086 2085 2087 2086 2084 2084 2088 2087 2089 2087 2088 2086 2090 2085 2085 2090 2091 2092 2094 2093 2095 2096 2092 2092 2093 2095 2094 2097 2093 2097 2094 2098 2099 2101 2100 2102 2101 2099 2099 2100 2103 2104 2106 2105 2105 2107 2104 2107 2105 2108 2109 2111 2110 2109 2110 2112 2113 2115 2114 2116 2118 2117 2119 2113 2114 2120 2121 2119 2113 2119 2121 2120 2123 2122 2122 2121 2120 2124 2123 2125 2123 2124 2122 2117 2126 2125 2127 2116 2117 2117 2118 2126 2124 2125 2126 2124 2126 2128 2129 2131 2130 2132 2133 2129 2129 2130 2132 2130 2131 2134 2131 2135 2134 2134 2135 2136 2137 2139 2138 2138 2139 2140 2139 2142 2141 2142 2139 2137 2142 2143 2141 2138 2140 2144 2145 2147 2146 2148 2149 2145 2145 2146 2148 2146 2147 2150 2150 2147 2151 2152 2154 2153 2154 2155 2153 2154 2152 2156 2157 2159 2158 2158 2160 2157 2160 2158 2161 2162 2164 2163 2162 2165 2164 2163 2164 2166 2167 2169 2168 2170 2172 2171 2173 2167 2168 2174 2175 2173 2167 2173 2175 2174 2177 2176 2176 2175 2174 2178 2177 2179 2177 2178 2176 2171 2180 2179 2181 2170 2171 2171 2172 2180 2178 2179 2180 2178 2180 2182 2183 2185 2184 2186 2187 2183 2183 2184 2186 2184 2185 2188 2185 2189 2188 2188 2189 2190 2191 2193 2192 2194 2196 2195 2191 2197 2194 2197 2191 2192 2197 2196 2194 2198 2192 2193 2199 2201 2200 2202 2203 2199 2199 2200 2202 2200 2201 2204 2204 2201 2205 2206 2208 2207 2208 2209 2207 2208 2206 2210 2211 2213 2212 2212 2214 2211 2214 2212 2215 2216 2218 2217 2218 2216 2219 2220 2222 2221 2223 2225 2224 2226 2220 2221 2227 2228 2226 2220 2226 2228 2227 2230 2229 2229 2228 2227 2231 2230 2232 2230 2231 2229 2224 2233 2232 2234 2223 2224 2224 2225 2233 2231 2232 2233 2231 2233 2235 2236 2238 2237 2239 2240 2236 2236 2237 2239 2237 2238 2241 2238 2242 2241 2241 2242 2243 2244 2246 2245 2244 2245 2247 2248 2249 2246 2248 2246 2244 2245 2250 2247 2247 2250 2251 2252 2254 2253 2255 2256 2252 2252 2253 2255 2254 2257 2253 2257 2254 2258 2259 2261 2260 2261 2259 2262 2260 2261 2263 2264 2266 2265 2265 2267 2264 2267 2265 2268 2269 2271 2270 2270 2271 2272 2273 2275 2274 2275 2273 2276 2276 2278 2277 2276 2273 2278 2278 2279 2277 2279 2281 2280 2280 2277 2279 2281 2282 2280 2283 2284 2281 2285 2286 2283 2283 2287 2284 2286 2287 2283 2284 2282 2281 2282 2284 2288 2289 2291 2290 2292 2293 2289 2289 2290 2292 2290 2291 2294 2291 2295 2294 2294 2295 2296 2297 2299 2298 2298 2300 2297 2301 2303 2302 2299 2303 2298 2301 2298 2303 2297 2300 2304 2305 2307 2306 2306 2307 2308 2308 2307 2309 2307 2310 2309 2309 2310 2311 2312 2314 2313 2314 2312 2315 2313 2314 2316 2317 2319 2318 2318 2320 2317 2320 2318 2321 2322 2324 2323 2323 2324 2325 2326 2328 2327 2328 2326 2329 2329 2331 2330 2329 2326 2331 2331 2332 2330 2332 2334 2333 2333 2330 2332 2334 2335 2333 2336 2337 2334 2338 2339 2336 2336 2340 2337 2339 2340 2336 2337 2335 2334 2335 2337 2341 2342 2344 2343 2345 2346 2342 2342 2343 2345 2343 2344 2347 2344 2348 2347 2347 2348 2349 2350 2352 2351 2350 2353 2352 2354 2351 2355 2352 2355 2351 2356 2351 2354 2352 2353 2357 2358 2360 2359 2361 2362 2358 2358 2359 2361 2359 2360 2363 2363 2360 2364 2365 2367 2366 2365 2368 2367 2369 2368 2365 2370 2372 2371 2371 2373 2370 2373 2371 2374 2375 2377 2376 2375 2376 2378 2379 2381 2380 2381 2379 2382 2382 2384 2383 2382 2379 2384 2384 2385 2383 2385 2387 2386 2386 2383 2385 2387 2388 2386 2389 2390 2387 2391 2392 2389 2389 2393 2390 2392 2393 2389 2390 2388 2387 2388 2390 2394 2395 2397 2396 2398 2399 2395 2395 2396 2398 2396 2397 2400 2397 2401 2400 2400 2401 2402 2403 2405 2404 2406 2407 2405 2405 2403 2406 2408 2407 2406 2405 2409 2404 2404 2409 2410 2411 2413 2412 2414 2415 2411 2411 2412 2414 2412 2413 2416 2416 2413 2417 2418 2420 2419 2420 2421 2419 2420 2418 2422 2423 2425 2424 2424 2426 2423 2426 2424 2427 2428 2430 2429 2428 2429 2431 2432 2434 2433 2434 2432 2435 2435 2437 2436 2435 2432 2437 2437 2438 2436 2438 2440 2439 2439 2436 2438 2440 2441 2439 2442 2443 2440 2444 2445 2442 2442 2446 2443 2445 2446 2442 2443 2441 2440 2441 2443 2447 2448 2450 2449 2451 2452 2448 2448 2449 2451 2449 2450 2453 2450 2454 2453 2453 2454 2455 2456 2458 2457 2459 2461 2460 2460 2461 2456 2460 2456 2457 2462 2461 2459 2463 2457 2458 2464 2466 2465 2465 2467 2464 2468 2466 2464 2468 2469 2466 2465 2470 2467 2471 2473 2472 2473 2471 2474 2473 2475 2472 2476 2478 2477 2477 2479 2476 2479 2477 2480 2481 2483 2482 2481 2482 2484 2485 2487 2486 2487 2485 2488 2488 2490 2489 2488 2485 2490 2490 2491 2489 2491 2493 2492 2492 2489 2491 2493 2494 2492 2495 2496 2493 2497 2498 2495 2495 2499 2496 2498 2499 2495 2496 2494 2493 2494 2496 2500 2501 2503 2502 2504 2505 2501 2501 2502 2504 2502 2503 2506 2503 2507 2506 2506 2507 2508 2509 2511 2510 2509 2510 2512 2511 2514 2513 2514 2511 2509 2512 2510 2515 2512 2515 2516 2517 2519 2518 2518 2520 2517 2521 2518 2519 2518 2521 2522 2517 2520 2523 2524 2526 2525 2526 2524 2527 2525 2526 2528 2529 2531 2530 2530 2532 2529 2532 2530 2533 2534 2536 2535 2534 2537 2536 2538 2540 2539 2541 2543 2542 2539 2544 2538 2545 2544 2546 2539 2546 2544 2547 2548 2545 2545 2546 2547 2549 2548 2547 2548 2549 2550 2549 2541 2551 2552 2541 2542 2551 2541 2552 2551 2550 2549 2550 2551 2553 2554 2556 2555 2557 2558 2554 2554 2555 2557 2555 2556 2559 2556 2560 2559 2559 2560 2561 2562 2564 2563 2563 2565 2562 2566 2567 2564 2564 2567 2563 2568 2567 2566 2562 2565 2569 2570 2572 2571 2573 2571 2572 2574 2573 2572 2574 2575 2573 2575 2574 2576 2570 2571 2577 2578 2580 2579 2580 2578 2581 2579 2580 2582 2583 2585 2584 2584 2586 2583 2586 2584 2587 2588 2590 2589 2588 2591 2590 2592 2594 2593 2595 2597 2596 2593 2598 2592 2599 2598 2600 2593 2600 2598 2601 2602 2599 2599 2600 2601 2603 2602 2601 2602 2603 2604 2603 2595 2605 2606 2595 2596 2605 2595 2606 2605 2604 2603 2604 2605 2607 2608 2610 2609 2611 2613 2612 2614 2616 2615 2617 2619 2618 2620 2622 2621 2623 2625 2624 2626 2628 2627 2629 2631 2630 2632 2634 2633 2635 2637 2636 2638 2640 2639 2641 2636 2642 2642 2644 2643 2638 2646 2645 2645 2647 2644 2632 2649 2648 2650 2649 2637 2651 2652 2639 2652 2653 2626 2654 2655 2633 2656 2627 2657 2658 2631 2655 2659 2660 2630 2656 2661 2624 2662 2625 2663 2664 2659 2619 2618 2666 2665 2662 2667 2620 2622 2669 2668 2613 2670 2666 2671 2612 2672 2673 2669 2609 2674 2676 2675 2677 2679 2678 2680 2676 2681 2676 2680 2675 2672 2681 2671 2680 2681 2672 2612 2671 2611 2613 2611 2670 2666 2670 2665 2618 2665 2617 2619 2617 2664 2659 2664 2660 2630 2660 2629 2630 2631 2658 2658 2655 2654 2654 2633 2634 2634 2632 2648 2648 2649 2650 2650 2637 2635 2635 2636 2641 2641 2642 2643 2643 2644 2647 2647 2645 2646 2638 2645 2640 2639 2640 2651 2652 2651 2653 2626 2653 2628 2627 2628 2657 2656 2657 2661 2624 2661 2623 2625 2623 2663 2662 2663 2667 2662 2620 2621 2621 2622 2668 2668 2669 2673 2673 2609 2610 2610 2608 2682 2682 2683 2616 2608 2683 2682 2683 2615 2616 2615 2678 2614 2614 2678 2679 2676 2674 2677 2679 2677 2674 2684 2686 2685 2687 2689 2688 2690 2692 2691 2693 2695 2694 2696 2698 2697 2699 2701 2700 2702 2704 2703 2705 2707 2706 2708 2709 2689 2710 2712 2711 2713 2715 2714 2716 2718 2717 2719 2721 2720 2719 2722 2721 2716 2723 2722 2711 2725 2724 2724 2726 2718 2704 2687 2727 2706 2729 2728 2710 2728 2730 2731 2732 2697 2731 2702 2733 2705 2735 2734 2736 2737 2698 2701 2738 2735 2737 2693 2739 2740 2700 2741 2742 2691 2743 2744 2695 2742 2745 2746 2684 2747 2748 2745 2749 2751 2750 2690 2750 2752 2685 2753 2749 2754 2714 2755 2714 2754 2713 2708 2755 2709 2754 2755 2708 2689 2709 2688 2687 2688 2727 2704 2727 2703 2702 2703 2733 2731 2733 2732 2697 2732 2696 2698 2696 2736 2698 2737 2739 2739 2693 2694 2694 2695 2744 2744 2742 2743 2743 2691 2692 2692 2690 2752 2752 2750 2751 2751 2749 2753 2753 2685 2686 2686 2684 2746 2746 2745 2748 2756 2747 2757 2748 2747 2756 2758 2757 2759 2756 2757 2758 2741 2759 2740 2758 2759 2741 2700 2740 2699 2701 2699 2738 2735 2738 2734 2705 2734 2707 2706 2707 2729 2728 2729 2730 2710 2730 2712 2711 2712 2725 2724 2725 2726 2718 2726 2717 2716 2717 2723 2722 2723 2721 2719 2720 2715 2714 2715 2720 2760 2762 2761 2763 2765 2764 2766 2767 2763 2768 2770 2769 2766 2764 2771 2770 2772 2769 2769 2772 2773 2774 2776 2775 2761 2778 2777 2776 2780 2779 2781 2783 2782 2779 2784 2782 2783 2786 2785 2787 2789 2788 2790 2785 2786 2791 2788 2789 2789 2793 2792 2793 2789 2787 2794 2796 2795 2795 2798 2797 2799 2794 2795 2795 2797 2800 2801 2800 2802 2803 2795 2800 2803 2800 2804 2800 2801 2804 2805 2801 2802 2789 2792 2794 2806 2785 2790 2806 2788 2785 2776 2808 2807 2809 2783 2785 2784 2810 2782 2781 2782 2810 2780 2776 2807 2779 2782 2811 2761 2777 2774 2808 2776 2774 2762 2760 2773 2762 2778 2761 2812 2768 2769 2773 2760 2769 2813 2768 2764 2814 2766 2771 2766 2763 2764 2795 2803 2799 2797 2802 2800 2794 2799 2815 2796 2798 2795 2789 2815 2791 2792 2796 2794 2815 2789 2794 2791 2816 2788 2785 2816 2809 2806 2787 2788 2816 2785 2788 2809 2817 2783 2782 2817 2811 2781 2786 2783 2817 2782 2783 2811 2818 2779 2776 2818 2775 2780 2784 2779 2818 2776 2779 2775 2819 2774 2761 2819 2820 2777 2808 2774 2819 2761 2774 2820 2821 2760 2820 2760 2761 2821 2812 2769 2821 2769 2760 2812 2822 2768 2764 2822 2771 2813 2770 2768 2822 2764 2768 2813 2764 2765 2823 2825 2824 2826 2824 2827 2824 2826 2823 2825 2828 2824 2829 2828 2825 2830 2832 2831 2833 2835 2834 2836 2838 2837 2839 2840 2831 2841 2842 2836 2832 2839 2831 2830 2843 2832 2841 2844 2842 2844 2831 2842 2836 2833 2834 2837 2833 2836 2833 2837 2845 2842 2840 2846 2830 2831 2844 2840 2842 2831 2838 2842 2846 2838 2836 2842 2841 2836 2834 2847 2849 2848 2848 2849 2850 2847 2851 2849 2852 2854 2853 2853 2854 2851 2847 2853 2851 2854 2852 2855 2852 2856 2855 2857 2848 2850 2857 2858 2848 2859 2858 2860 2857 2860 2858 2861 2862 2859 2859 2860 2861 2862 2864 2863 2864 2862 2861 2864 2865 2863 2863 2865 2866 2867 2869 2868 2867 2868 2870 2871 2873 2872 2871 2872 2874 2875 2872 2873 2873 2876 2875 2877 2879 2878 2877 2876 2879 2875 2876 2877 2880 2878 2879 2880 2881 2878 2874 2882 2871 2883 2882 2884 2874 2884 2882 2885 2886 2883 2883 2884 2885 2886 2888 2887 2888 2886 2885 2889 2887 2890 2888 2890 2887 2889 2890 2891 2892 2894 2893 2892 2893 2895 2896 2898 2897 2898 2896 2899 2899 2900 2898 2897 2901 2896 2900 2899 2902 2902 2904 2903 2903 2900 2902 2904 2905 2903 2904 2906 2905 2907 2896 2901 2908 2907 2909 2901 2909 2907 2910 2911 2908 2908 2909 2910 2911 2913 2912 2913 2911 2910 2913 2914 2912 2912 2914 2915 2916 2918 2917 2916 2917 2919 2920 2922 2921 2923 2925 2924 2920 2925 2923 2924 2925 2926 2927 2928 2926 2928 2924 2926 2922 2920 2923 2927 2930 2929 2928 2927 2929 2920 2921 2931 2932 2931 2933 2921 2933 2931 2934 2935 2932 2932 2933 2934 2935 2937 2936 2937 2935 2934 2937 2938 2936 2936 2938 2939 2940 2942 2941 2940 2941 2943 2944 2946 2945 2946 2944 2947 2948 2945 2949 2948 2949 2950 2950 2951 2948 2950 2952 2951 2952 2953 2951 2949 2945 2946 2952 2954 2953 2946 2947 2955 2956 2955 2957 2947 2957 2955 2958 2959 2956 2956 2957 2958 2959 2961 2960 2961 2959 2958 2961 2962 2960 2960 2962 2963 2964 2966 2965 2964 2965 2967 2968 2970 2969 2971 2968 2972 2972 2973 2971 2970 2968 2971 2973 2972 2974 2973 2974 2975 2976 2975 2974 2976 2977 2975 2976 2978 2977 2979 2968 2969 2980 2979 2981 2969 2981 2979 2982 2983 2980 2980 2981 2982 2983 2985 2984 2985 2983 2982 2985 2986 2984 2984 2986 2987 2988 2990 2989 2988 2989 2991 2992 2994 2993 2992 2993 2995 2992 2996 2994 2997 2999 2998 2996 2997 3000 3000 2994 2996 2998 3000 2997 2999 3002 3001 2998 2999 3001 2992 2995 3003 3004 3003 3005 2995 3005 3003 3006 3007 3004 3004 3005 3006 3007 3009 3008 3009 3007 3006 3009 3010 3008 3008 3010 3011 3012 3014 3013 3012 3013 3015 3016 3018 3017 3018 3016 3019 3020 3017 3018 3017 3020 3021 3022 3024 3023 3022 3021 3024 3021 3020 3024 3023 3025 3022 3023 3026 3025 3019 3027 3018 3028 3027 3029 3019 3029 3027 3030 3031 3028 3028 3029 3030 3031 3033 3032 3033 3031 3030 3033 3034 3032 3032 3034 3035 3036 3038 3037 3036 3037 3039 3040 3042 3041 3043 3044 3042 3041 3042 3044 3041 3045 3040 3043 3046 3044 3040 3045 3047 3048 3047 3045 3048 3049 3047 3048 3050 3049 3046 3051 3044 3052 3051 3053 3046 3053 3051 3054 3055 3052 3052 3053 3054 3055 3057 3056 3057 3055 3054 3057 3058 3056 3056 3058 3059 3060 3062 3061 3060 3061 3063 3064 3066 3065 3064 3065 3067 3064 3068 3066 3069 3071 3070 3066 3068 3070 3072 3073 3071 3071 3069 3072 3074 3073 3072 3069 3070 3068 3064 3067 3075 3076 3075 3077 3067 3077 3075 3078 3079 3076 3076 3077 3078 3079 3081 3080 3081 3079 3078 3081 3082 3080 3080 3082 3083 3084 3086 3085 3084 3085 3087 3088 3090 3089 3090 3088 3091 3092 3089 3093 3090 3093 3089 3094 3096 3095 3096 3092 3095 3094 3098 3097 3097 3096 3094 3095 3092 3093 3091 3099 3090 3100 3099 3101 3091 3101 3099 3102 3103 3100 3100 3101 3102 3103 3105 3104 3105 3103 3102 3105 3106 3104 3104 3106 3107 3108 3110 3109 3108 3109 3111 3112 3114 3113 3115 3117 3116 3112 3117 3115 3116 3117 3118 3119 3120 3118 3120 3116 3118 3114 3112 3115 3119 3122 3121 3120 3119 3121 3112 3113 3123 3124 3123 3125 3113 3125 3123 3126 3127 3124 3124 3125 3126 3127 3129 3128 3129 3127 3126 3129 3130 3128 3128 3130 3131 3132 3134 3133 3132 3133 3135 3136 3138 3137 3138 3136 3139 3140 3142 3141 3141 3142 3137 3143 3142 3140 3143 3145 3144 3143 3140 3145 3137 3138 3141 3145 3146 3144 3138 3139 3147 3148 3147 3149 3139 3149 3147 3150 3151 3148 3148 3149 3150 3151 3153 3152 3153 3151 3150 3153 3154 3152 3152 3154 3155 3156 3158 3157 3156 3157 3159 3160 3162 3161 3163 3160 3164 3163 3164 3165 3162 3160 3163 3166 3168 3167 3168 3165 3167 3166 3170 3169 3169 3168 3166 3167 3165 3164 3160 3161 3171 3172 3171 3173 3161 3173 3171 3174 3175 3172 3172 3173 3174 3175 3177 3176 3177 3175 3174 3177 3178 3176 3176 3178 3179 3180 3182 3181 3180 3181 3183 3184 3186 3185 3187 3186 3188 3186 3184 3188 3189 3190 3185 3190 3189 3191 3190 3184 3185 3192 3191 3189 3192 3193 3191 3192 3194 3193 3187 3195 3186 3196 3195 3197 3187 3197 3195 3198 3199 3196 3196 3197 3198 3199 3201 3200 3201 3199 3198 3201 3202 3200 3200 3202 3203 3204 3206 3205 3204 3205 3207 3208 3210 3209 3211 3213 3212 3208 3213 3211 3208 3211 3210 3214 3216 3215 3216 3212 3215 3212 3213 3215 3214 3218 3217 3216 3214 3217 3209 3219 3208 3220 3219 3221 3209 3221 3219 3222 3223 3220 3220 3221 3222 3223 3225 3224 3225 3223 3222 3225 3226 3224 3224 3226 3227 3228 3230 3229 3228 3229 3231 3232 3234 3233 3233 3234 3235 3233 3236 3232 3235 3234 3237 3232 3236 3238 3237 3240 3239 3239 3235 3237 3240 3242 3241 3239 3240 3241 3238 3243 3232 3244 3243 3245 3238 3245 3243 3246 3247 3244 3244 3245 3246 3247 3249 3248 3249 3247 3246 3249 3250 3248 3248 3250 3251 3252 3254 3253 3252 3253 3255 3256 3258 3257 3259 3260 3256 3258 3256 3260 3260 3259 3261 3257 3258 3262 3262 3264 3263 3263 3257 3262 3264 3265 3263 3264 3266 3265 3267 3260 3261 3268 3267 3269 3261 3269 3267 3270 3271 3268 3268 3269 3270 3271 3273 3272 3273 3271 3270 3273 3274 3272 3272 3274 3275 3276 3278 3277 3276 3277 3279 3280 3282 3281 3283 3285 3284 3284 3282 3280 3281 3286 3280 3282 3284 3285 3287 3289 3288 3287 3285 3283 3290 3288 3289 3289 3287 3283 3280 3286 3291 3292 3291 3293 3286 3293 3291 3294 3295 3292 3292 3293 3294 3295 3297 3296 3297 3295 3294 3297 3298 3296 3296 3298 3299 3300 3302 3301 3303 3304 3301 3300 3301 3304 3305 3307 3306 3308 3310 3309 3311 3313 3312 3309 3310 3314 3315 3314 3310 3314 3315 3316 3317 3315 3310 3315 3318 3316 3314 3311 3309 3305 3306 3310 3317 3310 3306 3311 3312 3309 3312 3308 3309 3319 3321 3320 3322 3324 3323 3325 3327 3326 3323 3324 3328 3329 3328 3324 3328 3329 3330 3331 3329 3324 3329 3332 3330 3328 3325 3323 3319 3320 3324 3331 3324 3320 3325 3326 3323 3326 3322 3323 3333 3335 3334 3336 3338 3337 3339 3341 3340 3337 3338 3342 3343 3342 3338 3342 3343 3344 3345 3343 3338 3343 3346 3344 3342 3339 3337 3333 3334 3338 3345 3338 3334 3339 3340 3337 3340 3336 3337 3347 3349 3348 3350 3352 3351 3353 3355 3354 3351 3352 3356 3357 3356 3352 3356 3357 3358 3359 3357 3352 3357 3360 3358 3356 3353 3351 3347 3348 3352 3359 3352 3348 3353 3354 3351 3354 3350 3351 3361 3363 3362 3364 3366 3365 3367 3369 3368 3365 3366 3370 3371 3370 3366 3370 3371 3372 3373 3371 3366 3371 3374 3372 3370 3367 3365 3361 3362 3366 3373 3366 3362 3367 3368 3365 3368 3364 3365 3375 3377 3376 3378 3380 3379 3381 3383 3382 3379 3380 3384 3385 3384 3380 3384 3385 3386 3387 3385 3380 3385 3388 3386 3384 3381 3379 3375 3376 3380 3387 3380 3376 3381 3382 3379 3382 3378 3379 3389 3391 3390 3392 3394 3393 3395 3397 3396 3393 3394 3398 3399 3398 3394 3398 3399 3400 3401 3399 3394 3399 3402 3400 3398 3395 3393 3389 3390 3394 3401 3394 3390 3395 3396 3393 3396 3392 3393 3403 3405 3404 3406 3408 3407 3409 3411 3410 3407 3408 3412 3413 3412 3408 3412 3413 3414 3415 3413 3408 3413 3416 3414 3412 3409 3407 3403 3404 3408 3415 3408 3404 3409 3410 3407 3410 3406 3407 3417 3419 3418 3420 3422 3421 3423 3425 3424 3421 3422 3426 3427 3426 3422 3426 3427 3428 3429 3427 3422 3427 3430 3428 3426 3423 3421 3417 3418 3422 3429 3422 3418 3423 3424 3421 3424 3420 3421 3431 3433 3432 3434 3436 3435 3437 3439 3438 3435 3436 3440 3441 3440 3436 3440 3441 3442 3443 3441 3436 3441 3444 3442 3440 3437 3435 3431 3432 3436 3443 3436 3432 3437 3438 3435 3438 3434 3435 3445 3447 3446 3448 3450 3449 3451 3453 3452 3449 3450 3454 3455 3454 3450 3454 3455 3456 3457 3455 3450 3455 3458 3456 3454 3451 3449 3445 3446 3450 3457 3450 3446 3451 3452 3449 3452 3448 3449 3459 3461 3460 3462 3464 3463 3465 3467 3466 3463 3464 3468 3469 3468 3464 3468 3469 3470 3471 3469 3464 3469 3472 3470 3468 3465 3463 3459 3460 3464 3471 3464 3460 3465 3466 3463 3466 3462 3463 3473 3475 3474 3476 3478 3477 3479 3481 3480 3477 3478 3482 3483 3482 3478 3482 3483 3484 3485 3483 3478 3483 3486 3484 3482 3479 3477 3473 3474 3478 3485 3478 3474 3479 3480 3477 3480 3476 3477 3487 3489 3488 3490 3492 3491 3493 3495 3494 3491 3492 3496 3497 3496 3492 3496 3497 3498 3499 3497 3492 3497 3500 3498 3496 3493 3491 3487 3488 3492 3499 3492 3488 3493 3494 3491 3494 3490 3491 3501 3503 3502 3504 3506 3505 3507 3509 3508 3505 3506 3510 3511 3510 3506 3510 3511 3512 3513 3511 3506 3511 3514 3512 3510 3507 3505 3501 3502 3506 3513 3506 3502 3507 3508 3505 3508 3504 3505 3515 3517 3516 3518 3520 3519 3521 3523 3522 3519 3520 3524 3525 3524 3520 3524 3525 3526 3527 3525 3520 3525 3528 3526 3524 3521 3519 3515 3516 3520 3527 3520 3516 3521 3522 3519 3522 3518 3519 3529 3531 3530 3532 3534 3533 3535 3537 3536 3533 3534 3538 3539 3538 3534 3538 3539 3540 3541 3539 3534 3539 3542 3540 3538 3535 3533 3529 3530 3534 3541 3534 3530 3535 3536 3533 3536 3532 3533 3543 3545 3544 3546 3548 3547 3549 3551 3550 3547 3548 3552 3553 3552 3548 3552 3553 3554 3555 3553 3548 3553 3556 3554 3552 3549 3547 3543 3544 3548 3555 3548 3544 3549 3550 3547 3550 3546 3547 3557 3559 3558 3560 3562 3561 3563 3564 3561 3565 3567 3566 3568 3567 3569 3569 3567 3565 3570 3567 3568 3571 3567 3570 3571 3572 3567 3573 3567 3574 3567 3573 3575 3572 3576 3567 3574 3567 3576 3566 3561 3577 3578 3579 3561 3561 3580 3577 3579 3580 3561 3558 3562 3557 3562 3578 3561 3557 3562 3560 3558 3578 3562 3567 3561 3566 3561 3567 3563 3581 3583 3582 3584 3586 3585 3587 3588 3585 3589 3591 3590 3592 3591 3593 3593 3591 3589 3594 3591 3592 3595 3591 3594 3595 3596 3591 3597 3591 3598 3591 3597 3599 3596 3600 3591 3598 3591 3600 3590 3585 3601 3602 3603 3585 3585 3604 3601 3603 3604 3585 3582 3586 3581 3586 3602 3585 3581 3586 3584 3582 3602 3586 3591 3585 3590 3585 3591 3587 3605 3607 3606 3608 3610 3609 3611 3612 3609 3613 3615 3614 3616 3615 3617 3617 3615 3613 3618 3615 3616 3619 3615 3618 3619 3620 3615 3621 3615 3622 3615 3621 3623 3620 3624 3615 3622 3615 3624 3614 3609 3625 3626 3627 3609 3609 3628 3625 3627 3628 3609 3606 3610 3605 3610 3626 3609 3605 3610 3608 3606 3626 3610 3615 3609 3614 3609 3615 3611 3629 3631 3630 3632 3634 3633 3635 3636 3633 3637 3639 3638 3640 3639 3641 3641 3639 3637 3642 3639 3640 3643 3639 3642 3643 3644 3639 3645 3639 3646 3639 3645 3647 3644 3648 3639 3646 3639 3648 3638 3633 3649 3650 3651 3633 3633 3652 3649 3651 3652 3633 3630 3634 3629 3634 3650 3633 3629 3634 3632 3630 3650 3634 3639 3633 3638 3633 3639 3635 3653 3655 3654 3656 3658 3657 3659 3660 3657 3661 3663 3662 3664 3663 3665 3665 3663 3661 3666 3663 3664 3667 3663 3666 3667 3668 3663 3669 3663 3670 3663 3669 3671 3668 3672 3663 3670 3663 3672 3662 3657 3673 3674 3675 3657 3657 3676 3673 3675 3676 3657 3654 3658 3653 3658 3674 3657 3653 3658 3656 3654 3674 3658 3663 3657 3662 3657 3663 3659 3677 3679 3678 3680 3682 3681 3683 3684 3681 3685 3687 3686 3688 3687 3689 3689 3687 3685 3690 3687 3688 3691 3687 3690 3691 3692 3687 3693 3687 3694 3687 3693 3695 3692 3696 3687 3694 3687 3696 3686 3681 3697 3698 3699 3681 3681 3700 3697 3699 3700 3681 3678 3682 3677 3682 3698 3681 3677 3682 3680 3678 3698 3682 3687 3681 3686 3681 3687 3683 3701 3703 3702 3704 3706 3705 3707 3708 3705 3709 3711 3710 3712 3711 3713 3713 3711 3709 3714 3711 3712 3715 3711 3714 3715 3716 3711 3717 3711 3718 3711 3717 3719 3716 3720 3711 3718 3711 3720 3710 3705 3721 3722 3723 3705 3705 3724 3721 3723 3724 3705 3702 3706 3701 3706 3722 3705 3701 3706 3704 3702 3722 3706 3711 3705 3710 3705 3711 3707 3725 3727 3726 3728 3730 3729 3731 3732 3729 3733 3735 3734 3736 3735 3737 3737 3735 3733 3738 3735 3736 3739 3735 3738 3739 3740 3735 3741 3735 3742 3735 3741 3743 3740 3744 3735 3742 3735 3744 3734 3729 3745 3746 3747 3729 3729 3748 3745 3747 3748 3729 3726 3730 3725 3730 3746 3729 3725 3730 3728 3726 3746 3730 3735 3729 3734 3729 3735 3731 3749 3751 3750 3752 3754 3753 3755 3756 3753 3757 3759 3758 3760 3759 3761 3761 3759 3757 3762 3759 3760 3763 3759 3762 3763 3764 3759 3765 3759 3766 3759 3765 3767 3764 3768 3759 3766 3759 3768 3758 3753 3769 3770 3771 3753 3753 3772 3769 3771 3772 3753 3750 3754 3749 3754 3770 3753 3749 3754 3752 3750 3770 3754 3759 3753 3758 3753 3759 3755 3773 3775 3774 3776 3778 3777 3779 3780 3777 3781 3783 3782 3784 3783 3785 3785 3783 3781 3786 3783 3784 3787 3783 3786 3787 3788 3783 3789 3783 3790 3783 3789 3791 3788 3792 3783 3790 3783 3792 3782 3777 3793 3794 3795 3777 3777 3796 3793 3795 3796 3777 3774 3778 3773 3778 3794 3777 3773 3778 3776 3774 3794 3778 3783 3777 3782 3777 3783 3779 3797 3799 3798 3800 3802 3801 3803 3804 3801 3805 3807 3806 3808 3807 3809 3809 3807 3805 3810 3807 3808 3811 3807 3810 3811 3812 3807 3813 3807 3814 3807 3813 3815 3812 3816 3807 3814 3807 3816 3806 3801 3817 3818 3819 3801 3801 3820 3817 3819 3820 3801 3798 3802 3797 3802 3818 3801 3797 3802 3800 3798 3818 3802 3807 3801 3806 3801 3807 3803 3821 3823 3822 3824 3826 3825 3827 3828 3825 3829 3831 3830 3832 3831 3833 3833 3831 3829 3834 3831 3832 3835 3831 3834 3835 3836 3831 3837 3831 3838 3831 3837 3839 3836 3840 3831 3838 3831 3840 3830 3825 3841 3842 3843 3825 3825 3844 3841 3843 3844 3825 3822 3826 3821 3826 3842 3825 3821 3826 3824 3822 3842 3826 3831 3825 3830 3825 3831 3827 3845 3847 3846 3848 3850 3849 3851 3852 3849 3853 3855 3854 3856 3855 3857 3857 3855 3853 3858 3855 3856 3859 3855 3858 3859 3860 3855 3861 3855 3862 3855 3861 3863 3860 3864 3855 3862 3855 3864 3854 3849 3865 3866 3867 3849 3849 3868 3865 3867 3868 3849 3846 3850 3845 3850 3866 3849 3845 3850 3848 3846 3866 3850 3855 3849 3854 3849 3855 3851 3869 3871 3870 3872 3874 3873 3875 3876 3873 3877 3879 3878 3880 3879 3881 3881 3879 3877 3882 3879 3880 3883 3879 3882 3883 3884 3879 3885 3879 3886 3879 3885 3887 3884 3888 3879 3886 3879 3888 3878 3873 3889 3890 3891 3873 3873 3892 3889 3891 3892 3873 3870 3874 3869 3874 3890 3873 3869 3874 3872 3870 3890 3874 3879 3873 3878 3873 3879 3875 3893 3895 3894 3896 3898 3897 3899 3900 3897 3901 3903 3902 3904 3903 3905 3905 3903 3901 3906 3903 3904 3907 3903 3906 3907 3908 3903 3909 3903 3910 3903 3909 3911 3908 3912 3903 3910 3903 3912 3902 3897 3913 3914 3915 3897 3897 3916 3913 3915 3916 3897 3894 3898 3893 3898 3914 3897 3893 3898 3896 3894 3914 3898 3903 3897 3902 3897 3903 3899 3917 3919 3918 3920 3922 3921 3923 3924 3921 3925 3927 3926 3928 3927 3929 3929 3927 3925 3930 3927 3928 3931 3927 3930 3931 3932 3927 3933 3927 3934 3927 3933 3935 3932 3936 3927 3934 3927 3936 3926 3921 3937 3938 3939 3921 3921 3940 3937 3939 3940 3921 3918 3922 3917 3922 3938 3921 3917 3922 3920 3918 3938 3922 3927 3921 3926 3921 3927 3923 3941 3943 3942 3944 3946 3945 3947 3948 3945 3949 3951 3950 3952 3951 3953 3953 3951 3949 3954 3951 3952 3955 3951 3954 3955 3956 3951 3957 3951 3958 3951 3957 3959 3956 3960 3951 3958 3951 3960 3950 3945 3961 3962 3963 3945 3945 3964 3961 3963 3964 3945 3942 3946 3941 3946 3962 3945 3941 3946 3944 3942 3962 3946 3951 3945 3950 3945 3951 3947 3965 3967 3966 3968 3970 3969 3971 3972 3969 3973 3975 3974 3976 3975 3977 3977 3975 3973 3978 3975 3976 3979 3975 3978 3979 3980 3975 3981 3975 3982 3975 3981 3983 3980 3984 3975 3982 3975 3984 3974 3969 3985 3986 3987 3969 3969 3988 3985 3987 3988 3969 3966 3970 3965 3970 3986 3969 3965 3970 3968 3966 3986 3970 3975 3969 3974 3969 3975 3971 3989 3991 3990 3992 3994 3993 3995 3997 3996 3993 3994 3998 3999 3998 3994 3998 3999 4000 4001 3999 3994 3999 4002 4000 3998 3995 3993 3989 3990 3994 4001 3994 3990 3995 3996 3993 3996 3992 3993 4003 4005 4004 4006 4008 4007 4009 4010 4007 4011 4013 4012 4014 4013 4015 4015 4013 4011 4016 4013 4014 4017 4013 4016 4017 4018 4013 4019 4013 4020 4013 4019 4021 4018 4022 4013 4020 4013 4022 4012 4007 4023 4024 4025 4007 4007 4026 4023 4025 4026 4007 4004 4008 4003 4008 4024 4007 4003 4008 4006 4004 4024 4008 4013 4007 4012 4007 4013 4009 4027 4029 4028 4030 4032 4031 4033 4035 4034 4029 4037 4036 4038 4039 4037 4040 4042 4041 4043 4045 4044 4042 4047 4046 4047 4042 4040 4048 4049 4046 4050 4052 4051 4053 4049 4048 4047 4048 4046 4054 4056 4055 4057 4059 4058 4060 4053 4061 4056 4062 4055 4054 4055 4063 4064 4062 4065 4066 4065 4062 4038 4068 4067 4069 4071 4070 4072 4073 4070 4050 4074 4067 4070 4076 4075 4077 4045 4078 4069 4080 4079 4081 4041 4078 4069 4082 4071 4083 4041 4084 4080 4085 4079 4084 4087 4086 4041 4083 4040 4088 4087 4089 4083 4084 4086 4087 4088 4086 4090 4088 4089 4091 4090 4089 4091 4092 4090 4093 4095 4094 4096 4098 4097 4096 4100 4099 4101 4096 4102 4101 4103 4100 4104 4106 4105 4107 4109 4108 4110 4112 4111 4113 4114 4108 4114 4116 4115 4117 4119 4118 4120 4121 4110 4122 4124 4123 4125 4126 4111 4127 4124 4128 4129 4127 4130 4131 4091 4126 4091 4131 4092 4126 4125 4132 4132 4125 4133 4134 4133 4135 4089 4120 4091 4136 4137 4134 4134 4135 4136 4137 4139 4138 4138 4139 4140 4141 4138 4140 4142 4141 4140 4142 4144 4143 4145 4144 4146 4147 4145 4146 4061 4066 4060 4066 4061 4065 4070 4071 4076 4060 4049 4053 4066 4148 4060 4049 4149 4046 4150 4060 4148 4077 4078 4042 4150 4149 4049 4084 4081 4094 4149 4077 4046 4087 4094 4151 4077 4042 4046 4089 4151 4120 4042 4078 4041 4091 4120 4110 4084 4041 4081 4126 4132 4131 4094 4087 4084 4135 4125 4152 4151 4089 4087 4136 4135 4153 4139 4155 4154 4125 4135 4133 4126 4110 4111 4136 4139 4137 4152 4125 4111 4154 4156 4140 4153 4135 4152 4142 4157 4144 4155 4139 4136 4154 4140 4139 4146 4144 4158 4141 4142 4143 4157 4142 4156 4143 4144 4145 4066 4056 4148 4056 4066 4062 4054 4063 4159 4150 4049 4060 4056 4160 4148 4150 4051 4149 4148 4160 4161 4052 4077 4149 4150 4161 4051 4043 4081 4078 4052 4149 4051 4093 4094 4081 4052 4045 4077 4095 4151 4094 4078 4045 4043 4162 4120 4151 4081 4043 4093 4097 4112 4121 4152 4111 4163 4110 4126 4091 4095 4162 4151 4153 4152 4164 4121 4120 4162 4165 4155 4166 4110 4121 4112 4111 4112 4163 4165 4167 4154 4153 4155 4136 4164 4152 4163 4168 4157 4156 4166 4155 4153 4165 4154 4155 4157 4169 4158 4140 4156 4142 4156 4167 4168 4158 4144 4157 4054 4160 4056 4170 4159 4063 4171 4159 4170 4161 4150 4148 4172 4160 4054 4074 4051 4161 4173 4160 4172 4045 4052 4174 4074 4161 4173 4175 4177 4176 4050 4051 4074 4093 4043 4177 4050 4174 4052 4095 4093 4175 4045 4174 4044 4162 4095 4178 4043 4044 4177 4121 4162 4179 4177 4175 4093 4163 4112 4098 4175 4178 4095 4164 4163 4180 4178 4179 4162 4181 4166 4182 4179 4097 4121 4112 4097 4098 4181 4183 4165 4164 4166 4153 4180 4163 4098 4168 4185 4184 4182 4166 4164 4181 4165 4166 4157 4168 4169 4154 4167 4156 4185 4167 4183 4184 4169 4168 4159 4172 4054 4058 4171 4170 4186 4188 4187 4173 4161 4160 4189 4190 4057 4038 4074 4173 4172 4191 4039 4174 4050 4192 4039 4038 4173 4193 4044 4174 4074 4038 4067 4194 4177 4044 4067 4192 4050 4195 4197 4196 4174 4192 4193 4178 4175 4197 4044 4193 4194 4179 4178 4195 4177 4194 4176 4179 4102 4097 4176 4197 4175 4180 4098 4099 4197 4195 4178 4198 4182 4199 4102 4179 4195 4097 4102 4096 4198 4200 4181 4180 4182 4164 4099 4098 4096 4201 4185 4183 4199 4182 4180 4198 4181 4182 4184 4185 4202 4165 4183 4167 4201 4183 4200 4167 4185 4168 4159 4191 4172 4171 4191 4159 4059 4057 4190 4039 4173 4172 4203 4191 4171 4204 4029 4205 4203 4036 4191 4192 4067 4206 4036 4037 4039 4207 4193 4192 4038 4037 4068 4208 4194 4193 4067 4068 4206 4209 4176 4194 4192 4206 4207 4210 4197 4176 4193 4207 4208 4101 4212 4211 4194 4208 4209 4102 4195 4212 4176 4209 4210 4213 4109 4214 4210 4196 4197 4215 4199 4216 4196 4212 4195 4101 4102 4212 4215 4217 4198 4099 4199 4180 4100 4096 4101 4201 4219 4218 4216 4199 4099 4215 4198 4199 4185 4201 4202 4181 4200 4183 4219 4200 4217 4218 4202 4201 4171 4059 4203 4059 4171 4058 4190 4189 4220 4036 4039 4191 4203 4059 4221 4068 4037 4204 4221 4028 4203 4206 4068 4222 4036 4028 4029 4207 4206 4223 4037 4029 4204 4224 4208 4207 4068 4204 4222 4225 4209 4208 4206 4222 4223 4226 4210 4209 4224 4207 4223 4227 4196 4210 4225 4208 4224 4228 4212 4196 4209 4225 4226 4108 4230 4229 4226 4227 4210 4231 4216 4213 4227 4228 4196 4228 4211 4212 4231 4232 4215 4100 4216 4099 4103 4101 4211 4219 4234 4233 4213 4216 4100 4231 4215 4216 4218 4219 4233 4198 4217 4200 4234 4217 4232 4200 4219 4201 4190 4221 4059 4235 4220 4189 4220 4235 4236 4028 4036 4203 4190 4237 4221 4238 4240 4239 4237 4033 4221 4222 4204 4239 4028 4033 4027 4223 4222 4241 4029 4027 4205 4242 4224 4223 4204 4205 4239 4243 4225 4224 4222 4239 4241 4244 4226 4225 4242 4223 4241 4245 4227 4226 4243 4224 4242 4104 4228 4227 4244 4225 4243 4105 4211 4228 4245 4226 4244 4230 4103 4211 4245 4104 4227 4104 4105 4228 4214 4246 4231 4103 4213 4100 4105 4230 4211 4232 4247 4234 4109 4213 4103 4231 4213 4214 4233 4234 4248 4215 4232 4217 4232 4246 4247 4217 4234 4219 4220 4237 4190 4249 4236 4235 4250 4236 4249 4033 4028 4221 4251 4237 4220 4027 4034 4252 4035 4033 4237 4205 4252 4238 4027 4033 4034 4253 4255 4254 4205 4027 4252 4241 4240 4253 4239 4205 4238 4242 4253 4256 4241 4239 4240 4243 4256 4257 4253 4242 4241 4244 4257 4258 4256 4243 4242 4245 4258 4259 4257 4244 4243 4104 4259 4106 4258 4245 4244 4105 4106 4229 4259 4104 4245 4122 4261 4260 4107 4262 4214 4230 4109 4103 4230 4105 4229 4263 4264 4247 4108 4109 4230 4214 4109 4107 4264 4248 4247 4231 4246 4232 4246 4262 4263 4248 4234 4247 4236 4251 4220 4186 4250 4249 4265 4266 4035 4251 4035 4237 4188 4072 4075 4266 4267 4034 4265 4035 4251 4267 4268 4252 4266 4034 4035 4268 4269 4238 4267 4252 4034 4269 4255 4240 4238 4252 4268 4270 4256 4254 4240 4238 4269 4271 4273 4272 4255 4253 4240 4270 4271 4257 4254 4256 4253 4271 4274 4258 4270 4257 4256 4274 4275 4259 4271 4258 4257 4275 4276 4106 4274 4259 4258 4276 4113 4229 4106 4259 4275 4114 4277 4107 4229 4106 4276 4278 4263 4262 4229 4113 4108 4114 4107 4108 4264 4263 4279 4214 4262 4246 4278 4262 4277 4246 4263 4247 4236 4280 4251 4280 4236 4250 4281 4032 4265 4280 4265 4251 4282 4280 4250 4032 4283 4266 4281 4265 4280 4283 4284 4267 4032 4266 4265 4284 4285 4268 4283 4267 4266 4285 4286 4269 4284 4268 4267 4255 4286 4287 4285 4269 4268 4254 4287 4288 4286 4255 4269 4270 4288 4273 4287 4254 4255 4289 4274 4272 4288 4270 4254 4290 4292 4291 4273 4271 4270 4289 4290 4275 4272 4274 4271 4290 4293 4276 4289 4275 4274 4293 4116 4113 4276 4275 4290 4278 4260 4294 4113 4276 4293 4114 4113 4116 4278 4294 4279 4107 4277 4262 4277 4115 4260 4279 4263 4278 4250 4187 4282 4187 4250 4186 4281 4295 4031 4282 4281 4280 4296 4282 4187 4297 4283 4030 4295 4281 4282 4298 4299 4297 4031 4032 4281 4297 4299 4284 4030 4283 4032 4299 4300 4285 4297 4284 4283 4300 4301 4286 4299 4285 4284 4287 4301 4302 4300 4286 4285 4288 4302 4303 4286 4301 4287 4273 4303 4304 4287 4302 4288 4272 4304 4305 4288 4303 4273 4289 4305 4292 4304 4272 4273 4119 4293 4291 4305 4289 4272 4117 4306 4119 4292 4290 4289 4119 4306 4116 4293 4290 4291 4293 4119 4116 4294 4260 4261 4114 4115 4277 4122 4115 4306 4277 4260 4278 4187 4075 4296 4075 4187 4188 4307 4295 4296 4296 4295 4282 4296 4076 4307 4308 4031 4295 4295 4307 4308 4309 4030 4031 4031 4308 4309 4310 4297 4030 4309 4310 4030 4299 4311 4300 4310 4298 4297 4312 4314 4313 4298 4311 4299 4315 4301 4300 4311 4315 4300 4316 4302 4301 4301 4315 4316 4317 4303 4302 4302 4316 4317 4318 4304 4303 4303 4317 4318 4319 4305 4304 4304 4318 4319 4320 4292 4305 4305 4319 4320 4321 4291 4292 4292 4320 4321 4118 4119 4291 4321 4118 4291 4123 4124 4127 4261 4122 4123 4116 4306 4115 4124 4306 4117 4115 4122 4260 4072 4070 4075 4069 4073 4080 4307 4076 4322 4075 4076 4296 4076 4071 4322 4308 4307 4323 4307 4322 4323 4309 4308 4324 4308 4323 4324 4310 4309 4325 4309 4324 4325 4298 4310 4326 4310 4325 4326 4311 4298 4327 4298 4326 4327 4315 4311 4312 4327 4312 4311 4316 4315 4313 4315 4312 4313 4317 4316 4328 4316 4313 4328 4318 4317 4329 4317 4328 4329 4319 4318 4330 4318 4329 4330 4320 4319 4331 4319 4330 4331 4321 4320 4332 4320 4331 4332 4118 4321 4333 4321 4332 4333 4117 4118 4334 4118 4333 4334 4127 4128 4130 4334 4128 4117 4306 4124 4122 4069 4070 4073 4079 4082 4069 4082 4335 4071 4071 4335 4322 4335 4336 4322 4322 4336 4323 4336 4337 4323 4337 4338 4324 4337 4324 4323 4338 4339 4325 4338 4325 4324 4339 4340 4326 4339 4326 4325 4340 4341 4327 4340 4327 4326 4341 4342 4312 4341 4312 4327 4314 4312 4342 4314 4343 4313 4313 4343 4328 4343 4344 4328 4328 4344 4329 4344 4345 4329 4329 4345 4330 4345 4346 4330 4346 4347 4331 4346 4331 4330 4347 4348 4332 4347 4332 4331 4348 4349 4333 4348 4333 4332 4349 4350 4334 4349 4334 4333 4350 4130 4128 4350 4128 4334 4117 4128 4124 4351 4353 4352 4354 4356 4355 4357 4359 4358 4360 4361 4354 4362 4364 4363 4357 4366 4365 4367 4369 4368 4370 4372 4371 4373 4375 4374 4376 4378 4377 4379 4381 4380 4382 4384 4383 4385 4387 4386 4388 4390 4389 4391 4393 4392 4391 4395 4394 4394 4393 4391 4396 4383 4397 4398 4400 4399 4392 4393 4401 4402 4404 4403 4393 4385 4401 4404 4405 4381 4406 4407 4375 4407 4408 4387 4409 4410 4377 4409 4379 4411 4368 4413 4412 4374 4412 4414 4415 4416 4371 4415 4378 4417 4362 4363 4418 4418 4419 4367 4420 4421 4372 4365 4423 4422 4364 4422 4424 4425 4356 4426 4351 4427 4426 4403 4429 4428 4385 4386 4401 4404 4429 4403 4387 4408 4386 4407 4406 4408 4375 4373 4406 4374 4414 4373 4412 4413 4414 4368 4369 4413 4367 4419 4369 4367 4362 4418 4364 4424 4363 4422 4423 4424 4365 4366 4423 4357 4358 4366 4359 4430 4358 4361 4360 4430 4361 4430 4359 4354 4355 4360 4356 4425 4355 4426 4427 4425 4351 4352 4427 4421 4420 4353 4421 4353 4351 4372 4370 4420 4371 4416 4370 4415 4417 4416 4378 4376 4417 4377 4410 4376 4409 4411 4410 4379 4380 4411 4381 4405 4380 4404 4402 4405 4384 4428 4429 4383 4396 4382 4384 4382 4428 4397 4400 4396 4399 4389 4398 4397 4399 4400 4390 4388 4395 4398 4389 4390 4394 4395 4388 4431 4433 4432 4434 4436 4435 4437 4439 4438 4440 4436 4441 4442 4444 4443 4445 4447 4446 4448 4450 4449 4451 4453 4452 4454 4456 4455 4457 4459 4458 4460 4456 4461 4462 4455 4459 4463 4464 4458 4460 4465 4451 4466 4467 4452 4468 4464 4463 4469 4471 4470 4450 4467 4472 4470 4444 4473 4474 4446 4475 4448 4474 4475 4476 4477 4443 4441 4479 4478 4447 4480 4479 4481 4482 4432 4437 4482 4483 4434 4485 4484 4486 4488 4487 4487 4488 4431 4489 4491 4490 4491 4492 4490 4493 4495 4494 4496 4498 4497 4490 4499 4489 4500 4502 4501 4503 4489 4499 4504 4505 4501 4499 4500 4503 4506 4508 4507 4486 4508 4488 4484 4485 4492 4484 4492 4491 4434 4435 4485 4436 4440 4435 4441 4478 4440 4479 4480 4478 4447 4445 4480 4447 4475 4446 4448 4449 4474 4450 4472 4449 4467 4466 4472 4452 4453 4466 4451 4465 4453 4460 4461 4465 4456 4454 4461 4455 4462 4454 4459 4457 4462 4459 4463 4458 4468 4509 4464 4471 4469 4509 4471 4509 4468 4470 4473 4469 4444 4442 4473 4443 4477 4442 4476 4510 4477 4438 4439 4510 4438 4510 4476 4437 4483 4439 4482 4481 4483 4432 4433 4481 4432 4487 4431 4507 4508 4486 4495 4506 4507 4494 4498 4493 4495 4493 4506 4497 4505 4496 4494 4497 4498 4504 4501 4502 4496 4505 4504 4500 4501 4503 4511 4513 4512 4514 4516 4515 4517 4518 4514 4519 4521 4520 4519 4516 4522 4521 4523 4520 4524 4525 4520 4526 4527 4512 4528 4530 4529 4527 4531 4528 4532 4533 4529 4534 4536 4535 4537 4538 4533 4539 4540 4534 4541 4543 4542 4541 4539 4544 4545 4547 4546 4545 4549 4548 4550 4549 4545 4551 4549 4552 4553 4555 4554 4555 4556 4549 4555 4551 4554 4557 4558 4553 4557 4553 4559 4558 4560 4553 4561 4558 4562 4563 4562 4558 4562 4563 4564 4561 4562 4565 4562 4566 4565 4567 4562 4568 4551 4555 4549 4567 4568 4569 4534 4540 4536 4545 4546 4550 4541 4570 4543 4547 4545 4543 4541 4540 4539 4570 4541 4544 4538 4529 4533 4535 4536 4537 4538 4537 4536 4528 4531 4571 4530 4532 4529 4571 4530 4528 4526 4531 4527 4512 4525 4511 4524 4511 4525 4526 4512 4513 4524 4520 4523 4515 4572 4517 4519 4522 4521 4517 4514 4515 4573 4517 4572 4568 4562 4564 4566 4562 4567 4560 4558 4561 4563 4558 4557 4574 4553 4560 4554 4559 4553 4553 4574 4555 4556 4555 4574 4548 4549 4556 4550 4552 4549 4548 4575 4545 4545 4575 4543 4542 4543 4575 4570 4547 4543 4542 4576 4541 4576 4540 4541 4576 4577 4540 4577 4578 4536 4577 4536 4540 4579 4538 4578 4578 4538 4536 4579 4580 4529 4579 4529 4538 4581 4528 4580 4580 4528 4529 4581 4582 4527 4581 4527 4528 4583 4512 4582 4582 4512 4527 4583 4584 4525 4583 4525 4512 4584 4585 4520 4584 4520 4525 4585 4586 4519 4585 4519 4520 4586 4572 4515 4586 4515 4519 4516 4519 4515 4587 4589 4588 4590 4592 4591 4593 4595 4594 4591 4597 4596 4598 4588 4599 4600 4602 4601 4603 4590 4591 4604 4591 4592 4592 4605 4604 4606 4608 4607 4606 4609 4608 4610 4612 4611 4606 4612 4609 4588 4614 4613 4613 4587 4588 4588 4616 4615 4614 4588 4615 4616 4588 4598 4608 4617 4607 4612 4610 4609 4618 4617 4619 4617 4618 4607 4620 4618 4619 4612 4588 4611 4621 4623 4622 4589 4587 4624 4589 4611 4588 4625 4589 4624 4589 4626 4605 4626 4589 4625 4626 4604 4605 4591 4627 4603 4628 4630 4629 4631 4633 4632 4634 4636 4635 4637 4638 4600 4638 4622 4639 4600 4601 4637 4623 4639 4622 4640 4635 4641 4642 4640 4643 4644 4643 4645 4646 4648 4647 4649 4648 4650 4651 4594 4652 4644 4645 4653 4645 4640 4654 4655 4600 4639 4621 4635 4656 4600 4655 4629 4629 4630 4600 4657 4658 4600 4629 4655 4659 4660 4662 4661 4594 4664 4663 4665 4666 4594 4652 4594 4663 4667 4668 4665 4669 4668 4667 4670 4672 4671 4671 4674 4673 4675 4677 4676 4677 4679 4678 4680 4675 4681 4680 4677 4675 4682 4679 4680 4678 4676 4677 4683 4684 4676 4685 4687 4686 4688 4684 4683 4684 4671 4689 4690 4669 4670 4674 4684 4688 4667 4665 4651 4691 4692 4670 4595 4593 4693 4694 4696 4695 4687 4698 4697 4694 4695 4699 4700 4685 4686 4700 4701 4685 4702 4704 4703 4701 4700 4705 4706 4707 4704 4708 4710 4709 4711 4708 4712 4711 4713 4708 4714 4710 4713 4715 4716 4709 4717 4718 4715 4719 4721 4720 4717 4706 4704 4703 4722 4705 4723 4703 4724 4698 4725 4697 4726 4728 4727 4727 4728 4698 4729 4698 4687 4730 4732 4731 4733 4735 4734 4736 4738 4737 4739 4741 4740 4720 4742 4719 4743 4745 4744 4742 4720 4746 4747 4739 4745 4748 4750 4749 4751 4748 4752 4751 4753 4748 4754 4750 4753 4755 4756 4749 4757 4758 4755 4759 4761 4760 4757 4747 4745 4744 4762 4746 4721 4719 4736 4738 4763 4737 4764 4766 4765 4765 4766 4738 4767 4738 4736 4768 4770 4769 4771 4773 4772 4731 4775 4774 4776 4778 4777 4760 4779 4759 4780 4782 4781 4779 4760 4783 4784 4776 4782 4785 4787 4786 4787 4789 4788 4790 4787 4791 4790 4792 4787 4793 4789 4792 4786 4788 4794 4795 4796 4794 4784 4782 4795 4781 4797 4783 4761 4759 4774 4732 4798 4775 4799 4800 4730 4730 4800 4732 4732 4775 4731 4801 4803 4802 4804 4806 4805 4807 4809 4808 4810 4812 4811 4813 4815 4814 4814 4815 4816 4817 4819 4818 4818 4813 4814 4820 4808 4819 4821 4823 4822 4823 4825 4824 4826 4823 4827 4826 4828 4823 4829 4825 4828 4822 4824 4830 4831 4830 4832 4814 4833 4818 4834 4820 4819 4816 4815 4835 4772 4810 4835 4773 4837 4836 4836 4812 4772 4812 4810 4772 4838 4840 4839 4841 4838 4839 4842 4844 4843 4845 4847 4846 4848 4850 4849 4849 4850 4851 4852 4843 4853 4854 4848 4849 4855 4843 4852 4856 4858 4857 4858 4860 4859 4861 4858 4862 4861 4863 4858 4864 4860 4863 4857 4859 4865 4866 4865 4867 4868 4857 4866 4866 4867 4855 4852 4869 4855 4870 4854 4871 4851 4850 4872 4845 4846 4872 4845 4874 4873 4873 4875 4845 4847 4845 4875 4876 4878 4877 4879 4881 4880 4882 4884 4883 4803 4886 4885 4887 4889 4888 4888 4889 4890 4883 4892 4891 4893 4887 4888 4894 4896 4895 4896 4898 4897 4899 4896 4900 4899 4901 4896 4902 4898 4901 4895 4897 4903 4904 4903 4905 4906 4895 4904 4904 4891 4907 4908 4893 4909 4891 4904 4905 4801 4910 4803 4910 4911 4803 4886 4803 4911 4912 4914 4913 4915 4917 4916 4918 4920 4919 4919 4920 4921 4916 4923 4922 4924 4918 4919 4925 4927 4926 4925 4926 4928 4929 4931 4930 4932 4931 4927 4932 4927 4933 4934 4936 4935 4934 4928 4926 4934 4938 4937 4939 4924 4940 4938 4934 4935 4941 4943 4942 4944 4945 4942 4941 4942 4946 4941 4946 4947 4948 4950 4949 4951 4953 4952 4954 4956 4955 4957 4959 4958 4958 4961 4960 4962 4964 4963 4965 4957 4958 4966 4962 4963 4967 4969 4968 4969 4971 4970 4972 4969 4973 4972 4974 4969 4975 4971 4974 4968 4970 4976 4977 4976 4978 4979 4968 4977 4980 4977 4966 4963 4980 4966 4981 4964 4957 4966 4977 4978 4954 4983 4982 4984 4986 4985 4982 4956 4954 4987 4989 4988 4990 4992 4991 4993 4995 4994 4996 4998 4997 4999 4993 5000 5001 5003 5002 5003 5005 5004 5006 5003 5007 5006 5008 5003 5009 5005 5008 5002 5004 5010 5011 5010 5012 5013 5002 5011 5012 5000 5011 5011 5000 5014 5000 5012 4999 4988 5016 5015 4879 4880 5017 5015 5017 4987 5018 5020 5019 5021 5023 5022 5024 5026 5025 5027 5028 5022 5029 5031 5030 5025 5032 5024 5033 5031 5029 5034 5036 5035 5037 5035 5038 5039 5038 5035 5040 5037 5038 5036 5034 5041 5036 5041 5042 5043 5036 5042 5044 5042 5041 5042 5029 5045 5046 5030 5031 5030 5047 5029 5048 5027 5022 5049 5050 5022 5051 5053 5052 5052 5022 5050 5052 5054 5022 5055 5057 5056 5058 5060 5059 5061 5063 5062 5064 5066 5065 5067 5069 5068 5068 5069 5070 5071 5073 5072 5074 5075 5067 5076 5073 5071 5077 5079 5078 5080 5078 5081 5082 5081 5078 5083 5080 5081 5079 5077 5084 5079 5084 5085 5086 5079 5085 5087 5085 5084 5085 5071 5088 5074 5063 5089 5072 5090 5071 5091 5070 5066 5091 5066 5064 5092 5094 5093 5092 5093 5066 5069 5095 5066 5056 5057 5096 5097 5099 5098 5100 5102 5101 5103 5105 5104 5104 5105 5106 5107 5109 5108 5103 5104 5110 5111 5109 5107 5112 5114 5113 5115 5113 5116 5117 5116 5113 5118 5115 5116 5112 5119 5114 5120 5114 5121 5122 5121 5119 5121 5107 5123 5110 5099 5124 5108 5125 5107 5126 5106 5102 5126 5102 5100 5127 5129 5128 5127 5128 5102 5105 5130 5102 5131 5133 5132 5134 5133 5135 5136 5138 5137 5139 5060 5140 5141 5143 5142 5142 5143 5144 5145 5146 5138 5141 5142 5147 5148 5149 5146 5150 5152 5151 5153 5152 5154 5155 5151 5153 5156 5157 5150 5158 5159 5156 5159 5146 5160 5161 5147 5138 5145 5162 5146 5163 5144 5060 5163 5060 5139 5058 5165 5164 5058 5164 5060 5143 5059 5060 5166 5168 5167 5169 5131 5132 5170 5166 5171 5172 5174 5173 5175 5177 5176 5176 5177 5178 5179 5180 5170 5175 5176 5181 5182 5183 5180 5184 5186 5185 5186 5184 5187 5188 5184 5189 5190 5187 5188 5191 5185 5186 5192 5193 5191 5193 5180 5194 5195 5181 5170 5179 5196 5180 5197 5178 5174 5197 5174 5172 5132 5199 5198 5174 5132 5198 5169 5174 5177 5169 5132 5174 5200 5174 5201 5202 5204 5203 5201 5206 5205 5204 5202 5207 5202 5203 5208 5209 5211 5210 5211 5202 5208 5210 5212 5209 5213 5215 5214 5216 5213 5217 5213 5218 5217 5219 5215 5216 5220 5214 5221 5222 5220 5221 5222 5224 5223 5209 5212 5224 5223 5224 5212 5206 5204 5205 5211 5209 5202 5205 5204 5207 5206 5201 5174 5056 5225 5134 5096 5057 5226 5102 5130 5127 5227 5229 5228 5094 5092 5230 5231 5233 5232 5234 5235 5019 5236 5060 5237 5238 5237 5239 5178 5177 5174 5166 5170 5183 5167 5168 5239 5240 5195 5170 5241 5171 5166 5181 5195 5242 5181 5242 5175 5170 5244 5243 5243 5240 5170 5244 5170 5171 5167 5241 5166 5167 5239 5237 5237 5238 5236 5245 5247 5246 5058 5059 5248 5248 5249 5058 4913 5251 5250 5252 5051 5050 5251 5254 5253 5255 5256 4950 5257 5102 5258 5259 5258 5260 5144 5143 5060 5246 5138 5149 5247 5245 5260 5261 5161 5138 5246 5137 5138 5147 5161 5262 5147 5262 5141 5138 5264 5263 5263 5261 5138 5264 5138 5136 5247 5137 5246 5247 5260 5258 5258 5259 5257 5265 5267 5266 5127 5130 5268 5268 5229 5127 5269 5270 4877 5269 5272 5271 5273 5274 5231 5275 5066 5276 5227 5277 5229 5278 5276 5279 5106 5105 5102 5266 5099 5109 5267 5265 5279 5280 5110 5124 5266 5098 5099 5110 5280 5281 5110 5281 5103 5099 5283 5282 5282 5124 5099 5283 5099 5097 5267 5098 5266 5267 5279 5276 5276 5278 5275 5284 5286 5285 4951 5230 5092 5287 4951 5092 4982 5288 4984 5270 5269 5271 5289 5291 5290 5250 5253 5292 5021 5022 5054 4913 5250 5293 4952 5294 4951 5070 5069 5066 5285 5063 5073 5285 5062 5063 5089 5295 5074 5295 5075 5074 5063 5296 5089 5072 5063 5074 5063 5061 5297 5286 5062 5285 5298 5021 5054 5299 5298 5054 5300 5302 5301 4912 5303 5051 5252 4912 5051 5304 4944 4942 5289 4838 4841 5305 5307 5306 5270 5309 5308 4989 4987 5310 5270 5311 4877 4913 5312 4912 5022 5028 5049 5313 5031 5301 5046 5031 5314 5046 5032 5025 5314 5031 5315 5025 5030 5046 5313 5315 5031 5302 5316 5301 4988 5015 4987 5317 5310 4987 5318 5320 5319 4876 4881 4879 5321 4876 4879 5270 5271 5309 5322 5324 5323 5305 5322 5325 5323 5325 5322 4841 5327 5326 4956 5328 4955 4841 5329 5289 4876 5330 4881 5015 4992 4990 5331 4993 5319 4993 5333 5332 5332 5334 4996 5334 4998 4996 5335 5333 4993 4996 4995 5332 5331 5335 4993 5320 5336 5319 4956 4982 4985 5337 5328 4956 5338 5340 5339 5291 5341 4984 5288 5291 4984 4841 4839 5327 5342 4804 5343 4805 5345 5344 4806 4804 5342 5325 5347 5346 4946 5348 4947 5325 5349 5305 5291 5350 5341 5351 5340 5338 4982 4961 4958 5352 4962 5339 4957 5354 5353 5355 4957 5356 4959 4957 5355 4962 5354 4957 4962 4957 4964 5352 5357 4962 5340 5358 5339 4946 5340 5351 4945 4946 4942 5359 5361 5360 5304 5307 5362 5325 5323 5347 5363 5365 5364 5366 4874 4845 5363 4770 5367 4806 5369 5368 5370 5371 4911 4805 5368 5372 5307 5373 5362 4911 5359 5374 4942 5375 4920 4915 4916 5360 4911 5361 5359 4939 5376 4924 5377 4915 5360 5378 4924 5376 4918 4924 5378 4916 4940 4924 4916 4924 4923 4916 4917 4940 5361 5377 5360 5379 5361 4911 5370 4911 5374 5380 5382 5381 4802 5345 5383 4806 5342 5384 5367 4770 4768 5385 5387 5386 5367 5389 5388 5390 5391 4875 5363 5388 5392 5345 5372 5383 4875 5380 5393 4803 5394 4889 4882 4883 5381 4875 5382 5380 4908 5395 4893 5396 4882 5381 5397 4893 5395 4887 4893 5397 4883 4909 4893 4883 4893 5398 4883 4884 4909 5382 5396 5381 5399 5382 4875 5390 4875 5393 5400 5402 5401 5366 5365 5403 5367 4768 5404 5386 5387 5405 5406 5405 5387 5386 5408 5407 5409 5410 4812 5385 5407 5411 5365 5392 5403 5402 5412 4812 4845 4872 4850 4842 4843 5401 5402 5400 5412 4870 5413 4854 5414 4842 5401 5415 4854 5413 4848 4854 5415 4843 4871 4854 4843 4854 4853 4843 4844 4871 5402 5414 5401 5416 5402 4812 5409 4812 5412 5417 5419 5418 5411 5421 5420 5386 5405 5422 4733 4734 5423 4733 5423 5424 5425 4734 5426 4734 5428 5427 5429 5430 4732 5423 5427 5431 5419 5432 4732 4772 4835 4815 4807 4808 5418 5419 5417 5432 5433 5434 4818 5435 4807 5418 5436 4818 5434 4813 4818 5436 4808 5437 4818 5437 5433 4818 4808 4809 5437 5419 5435 5418 5438 5419 4732 5429 4732 5432 5439 5441 5440 4730 4731 5442 4738 4767 4765 5443 4699 5444 4694 5443 5445 5446 5447 4738 5448 4738 5449 4731 4774 4759 4778 4776 5440 5441 5439 5448 5450 5451 4781 5452 4778 5440 4797 4781 5451 4783 4797 4779 4781 4777 5453 5453 5450 4781 4781 4776 4777 5441 5452 5440 5441 5448 5449 5446 4738 5448 5454 5456 5455 4765 4767 5457 5458 5460 5459 4698 4729 4727 5461 5463 5462 4593 4594 4666 5464 5465 5461 5466 5463 5467 5468 5469 4698 5468 5471 5470 4767 4736 4719 4741 4739 5455 5456 5454 5470 5472 5473 4744 5474 4741 5455 4762 4744 5473 4746 4762 4742 4744 4740 5475 5475 5472 4744 4744 4739 4740 5456 5474 5455 5456 5470 5471 4698 5471 5468 5476 5477 4724 4727 4729 5478 5479 5481 5480 5482 5461 5465 4627 4591 4596 5483 5484 4662 5485 5486 5483 5487 5486 5488 5489 5490 4594 5487 5483 5486 5489 5492 5491 4729 4687 4685 4724 4703 4707 5477 5476 5491 5493 5494 4703 5495 4723 4724 4722 4703 5494 4705 4722 4701 4703 5497 5496 5496 5493 4703 5497 4703 4723 5477 5495 4724 5477 5491 5492 4594 5492 5489 5498 5499 4691 4593 4666 5500 5500 4661 4593 5501 5503 5502 5504 5503 5505 5506 5508 5507 5509 4657 5510 4651 4665 4594 4691 4670 4673 5499 5498 5510 5511 4690 4670 5512 4692 4691 4669 4690 5513 4669 5513 4668 4670 5515 5514 5514 5511 4670 5515 4670 4692 5499 5512 4691 5499 5510 4657 4657 5509 4658 5516 5517 4597 4659 5518 4629 5519 5520 5518 5521 5523 5522 5522 5523 5524 5524 5525 5522 5526 5506 5521 5521 5506 5507 5527 5529 5528 5530 4591 5527 4591 5531 5527 4638 4639 4600 4631 4635 4642 4632 4633 5516 5532 4656 4635 4631 4634 4635 4621 4656 5533 4621 5533 4623 4635 5535 5534 5534 5532 4635 5535 4635 4636 4632 4634 4631 4632 5516 4597 4597 5517 4596 5528 5530 5527 5506 5527 5536 5506 5526 5529 5525 5524 5537 5507 5523 5521 5505 5538 5520 5503 5501 5505 5501 5538 5505 5487 5484 5483 5463 5461 5467 5482 5467 5461 4696 4694 5539 5443 4694 4699 5425 5428 4734 4735 5426 4734 5387 5385 5540 5422 5408 5386 4770 5363 5364 5404 5389 5367 4804 4805 5344 5384 5369 4806 5305 5306 5322 5349 5325 5346 5289 5290 4838 5329 4841 5326 4877 4878 5269 5311 5270 5308 5250 5251 5253 4913 4914 5251 4953 5233 4952 5231 5274 5233 5274 4952 5233 5541 4952 5274 4949 5227 5228 4950 5256 4949 5542 5227 5256 5018 5544 5543 5019 5235 5018 5235 5544 5018 5096 5225 5056 5538 5518 5520 5545 5518 5538 4662 5484 4661 5546 4661 5484 5464 5480 5481 5461 5462 5464 5539 5458 5459 4694 5445 5539 5424 5423 5547 5427 5423 4734 5540 5385 5420 5407 5385 5386 5364 5365 5548 5388 5363 5367 5344 5345 5549 5368 4805 4806 5307 5550 5306 5373 5305 5349 5291 5551 5290 5350 5289 5329 4876 5552 4878 5330 4877 5311 4912 5553 4914 5312 4913 5293 4951 5554 4953 5294 4952 5541 5227 4949 5256 5229 5555 5228 5277 5227 5542 5543 5544 5249 5249 5556 5543 5557 5249 5544 5134 5225 5133 5558 5133 5225 5536 5508 5506 4659 5519 5518 5559 5518 5545 5500 4660 4661 5560 4661 5546 5478 5481 4727 5480 5464 5462 5479 4727 5481 5459 5460 5457 5539 5445 5458 5460 4765 5457 5547 5561 5442 5547 5431 5561 5423 5431 5547 5420 5421 4771 5385 5411 5420 5365 5366 5548 5392 5365 5363 5345 4802 5549 5372 5345 4805 5307 5304 5550 5373 5307 5305 5291 5288 5551 5350 5291 5289 4876 5321 5552 5330 4876 4877 5252 5553 4912 5303 4912 5312 5287 5554 4951 5230 4951 5294 5268 5555 5229 5562 5229 5277 5248 5556 5249 5563 5249 5557 5131 5135 5133 5564 5133 5558 5506 5529 5527 5531 5536 5527 4628 4629 5559 5518 5559 4629 4693 4593 5560 4661 5560 4593 4726 4727 5479 4764 4765 5460 4799 4730 5561 5561 4730 5442 4773 4836 4772 4771 5421 4773 4837 4773 5421 5366 5403 4874 5383 4801 4802 5304 5362 4944 4985 4982 4984 5341 4986 4984 5321 4879 5015 5017 5015 4879 5052 5050 5051 5303 5053 5051 5287 5092 5095 5092 5066 5095 5129 5127 5562 5229 5562 5127 5165 5058 5563 5249 5563 5058 5199 5132 5564 5133 5564 5132 5530 4597 4591 5531 4591 4604 4658 4602 4600 4630 4657 4600 5490 4664 4594 4595 5492 4594 5469 4725 4698 4728 5471 4698 5447 4763 4738 4766 5449 4738 5430 4798 4732 4800 5438 4732 5410 4811 4812 4836 5416 4812 5391 4847 4875 4873 5399 4875 5394 4890 4889 4803 4885 5394 5371 4886 4911 4910 5379 4911 5375 4921 4920 4942 4943 5375 5351 5348 4946 4958 4960 4965 4982 4983 4961 5320 5318 5337 5320 5337 4956 4990 4991 5565 5015 5016 4992 5302 5300 5317 5302 5317 4987 5048 5022 5566 5023 5566 5022 5286 5284 5299 5286 5299 5054 5275 5065 5066 5093 5276 5066 5257 5101 5102 5128 5258 5102 5236 5140 5060 5164 5237 5060 5200 5173 5174 5198 5206 5174 4640 4642 4635 4621 4641 4635 4671 4673 4670 4669 4672 4670 4704 4707 4703 4705 4702 4703 4745 4739 4744 4746 4743 4744 4782 4776 4781 4783 4780 4781 4819 4808 4818 4833 4817 4818 4853 4854 5567 4849 5567 4854 5398 4893 5568 4888 5568 4893 4923 4924 5569 4919 5569 4924 4962 5357 5354 5339 5358 5352 4981 4957 4965 5356 4957 5353 4995 4993 5332 5319 5336 5331 4996 4997 5565 4997 4990 5565 5301 5316 5313 5028 5025 5026 5026 5049 5028 5063 5072 5073 5296 5063 5297 5074 5067 5068 5109 5099 5108 5110 5108 5099 5146 5149 5138 5147 5145 5138 5180 5183 5170 5181 5179 5170 4654 4640 5570 4640 4641 5570 4689 4671 5571 4671 4672 5571 5572 4704 5573 4704 4702 5573 5574 4745 5575 4745 4743 5575 5576 4782 5577 4782 4780 5577 4834 4819 5578 4819 4817 5578 4855 4869 4866 4852 4853 5579 4869 4852 5579 4883 5398 4892 4907 4891 4892 4916 4922 4938 4937 4938 4922 5014 5000 4994 4993 4994 5000 5044 5033 5029 5045 5029 5047 5087 5076 5071 5088 5071 5090 5121 5122 5111 5123 5107 5125 5159 5158 5148 5160 5146 5162 5193 5192 5182 5194 5180 5196 4654 5580 4645 4643 4640 4645 4689 5581 4684 4674 4671 4684 4718 4717 5572 4717 4704 5572 5574 4757 4745 4758 4757 5574 4796 4786 4794 4795 4782 5576 4796 4795 5576 4830 4831 4822 4832 4820 4834 4831 4832 4834 4866 4857 4865 4868 4866 4869 4904 4895 4903 4907 4906 4904 4934 4926 4936 4937 4928 4934 4977 4968 4976 4977 4980 4979 5011 5002 5010 5011 5014 5013 5045 5043 5042 5029 5042 5044 5088 5086 5085 5071 5085 5087 5123 5120 5121 5111 5107 5121 5160 5582 5159 5148 5146 5159 5194 5583 5193 5182 5180 5193 5222 5223 5220 5584 4653 5585 5580 5585 4645 4653 4645 5585 4684 5581 4676 4678 4683 4676 4709 4716 4708 4716 4715 4718 4749 4756 4748 4756 4755 4758 4786 4787 4788 4796 4785 4786 4822 4823 4824 4822 4831 4821 4857 4858 4859 4857 4868 4856 4895 4896 4897 4895 4906 4894 4936 4926 4929 4929 4927 4931 4968 4969 4970 4968 4979 4967 5002 5003 5004 5002 5013 5001 5037 5034 5035 5036 5043 5586 5080 5077 5078 5079 5086 5587 5120 5588 5114 5121 5114 5119 5582 5157 5159 5156 5159 5157 5583 5185 5193 5191 5193 5185 5214 5218 5213 4646 5584 4650 4650 4648 4646 4650 5584 5585 4680 4679 4677 4713 4710 4708 4708 4716 4712 4753 4750 4748 4748 4756 4752 4792 4789 4787 4787 4785 4791 4828 4825 4823 4823 4821 4827 4863 4860 4858 4858 4856 4862 4901 4898 4896 4896 4894 4900 4925 4933 4927 4926 4927 4929 4974 4971 4969 4969 4967 4973 5008 5005 5003 5003 5001 5007 5035 5036 5586 5078 5079 5587 5114 5588 5113 5115 5112 5113 5151 5152 5153 5152 5150 5157 5184 5188 5187 5213 5216 5215 5218 5214 5220 5589 5591 5590 5592 5594 5593 5595 5597 5596 5598 5600 5599 5594 5602 5601 5603 5605 5604 5606 5591 5607 5608 5610 5609 5604 5605 5611 5612 5614 5613 5615 5609 5616 5617 5619 5618 5620 5622 5621 5623 5625 5624 5626 5628 5627 5629 5631 5630 5632 5634 5633 5635 5637 5636 5635 5639 5638 5640 5642 5641 5640 5641 5643 5640 5645 5644 5646 5644 5647 5645 5647 5644 5647 5648 5646 5646 5649 5644 5650 5648 5651 5648 5650 5646 5650 5653 5652 5650 5651 5653 5652 5653 5654 5655 5654 5653 5656 5657 5655 5657 5654 5655 5640 5643 5645 5653 5658 5655 5643 5641 5637 5637 5641 5636 5639 5660 5659 5635 5636 5639 5630 5631 5638 5639 5630 5638 5661 5662 5629 5629 5662 5633 5631 5629 5634 5633 5634 5629 5632 5623 5624 5632 5633 5623 5623 5663 5625 5664 5625 5628 5664 5624 5625 5664 5628 5665 5619 5665 5626 5626 5665 5628 5619 5626 5618 5618 5622 5617 5621 5667 5666 5621 5622 5618 5621 5612 5620 5666 5612 5621 5612 5613 5620 5668 5669 5614 5670 5613 5614 5670 5614 5669 5609 5671 5669 5669 5616 5609 5615 5608 5609 5672 5673 5611 5674 5673 5675 5672 5608 5673 5676 5603 5677 5673 5604 5611 5605 5603 5678 5603 5679 5678 5680 5679 5681 5679 5607 5678 5682 5590 5683 5607 5679 5606 5606 5590 5591 5589 5590 5599 5589 5599 5600 5684 5598 5685 5686 5601 5602 5598 5686 5600 5686 5598 5601 5594 5595 5596 5687 5594 5592 5687 5595 5594 5595 5687 5688 5650 5652 5689 5658 5653 5651 5689 5690 5650 5690 5649 5646 5690 5646 5650 5644 5649 5691 5691 5692 5644 5692 5693 5640 5692 5640 5644 5642 5640 5693 5642 5694 5641 5694 5695 5636 5694 5636 5641 5660 5636 5695 5660 5639 5636 5659 5696 5630 5659 5630 5639 5661 5630 5696 5661 5629 5630 5633 5662 5697 5697 5698 5633 5698 5663 5623 5698 5623 5633 5625 5663 5699 5699 5700 5625 5700 5701 5628 5700 5628 5625 5627 5628 5701 5627 5702 5626 5702 5703 5618 5702 5618 5626 5667 5618 5703 5667 5621 5618 5666 5704 5612 5704 5705 5612 5705 5668 5614 5705 5614 5612 5668 5706 5669 5616 5669 5706 5671 5670 5669 5608 5615 5707 5610 5671 5609 5675 5608 5707 5672 5610 5608 5675 5673 5608 5708 5673 5674 5673 5708 5604 5677 5604 5708 5677 5603 5604 5681 5603 5676 5681 5679 5603 5606 5680 5709 5680 5606 5679 5683 5606 5709 5683 5590 5606 5599 5682 5710 5682 5599 5590 5685 5599 5710 5685 5598 5599 5601 5684 5711 5684 5601 5598 5593 5601 5711 5593 5594 5601 5602 5594 5596 5712 5714 5713 5715 5717 5716 5718 5720 5719 5714 5722 5721 5723 5724 5722 5725 5727 5726 5728 5730 5729 5727 5732 5731 5732 5727 5725 5733 5734 5731 5735 5737 5736 5738 5734 5733 5732 5733 5731 5739 5741 5740 5742 5744 5743 5745 5738 5746 5741 5747 5740 5739 5740 5748 5749 5747 5750 5751 5750 5747 5723 5753 5752 5754 5756 5755 5757 5758 5755 5735 5759 5752 5755 5761 5760 5762 5730 5763 5754 5765 5764 5766 5726 5763 5754 5767 5756 5768 5726 5769 5765 5770 5764 5769 5772 5771 5726 5768 5725 5773 5772 5774 5768 5769 5771 5772 5773 5771 5775 5773 5774 5776 5775 5774 5776 5777 5775 5778 5780 5779 5781 5783 5782 5781 5785 5784 5786 5781 5787 5786 5788 5785 5789 5791 5790 5792 5794 5793 5795 5797 5796 5798 5799 5793 5799 5801 5800 5802 5804 5803 5805 5806 5795 5807 5809 5808 5810 5811 5796 5812 5809 5813 5814 5812 5815 5816 5776 5811 5776 5816 5777 5811 5810 5817 5817 5810 5818 5819 5818 5820 5774 5805 5776 5821 5822 5819 5819 5820 5821 5822 5824 5823 5823 5824 5825 5826 5823 5825 5827 5826 5825 5827 5829 5828 5830 5829 5831 5832 5830 5831 5746 5751 5745 5751 5746 5750 5755 5756 5761 5745 5734 5738 5751 5833 5745 5734 5834 5731 5835 5745 5833 5762 5763 5727 5835 5834 5734 5769 5766 5779 5834 5762 5731 5772 5779 5836 5762 5727 5731 5774 5836 5805 5727 5763 5726 5776 5805 5795 5769 5726 5766 5811 5817 5816 5779 5772 5769 5820 5810 5837 5836 5774 5772 5821 5820 5838 5824 5840 5839 5810 5820 5818 5811 5795 5796 5821 5824 5822 5837 5810 5796 5839 5841 5825 5838 5820 5837 5827 5842 5829 5840 5824 5821 5839 5825 5824 5831 5829 5843 5826 5827 5828 5842 5827 5841 5828 5829 5830 5751 5741 5833 5741 5751 5747 5739 5748 5844 5835 5734 5745 5741 5845 5833 5835 5736 5834 5833 5845 5846 5737 5762 5834 5835 5846 5736 5728 5766 5763 5737 5834 5736 5778 5779 5766 5737 5730 5762 5780 5836 5779 5763 5730 5728 5847 5805 5836 5766 5728 5778 5782 5797 5806 5837 5796 5848 5795 5811 5776 5780 5847 5836 5838 5837 5849 5806 5805 5847 5850 5840 5851 5795 5806 5797 5796 5797 5848 5850 5852 5839 5838 5840 5821 5849 5837 5848 5853 5842 5841 5851 5840 5838 5850 5839 5840 5842 5854 5843 5825 5841 5827 5841 5852 5853 5843 5829 5842 5739 5845 5741 5855 5844 5748 5856 5844 5855 5846 5835 5833 5857 5845 5739 5759 5736 5846 5858 5845 5857 5730 5737 5859 5759 5846 5858 5860 5862 5861 5735 5736 5759 5778 5728 5862 5735 5859 5737 5780 5778 5860 5730 5859 5729 5847 5780 5863 5728 5729 5862 5806 5847 5864 5862 5860 5778 5848 5797 5783 5860 5863 5780 5849 5848 5865 5863 5864 5847 5866 5851 5867 5864 5782 5806 5797 5782 5783 5866 5868 5850 5849 5851 5838 5865 5848 5783 5853 5870 5869 5867 5851 5849 5866 5850 5851 5842 5853 5854 5839 5852 5841 5870 5852 5868 5869 5854 5853 5844 5857 5739 5743 5856 5855 5871 5873 5872 5858 5846 5845 5874 5875 5742 5723 5759 5858 5857 5876 5724 5859 5735 5877 5724 5723 5858 5878 5729 5859 5759 5723 5752 5879 5862 5729 5752 5877 5735 5880 5882 5881 5859 5877 5878 5863 5860 5882 5729 5878 5879 5864 5863 5880 5862 5879 5861 5864 5787 5782 5861 5882 5860 5865 5783 5784 5882 5880 5863 5883 5867 5884 5787 5864 5880 5782 5787 5781 5883 5885 5866 5865 5867 5849 5784 5783 5781 5886 5870 5868 5884 5867 5865 5883 5866 5867 5869 5870 5887 5850 5868 5852 5886 5868 5885 5852 5870 5853 5844 5876 5857 5856 5876 5844 5744 5742 5875 5724 5858 5857 5888 5876 5856 5889 5714 5890 5888 5721 5876 5877 5752 5891 5721 5722 5724 5892 5878 5877 5723 5722 5753 5893 5879 5878 5752 5753 5891 5894 5861 5879 5877 5891 5892 5895 5882 5861 5878 5892 5893 5786 5897 5896 5879 5893 5894 5787 5880 5897 5861 5894 5895 5898 5794 5899 5895 5881 5882 5900 5884 5901 5881 5897 5880 5786 5787 5897 5900 5902 5883 5784 5884 5865 5785 5781 5786 5886 5904 5903 5901 5884 5784 5900 5883 5884 5870 5886 5887 5866 5885 5868 5904 5885 5902 5903 5887 5886 5856 5744 5888 5744 5856 5743 5875 5874 5905 5721 5724 5876 5888 5744 5906 5753 5722 5889 5906 5713 5888 5891 5753 5907 5721 5713 5714 5892 5891 5908 5722 5714 5889 5909 5893 5892 5753 5889 5907 5910 5894 5893 5891 5907 5908 5911 5895 5894 5909 5892 5908 5912 5881 5895 5910 5893 5909 5913 5897 5881 5894 5910 5911 5793 5915 5914 5911 5912 5895 5916 5901 5898 5912 5913 5881 5913 5896 5897 5916 5917 5900 5785 5901 5784 5788 5786 5896 5904 5919 5918 5898 5901 5785 5916 5900 5901 5903 5904 5918 5883 5902 5885 5919 5902 5917 5885 5904 5886 5875 5906 5744 5920 5905 5874 5905 5920 5921 5713 5721 5888 5875 5922 5906 5923 5925 5924 5922 5718 5906 5907 5889 5924 5713 5718 5712 5908 5907 5926 5714 5712 5890 5927 5909 5908 5889 5890 5924 5928 5910 5909 5907 5924 5926 5929 5911 5910 5927 5908 5926 5930 5912 5911 5928 5909 5927 5789 5913 5912 5929 5910 5928 5790 5896 5913 5930 5911 5929 5915 5788 5896 5930 5789 5912 5789 5790 5913 5899 5931 5916 5788 5898 5785 5790 5915 5896 5917 5932 5919 5794 5898 5788 5916 5898 5899 5918 5919 5933 5900 5917 5902 5917 5931 5932 5902 5919 5904 5905 5922 5875 5934 5921 5920 5935 5921 5934 5718 5713 5906 5936 5922 5905 5712 5719 5937 5720 5718 5922 5890 5937 5923 5712 5718 5719 5938 5940 5939 5890 5712 5937 5926 5925 5938 5924 5890 5923 5927 5938 5941 5926 5924 5925 5928 5941 5942 5938 5927 5926 5929 5942 5943 5941 5928 5927 5930 5943 5944 5942 5929 5928 5789 5944 5791 5943 5930 5929 5790 5791 5914 5944 5789 5930 5807 5946 5945 5792 5947 5899 5915 5794 5788 5915 5790 5914 5948 5949 5932 5793 5794 5915 5899 5794 5792 5949 5933 5932 5916 5931 5917 5931 5947 5948 5933 5919 5932 5921 5936 5905 5871 5935 5934 5950 5951 5720 5936 5720 5922 5873 5757 5760 5951 5952 5719 5950 5720 5936 5952 5953 5937 5951 5719 5720 5953 5954 5923 5952 5937 5719 5954 5940 5925 5923 5937 5953 5955 5941 5939 5925 5923 5954 5956 5958 5957 5940 5938 5925 5955 5956 5942 5939 5941 5938 5956 5959 5943 5955 5942 5941 5959 5960 5944 5956 5943 5942 5960 5961 5791 5959 5944 5943 5961 5798 5914 5791 5944 5960 5799 5962 5792 5914 5791 5961 5963 5948 5947 5914 5798 5793 5799 5792 5793 5949 5948 5964 5899 5947 5931 5963 5947 5962 5931 5948 5932 5921 5965 5936 5965 5921 5935 5966 5717 5950 5965 5950 5936 5967 5965 5935 5717 5968 5951 5966 5950 5965 5968 5969 5952 5717 5951 5950 5969 5970 5953 5968 5952 5951 5970 5971 5954 5969 5953 5952 5940 5971 5972 5970 5954 5953 5939 5972 5973 5971 5940 5954 5955 5973 5958 5972 5939 5940 5974 5959 5957 5973 5955 5939 5975 5977 5976 5958 5956 5955 5974 5975 5960 5957 5959 5956 5975 5978 5961 5974 5960 5959 5978 5801 5798 5961 5960 5975 5963 5945 5979 5798 5961 5978 5799 5798 5801 5963 5979 5964 5792 5962 5947 5962 5800 5945 5964 5948 5963 5935 5872 5967 5872 5935 5871 5966 5980 5716 5967 5966 5965 5981 5967 5872 5982 5968 5715 5980 5966 5967 5983 5984 5982 5716 5717 5966 5982 5984 5969 5715 5968 5717 5984 5985 5970 5982 5969 5968 5985 5986 5971 5984 5970 5969 5972 5986 5987 5985 5971 5970 5973 5987 5988 5971 5986 5972 5958 5988 5989 5972 5987 5973 5957 5989 5990 5973 5988 5958 5974 5990 5977 5989 5957 5958 5804 5978 5976 5990 5974 5957 5802 5991 5804 5977 5975 5974 5804 5991 5801 5978 5975 5976 5978 5804 5801 5979 5945 5946 5799 5800 5962 5807 5800 5991 5962 5945 5963 5872 5760 5981 5760 5872 5873 5992 5980 5981 5981 5980 5967 5981 5761 5992 5993 5716 5980 5980 5992 5993 5994 5715 5716 5716 5993 5994 5995 5982 5715 5994 5995 5715 5984 5996 5985 5995 5983 5982 5997 5999 5998 5983 5996 5984 6000 5986 5985 5996 6000 5985 6001 5987 5986 5986 6000 6001 6002 5988 5987 5987 6001 6002 6003 5989 5988 5988 6002 6003 6004 5990 5989 5989 6003 6004 6005 5977 5990 5990 6004 6005 6006 5976 5977 5977 6005 6006 5803 5804 5976 6006 5803 5976 5808 5809 5812 5946 5807 5808 5801 5991 5800 5809 5991 5802 5800 5807 5945 5757 5755 5760 5754 5758 5765 5992 5761 6007 5760 5761 5981 5761 5756 6007 5993 5992 6008 5992 6007 6008 5994 5993 6009 5993 6008 6009 5995 5994 6010 5994 6009 6010 5983 5995 6011 5995 6010 6011 5996 5983 6012 5983 6011 6012 6000 5996 5997 6012 5997 5996 6001 6000 5998 6000 5997 5998 6002 6001 6013 6001 5998 6013 6003 6002 6014 6002 6013 6014 6004 6003 6015 6003 6014 6015 6005 6004 6016 6004 6015 6016 6006 6005 6017 6005 6016 6017 5803 6006 6018 6006 6017 6018 5802 5803 6019 5803 6018 6019 5812 5813 5815 6019 5813 5802 5991 5809 5807 5754 5755 5758 5764 5767 5754 5767 6020 5756 5756 6020 6007 6020 6021 6007 6007 6021 6008 6021 6022 6008 6022 6023 6009 6022 6009 6008 6023 6024 6010 6023 6010 6009 6024 6025 6011 6024 6011 6010 6025 6026 6012 6025 6012 6011 6026 6027 5997 6026 5997 6012 5999 5997 6027 5999 6028 5998 5998 6028 6013 6028 6029 6013 6013 6029 6014 6029 6030 6014 6014 6030 6015 6030 6031 6015 6031 6032 6016 6031 6016 6015 6032 6033 6017 6032 6017 6016 6033 6034 6018 6033 6018 6017 6034 6035 6019 6034 6019 6018 6035 5815 5813 6035 5813 6019 5802 5813 5809 6036 6038 6037 6036 6040 6039 6038 6042 6041 6036 6039 6043 6044 6036 6045 6046 6048 6047 6049 6051 6050 6046 6051 6052 6053 6055 6054 6056 6057 6038 6058 6057 6056 6059 6061 6060 6062 6064 6063 6065 6064 6066 6067 6065 6066 6068 6065 6067 6069 6071 6070 6072 6073 6064 6064 6073 6063 6074 6055 6053 6075 6077 6076 6078 6080 6079 6081 6054 6055 6060 6061 6082 6083 6084 6060 6085 6087 6086 6085 6088 6087 6088 6089 6087 6090 6092 6091 6093 6091 6092 6081 6075 6094 6093 6088 6095 6096 6083 6097 6089 6059 6087 6074 6078 6079 6055 6074 6079 6081 6055 6075 6098 6100 6099 6077 6075 6055 6101 6102 6075 6103 6102 6101 6094 6075 6104 6103 6106 6105 6107 6109 6108 6103 6105 6102 6107 6108 6110 6107 6111 6109 6105 6106 6112 6064 6098 6072 6113 6114 6099 6075 6076 6101 6115 6114 6113 6116 6117 6083 6098 6064 6100 6099 6118 6113 6083 6096 6080 6080 6078 6083 6083 6117 6097 6082 6114 6083 6114 6116 6083 6114 6115 6116 6100 6118 6099 6070 6100 6064 6064 6119 6069 6120 6069 6121 6122 6110 6123 6124 6126 6125 6127 6125 6128 6129 6130 6128 6128 6130 6127 6130 6132 6131 6133 6134 6131 6071 6120 6135 6132 6133 6131 6066 6064 6062 6136 6138 6137 6065 6068 6058 6038 6057 6037 6068 6057 6058 6139 6141 6140 6038 6142 6042 6056 6038 6041 6038 6044 6136 6136 6137 6038 6143 6138 6140 6136 6140 6138 6140 6141 6143 6140 6134 6139 6139 6134 6133 6132 6130 6129 6144 6126 6124 6145 6126 6146 6144 6147 6146 6095 6091 6093 6095 6088 6085 6051 6046 6047 6049 6039 6148 6050 6051 6047 6149 6039 6050 6060 6086 6087 6050 6039 6049 6040 6148 6039 6043 6039 6149 6087 6059 6060 6086 6060 6084 6037 6040 6036 6045 6036 6043 6060 6082 6083 6078 6084 6083 6137 6142 6038 6036 6044 6038 6064 6069 6070 6065 6119 6064 6121 6069 6150 6150 6069 6119 6135 6120 6151 6121 6152 6120 6071 6069 6120 6153 6151 6111 6107 6153 6111 6152 6111 6120 6111 6151 6120 6127 6124 6125 6153 6107 6122 6110 6122 6107 6126 6144 6146 6154 6156 6155 6157 6159 6158 6160 6162 6161 6162 6163 6157 6159 6157 6163 6160 6163 6162 6156 6154 6158 6159 6156 6158</p>
        </triangles>
      </mesh>
    </geometry>
  </library_geometries>

  <library_visual_scenes>
    <visual_scene id="ID1">
      <node id="ID2" name="sw24_sw-Rotating-Wheel">
        <node>
          <matrix>1 3.0163e-12 3.52325e-26 7.81802e-14 3.0163e-12 -1 -1.97719e-16 0.001 3.46361e-26 1.97719e-16 -1 -0.396 0 0 0 1</matrix>
          <instance_node url="#ID3"/>
        </node>
        <node>
          <matrix>1 3.0163e-12 3.68101e-26 7.87076e-14 3.0163e-12 -1 -5.93157e-16 0.001 3.50211e-26 5.93157e-16 -1 -0.396 0 0 0 1</matrix>
          <instance_node url="#ID11"/>
        </node>
      </node>
    </visual_scene>
  </library_visual_scenes>

  <scene>
    <instance_visual_scene url="#ID1"/>
  </scene>

  <library_nodes>
    <node id="ID3" name="10000_Assy, Smartfork-DIS">
      <instance_geometry url="#ID4">
        <bind_material>
          <technique_common>
            <instance_material symbol="ID10" target="#ID10"/>
          </technique_common>
        </bind_material>
      </instance_geometry>
    </node>
    <node id="ID11" name="10000_Assy, Smartfork-DIS">
      <instance_geometry url="#ID12">
        <bind_material>
          <technique_common>
            <instance_material symbol="ID10" target="#ID10"/>
          </technique_common>
        </bind_material>
      </instance_geometry>
    </node>
  </library_nodes>

</COLLADA>
