# OBJ generated by ONSHAPE BY PTC INC, 1.211 Units = meters
mtllib wheel.mtl
g 10000_Assy, Smartfork-DIS
v -0.0947909 -0.0417 0.0422036 
v -0.103762 -0.0417 0 
v -0.103762 0.0417 0 
v -0.0694301 -0.0417 0.0771099 
v -0.0947909 0.0417 0.0422036 
v -0.0320641 -0.0417 0.0986831 
v -0.0694301 0.0417 0.0771099 
v 0.010846 -0.0417 0.103193 
v -0.0320641 0.0417 0.0986831 
v 0.0518808 -0.0417 0.0898602 
v 0.010846 0.0417 0.103193 
v 0.0839449 -0.0417 0.0609895 
v 0.0518808 0.0417 0.0898602 
v 0.0839449 0.0417 0.0609895 
v 0.0924523 0.0417 0.0471068 
v 0.101494 0.0417 0.0215733 
v 0.101494 -0.0417 0.0215733 
v 0.0924523 -0.0417 0.0471068 
v 0.101494 -0.0417 -0.0215733 
v 0.0839449 -0.0417 -0.0609895 
v 0.101494 0.0417 -0.0215733 
v 0.0518808 -0.0417 -0.0898602 
v 0.0839449 0.0417 -0.0609895 
v 0.010846 -0.0417 -0.103193 
v 0.0518808 0.0417 -0.0898602 
v -0.0320641 -0.0417 -0.0986831 
v 0.010846 0.0417 -0.103193 
v -0.0694301 -0.0417 -0.0771099 
v -0.0320641 0.0417 -0.0986831 
v -0.0694301 0.0417 -0.0771099 
v -0.0924523 0.0417 -0.0471068 
v -0.0924523 -0.0417 -0.0471068 
v -0.0947909 -0.0417 -0.0422036 
v -0.0947909 0.0417 -0.0422036 
v -0.114983 0.0417 -0.0588365 
v -0.117995 0.0417 -0.0525348 
v -0.129162 0.0417 5.55112e-17 
v -0.086426 0.0417 -0.0959858 
v 0.0645808 0.0417 -0.111857 
v 0.0135011 0.0417 -0.128454 
v -0.117995 0.0417 0.0525348 
v 0.115084 0.0417 0.0586381 
v 0.126339 0.0417 0.0268542 
v -0.0399131 0.0417 -0.12284 
v -0.086426 0.0417 0.0959858 
v 0.0645808 0.0417 0.111857 
v 0.104494 0.0417 0.0759193 
v -0.0399131 0.0417 0.12284 
v 0.0135011 0.0417 0.128454 
v 0.126339 0.0417 -0.0268542 
v 0.104494 0.0417 -0.0759193 
v -0.129162 -0.0417 1.66533e-16 
v -0.117995 -0.0417 -0.0525348 
v -0.086426 -0.0417 -0.0959858 
v -0.114983 -0.0417 -0.0588365 
v -0.0399131 -0.0417 -0.12284 
v 0.0135011 -0.0417 -0.128454 
v 0.0645808 -0.0417 -0.111857 
v 0.104494 -0.0417 -0.0759193 
v 0.126339 -0.0417 -0.0268542 
v 0.115084 -0.0417 0.0586381 
v 0.104494 -0.0417 0.0759193 
v 0.0645808 -0.0417 0.111857 
v 0.0135011 -0.0417 0.128454 
v -0.0399131 -0.0417 0.12284 
v -0.086426 -0.0417 0.0959858 
v -0.117995 -0.0417 0.0525348 
v 0.126339 -0.0417 0.0268542 
vn 0.913545 -9.38875e-27 -0.406737 
vn 1 -9.69357e-27 -2.44929e-16 
vn 0.669131 -6.91994e-27 -0.743145 
vn 0.913545 -9.38875e-27 -0.406737 
vn 0.309017 -2.79839e-27 -0.951057 
vn 0.669131 -6.91994e-27 -0.743145 
vn -0.104528 1.28584e-27 -0.994522 
vn 0.309017 -2.79839e-27 -0.951057 
vn -0.5 4.9078e-27 -0.866025 
vn -0.104528 1.28584e-27 -0.994522 
vn -0.809017 8.20063e-27 -0.587785 
vn -0.5 4.9078e-27 -0.866025 
vn -0.891007 9.23336e-27 -0.45399 
vn -0.978148 9.97817e-27 -0.207912 
vn -0.978148 9.81299e-27 0.207912 
vn -0.809017 8.35924e-27 0.587785 
vn -0.5 4.98784e-27 0.866025 
vn -0.104528 8.85102e-28 0.994522 
vn 0.309017 -3.26009e-27 0.951057 
vn 0.669131 -6.8126e-27 0.743145 
vn 0.891007 -9.23227e-27 0.45399 
vn 0.913545 -9.59452e-27 0.406737 
vn 9.7082e-16 1 -1.97719e-16 
vn -1 2.19286e-16 -1.92514e-28 
vn -0.913545 -5.44368e-16 -0.406737 
vn -0.890222 -6.38811e-16 -0.455526 
vn -0.669131 -1.2139e-15 -0.743145 
vn -0.309017 -1.67353e-15 -0.951057 
vn 0.104528 -1.84379e-15 -0.994522 
vn 0.5 -1.69525e-15 -0.866025 
vn 0.809017 -1.25358e-15 -0.587785 
vn 0.978148 -5.9516e-16 -0.207912 
vn 0.978148 1.66172e-16 0.207912 
vn 0.891007 6.35828e-16 0.45399 
vn 0.809017 8.98772e-16 0.587785 
vn 0.5 1.47597e-15 0.866025 
vn 0.104528 1.79795e-15 0.994522 
vn -0.309017 1.80906e-15 0.951057 
vn -0.669131 1.50736e-15 0.743145 
vn -0.913545 9.45023e-16 0.406737 
vn 0.978148 1.66172e-16 0.207912 
vn -9.7082e-16 -1 1.97719e-16 
usemtl 0.250980_0.250980_0.250980_0.000000_0.000000
o mesh0
f 1//1 2//2 3//2 
f 4//3 1//1 5//4 
f 6//5 4//3 7//6 
f 8//7 6//5 9//8 
f 10//9 8//7 11//10 
f 12//11 10//9 13//12 
f 12//11 14//11 15//13 
f 16//14 17//14 18//13 
f 18//13 15//13 16//14 
f 19//15 17//14 16//14 
f 20//16 19//15 21//15 
f 22//17 20//16 23//16 
f 24//18 22//17 25//17 
f 26//19 24//18 27//18 
f 28//20 26//19 29//19 
f 30//20 31//21 32//21 
f 33//22 32//21 31//21 
f 31//21 34//22 33//22 
f 2//2 33//22 34//22 
f 34//22 3//2 2//2 
f 32//21 28//20 30//20 
f 29//19 30//20 28//20 
f 27//18 29//19 26//19 
f 25//17 27//18 24//18 
f 23//16 25//17 22//17 
f 21//15 23//16 20//16 
f 16//14 21//15 19//15 
f 15//13 18//13 12//11 
f 13//12 14//11 12//11 
f 11//10 13//12 10//9 
f 9//8 11//10 8//7 
f 7//6 9//8 6//5 
f 5//4 7//6 4//3 
f 3//2 5//4 1//1 
o mesh1
f 35//23 31//23 30//23 
f 36//23 34//23 31//23 
f 31//23 35//23 36//23 
f 37//23 3//23 34//23 
f 38//23 30//23 29//23 
f 34//23 36//23 37//23 
f 39//23 25//23 23//23 
f 40//23 27//23 25//23 
f 30//23 38//23 35//23 
f 37//23 41//23 5//23 
f 42//23 15//23 14//23 
f 43//23 16//23 15//23 
f 25//23 39//23 40//23 
f 44//23 29//23 27//23 
f 5//23 3//23 37//23 
f 41//23 45//23 7//23 
f 46//23 47//23 14//23 
f 15//23 42//23 43//23 
f 27//23 40//23 44//23 
f 7//23 5//23 41//23 
f 45//23 48//23 9//23 
f 48//23 49//23 11//23 
f 14//23 47//23 42//23 
f 50//23 21//23 16//23 
f 29//23 44//23 38//23 
f 11//23 9//23 48//23 
f 49//23 46//23 13//23 
f 16//23 43//23 50//23 
f 9//23 7//23 45//23 
f 14//23 13//23 46//23 
f 51//23 23//23 21//23 
f 13//23 11//23 49//23 
f 23//23 51//23 39//23 
f 21//23 50//23 51//23 
o mesh2
f 52//24 37//24 36//25 
f 53//25 36//25 35//26 
f 38//27 54//27 55//26 
f 55//26 35//26 38//27 
f 54//27 38//27 44//28 
f 56//28 44//28 40//29 
f 57//29 40//29 39//30 
f 58//30 39//30 51//31 
f 59//31 51//31 50//32 
f 60//32 50//32 43//33 
f 43//33 42//34 61//34 
f 62//35 61//34 42//34 
f 42//34 47//35 62//35 
f 62//35 47//35 46//36 
f 63//36 46//36 49//37 
f 64//37 49//37 48//38 
f 65//38 48//38 45//39 
f 66//39 45//39 41//40 
f 67//40 41//40 37//24 
f 37//24 52//24 67//40 
f 41//40 67//40 66//39 
f 45//39 66//39 65//38 
f 48//38 65//38 64//37 
f 49//37 64//37 63//36 
f 46//36 63//36 62//35 
f 61//34 68//41 43//33 
f 43//33 68//41 60//32 
f 50//32 60//32 59//31 
f 51//31 59//31 58//30 
f 39//30 58//30 57//29 
f 40//29 57//29 56//28 
f 44//28 56//28 54//27 
f 35//26 55//26 53//25 
f 36//25 53//25 52//24 
o mesh3
f 68//42 61//42 18//42 
f 61//42 62//42 12//42 
f 12//42 18//42 61//42 
f 63//42 10//42 12//42 
f 60//42 68//42 17//42 
f 12//42 62//42 63//42 
f 53//42 55//42 32//42 
f 55//42 54//42 28//42 
f 59//42 60//42 19//42 
f 18//42 17//42 68//42 
f 53//42 33//42 2//42 
f 28//42 32//42 55//42 
f 57//42 58//42 22//42 
f 58//42 59//42 20//42 
f 17//42 19//42 60//42 
f 64//42 8//42 10//42 
f 65//42 6//42 8//42 
f 66//42 4//42 6//42 
f 32//42 33//42 53//42 
f 54//42 56//42 26//42 
f 56//42 57//42 24//42 
f 20//42 22//42 58//42 
f 10//42 63//42 64//42 
f 6//42 65//42 66//42 
f 67//42 1//42 4//42 
f 52//42 2//42 1//42 
f 26//42 28//42 54//42 
f 22//42 24//42 57//42 
f 8//42 64//42 65//42 
f 1//42 67//42 52//42 
f 24//42 26//42 56//42 
f 4//42 66//42 67//42 
f 19//42 20//42 59//42 
f 2//42 52//42 53//42 
g 10000_Assy, Smartfork-DIS
v 0.0466905 -0.0466474 -0.104869 
v 2.65804e-13 -0.0466474 -0.114793 
v 2.68005e-13 -0.0473773 -0.114793 
v 0.0853078 -0.0466474 -0.0768115 
v 0.0466905 -0.0473773 -0.104869 
v 0.109175 -0.0466474 -0.035473 
v 0.0853078 -0.0473773 -0.0768115 
v 0.114164 -0.0466474 0.0119991 
v 0.109175 -0.0473773 -0.035473 
v 0.0994137 -0.0466474 0.0573965 
v 0.114164 -0.0473773 0.0119991 
v 0.0674736 -0.0466474 0.0928695 
v 0.0811709 -0.0466474 0.0811709 
v 0.0811709 -0.0473773 0.0811709 
v 0.0994137 -0.0473773 0.0573965 
v 0.0238668 -0.0466474 0.112285 
v 0.0674736 -0.0473773 0.0928695 
v -0.0238668 -0.0466474 0.112285 
v 0.0238668 -0.0473773 0.112285 
v -0.0674736 -0.0466474 0.0928695 
v -0.0238668 -0.0473773 0.112285 
v -0.0994137 -0.0466474 0.0573965 
v -0.0674736 -0.0473773 0.0928695 
v -0.114164 -0.0466474 0.0119991 
v -0.0994137 -0.0473773 0.0573965 
v -0.109175 -0.0466474 -0.035473 
v -0.114164 -0.0473773 0.0119991 
v -0.0853078 -0.0466474 -0.0768115 
v -0.109175 -0.0473773 -0.035473 
v -0.0466905 -0.0466474 -0.104869 
v -0.0811709 -0.0466474 -0.0811709 
v -0.0811709 -0.0473773 -0.0811709 
v -0.0853078 -0.0473773 -0.0768115 
v -0.0466905 -0.0473773 -0.104869 
v 0.0838323 -0.0473773 0.0838323 
v 0.0696859 -0.0473773 0.0959144 
v -0.0838323 -0.0473773 -0.0838323 
v -0.0482214 -0.0473773 -0.108307 
v 0.0246493 -0.0473773 0.115966 
v -0.0696859 -0.0473773 0.0959144 
v -0.102673 -0.0473773 0.0592784 
v -0.117907 -0.0473773 0.0123926 
v -0.112754 -0.0473773 -0.036636 
v -0.0881048 -0.0473773 -0.0793299 
v 0.0881048 -0.0473773 -0.0793299 
v 0.112754 -0.0473773 -0.036636 
v 0.117907 -0.0473773 0.0123926 
v 0.102673 -0.0473773 0.0592784 
v 2.67977e-13 -0.0473773 -0.118557 
v 0.0482214 -0.0473773 -0.108307 
v -0.0246493 -0.0473773 0.115966 
v 2.75285e-13 -0.0498 -0.118557 
v 0.0482214 -0.0498 -0.108307 
v 0.0881048 -0.0498 -0.0793299 
v 0.112754 -0.0498 -0.036636 
v 0.117907 -0.0498 0.0123926 
v 0.0838323 -0.0498 0.0838323 
v 0.0885175 -0.0498 0.0788692 
v 0.102673 -0.0498 0.0592784 
v 0.0696859 -0.0498 0.0959144 
v 0.025254 -0.0498 0.115836 
v 0.0246493 -0.0498 0.115966 
v -0.0246493 -0.0498 0.115966 
v -0.0696859 -0.0498 0.0959144 
v -0.102673 -0.0498 0.0592784 
v -0.117907 -0.0498 0.0123926 
v -0.112754 -0.0498 -0.036636 
v -0.0881048 -0.0498 -0.0793299 
v -0.0838323 -0.0498 -0.0838323 
v -0.0482214 -0.0498 -0.108307 
v -0.0568922 -0.0466474 -0.13735 
v -0.109169 -0.0466474 -0.100915 
v -0.132463 -0.0466474 -0.0674931 
v 0.109169 -0.0466474 0.100915 
v 0.132463 -0.0466474 0.0674931 
v -0.144559 -0.0466474 0.0347055 
v -0.11675 -0.0466474 0.0920384 
v -0.0674931 -0.0466474 0.132463 
v -0.14581 -0.0466474 -0.0290034 
v 0.0568922 -0.0466474 0.13735 
v 0.14581 -0.0466474 0.0290034 
v 0.144559 -0.0466474 -0.0347055 
v 0.11675 -0.0466474 -0.0920384 
v -0.00583661 -0.0466474 0.148552 
v 0.0674931 -0.0466474 -0.132463 
v 0.00583661 -0.0466474 -0.148552 
v -0.0568922 0.0486474 -0.13735 
v 0.00583661 0.0486474 -0.148552 
v 0.0674931 0.0486474 -0.132463 
v 0.11675 0.0486474 -0.0920384 
v 0.144559 0.0486474 -0.0347055 
v 0.14581 0.0486474 0.0290034 
v -0.150985 0.0341314 -0.0769308 
v -0.109169 0.0486474 -0.100915 
v -0.162864 -0.00236043 -0.0829834 
v -0.157984 -0.021124 -0.0804969 
v -0.145806 -0.0375994 -0.0742919 
v 0.145806 -0.0375994 0.0742919 
v 0.157984 -0.021124 0.0804969 
v 0.162864 -0.00236043 0.0829834 
v 0.160667 0.0162324 0.0818639 
v 0.150985 0.0341314 0.0769308 
v 0.132463 0.0486474 0.0674931 
v -0.160667 0.0162324 -0.0818639 
v -0.132463 0.0486474 -0.0674931 
v -0.124434 0.0341314 -0.115026 
v -0.0648475 0.0341314 -0.156556 
v 0.00665276 0.0341314 -0.169324 
v 0.0769308 0.0341314 -0.150985 
v 0.133076 0.0341314 -0.104908 
v 0.164773 0.0341314 -0.0395584 
v 0.166199 0.0341314 0.033059 
v -0.132414 0.0162324 -0.122402 
v -0.0690058 0.0162324 -0.166595 
v 0.00707936 0.0162324 -0.180182 
v 0.0818639 0.0162324 -0.160667 
v 0.141609 0.0162324 -0.111636 
v 0.175339 0.0162324 -0.0420951 
v -0.134224 -0.00236043 -0.124076 
v -0.0699494 -0.00236043 -0.168873 
v 0.00717617 -0.00236043 -0.182646 
v 0.0829834 -0.00236043 -0.162864 
v 0.143545 -0.00236043 -0.113162 
v 0.176856 0.0162324 0.0351788 
v 0.177736 -0.00236043 -0.0426707 
v -0.130202 -0.021124 -0.120358 
v -0.0678535 -0.021124 -0.163813 
v 0.00696115 -0.021124 -0.177173 
v 0.0804969 -0.021124 -0.157984 
v 0.139244 -0.021124 -0.109771 
v 0.179274 -0.00236043 0.0356599 
v 0.172411 -0.021124 -0.0413921 
v -0.120166 -0.0375994 -0.11108 
v -0.0626231 -0.0375994 -0.151186 
v 0.00642456 -0.0375994 -0.163516 
v 0.0742919 -0.0375994 -0.145806 
v 0.128511 -0.0375994 -0.10131 
v 0.173903 -0.021124 0.0345914 
v 0.159121 -0.0375994 -0.0382015 
v 0.160498 -0.0375994 0.031925 
v 0.0568922 0.0486474 0.13735 
v 0.109169 0.0486474 0.100915 
v -0.00583661 0.0486474 0.148552 
v -0.0674931 0.0486474 0.132463 
v -0.11675 0.0486474 0.0920384 
v -0.144559 0.0486474 0.0347055 
v -0.14581 0.0486474 -0.0290034 
v 0.0648475 0.0341314 0.156556 
v -0.00665276 0.0341314 0.169324 
v -0.0769308 0.0341314 0.150985 
v -0.133076 0.0341314 0.104908 
v -0.164773 0.0341314 0.0395584 
v -0.166199 0.0341314 -0.033059 
v 0.124434 0.0341314 0.115026 
v 0.132414 0.0162324 0.122402 
v 0.0690058 0.0162324 0.166595 
v -0.00707936 0.0162324 0.180182 
v -0.0818639 0.0162324 0.160667 
v -0.141609 0.0162324 0.111636 
v -0.175339 0.0162324 0.0420951 
v 0.134224 -0.00236043 0.124076 
v 0.0699494 -0.00236043 0.168873 
v -0.00717617 -0.00236043 0.182646 
v -0.0829834 -0.00236043 0.162864 
v -0.143545 -0.00236043 0.113162 
v -0.176856 0.0162324 -0.0351788 
v -0.177736 -0.00236043 0.0426707 
v 0.130202 -0.021124 0.120358 
v 0.0678535 -0.021124 0.163813 
v -0.00696115 -0.021124 0.177173 
v -0.0804969 -0.021124 0.157984 
v -0.139244 -0.021124 0.109771 
v -0.179274 -0.00236043 -0.0356599 
v -0.172411 -0.021124 0.0413921 
v 0.120166 -0.0375994 0.11108 
v 0.0626231 -0.0375994 0.151186 
v -0.00642456 -0.0375994 0.163516 
v -0.0742919 -0.0375994 0.145806 
v -0.128511 -0.0375994 0.10131 
v -0.173903 -0.021124 -0.0345914 
v -0.159121 -0.0375994 0.0382015 
v -0.160498 -0.0375994 -0.031925 
v -0.0853078 0.0486474 -0.0768115 
v -0.109175 0.0486474 -0.035473 
v -0.0466905 0.0486474 -0.104869 
v -0.0811709 0.0486474 -0.0811709 
v -0.0994137 0.0486474 0.0573965 
v -0.0674736 0.0486474 0.0928695 
v -0.114164 0.0486474 0.0119991 
v 0.0811709 0.0486474 0.0811709 
v 0.0994137 0.0486474 0.0573965 
v 0.0674736 0.0486474 0.0928695 
v -2.16558e-14 0.0486474 -0.114793 
v 0.0466905 0.0486474 -0.104869 
v 0.0853078 0.0486474 -0.0768115 
v 0.109175 0.0486474 -0.035473 
v 0.114164 0.0486474 0.0119991 
v 0.0238668 0.0486474 0.112285 
v -0.0238668 0.0486474 0.112285 
v 0.0466905 0.0493773 -0.104869 
v -2.38291e-14 0.0493773 -0.114793 
v 0.0853078 0.0493773 -0.0768115 
v 0.109175 0.0493773 -0.035473 
v 0.114164 0.0493773 0.0119991 
v 0.0994137 0.0493773 0.0573965 
v 0.0674736 0.0493773 0.0928695 
v 0.0811709 0.0493773 0.0811709 
v 0.0238668 0.0493773 0.112285 
v -0.0238668 0.0493773 0.112285 
v -0.0674736 0.0493773 0.0928695 
v -0.0994137 0.0493773 0.0573965 
v -0.114164 0.0493773 0.0119991 
v -0.109175 0.0493773 -0.035473 
v -0.0853078 0.0493773 -0.0768115 
v -0.0811709 0.0493773 -0.0811709 
v -0.0466905 0.0493773 -0.104869 
v 0.0793299 0.0493773 0.0881048 
v 0.0838323 0.0493773 0.0838323 
v 0.108307 0.0493773 0.0482214 
v 0.036636 0.0493773 0.112754 
v -0.0592784 0.0493773 -0.102673 
v -0.0959144 0.0493773 -0.0696859 
v 0.118557 0.0493773 5.55112e-16 
v 0.108307 0.0493773 -0.0482214 
v 0.0793299 0.0493773 -0.0881048 
v -0.0838323 0.0493773 -0.0838323 
v -0.115966 0.0493773 -0.0246493 
v -0.115966 0.0493773 0.0246493 
v -0.0959144 0.0493773 0.0696859 
v -0.0592784 0.0493773 0.102673 
v -0.0123926 0.0493773 0.117907 
v -0.0123926 0.0493773 -0.117907 
v 0.036636 0.0493773 -0.112754 
v 0.108307 0.0518 0.0482214 
v 0.118557 0.0518 5.55112e-16 
v 0.0793299 0.0518 0.0881048 
v 0.0838323 0.0518 0.0838323 
v 0.105635 0.0518 0.0538236 
v 0.036636 0.0518 0.112754 
v -0.0123926 0.0518 0.117907 
v -0.0592784 0.0518 0.102673 
v -0.0959144 0.0518 0.0696859 
v -0.115966 0.0518 0.0246493 
v -0.115966 0.0518 -0.0246493 
v -0.0959144 0.0518 -0.0696859 
v -0.0592784 0.0518 -0.102673 
v -0.0838323 0.0518 -0.0838323 
v -0.0123926 0.0518 -0.117907 
v 0.036636 0.0518 -0.112754 
v 0.0793299 0.0518 -0.0881048 
v 0.108307 0.0518 -0.0482214 
v 0.0870936 -0.0498 0.147448 
v 0.0613701 -0.0497999 0.159874 
v 0.100565 -0.0498 0.138406 
v 0.053543 -0.0498 0.162663 
v 0.121091 -0.0497999 0.121091 
v 0.103458 -0.0498 0.136464 
v 0.127859 -0.0498 0.113922 
v 0.036478 -0.0498 0.167318 
v 0.0521408 -0.0498 0.196565 
v 0.0331374 -0.0498 0.200645 
v 0.035604 -0.0498 0.167504 
v 0.0344985 -0.0498 0.167738 
v 0.0270062 -0.0360343 0.207623 
v 0.0215438 -0.0235861 0.211951 
v 0.0215466 -0.0215548 0.19104 
v 0.0274456 -0.0345239 0.181502 
v 0.0206525 -0.0215548 0.212657 
v 0.0319924 -0.0445202 0.17415 
v 0.0451999 -0.0342766 0.205082 
v 0.042184 -0.025302 0.185905 
v 0.0388293 -0.0177656 0.189678 
v 0.0463563 -0.0343005 0.177368 
v 0.0379453 -0.0177656 0.211051 
v 0.0404895 -0.0235561 0.208957 
v 0.0380853 -0.0162025 0.190321 
v 0.0346 -0.0118498 0.191841 
v 0.0298936 -0.00597209 0.193893 
v 0.0308234 -0.00757425 0.213604 
v 0.033768 -0.0117879 0.212548 
v 0.029063 -0.00597209 0.213975 
v 0.0345045 -0.0117306 0.191882 
v 0.0224224 0.000384935 0.195302 
v 0.0253391 -0.00280142 0.214618 
v 0.0216037 0.000384935 0.215095 
v 0.0214467 0.00104629 0.195412 
v 0.0180788 0.00214711 0.19574 
v 0.0190987 0.00180344 0.21533 
v 0.0205838 0.000962503 0.215191 
v 0.0210637 0.00130592 0.195456 
v 0.0172593 0.00202722 0.215475 
v 0.0146076 0.00186989 0.196036 
v 0.0154777 0.00224397 0.215616 
v 0.0138287 0.00177558 0.215727 
v 0.0176924 0.002256 0.195777 
v 0.0117293 0.000384935 0.196235 
v 0.0123939 0.00136802 0.215823 
v 0.0109159 0.000384935 0.215901 
v 0.0143178 0.00183362 0.19606 
v 0.00890023 -0.0046929 0.215836 
v 0.0106001 -0.000610096 0.215906 
v 0.0107056 0.00020493 0.215911 
v 0.00517157 -0.00838636 0.215682 
v 0.0172089 0.00136907 0.215492 
v 0.00374452 -0.00646763 0.196088 
v 0.00293794 -0.00646763 0.21559 
v 0.00991958 -0.011701 0.194337 
v 0.11314 -0.0498 0.168984 
v 0.0964912 -0.0498 0.179013 
v 0.0929581 -0.0360343 0.187605 
v 0.0891968 -0.0235861 0.193471 
v 0.0824098 -0.0215548 0.173693 
v 0.0848921 -0.0345239 0.162756 
v 0.0885831 -0.0215548 0.194429 
v 0.0868053 -0.0445202 0.154326 
v 0.109341 -0.0342766 0.179293 
v 0.100262 -0.025302 0.162135 
v 0.0983138 -0.0177656 0.166793 
v 0.101436 -0.0343005 0.152706 
v 0.104417 -0.0177656 0.187294 
v 0.106144 -0.0235561 0.184488 
v 0.097819 -0.0162028 0.167643 
v 0.0950158 -0.0118498 0.170212 
v 0.0912308 -0.00597209 0.173681 
v 0.0985103 -0.00757425 0.192022 
v 0.100953 -0.0117879 0.190067 
v 0.0969658 -0.00597209 0.192944 
v 0.094939 -0.0117306 0.170282 
v 0.0846219 0.000384935 0.177439 
v 0.0936524 -0.00280142 0.194761 
v 0.0902744 0.000384935 0.196426 
v 0.083735 0.00104625 0.177861 
v 0.0806561 0.00214709 0.179264 
v 0.0879815 0.00180344 0.197462 
v 0.0893409 0.000962474 0.196848 
v 0.0833867 0.00130595 0.178026 
v 0.086289 0.00202721 0.198196 
v 0.0774689 0.00186989 0.180671 
v 0.0846495 0.00224397 0.198908 
v 0.0831258 0.0017756 0.199548 
v 0.0803025 0.00225601 0.179425 
v 0.0748111 0.000384935 0.181794 
v 0.0817998 0.00136802 0.200104 
v 0.0804275 0.000384935 0.200659 
v 0.0772027 0.00183361 0.180788 
v 0.0784999 -0.0046929 0.201252 
v 0.0802317 0.00020493 0.200736 
v 0.0801305 -0.000610096 0.200766 
v 0.0749232 -0.00838636 0.202316 
v 0.070349 -0.00363843 0.183235 
v 0.0727806 -0.00646763 0.202954 
v 0.0672114 -0.00646763 0.184248 
v 0.0699262 -0.0091626 0.182362 
v 0.0724833 -0.011701 0.180587 
v -0.0507306 0.0518 -0.163562 
v -0.026747 0.0518 -0.168616 
v -0.0323405 0.0518 -0.168167 
v -0.0777453 0.0517998 -0.152584 
v -0.085192 0.0518 -0.148554 
v -0.0178218 0.0518 -0.169331 
v 0.0240156 0.0518 -0.169556 
v 0.0440686 0.0518 -0.164422 
v 0.00512655 0.0518 -0.171172 
v 0.0527477 0.0518 -0.162199 
v 0.107666 0.0518 -0.132926 
v 0.0777692 0.0518 -0.152571 
v 0.0604282 0.0518 -0.160233 
v 0.11442 0.0518 -0.127082 
v 0.109181 0.0518 -0.13193 
v 0.146103 0.0518 -0.0893303 
v 0.123095 0.0518 -0.119053 
v 0.156132 0.0518 -0.0695473 
v 0.155082 0.0518 -0.0726335 
v 0.167193 0.0518 -0.0370505 
v 0.170239 0.0518 -0.0089644 
v 0.170263 0.0518 -0.0183429 
v 0.170215 0.0518 -2.7372e-06 
v 0.158986 0.0518 0.0610624 
v 0.166994 0.0518 0.0379354 
v 0.170164 0.0518 0.0192443 
v 0.156058 0.0518 0.0695195 
v 0.154695 0.0518 0.0734537 
v 0.152584 0.0518 0.0777452 
v -0.10109 0.0518 -0.138227 
v -0.0856097 0.0518 -0.148283 
v -0.121091 0.0518 -0.121091 
v -0.0819597 0.0427607 -0.160855 
v -0.0852472 0.0420627 -0.158069 
v -0.0853014 0.0325024 -0.167411 
v -0.0944689 0.0293508 -0.189206 
v -0.0847874 0.0294004 -0.169355 
v -0.0838188 0.0235548 -0.173018 
v -0.0993222 0.0518 -0.177458 
v -0.0932158 0.0235548 -0.19224 
v -0.0693535 0.00846763 -0.183452 
v -0.0780735 0.00846763 -0.201289 
v -0.115382 0.0518 -0.167461 
v -0.100699 0.0304176 -0.158074 
v -0.112767 0.0361921 -0.177182 
v -0.111116 0.0294588 -0.180308 
v -0.0995692 0.0197656 -0.166047 
v -0.108741 0.0197656 -0.184807 
v -0.102046 0.0431067 -0.148576 
v -0.0865975 0.0129563 -0.197298 
v -0.0963007 0.0143319 -0.192554 
v -0.080315 0.00890977 -0.200369 
v -0.0791398 0.00751523 -0.200944 
v -0.104966 0.0118096 -0.188318 
v -0.0950654 0.0103127 -0.171232 
v -0.103676 0.0103668 -0.188949 
v -0.101533 0.00797209 -0.189996 
v -0.093077 0.00797209 -0.172698 
v -0.0949958 0.0101668 -0.171312 
v -0.0721253 0.00597879 -0.182519 
v -0.076985 0.00161506 -0.180884 
v -0.0853157 0.00161506 -0.197925 
v -0.0948794 0.00161506 -0.193249 
v -0.0922672 0.000244735 -0.194526 
v -0.0935917 0.000650753 -0.193879 
v -0.0892032 -4.20545e-05 -0.196024 
v -0.0906275 -0.000257866 -0.195328 
v -0.0862276 0.00103291 -0.197479 
v -0.0875096 0.000214569 -0.196852 
v -0.0892131 0.00409092 -0.175091 
v -0.0927814 0.00767511 -0.172881 
v -0.0866667 0.00161506 -0.17645 
v -0.0778635 0.00092505 -0.18051 
v -0.077903 0.000894067 -0.180493 
v -0.0808934 -0.000213534 -0.17916 
v -0.0840867 8.36299e-05 -0.177689 
v -0.0809246 -0.00021063 -0.179145 
v -0.084116 8.63608e-05 -0.177675 
v 0.181178 0.0518 0.0923622 
v 0.145628 0.0518 0.0901028 
v 0.171812 0.0518 0.108798 
v 0.183541 0.0294588 0.10569 
v 0.183593 0.0197656 0.110778 
v 0.166598 0.0197656 0.098644 
v 0.183505 0.0361921 0.102156 
v 0.164205 0.0288705 0.0921915 
v 0.160468 0.0430923 0.0821129 
v 0.155232 0.0294027 0.10863 
v 0.155408 0.0289911 0.108971 
v 0.173135 0.0293508 0.12144 
v 0.156064 0.0235548 0.112271 
v 0.173477 0.0235548 0.124704 
v 0.148308 0.00846763 0.128333 
v 0.164467 0.00846763 0.13987 
v 0.170064 0.0129563 0.132302 
v 0.17634 0.0143319 0.123512 
v 0.166 0.00890977 0.137994 
v 0.16524 0.00751523 0.139058 
v 0.181945 0.0118096 0.115662 
v 0.165104 0.0103133 0.105348 
v 0.18111 0.0103668 0.116831 
v 0.179724 0.00797209 0.118772 
v 0.164054 0.00797209 0.107584 
v 0.16508 0.0101627 0.105455 
v 0.150302 0.00597877 0.126193 
v 0.153797 0.00161506 0.122442 
v 0.169235 0.00161506 0.133464 
v 0.17542 0.00161506 0.1248 
v 0.173858 0.000305102 0.126988 
v 0.174587 0.000650753 0.125966 
v 0.169942 0.000916657 0.132473 
v 0.170654 0.000214569 0.131476 
v 0.171881 -7.30125e-05 0.129757 
v 0.17267 -0.000257866 0.128652 
v 0.154419 0.000893991 0.121662 
v 0.154522 0.000836979 0.121528 
v 0.156415 -0.000213559 0.119065 
v 0.158542 8.63529e-05 0.116226 
v 0.15657 -0.000191657 0.118858 
v 0.160202 0.00161506 0.113934 
v 0.158641 0.000177208 0.11609 
v 0.162846 0.00597815 0.109576 
v 0.201351 0.0518 0.0285293 
v 0.197829 0.0518 0.0471155 
v 0.207914 0.0294588 0.040368 
v 0.209615 0.0197656 0.0451635 
v 0.189601 0.0197656 0.0392049 
v 0.206732 0.0361921 0.0370369 
v 0.185243 0.0288705 0.0338789 
v 0.178436 0.0430923 0.0255598 
v 0.182093 0.0294027 0.0523406 
v 0.182371 0.0289911 0.0526053 
v 0.203186 0.0293508 0.058643 
v 0.184062 0.0235548 0.0555142 
v 0.204569 0.0235548 0.0616193 
v 0.182321 0.011162 0.070061 
v 0.200971 0.00846763 0.0788889 
v 0.181942 0.00846763 0.0732237 
v 0.203808 0.0129563 0.0699144 
v 0.206889 0.0143319 0.0595627 
v 0.201812 0.00890977 0.0766167 
v 0.201439 0.00751523 0.0778704 
v 0.209642 0.0118096 0.0503179 
v 0.190365 0.0103133 0.046031 
v 0.209232 0.0103668 0.0516949 
v 0.208551 0.00797209 0.0539803 
v 0.190098 0.00797209 0.0484864 
v 0.190377 0.0101627 0.0461397 
v 0.183234 0.00576712 0.0703255 
v 0.185221 0.00161506 0.0658696 
v 0.183133 0.00597877 0.0705527 
v 0.203401 0.00161506 0.0712819 
v 0.205671 0.000305102 0.0636557 
v 0.206029 0.000650753 0.0624527 
v 0.206438 0.00161506 0.061079 
v 0.2047 -7.30125e-05 0.0669166 
v 0.205088 -0.000257866 0.0656151 
v 0.203748 0.000916657 0.0701147 
v 0.204097 0.000214569 0.0689413 
v 0.185556 0.000893857 0.0649295 
v 0.18561 0.000836931 0.06477 
v 0.1866 -0.00021359 0.0618262 
v 0.18769 8.63714e-05 0.0584501 
v 0.18668 -0.000191702 0.0615798 
v 0.188516 0.00161506 0.0557434 
v 0.18774 0.000177194 0.0582893 
v 0.189602 0.00597815 0.0507626 
v 0.199705 0.0518 -0.0383952 
v 0.202409 0.0518 -0.0196725 
v 0.209756 0.0294588 -0.0293287 
v 0.212922 0.0197656 -0.0253456 
v 0.192058 0.0197656 -0.0244826 
v 0.207556 0.0361921 -0.0320955 
v 0.186206 0.0288706 -0.028105 
v 0.177067 0.0430923 -0.0337631 
v 0.189222 0.0294027 -0.00962098 
v 0.18957 0.0289911 -0.0094607 
v 0.188746 0.0299648 -0.00983986 
v 0.211218 0.0293508 -0.0105087 
v 0.192115 0.0235548 -0.00725858 
v 0.213492 0.0235548 -0.00814277 
v 0.19586 0.00846763 0.0101798 
v 0.215697 0.00846763 0.0093593 
v 0.215466 0.0129563 -5.00129e-05 
v 0.21502 0.0143319 -0.0108414 
v 0.215755 0.00890977 0.00693704 
v 0.215809 0.00751523 0.00824406 
v 0.214621 0.0118096 -0.020479 
v 0.194996 0.0103133 -0.0182745 
v 0.21468 0.0103668 -0.0190436 
v 0.214779 0.00797209 -0.016661 
v 0.195541 0.00797209 -0.0158654 
v 0.195043 0.0101629 -0.0181757 
v 0.196119 0.00597877 0.00726678 
v 0.196573 0.00161506 0.00215942 
v 0.215525 0.00161506 0.00137557 
v 0.215085 0.00161506 -0.00926071 
v 0.215196 0.000305102 -0.00657457 
v 0.215144 0.000650753 -0.00782869 
v 0.215475 0.000916657 0.000158781 
v 0.215424 0.000214569 -0.00106442 
v 0.215337 -7.30125e-05 -0.00317519 
v 0.215281 -0.000257866 -0.00453196 
v 0.196584 0.000893457 0.00116088 
v 0.196583 0.00083679 0.000993295 
v 0.196564 -0.000213674 -0.00211337 
v 0.1965 8.64453e-05 -0.00566014 
v 0.19656 -0.00019183 -0.00237152 
v 0.196402 0.00161506 -0.00848795 
v 0.196494 0.00017715 -0.00582793 
v 0.196193 0.0031543 -0.0102743 
v 0.195811 0.00597816 -0.0135514 
v 0.176418 0.0518 -0.101159 
v 0.185054 0.0518 -0.0843286 
v 0.185889 0.0361921 -0.0977499 
v 0.166992 0.0288706 -0.0870433 
v 0.188868 0.0294588 -0.0958472 
v 0.193156 0.0197656 -0.0931081 
v 0.173702 0.0197656 -0.0855171 
v 0.169927 0.0248879 -0.0863757 
v 0.15651 0.0430923 -0.0894273 
v 0.175845 0.0294027 -0.0705399 
v 0.176227 0.0289911 -0.0705015 
v 0.196361 0.0293508 -0.0785217 
v 0.179348 0.0235548 -0.0692448 
v 0.199281 0.0235548 -0.0770224 
v 0.188553 0.00846763 -0.0539673 
v 0.207049 0.00846763 -0.0611845 
v 0.203775 0.0129563 -0.070009 
v 0.199849 0.0143319 -0.0800708 
v 0.206317 0.00890977 -0.0634943 
v 0.206793 0.00751523 -0.0622757 
v 0.196343 0.0118096 -0.0890567 
v 0.178497 0.0103133 -0.0805995 
v 0.196865 0.0103668 -0.0877183 
v 0.197732 0.00797209 -0.0854969 
v 0.179795 0.00797209 -0.0784978 
v 0.178574 0.0101629 -0.0805213 
v 0.187852 0.00597878 -0.0568066 
v 0.186623 0.00161506 -0.0617847 
v 0.204294 0.00161506 -0.0686798 
v 0.201401 0.000305102 -0.0760924 
v 0.200945 0.000650753 -0.0772617 
v 0.200424 0.00161506 -0.0785969 
v 0.202638 -7.30125e-05 -0.0729228 
v 0.202145 -0.000257866 -0.0741879 
v 0.203851 0.000916657 -0.0698143 
v 0.203406 0.000214569 -0.0709548 
v 0.18631 0.000892968 -0.0627337 
v 0.186255 0.000836619 -0.062891 
v 0.185228 -0.000213774 -0.065824 
v 0.184015 8.65429e-05 -0.0691571 
v 0.18514 -0.000191984 -0.0660659 
v 0.183004 0.00161506 -0.0717995 
v 0.183955 0.000177095 -0.0693136 
v 0.180801 0.00597816 -0.0763969 
v 0.134013 0.0518 -0.152961 
v 0.147646 0.0518 -0.139846 
v 0.147513 0.0294588 -0.151979 
v 0.152458 0.0197656 -0.150781 
v 0.136523 0.0197656 -0.137284 
v 0.144078 0.0361921 -0.152812 
v 0.129681 0.0288706 -0.136549 
v 0.118993 0.0430923 -0.135401 
v 0.143413 0.0294028 -0.123815 
v 0.143787 0.0289911 -0.123902 
v 0.160226 0.0293508 -0.138026 
v 0.147147 0.0235548 -0.123727 
v 0.163474 0.0235548 -0.137555 
v 0.160813 0.00846763 -0.112266 
v 0.175964 0.00846763 -0.125098 
v 0.170002 0.0129563 -0.132381 
v 0.163022 0.0143319 -0.140623 
v 0.174522 0.00890977 -0.127045 
v 0.175367 0.00751523 -0.126047 
v 0.156788 0.0118096 -0.147984 
v 0.142655 0.0103133 -0.13419 
v 0.157716 0.0103668 -0.146887 
v 0.159257 0.00797209 -0.145068 
v 0.144565 0.00797209 -0.132624 
v 0.142753 0.0101629 -0.134141 
v 0.159229 0.00597878 -0.114724 
v 0.15645 0.00161506 -0.119034 
v 0.170924 0.00161506 -0.131293 
v 0.165782 0.000305102 -0.137364 
v 0.164971 0.000650753 -0.138322 
v 0.164044 0.00161506 -0.139416 
v 0.167981 -7.30125e-05 -0.134768 
v 0.167103 -0.000257866 -0.135804 
v 0.170137 0.000916657 -0.132222 
v 0.169346 0.000214569 -0.133156 
v 0.155845 0.000892709 -0.11983 
v 0.155742 0.000836529 -0.11996 
v 0.153818 -0.000213823 -0.122401 
v 0.151589 8.66045e-05 -0.12516 
v 0.153657 -0.000192063 -0.122601 
v 0.149775 0.00161506 -0.127331 
v 0.151482 0.000177066 -0.125288 
v 0.146199 0.00597816 -0.130964 
v 0.0770851 0.0518 -0.188187 
v 0.094238 0.0518 -0.18021 
v 0.0901726 0.0294588 -0.191642 
v 0.095239 0.0197656 -0.192114 
v 0.0845495 0.0197656 -0.174175 
v 0.0866532 0.0361921 -0.191314 
v 0.0783164 0.028871 -0.171258 
v 0.0685811 0.0430923 -0.166701 
v 0.0954401 0.0294028 -0.163672 
v 0.0957649 0.0289911 -0.163876 
v 0.106728 0.0293508 -0.182572 
v 0.0990001 0.0235548 -0.164802 
v 0.109952 0.0235548 -0.183182 
v 0.115647 0.00846763 -0.158399 
v 0.12581 0.00846763 -0.175455 
v 0.117807 0.0129563 -0.180408 
v 0.108528 0.0143319 -0.185937 
v 0.123814 0.00890977 -0.176829 
v 0.124938 0.00751523 -0.176159 
v 0.100242 0.0118096 -0.190874 
v 0.101477 0.0103665 -0.190139 
v 0.103525 0.00797209 -0.188918 
v 0.0936689 0.00797209 -0.172378 
v 0.0914622 0.010163 -0.173225 
v 0.0913544 0.0103127 -0.17324 
v 0.11335 0.00597878 -0.160209 
v 0.109323 0.00161506 -0.163383 
v 0.119033 0.00161506 -0.179678 
v 0.112385 0.00024473 -0.183639 
v 0.111119 0.000650753 -0.184393 
v 0.109888 0.00161506 -0.185127 
v 0.115315 -4.20518e-05 -0.181893 
v 0.113953 -0.000257866 -0.182704 
v 0.11816 0.00103292 -0.180197 
v 0.116935 0.000214569 -0.180928 
v 0.10853 0.000924922 -0.163914 
v 0.108496 0.000895183 -0.163937 
v 0.105744 -0.000213301 -0.165711 
v 0.102764 8.34836e-05 -0.167581 
v 0.105713 -0.000210241 -0.165731 
v 0.102737 8.61504e-05 -0.167598 
v 0.100316 0.00161506 -0.169063 
v 0.0957537 0.00597817 -0.171338 
v 0.0118043 0.0518 -0.20302 
v 0.0306179 0.0518 -0.201044 
v 0.0230608 0.0294588 -0.210537 
v 0.0276993 0.0197656 -0.212629 
v 0.0234139 0.0197656 -0.192191 
v 0.0198386 0.0361921 -0.209084 
v 0.0184657 0.028871 -0.187408 
v 0.0107374 0.0430923 -0.179937 
v 0.0371246 0.0294028 -0.185793 
v 0.0373656 0.0289911 -0.186092 
v 0.0416638 0.0293508 -0.207334 
v 0.0401249 0.0235548 -0.188018 
v 0.0445157 0.0235548 -0.208958 
v 0.0620234 0.00846763 -0.206799 
v 0.0503835 0.0148714 -0.187643 
v 0.057949 0.00846763 -0.187367 
v 0.0528453 0.0129563 -0.208885 
v 0.0422745 0.0143319 -0.211101 
v 0.0596895 0.00890977 -0.20745 
v 0.0609698 0.00751523 -0.207181 
v 0.032834 0.0118096 -0.213081 
v 0.0301537 0.0103134 -0.193515 
v 0.0342401 0.0103668 -0.212786 
v 0.0365739 0.00797209 -0.212297 
v 0.0326226 0.00797209 -0.193452 
v 0.0302614 0.0101624 -0.193537 
v 0.0551887 0.00597879 -0.188334 
v 0.0508661 0.00208116 -0.189847 
v 0.0542417 0.00161506 -0.208592 
v 0.0503492 0.00161506 -0.190028 
v 0.0464541 0.000305102 -0.210225 
v 0.0452256 0.000650753 -0.210483 
v 0.0438229 0.00161506 -0.210777 
v 0.049784 -7.30125e-05 -0.209527 
v 0.048455 -0.000257866 -0.209806 
v 0.0530498 0.000916657 -0.208842 
v 0.0518516 0.000214569 -0.209093 
v 0.0492223 0.000819324 -0.190324 
v 0.0459428 -0.000217501 -0.19113 
v 0.0490435 0.000693034 -0.190371 
v 0.0425738 0.000174412 -0.191915 
v 0.0458198 -0.000253611 -0.19116 
v 0.0399855 0.00161506 -0.192475 
v 0.0424253 0.000193991 -0.19195 
v 0.034932 0.00597817 -0.193146 
v -0.0547556 0.0518 -0.195852 
v -0.0363201 0.0518 -0.200093 
v -0.04655 0.0294588 -0.206618 
v -0.042842 0.0197656 -0.210102 
v -0.040259 0.0197656 -0.18938 
v -0.0491258 0.0361921 -0.204197 
v -0.043386 0.028871 -0.183249 
v -0.0482699 0.0430923 -0.173674 
v -0.025214 0.0294028 -0.187781 
v -0.025083 0.0289911 -0.188142 
v -0.028174 0.0387054 -0.179634 
v -0.027915 0.0293508 -0.209629 
v -0.0230985 0.0235548 -0.190859 
v -0.025745 0.0235548 -0.212091 
v -0.00602895 0.00846763 -0.196031 
v -0.00848479 0.00846763 -0.215733 
v -0.0178429 0.0129563 -0.214726 
v -0.0285606 0.0143319 -0.21339 
v -0.0109036 0.00890977 -0.215591 
v -0.00960546 0.00751523 -0.215753 
v -0.0381323 0.0118096 -0.212197 
v -0.0343183 0.0103111 -0.192823 
v -0.0367067 0.0103668 -0.212375 
v -0.0343404 0.00797209 -0.212669 
v -0.0319588 0.00797209 -0.193563 
v -0.0342386 0.0101842 -0.192869 
v -0.00895338 0.00597879 -0.196049 
v -0.0140808 0.00161506 -0.19608 
v -0.016427 0.00161506 -0.214902 
v -0.0243229 0.000305102 -0.213918 
v -0.0255684 0.000650753 -0.213763 
v -0.0269907 0.00161506 -0.213586 
v -0.0209467 -7.30125e-05 -0.214339 
v -0.0222942 -0.000257866 -0.214171 
v -0.0176355 0.000916657 -0.214752 
v -0.0188504 0.000214569 -0.2146 
v -0.0150762 0.000893896 -0.196009 
v -0.0152439 0.000836946 -0.195994 
v -0.0183376 -0.000213577 -0.195718 
v -0.0218673 8.6376e-05 -0.195361 
v -0.0185952 -0.000191685 -0.195692 
v -0.0246777 0.00161506 -0.19503 
v -0.0220343 0.000177198 -0.195341 
v -0.0296751 0.00597817 -0.194023 
v -0.0306927 0.00686663 -0.193818 
v 0.0769601 0.0518 0.152981 
v 0.108481 0.0518 0.132506 
v 0.0527658 0.0518 0.162257 
v 0.0595788 0.0518 0.16055 
v 0.00422003 0.0518 0.171197 
v 0.0231173 0.0518 0.169681 
v -0.00888213 0.0518 0.170076 
v -0.0178149 0.0518 0.169312 
v -0.0774326 0.0518 0.151876 
v -0.0515961 0.0518 0.163291 
v -0.0332306 0.0518 0.167993 
v -0.0856064 0.0518 0.148265 
v -0.101821 0.0518 0.13769 
v -0.0859775 0.0518 0.148101 
v -0.129407 0.0518 0.11216 
v -0.138398 0.0518 0.100545 
v -0.158814 0.0518 0.0640642 
v -0.141012 0.0518 0.0971685 
v -0.165222 0.0518 0.0442911 
v -0.164922 0.0518 0.0461172 
v -0.16667 0.0518 0.0354673 
v -0.17096 0.0518 -0.00993169 
v -0.171011 0.0518 0.00902621 
v -0.16813 0.0518 -0.0266178 
v -0.166632 0.0518 -0.0354562 
v -0.158472 0.0518 -0.0649043 
v -0.164676 0.0518 -0.0469899 
v -0.152584 0.0518 -0.0777452 
v -0.138422 0.0518 -0.100563 
v -0.140495 0.0518 -0.0979139 
v -0.128812 0.0518 -0.112844 
v 0.114414 0.0518 0.127073 
v 0.122463 0.0518 0.119703 
v -0.16815 0.0310423 -0.0856769 
v -0.172015 0.0214046 -0.087646 
v -0.172414 0.0235548 -0.0850527 
v -0.166767 0.0369708 -0.0759592 
v -0.163598 0.0371126 -0.0833574 
v -0.171221 0.0290082 -0.0818952 
v -0.187376 0.0518 -0.0790345 
v -0.190762 0.0293508 -0.0912865 
v -0.191636 0.0235548 -0.0944497 
v -0.167408 0.00846763 -0.102172 
v -0.185245 0.00846763 -0.110892 
v -0.19391 0.0518 -0.0612815 
v -0.198434 0.0294588 -0.0740389 
v -0.199323 0.0197656 -0.0790491 
v -0.180562 0.0197656 -0.0698775 
v -0.197816 0.0361921 -0.0705587 
v -0.17714 0.028871 -0.0639065 
v -0.171795 0.0430923 -0.0545808 
v -0.18952 0.0129563 -0.102506 
v -0.194264 0.0143319 -0.0928033 
v -0.186449 0.00890977 -0.108789 
v -0.185875 0.00751523 -0.109964 
v -0.1985 0.0118096 -0.0841375 
v -0.180192 0.0103133 -0.0767361 
v -0.197869 0.0103668 -0.0854282 
v -0.196822 0.00797209 -0.0875705 
v -0.179524 0.00797209 -0.0791141 
v -0.180186 0.0101628 -0.0768453 
v -0.167922 0.00767608 -0.101396 
v -0.171853 0.00161506 -0.0954576 
v -0.188894 0.00161506 -0.103788 
v -0.193569 0.00161506 -0.0942246 
v -0.192292 0.000244735 -0.0968368 
v -0.19294 0.000650753 -0.0955122 
v -0.190794 -4.20546e-05 -0.0999007 
v -0.191491 -0.000257866 -0.0984765 
v -0.18934 0.00103291 -0.102876 
v -0.189966 0.000214569 -0.101594 
v -0.172107 0.0012106 -0.0950052 
v -0.17233 0.00100733 -0.0945902 
v -0.173538 -9.27448e-05 -0.0923443 
v -0.175152 -0.000108695 -0.0892445 
v -0.173892 -9.62455e-05 -0.0916639 
v -0.175492 7.53949e-05 -0.0885813 
v -0.17677 0.00161506 -0.0860119 
v -0.175495 7.93085e-05 -0.0885748 
v -0.17866 0.00597817 -0.0812776 
v -0.163505 0.0518 -0.120923 
v -0.151561 0.0518 -0.135593 
v -0.14657 0.0304176 -0.116812 
v -0.164187 0.0361921 -0.130966 
v -0.163642 0.0294588 -0.134459 
v -0.148089 0.0197656 -0.12472 
v -0.162856 0.0197656 -0.139486 
v -0.144759 0.0431067 -0.107391 
v -0.150786 0.0293508 -0.148281 
v -0.135426 0.0251553 -0.135437 
v -0.135456 0.0235548 -0.136427 
v -0.134843 0.0307689 -0.131488 
v -0.135353 0.0289911 -0.133064 
v -0.150585 0.0235548 -0.151556 
v -0.125163 0.00846763 -0.150993 
v -0.139202 0.00846763 -0.165032 
v -0.145968 0.0129563 -0.15849 
v -0.153605 0.0143319 -0.150852 
v -0.141023 0.00890977 -0.163434 
v -0.140098 0.00751523 -0.164359 
v -0.160426 0.0118096 -0.144032 
v -0.145513 0.0103127 -0.131086 
v -0.15941 0.0103668 -0.145048 
v -0.157724 0.00797209 -0.146734 
v -0.144109 0.00797209 -0.133119 
v -0.145474 0.0101668 -0.131185 
v -0.1259 0.00767608 -0.150426 
v -0.131547 0.00161506 -0.146086 
v -0.144959 0.00161506 -0.159498 
v -0.152486 0.00161506 -0.151971 
v -0.15043 0.000244738 -0.154027 
v -0.151473 0.000650753 -0.152985 
v -0.145677 0.0010329 -0.158781 
v -0.146686 0.000214569 -0.157772 
v -0.148019 -4.20562e-05 -0.156439 
v -0.14914 -0.000257866 -0.155318 
v -0.132258 0.000927479 -0.145446 
v -0.13231 0.000876953 -0.145399 
v -0.13471 -0.000213474 -0.143161 
v -0.134728 -0.000221695 -0.143144 
v -0.137291 0.000104322 -0.140697 
v -0.139005 0.00141654 -0.139005 
v -0.137225 9.60139e-05 -0.140759 
v -0.139264 0.00161506 -0.138749 
v -0.143883 0.00767533 -0.133382 
v -0.203301 0.0518 0.00500121 
v -0.202886 0.0518 -0.0139112 
v -0.211722 0.0294588 -0.00559599 
v -0.21419 0.0197656 -0.010046 
v -0.193468 0.0197656 -0.00746294 
v -0.210008 0.0361921 -0.00250485 
v -0.188292 0.028871 -0.00292665 
v -0.180209 0.0430923 0.00415839 
v -0.188225 0.0294028 -0.0216551 
v -0.188542 0.0289911 -0.0218706 
v -0.210067 0.0293508 -0.0244 
v -0.190689 0.0235548 -0.0244614 
v -0.211921 0.0235548 -0.027108 
v -0.211215 0.00846763 -0.0447342 
v -0.19096 0.0185909 -0.0303234 
v -0.191513 0.00846763 -0.0422784 
v -0.212535 0.0129563 -0.0354152 
v -0.213871 0.0143319 -0.0246975 
v -0.211671 0.00890977 -0.0423545 
v -0.211509 0.00751523 -0.0436526 
v -0.215065 0.0118096 -0.0151257 
v -0.195345 0.0103133 -0.0140701 
v -0.214887 0.0103668 -0.0165514 
v -0.214592 0.00797209 -0.0189176 
v -0.195486 0.00797209 -0.016536 
v -0.195375 0.0101628 -0.0141754 
v -0.192248 0.00597879 -0.0394478 
v -0.193537 0.00161506 -0.0344848 
v -0.212359 0.00161506 -0.036831 
v -0.213676 0.00161506 -0.0262674 
v -0.213343 0.000305102 -0.0289352 
v -0.213498 0.000650753 -0.0276897 
v -0.21251 0.000916657 -0.0356226 
v -0.212661 0.000214569 -0.0344077 
v -0.212922 -7.30125e-05 -0.0323114 
v -0.21309 -0.000257866 -0.0309639 
v -0.193738 0.000807372 -0.0333456 
v -0.193745 0.000779949 -0.033307 
v -0.194154 -3.99632e-05 -0.0307508 
v -0.194246 -0.000226349 -0.0301698 
v -0.194742 6.75702e-05 -0.0268214 
v -0.19427 -0.0002125 -0.030012 
v -0.19512 0.00161506 -0.0239544 
v -0.194772 0.000187749 -0.0265988 
v -0.195371 0.00597817 -0.0188629 
v -0.190662 0.0518 0.070742 
v -0.19641 0.0518 0.0527195 
v -0.202068 0.0294588 0.0634534 
v -0.205847 0.0197656 0.0600458 
v -0.185408 0.0197656 0.0557603 
v -0.199443 0.0361921 0.0658204 
v -0.17904 0.0288698 0.0583697 
v -0.16908 0.0431067 0.0624501 
v -0.185058 0.0294028 0.0406347 
v -0.185428 0.0289911 0.0405339 
v -0.168769 0.0475211 0.0450698 
v -0.206608 0.0293508 0.0451307 
v -0.1883 0.0235548 0.0387806 
v -0.20924 0.0235548 0.0431714 
v -0.194864 0.00846763 0.0221965 
v -0.214296 0.00846763 0.0262709 
v -0.212519 0.0129563 0.0355139 
v -0.210303 0.0143319 0.0460846 
v -0.213954 0.00890977 0.0286697 
v -0.214223 0.00751523 0.0273894 
v -0.208323 0.0118096 0.0555252 
v -0.208618 0.0103664 0.0541186 
v -0.209107 0.00797209 0.0517852 
v -0.190263 0.00797209 0.047834 
v -0.189391 0.0101632 0.0500313 
v -0.188979 0.0111569 0.0506241 
v -0.189329 0.0103125 0.0501203 
v -0.19464 0.00597879 0.0251124 
v -0.194247 0.00161506 0.0302249 
v -0.212812 0.00161506 0.0341174 
v -0.210627 0.00161506 0.0445362 
v -0.211179 0.000305102 0.041905 
v -0.210921 0.000650753 0.0431335 
v -0.212562 0.000916657 0.0353093 
v -0.212311 0.000214569 0.0365075 
v -0.211877 -7.30125e-05 0.0385751 
v -0.211598 -0.000257866 0.0399042 
v -0.194095 0.000894904 0.0312092 
v -0.194066 0.000837296 0.0313769 
v -0.193536 -0.000213372 0.0344354 
v -0.192888 8.617e-05 0.0379248 
v -0.193488 -0.000191368 0.0346918 
v -0.192326 0.00161506 0.0406988 
v -0.192854 0.000177311 0.0380901 
v -0.19091 0.00597817 0.045596 
v -0.157361 0.0518 0.128817 
v -0.16865 0.0518 0.113637 
v -0.167265 0.0361921 0.127013 
v -0.150387 0.028871 0.113342 
v -0.170516 0.0294588 0.125627 
v -0.175196 0.0197656 0.123631 
v -0.157257 0.0197656 0.112941 
v -0.140736 0.0416618 0.113905 
v -0.139656 0.0430923 0.113968 
v -0.161837 0.0294028 0.0985211 
v -0.162219 0.0289911 0.0985459 
v -0.180759 0.0293508 0.109771 
v -0.165505 0.0235548 0.0978202 
v -0.183885 0.0235548 0.108772 
v -0.177098 0.00846763 0.084266 
v -0.194154 0.00846763 0.0944292 
v -0.189473 0.0129563 0.102594 
v -0.183944 0.0143319 0.111873 
v -0.193052 0.00890977 0.096587 
v -0.193722 0.00751523 0.0954633 
v -0.179007 0.0118096 0.120159 
v -0.162797 0.0103134 0.10888 
v -0.179742 0.0103668 0.118925 
v -0.180963 0.00797209 0.116876 
v -0.164422 0.00797209 0.10702 
v -0.162885 0.0101623 0.108815 
v -0.17594 0.00597878 0.0869512 
v -0.173909 0.00161506 0.0916593 
v -0.190203 0.00161506 0.101369 
v -0.184754 0.00161506 0.110514 
v -0.186242 0.00024473 0.108016 
v -0.185488 0.000650753 0.109282 
v -0.189684 0.00103292 0.102241 
v -0.188953 0.000214569 0.103467 
v -0.187988 -4.20519e-05 0.105086 
v -0.187177 -0.000257866 0.106448 
v -0.173454 0.000950962 0.0925187 
v -0.17184 -0.000155435 0.0954572 
v -0.173277 0.000693033 0.0928525 
v -0.170141 0.000145864 0.0984648 
v -0.171674 -0.000253612 0.0957586 
v -0.16869 0.00161506 0.100942 
v -0.169956 0.00019399 0.0987908 
v -0.165761 0.00597817 0.105114 
v -0.107008 0.0518 0.172932 
v -0.122614 0.0518 0.162241 
v -0.120486 0.0294588 0.174186 
v -0.125561 0.0197656 0.173818 
v -0.112065 0.0197656 0.157883 
v -0.116961 0.0361921 0.174442 
v -0.105437 0.0288706 0.156031 
v -0.0950838 0.0430923 0.15314 
v -0.121078 0.0294028 0.145731 
v -0.121432 0.0289911 0.145879 
v -0.135323 0.0293508 0.162515 
v -0.124775 0.0235548 0.146259 
v -0.138604 0.0235548 0.162586 
v -0.140142 0.00846763 0.137204 
v -0.152973 0.00846763 0.152355 
v -0.145894 0.0129563 0.158557 
v -0.137653 0.0143319 0.165538 
v -0.151231 0.00890977 0.154038 
v -0.152229 0.00751523 0.153192 
v -0.130292 0.0118096 0.171772 
v -0.118623 0.0103133 0.15584 
v -0.131388 0.0103668 0.170843 
v -0.133208 0.00797209 0.169302 
v -0.120764 0.00797209 0.15461 
v -0.118727 0.0101628 0.155808 
v -0.138174 0.00597878 0.139368 
v -0.134724 0.00161506 0.143161 
v -0.146983 0.00161506 0.157635 
v -0.140911 0.000305102 0.162778 
v -0.139953 0.000650753 0.163589 
v -0.13886 0.00161506 0.164515 
v -0.143508 -7.30125e-05 0.160579 
v -0.142471 -0.000257866 0.161456 
v -0.146054 0.000916657 0.158422 
v -0.14512 0.000214569 0.159213 
v -0.133997 0.000893466 0.143846 
v -0.133873 0.000836795 0.143958 
v -0.131575 -0.000213667 0.146048 
v -0.128921 8.64544e-05 0.148403 
v -0.131381 -0.000191824 0.14622 
v -0.126774 0.00161506 0.150246 
v -0.128794 0.00017715 0.148512 
v -0.122649 0.00597816 0.153241 
v -0.0450593 0.0518 0.198308 
v -0.0632912 0.0518 0.193263 
v -0.0573995 0.0294588 0.20387 
v -0.0623191 0.0197656 0.20517 
v -0.0547281 0.0197656 0.185716 
v -0.0539822 0.0361921 0.202967 
v -0.0490604 0.0288706 0.181812 
v -0.0402076 0.0430923 0.175716 
v -0.0671989 0.0294027 0.177149 
v -0.0674857 0.0289911 0.177404 
v -0.0752217 0.0293508 0.197649 
v -0.0705243 0.0235548 0.178849 
v -0.0783019 0.0235548 0.198781 
v -0.0879983 0.00846763 0.175274 
v -0.0952155 0.00846763 0.19377 
v -0.0865059 0.0129563 0.197338 
v -0.0764441 0.0143319 0.201264 
v -0.0930205 0.00890977 0.194796 
v -0.0942392 0.00751523 0.194321 
v -0.0674581 0.0118096 0.20477 
v -0.0615939 0.0103133 0.185913 
v -0.0687965 0.0103668 0.204248 
v -0.071018 0.00797209 0.203381 
v -0.0640189 0.00797209 0.185444 
v -0.0617031 0.0101629 0.185916 
v -0.0854347 0.00597878 0.176681 
v -0.08094 0.00161506 0.179149 
v -0.0878351 0.00161506 0.196819 
v -0.0779179 0.00161506 0.200689 
v -0.0804225 0.000305102 0.199712 
v -0.0792531 0.000650753 0.200168 
v -0.083592 -7.30125e-05 0.198475 
v -0.082327 -0.000257866 0.198969 
v -0.0867006 0.000916657 0.197262 
v -0.0855601 0.000214569 0.197707 
v -0.0800297 0.000893137 0.179561 
v -0.0798763 0.000836678 0.179627 
v -0.0770231 -0.000213739 0.180858 
v -0.0737494 8.65093e-05 0.182223 
v -0.0767853 -0.000191931 0.180957 
v -0.0711206 0.00161506 0.183269 
v -0.0735936 0.000177114 0.182285 
v -0.0662464 0.00597816 0.184762 
v 0.0217726 0.0518 0.202194 
v 0.00289048 0.0518 0.203342 
v 0.011907 0.0294588 0.211461 
v 0.00767602 0.0197656 0.214288 
v 0.008539 0.0197656 0.193423 
v 0.014846 0.0361921 0.209498 
v 0.0126322 0.0288706 0.187891 
v 0.0190257 0.0430923 0.17925 
v -0.0060377 0.0294027 0.18937 
v -0.00622621 0.0289911 0.189704 
v -0.00696944 0.0293508 0.211364 
v -0.00863091 0.0235548 0.192058 
v -0.0095151 0.0235548 0.213436 
v -0.0100971 0.0223041 0.192248 
v -0.026319 0.00846763 0.19435 
v -0.0271395 0.00846763 0.214187 
v -0.0177432 0.0129563 0.214734 
v -0.00695177 0.0143319 0.21518 
v -0.0247302 0.00890977 0.214445 
v -0.0260373 0.00751523 0.214391 
v 0.00268581 0.0118096 0.215579 
v 0.00210934 0.0103133 0.19584 
v 0.00125035 0.0103668 0.21552 
v -0.00113217 0.00797209 0.215421 
v -0.000336491 0.00797209 0.196183 
v 0.00200699 0.0101629 0.195878 
v -0.0234373 0.00597877 0.194849 
v -0.0183849 0.00161506 0.195723 
v -0.0191688 0.00161506 0.214675 
v -0.0112186 0.000305102 0.215004 
v -0.00996452 0.000650753 0.215056 
v -0.0085325 0.00161506 0.215115 
v -0.014618 -7.30125e-05 0.214863 
v -0.0132612 -0.000257866 0.21492 
v -0.017952 0.000916657 0.214726 
v -0.0167288 0.000214569 0.214776 
v -0.0173894 0.000892673 0.195817 
v -0.0172237 0.000836515 0.19583 
v -0.0141246 -0.000213834 0.196068 
v -0.0105855 8.66022e-05 0.196296 
v -0.0138683 -0.000192078 0.196084 
v -0.0104183 0.000177062 0.196304 
v -0.0102881 0.000247477 0.19631 
v -0.00775975 0.00161506 0.196432 
v -0.00266485 0.00597816 0.196261 
v 0.0862451 0.0518 0.184169 
v 0.0687589 0.0518 0.191386 
v 0.0799233 0.0294588 0.196138 
v 0.0768394 0.0197656 0.200185 
v 0.0708808 0.0197656 0.180171 
v 0.0820655 0.0361921 0.193326 
v 0.072956 0.0288705 0.173609 
v 0.0761974 0.0430923 0.16336 
v 0.0557778 0.0294027 0.18107 
v 0.055708 0.0289911 0.181447 
v 0.0620381 0.0293508 0.202175 
v 0.0541978 0.0235548 0.184454 
v 0.0603029 0.0235548 0.204961 
v 0.0382124 0.00846763 0.192365 
v 0.0438776 0.00846763 0.211394 
v 0.0529422 0.0129563 0.20886 
v 0.0632939 0.0143319 0.205779 
v 0.0462399 0.00890977 0.210856 
v 0.0449862 0.00751523 0.211229 
v 0.0725387 0.0118096 0.203026 
v 0.065584 0.0103133 0.184544 
v 0.0695581 0.0174053 0.181262 
v 0.0711617 0.0103668 0.203436 
v 0.0688763 0.00797209 0.204117 
v 0.0633824 0.00797209 0.185663 
v 0.0654996 0.0101627 0.184613 
v 0.0410999 0.00597877 0.191901 
v 0.0461625 0.00161506 0.191088 
v 0.0515748 0.00161506 0.209268 
v 0.0592009 0.000305102 0.206997 
v 0.0604039 0.000650753 0.206639 
v 0.0617776 0.00161506 0.20623 
v 0.0559401 -7.30125e-05 0.207968 
v 0.0572415 -0.000257866 0.20758 
v 0.052742 0.000916657 0.20892 
v 0.0539153 0.000214569 0.208571 
v 0.0471348 0.000892557 0.190854 
v 0.0472954 0.000836475 0.190812 
v 0.050304 -0.000213856 0.19003 
v 0.0537253 8.66308e-05 0.189097 
v 0.0505515 -0.000192113 0.189963 
v 0.056442 0.00161506 0.188308 
v 0.053886 0.000177049 0.18905 
v 0.0612055 0.00597815 0.186493 
v 0.127176 0.0518 0.15869 
v 0.141372 0.0518 0.146186 
v 0.139279 0.0294588 0.159559 
v 0.137676 0.0197656 0.164389 
v 0.125542 0.0197656 0.147393 
v 0.140392 0.0361921 0.156205 
v 0.125374 0.0288707 0.140514 
v 0.125112 0.0430923 0.129768 
v 0.123478 0.0484647 0.123558 
v 0.111549 0.0294027 0.153148 
v 0.111605 0.0289911 0.153527 
v 0.124323 0.0293508 0.171077 
v 0.111153 0.0235548 0.156862 
v 0.123586 0.0235548 0.174275 
v 0.0986029 0.00846763 0.169535 
v 0.11014 0.00846763 0.185693 
v 0.117891 0.0129563 0.180354 
v 0.126681 0.0143319 0.174077 
v 0.112199 0.00890977 0.184417 
v 0.111135 0.00751523 0.185177 
v 0.134531 0.0118096 0.168473 
v 0.121952 0.0103133 0.153249 
v 0.133362 0.0103668 0.169307 
v 0.131421 0.00797209 0.170693 
v 0.120233 0.00797209 0.155023 
v 0.121894 0.0101627 0.153343 
v 0.101183 0.00597877 0.168159 
v 0.105707 0.00161506 0.165745 
v 0.116729 0.00161506 0.181183 
v 0.125393 0.00161506 0.174997 
v 0.123205 0.000305102 0.176559 
v 0.124227 0.000650753 0.17583 
v 0.11772 0.000916657 0.180475 
v 0.118717 0.000214569 0.179764 
v 0.120436 -7.30125e-05 0.178536 
v 0.121541 -0.000257866 0.177747 
v 0.10655 0.00089353 0.165209 
v 0.106689 0.000836817 0.165116 
v 0.10928 -0.000213653 0.163401 
v 0.112214 8.64461e-05 0.161407 
v 0.109493 -0.000191802 0.163256 
v 0.114527 0.00161506 0.159778 
v 0.112351 0.000177157 0.16131 
v 0.118443 0.00597815 0.156515 
v -0.125584 -0.0253305 -0.1434 
v -0.124995 -0.0387279 -0.12926 
v -0.124426 -0.0177656 -0.148336 
v -0.124193 -0.0167119 -0.148955 
v -0.126953 -0.0498 -0.114353 
v -0.149794 -0.0445202 -0.0944109 
v -0.151034 -0.0392002 -0.0988413 
v -0.146774 -0.0498 -0.0882243 
v -0.124831 -0.0424716 -0.125309 
v -0.124509 -0.0498 -0.117574 
v -0.155146 -0.0215548 -0.113536 
v -0.152439 -0.0166591 -0.118895 
v -0.165849 -0.0177656 -0.0998979 
v -0.164303 -0.0349366 -0.0837165 
v -0.170238 -0.0243632 -0.0867407 
v -0.161561 -0.0396859 -0.0824638 
v -0.161635 -0.0396885 -0.0823574 
v -0.171838 -0.0164666 -0.0875558 
v -0.16583 -0.0167119 -0.100559 
v -0.162898 -0.00597209 -0.109327 
v -0.164567 -0.0118548 -0.104477 
v -0.165822 -0.0162753 -0.100832 
v -0.158067 0.00130625 -0.116882 
v -0.15818 0.00117785 -0.116728 
v -0.158875 0.000384935 -0.115778 
v -0.156021 0.002256 -0.119579 
v -0.156122 0.00220884 -0.119446 
v -0.153943 0.00183361 -0.122254 
v -0.153984 0.00184195 -0.122201 
v -0.146803 -0.00646763 -0.130052 
v -0.152319 0.000384935 -0.124277 
v -0.172849 -0.0114753 -0.0880711 
v -0.118573 -0.00597209 -0.156296 
v -0.121727 -0.0118548 -0.152251 
v -0.124097 -0.0162753 -0.149211 
v -0.111551 0.00130625 -0.161873 
v -0.111707 0.00117785 -0.161764 
v -0.112673 0.000384935 -0.161091 
v -0.10874 0.002256 -0.16376 
v -0.108879 0.00220884 -0.163667 
v -0.105906 0.00183361 -0.165615 
v -0.105962 0.00184195 -0.165579 
v -0.0892469 0.00025475 -0.175157 
v -0.0880695 -0.0114824 -0.172846 
v -0.0966209 -0.00646763 -0.170672 
v -0.103713 0.000384935 -0.167001 
v -0.105574 -0.0166591 -0.16195 
v -0.0875682 -0.0164796 -0.171862 
v -0.0833698 -0.0343274 -0.163622 
v -0.110757 -0.0392002 -0.142526 
v -0.109875 -0.0215548 -0.15776 
v -0.0868132 -0.0240065 -0.17038 
v -0.0789984 -0.0474296 -0.155043 
v -0.0795862 -0.0498 -0.151632 
v -0.081854 -0.0388707 -0.160647 
v -0.110175 -0.0498 -0.131101 
v -0.111023 -0.0445202 -0.137934 
v -0.16152 -0.0398933 -0.0822988 
v -0.137137 -0.0167128 -0.137137 
v -0.128294 -0.0397056 -0.128294 
v -0.133445 0.0310423 -0.133445 
v -0.180975 -0.0177656 -0.115023 
v -0.178029 -0.00757425 -0.121992 
v -0.179247 -0.011788 -0.119111 
v -0.17711 -0.00597209 -0.123539 
v -0.175061 -0.00280142 -0.126714 
v -0.172882 0.000384935 -0.129786 
v -0.171361 0.00180242 -0.131785 
v -0.172138 0.00107856 -0.130764 
v -0.170078 0.00205505 -0.13342 
v -0.169118 0.00224416 -0.134644 
v -0.167943 0.00171331 -0.136105 
v -0.166237 0.000384935 -0.138195 
v -0.167181 0.00136891 -0.137053 
v -0.166101 0.00020493 -0.138356 
v -0.160604 -0.00646763 -0.143853 
v -0.162185 -0.00838636 -0.142273 
v -0.170444 -0.0215548 -0.128834 
v -0.164824 -0.0046929 -0.139634 
v -0.166027 -0.000610096 -0.138431 
v -0.170528 -0.0235858 -0.1277 
v -0.181158 -0.0235558 -0.111734 
v -0.171044 -0.0360343 -0.12075 
v -0.181497 -0.0342766 -0.105643 
v -0.170062 -0.0498 -0.111513 
v -0.179931 -0.0498 -0.0947685 
v -0.155939 -0.0498 -0.0707758 
v -0.133821 -0.0177656 -0.167553 
v -0.128772 -0.00757425 -0.173188 
v -0.13086 -0.011788 -0.170859 
v -0.127401 -0.00597209 -0.174353 
v -0.124432 -0.00280142 -0.17669 
v -0.121374 0.000384935 -0.178888 
v -0.119285 0.00180242 -0.180286 
v -0.120352 0.00107856 -0.179572 
v -0.117541 0.00205505 -0.181415 
v -0.116236 0.00224416 -0.182261 
v -0.11465 0.00171331 -0.183262 
v -0.112358 0.000384935 -0.184684 
v -0.113622 0.00136891 -0.183911 
v -0.112177 0.00020493 -0.184793 
v -0.105193 -0.00646763 -0.188207 
v -0.107201 -0.00838636 -0.187225 
v -0.119377 -0.0215548 -0.177197 
v -0.110554 -0.0046929 -0.185586 
v -0.112083 -0.000610096 -0.184839 
v -0.119825 -0.0235858 -0.176152 
v -0.135062 -0.0235558 -0.164502 
v -0.122569 -0.0360343 -0.169746 
v -0.13736 -0.0342766 -0.158851 
v -0.12464 -0.0498 -0.16069 
v -0.139411 -0.0498 -0.148057 
v -0.0749116 -0.0343198 -0.167203 
v -0.0712312 -0.0225135 -0.178153 
v -0.0783388 -0.0342766 -0.194845 
v -0.0743305 -0.0235561 -0.199443 
v -0.0837832 -0.0498 -0.185302 
v -0.0695197 -0.0177656 -0.1807 
v -0.0721656 -0.0177656 -0.201926 
v -0.068892 -0.0162033 -0.181456 
v -0.065704 -0.0118499 -0.183529 
v -0.0613996 -0.00597209 -0.186328 
v -0.065561 -0.00757425 -0.205617 
v -0.0682918 -0.011788 -0.204091 
v -0.0638857 -0.00597209 -0.206273 
v -0.0656166 -0.0117306 -0.183586 
v -0.0542622 0.000384935 -0.188948 
v -0.0603184 -0.00280142 -0.20752 
v -0.0567125 0.000384935 -0.208606 
v -0.0533179 0.00104626 -0.189217 
v -0.05005 0.00214705 -0.190095 
v -0.0542804 0.00180344 -0.20925 
v -0.0557223 0.000962494 -0.208868 
v -0.052947 0.00130604 -0.189323 
v -0.05249 0.00202722 -0.209696 
v -0.0466748 0.00186986 -0.190958 
v -0.0507558 0.00224397 -0.210128 
v -0.0491475 0.00177559 -0.210508 
v -0.0496746 0.00225602 -0.190195 
v -0.0438685 0.000384935 -0.191628 
v -0.0477481 0.00136802 -0.210839 
v -0.0463032 0.000384935 -0.21116 
v -0.0463928 0.00183356 -0.191029 
v -0.0657105 -0.0498 -0.192454 
v -0.0616367 -0.0498 -0.159772 
v -0.0695375 -0.0498 -0.156189 
v -0.0608116 -0.0360343 -0.200346 
v -0.056136 -0.0235861 -0.205514 
v -0.0526969 -0.0215548 -0.184888 
v -0.0569455 -0.034524 -0.174509 
v -0.055373 -0.0215548 -0.206357 
v -0.0602202 -0.0445202 -0.166509 
v -0.0443043 -0.0046929 -0.211427 
v -0.0460973 0.00020493 -0.211204 
v -0.0459926 -0.000610096 -0.211217 
v -0.0406011 -0.00838636 -0.211889 
v -0.052443 0.00136906 -0.209721 
v -0.0359685 -0.00646763 -0.192798 
v -0.0383827 -0.00646763 -0.212166 
v -0.0417712 -0.011701 -0.190054 
v -0.00217469 -0.0498 0.171235 
v -0.0218351 -0.0498 0.169851 
v -0.0776271 -0.0498 0.152398 
v -0.0353864 -0.0498 0.166597 
v -0.0576567 -0.0498 0.161251 
v -0.0758025 -0.0498 0.153558 
v -0.132312 -0.0498 0.107153 
v -0.144541 -0.0498 0.091836 
v -0.121555 -0.0498 0.120625 
v -0.106891 -0.0498 0.133793 
v -0.100301 -0.0498 0.137982 
v -0.166529 -0.0498 0.0399275 
v -0.170014 -0.0498 0.020529 
v -0.16501 -0.0498 0.0441785 
v -0.154136 -0.0498 0.07462 
v -0.148075 -0.0498 0.0854957 
v -0.17047 -0.0498 -0.0163077 
v -0.167468 -0.0498 -0.0357867 
v -0.170046 -0.0498 0.0178971 
v -0.161925 -0.0498 -0.0526083 
v -0.0260393 -0.0498 -0.169257 
v -0.00641924 -0.0498 -0.171128 
v -0.0267685 -0.0498 -0.169063 
v 0.0303293 -0.0498 -0.168541 
v 0.0494938 -0.0498 -0.16394 
v -4.008e-05 -0.0498 -0.170679 
v 0.100043 -0.0498 -0.138987 
v 0.107255 -0.0498 -0.132511 
v 0.0834113 -0.0498 -0.149561 
v 0.069276 -0.0498 -0.155554 
v 0.151819 -0.0498 -0.0773191 
v 0.157686 -0.0498 -0.0667927 
v 0.139752 -0.0498 -0.0989722 
v 0.127454 -0.0498 -0.114374 
v 0.127242 -0.0498 -0.114565 
v 0.17083 -0.0498 -0.0119732 
v 0.171074 -0.0498 0.00773434 
v 0.164316 -0.0498 -0.0482323 
v 0.162667 -0.0498 -0.0528474 
v 0.165461 -0.0498 0.0441438 
v 0.159293 -0.0498 0.0628629 
v 0.169525 -0.0498 0.0177793 
v 0.142163 -0.0498 0.0954771 
v 0.147547 -0.0498 0.0852259 
v 0.130251 -0.0498 0.111179 
v -0.200953 -0.0498 -0.03121 
v -0.197056 -0.0498 -0.0502517 
v -0.200984 -0.0360343 -0.0586697 
v -0.202753 -0.0235858 -0.0654105 
v -0.183605 -0.0215548 -0.0570083 
v -0.177239 -0.034524 -0.0477745 
v -0.203042 -0.0215548 -0.0665103 
v -0.172333 -0.0445202 -0.0406574 
v -0.205965 -0.0342766 -0.0409875 
v -0.187192 -0.025302 -0.0360461 
v -0.1893 -0.0177656 -0.040634 
v -0.181358 -0.0338487 -0.0291599 
v -0.18105 -0.0343006 -0.0287958 
v -0.208517 -0.0177656 -0.0500287 
v -0.207622 -0.0235558 -0.0468581 
v -0.189589 -0.0162031 -0.0415732 
v -0.189581 -0.0118499 -0.0453758 
v -0.18957 -0.00597209 -0.05051 
v -0.207994 -0.00757425 -0.0575763 
v -0.20821 -0.011788 -0.0544557 
v -0.207627 -0.00597209 -0.0593375 
v -0.189581 -0.0117306 -0.04548 
v -0.187859 0.000384935 -0.0579181 
v -0.20672 -0.00280142 -0.063006 
v -0.205656 0.000384935 -0.0666186 
v -0.187568 0.0010462 -0.0588558 
v -0.186516 0.00214709 -0.0620718 
v -0.204866 0.00180242 -0.0690042 
v -0.205334 0.000962693 -0.067591 
v -0.187454 0.0013064 -0.0592248 
v -0.20426 0.00202712 -0.0707499 
v -0.185392 0.00186986 -0.0653693 
v -0.203674 0.00224416 -0.072436 
v -0.203112 0.00177561 -0.0739924 
v -0.186394 0.00225601 -0.0624406 
v -0.184418 0.000384935 -0.0680852 
v -0.202624 0.00136891 -0.0753433 
v -0.202102 0.000384935 -0.0767301 
v -0.185298 0.00183354 -0.0656447 
v -0.201232 -0.0046929 -0.0785498 
v -0.201979 -0.000610096 -0.0770213 
v -0.202026 0.00020493 -0.0769265 
v -0.199593 -0.00838636 -0.0819024 
v -0.181077 -0.00646763 -0.0753386 
v -0.198611 -0.00646763 -0.0839108 
v -0.181954 -0.011701 -0.0689802 
v -0.200199 -0.0498 0.0357305 
v -0.202696 -0.0498 0.0164551 
v -0.209144 -0.0360343 0.0097686 
v -0.213006 -0.0235858 0.00396739 
v -0.192167 -0.0215548 0.00569696 
v -0.183148 -0.034524 0.0123636 
v -0.213636 -0.0215548 0.00302088 
v -0.176197 -0.0445202 0.0175019 
v -0.208114 -0.0342766 0.02811 
v -0.188738 -0.0253304 0.0267021 
v -0.192237 -0.0177656 0.0230332 
v -0.180594 -0.0343029 0.0315516 
v -0.213463 -0.0177656 0.0203873 
v -0.211587 -0.0235558 0.0230956 
v -0.192816 -0.0162031 0.022239 
v -0.194043 -0.0118498 0.0186397 
v -0.195699 -0.00597209 0.01378 
v -0.215419 -0.00757425 0.0130789 
v -0.214611 -0.0117879 0.0161006 
v -0.215644 -0.00597209 0.0112939 
v -0.194076 -0.0117306 0.0185411 
v -0.196487 0.000384935 0.00621787 
v -0.215977 -0.00280142 0.00752958 
v -0.216144 0.000384935 0.00376752 
v -0.196516 0.0010462 0.00523644 
v -0.196564 0.00214711 0.00185303 
v -0.216172 0.00180242 0.00125464 
v -0.216156 0.000962687 0.0027433 
v -0.196527 0.00130633 0.00485036 
v -0.216165 0.00202712 -0.000593451 
v -0.196572 0.00186987 -0.00163071 
v -0.216158 0.00224416 -0.00237854 
v -0.216132 0.00177561 -0.00403306 
v -0.196569 0.002256 0.00146482 
v -0.196533 0.000384935 -0.00451568 
v -0.216109 0.00136891 -0.00546921 
v -0.216065 0.000384935 -0.00695039 
v -0.196573 0.00183357 -0.00192171 
v -0.215834 -0.0046929 -0.00895378 
v -0.216044 -0.000610096 -0.0072655 
v -0.216057 0.00020493 -0.00716074 
v -0.215372 -0.00838636 -0.012657 
v -0.195728 -0.00646763 -0.0124611 
v -0.215096 -0.00646763 -0.0148753 
v -0.194493 -0.011701 -0.00616249 
v -0.17775 -0.0498 0.0987991 
v -0.18637 -0.0498 0.0813788 
v -0.19464 -0.0360343 0.0771483 
v -0.200177 -0.0235858 0.0729154 
v -0.179905 -0.0215548 0.0677849 
v -0.16921 -0.034524 0.0711618 
v -0.20108 -0.0215548 0.0722247 
v -0.160967 -0.0445202 0.0737647 
v -0.18771 -0.0342766 0.0941614 
v -0.169841 -0.0253304 0.0865384 
v -0.174342 -0.0177656 0.0842043 
v -0.160564 -0.0343028 0.0884809 
v -0.195277 -0.0177656 0.088594 
v -0.192624 -0.0235558 0.0905464 
v -0.175148 -0.0162023 0.0836407 
v -0.177477 -0.0118499 0.0806354 
v -0.180621 -0.00597209 0.0765768 
v -0.199501 -0.00757425 0.0823168 
v -0.197754 -0.0117881 0.0849123 
v -0.200293 -0.00597209 0.0807014 
v -0.17754 -0.0117306 0.080553 
v -0.183821 0.000384935 0.06968 
v -0.20183 -0.00280142 0.0772492 
v -0.20321 0.000384935 0.0737454 
v -0.184237 0.00117784 0.0685783 
v -0.185386 0.00220878 0.0653698 
v -0.204052 0.00180242 0.0713776 
v -0.203622 0.00107856 0.0725867 
v -0.184304 0.0013063 0.0683998 
v -0.204719 0.00205505 0.0694097 
v -0.186524 0.00184193 0.0620728 
v -0.205218 0.00224416 0.0679367 
v -0.205799 0.00171331 0.0661541 
v -0.185443 0.00225599 0.0652113 
v -0.186546 0.00183356 0.0620093 
v -0.206615 0.000384935 0.0635825 
v -0.206175 0.00136891 0.0649976 
v -0.187351 0.000384935 0.0595432 
v -0.207047 -0.0046929 0.0616125 
v -0.206676 0.00020493 0.063381 
v -0.206698 -0.000610096 0.0632776 
v -0.207813 -0.00838636 0.0579601 
v -0.189169 -0.00646763 0.0517668 
v -0.208271 -0.00646763 0.0557721 
v -0.185955 -0.011701 0.0573231 
v -0.136039 -0.0498 0.151161 
v -0.149849 -0.0498 0.137484 
v -0.159044 -0.0360343 0.136168 
v -0.165655 -0.0235858 0.133962 
v -0.148148 -0.0215548 0.122527 
v -0.136936 -0.034524 0.122249 
v -0.166733 -0.0215548 0.133602 
v -0.128294 -0.0445202 0.122034 
v -0.146966 -0.0342766 0.150009 
v -0.132561 -0.025302 0.136995 
v -0.137555 -0.0177656 0.136251 
v -0.123132 -0.0343005 0.135819 
v -0.15593 -0.0177656 0.1472 
v -0.152786 -0.0235558 0.148185 
v -0.138499 -0.0162042 0.13598 
v -0.141678 -0.0118499 0.133893 
v -0.14597 -0.00597209 0.131075 
v -0.161963 -0.00757425 0.142634 
v -0.159469 -0.011788 0.144522 
v -0.163236 -0.00597209 0.141364 
v -0.141765 -0.0117306 0.133835 
v -0.151236 0.000384935 0.125591 
v -0.165811 -0.00280142 0.138598 
v -0.168254 0.000384935 0.135732 
v -0.151862 0.001046 0.124835 
v -0.153979 0.002147 0.122195 
v -0.169819 0.00180242 0.133766 
v -0.168892 0.00096251 0.134931 
v -0.152109 0.00130663 0.124537 
v -0.152769 0.00160332 0.12371 
v -0.170949 0.00202708 0.132303 
v -0.156125 0.00186986 0.119451 
v -0.17204 0.00224416 0.13089 
v -0.173035 0.00177571 0.129568 
v -0.154221 0.00225607 0.121891 
v -0.157866 0.000384935 0.11715 
v -0.1739 0.00136891 0.128421 
v -0.174775 0.000384935 0.127225 
v -0.156304 0.00183348 0.119221 
v -0.175823 -0.0046929 0.125502 
v -0.174952 -0.000610096 0.126964 
v -0.174898 0.00020493 0.127054 
v -0.177733 -0.00838636 0.122296 
v -0.17099 0.00136913 0.13227 
v -0.16211 -0.00646763 0.110385 
v -0.178877 -0.00646763 0.120376 
v -0.157267 -0.011701 0.114597 
v -0.149694 -0.019884 0.121183 
v -0.0795862 -0.0498 0.187143 
v -0.0970884 -0.0498 0.17869 
v -0.106213 -0.0360343 0.180431 
v -0.113182 -0.0235861 0.180491 
v -0.100336 -0.0215548 0.163992 
v -0.0898224 -0.034524 0.160088 
v -0.0817186 -0.0445202 0.157079 
v -0.0793451 -0.0466384 0.155666 
v -0.114319 -0.0215548 0.180501 
v -0.0902947 -0.0342766 0.189601 
v -0.080896 -0.025302 0.172615 
v -0.0858609 -0.0177656 0.173532 
v -0.0723598 -0.0343005 0.168441 
v -0.0996857 -0.0177656 0.189855 
v -0.0963922 -0.0235561 0.189766 
v -0.0882769 -0.0145082 0.173216 
v -0.0905268 -0.0118498 0.172641 
v -0.0868427 -0.0162029 0.173582 
v -0.0955011 -0.00597209 0.17137 
v -0.106874 -0.00757425 0.187495 
v -0.103902 -0.0117879 0.188471 
v -0.108491 -0.00597209 0.186707 
v -0.0906277 -0.0117306 0.172615 
v -0.102263 0.000384935 0.167893 
v -0.111825 -0.00280142 0.184927 
v -0.115066 0.000384935 0.183009 
v -0.103317 0.00121781 0.167248 
v -0.106199 0.00222778 0.165418 
v -0.117187 0.00180344 0.181656 
v -0.116155 0.00111326 0.182315 
v -0.103427 0.00130459 0.167181 
v -0.118976 0.00206343 0.180478 
v -0.120219 0.00224404 0.179659 
v -0.109121 0.00183498 0.163515 
v -0.109122 0.0018343 0.163515 
v -0.106283 0.00225578 0.165365 
v -0.111274 0.000384935 0.162061 
v -0.122778 0.00136918 0.177928 
v -0.121824 0.00169555 0.178574 
v -0.123995 0.000384935 0.177081 
v -0.125546 -0.0046929 0.175792 
v -0.124247 -0.000610096 0.176891 
v -0.124167 0.00020493 0.176959 
v -0.128393 -0.00838636 0.17338 
v -0.117485 -0.00646763 0.157041 
v -0.130099 -0.00646763 0.171935 
v -0.111536 -0.011701 0.159452 
v -0.0145088 -0.0498 0.202844 
v -0.0338073 -0.0498 0.200533 
v -0.0418722 -0.0360343 0.205142 
v -0.0484438 -0.0235861 0.207462 
v -0.0416516 -0.0215548 0.187686 
v -0.0329751 -0.0345239 0.180579 
v -0.0495161 -0.0215548 0.20784 
v -0.0262874 -0.0445202 0.175102 
v -0.0238391 -0.0342766 0.208646 
v -0.0204648 -0.025302 0.189529 
v -0.024863 -0.0177656 0.192009 
v -0.0137466 -0.0343005 0.182809 
v -0.00978774 -0.039603 0.17885 
v -0.0326387 -0.0177656 0.211936 
v -0.0295526 -0.0235561 0.210782 
v -0.0257754 -0.0162025 0.192375 
v -0.0295653 -0.0118498 0.192681 
v -0.034683 -0.00597209 0.193094 
v -0.0402037 -0.00757425 0.212038 
v -0.0370759 -0.0117879 0.211996 
v -0.0419891 -0.00597209 0.211818 
v -0.0296691 -0.0117306 0.192689 
v -0.042207 0.000384935 0.192001 
v -0.0457201 -0.00280142 0.211217 
v -0.0494081 0.000384935 0.210455 
v -0.0431655 0.00104628 0.191788 
v -0.0464575 0.00214709 0.191005 
v -0.0518537 0.00180344 0.209864 
v -0.0504038 0.000962498 0.210215 
v -0.043542 0.00130603 0.191705 
v -0.0536406 0.00202722 0.209404 
v -0.0498366 0.00186987 0.190157 
v -0.0553714 0.00224397 0.208959 
v -0.0569668 0.00177559 0.208528 
v -0.0468351 0.00225602 0.190914 
v -0.0526235 0.000384935 0.189411 
v -0.0583552 0.00136802 0.208153 
v -0.0597787 0.000384935 0.207748 
v -0.0501187 0.00183357 0.190086 
v -0.0616639 -0.0046929 0.207031 
v -0.0599806 0.00020493 0.207688 
v -0.0600789 -0.000610096 0.20765 
v -0.0651404 -0.00838636 0.205675 
v -0.0601281 -0.00646763 0.186679 
v -0.067223 -0.00646763 0.204862 
v -0.0537191 -0.011701 0.187028 
v 0.161879 -0.0498 0.123092 
v 0.149389 -0.0498 0.137983 
v 0.148836 -0.0360343 0.147256 
v 0.133989 -0.0253713 0.134242 
v 0.133139 -0.0345239 0.126373 
v 0.147184 -0.0235861 0.154026 
v 0.134343 -0.0215548 0.137524 
v 0.146914 -0.0215548 0.155131 
v 0.132212 -0.0445202 0.117779 
v 0.161633 -0.0342766 0.134076 
v 0.147474 -0.025302 0.120795 
v 0.147144 -0.0177656 0.125833 
v 0.145523 -0.0343005 0.111495 
v 0.159574 -0.0177656 0.143242 
v 0.160296 -0.0235561 0.140027 
v 0.146952 -0.0162033 0.126797 
v 0.145135 -0.0118499 0.130138 
v 0.142682 -0.00597209 0.134648 
v 0.155522 -0.00757425 0.149631 
v 0.157197 -0.011788 0.14699 
v 0.154361 -0.00597209 0.151005 
v 0.145085 -0.0117306 0.130229 
v 0.151817 -0.00280142 0.1538 
v 0.13891 -0.00120625 0.138922 
v 0.137651 0.000384935 0.140349 
v 0.149162 0.000384935 0.156471 
v 0.136949 0.0010462 0.141035 
v 0.134493 0.00214704 0.143362 
v 0.14733 0.00180344 0.158195 
v 0.148416 0.000962443 0.157173 
v 0.136673 0.00130606 0.141304 
v 0.145968 0.0020272 0.159439 
v 0.131935 0.00186988 0.145728 
v 0.144648 0.00224397 0.160645 
v 0.143415 0.00177562 0.161745 
v 0.13421 0.00225603 0.143629 
v 0.129786 0.000384935 0.147652 
v 0.142341 0.00136802 0.162702 
v 0.141224 0.000384935 0.163672 
v 0.131721 0.00183356 0.145925 
v 0.139593 -0.0046929 0.164858 
v 0.140977 -0.000610096 0.16387 
v 0.141063 0.00020493 0.163808 
v 0.136556 -0.00838636 0.167027 
v 0.145938 0.00136905 0.159484 
v 0.123395 -0.00646763 0.152441 
v 0.134736 -0.00646763 0.168326 
v 0.127192 -0.011701 0.147267 
v 0.193076 -0.0498 0.0638602 
v 0.186097 -0.0498 0.0820007 
v 0.188586 -0.0360343 0.0909504 
v 0.189221 -0.0235858 0.0978904 
v 0.171718 -0.0215548 0.0864512 
v 0.166959 -0.0345239 0.0762956 
v 0.189325 -0.0215548 0.0990228 
v 0.163291 -0.0445202 0.068468 
v 0.197078 -0.0235558 0.0803924 
v 0.19641 -0.0342766 0.0743292 
v 0.17939 -0.0214057 0.0688842 
v 0.18003 -0.0177656 0.0712375 
v 0.197439 -0.0177656 0.0836671 
v 0.173841 -0.0343005 0.058203 
v 0.178706 -0.025302 0.0663652 
v 0.180161 -0.016204 0.0722111 
v 0.179527 -0.0118499 0.075961 
v 0.178671 -0.00597209 0.0810233 
v 0.195681 -0.00757425 0.0910258 
v 0.196407 -0.011788 0.0879833 
v 0.195028 -0.00597209 0.0927025 
v 0.17951 -0.0117305 0.0760639 
v 0.175764 0.000384935 0.0880488 
v 0.19353 -0.00280142 0.0961716 
v 0.191886 0.000384935 0.0995599 
v 0.175323 0.00104614 0.0889258 
v 0.173755 0.00214707 0.0919247 
v 0.190715 0.00180242 0.101783 
v 0.191409 0.000962644 0.100466 
v 0.175149 0.00130649 0.0892712 
v 0.189829 0.00202711 0.103405 
v 0.172104 0.00186985 0.0949923 
v 0.188973 0.00224416 0.104972 
v 0.188163 0.00177564 0.106414 
v 0.173575 0.00225604 0.0922687 
v 0.170696 0.000384935 0.0975108 
v 0.187459 0.00136891 0.107667 
v 0.186716 0.000384935 0.108948 
v 0.171966 0.00183352 0.0952486 
v 0.185559 -0.0046929 0.1106 
v 0.186547 -0.000610096 0.109216 
v 0.186609 0.00020493 0.10913 
v 0.18339 -0.00838636 0.113637 
v 0.166207 -0.00646763 0.104115 
v 0.182091 -0.00646763 0.115457 
v 0.168118 -0.011701 0.0979881 
v 0.20335 -0.0498 -0.0022915 
v 0.20264 -0.0498 0.0171319 
v 0.2079 -0.0360343 0.0247886 
v 0.210754 -0.0235861 0.0311462 
v 0.190484 -0.0215548 0.0260104 
v 0.182685 -0.0345239 0.0179503 
v 0.21122 -0.0215548 0.0321837 
v 0.176675 -0.0445202 0.0117379 
v 0.209902 -0.0342766 0.00652777 
v 0.190572 -0.025302 0.00474373 
v 0.193406 -0.0177656 0.00892211 
v 0.18332 -0.0343005 -0.00139667 
v 0.174443 -0.0453166 -0.00891381 
v 0.213907 -0.0177656 0.0150256 
v 0.212503 -0.0235561 0.0120454 
v 0.193846 -0.0162037 0.0098005 
v 0.194464 -0.0118499 0.013553 
v 0.195298 -0.00597209 0.018619 
v 0.214634 -0.00757425 0.0225564 
v 0.214334 -0.011788 0.0194427 
v 0.214562 -0.00597209 0.024354 
v 0.194481 -0.0117306 0.0136558 
v 0.19483 0.000384935 0.0262076 
v 0.214271 -0.00280142 0.0281218 
v 0.213817 0.000384935 0.0318601 
v 0.194698 0.00104621 0.0271803 
v 0.194189 0.00214704 0.0305257 
v 0.21343 0.00180344 0.0343461 
v 0.213659 0.000962447 0.0328722 
v 0.194645 0.00130613 0.0275627 
v 0.213119 0.00202721 0.0361648 
v 0.193623 0.00186986 0.0339632 
v 0.212818 0.00224397 0.0379266 
v 0.21252 0.00177561 0.0395521 
v 0.19413 0.00225604 0.0309098 
v 0.193109 0.000384935 0.0368024 
v 0.212261 0.00136802 0.0409667 
v 0.211975 0.000384935 0.0424188 
v 0.193576 0.00183354 0.0342504 
v 0.211416 -0.0046929 0.0443568 
v 0.211902 -0.000610096 0.0427261 
v 0.211932 0.00020493 0.042625 
v 0.210352 -0.00838636 0.0479335 
v 0.191007 -0.00646763 0.0445069 
v 0.209714 -0.00646763 0.0500761 
v 0.190826 -0.011701 0.0380909 
v 0.191588 -0.0498 -0.0681949 
v 0.197223 -0.0498 -0.0495934 
v 0.204684 -0.0360343 -0.0440594 
v 0.209448 -0.0235861 -0.038973 
v 0.188609 -0.0215548 -0.037249 
v 0.178616 -0.0345239 -0.0423401 
v 0.210225 -0.0215548 -0.038143 
v 0.170913 -0.0445202 -0.0462643 
v 0.200649 -0.0342766 -0.0619811 
v 0.181786 -0.025302 -0.0573918 
v 0.185824 -0.0177656 -0.0543602 
v 0.172934 -0.0343005 -0.0608449 
v 0.207196 -0.0177656 -0.0552441 
v 0.2049 -0.0235561 -0.0576068 
v 0.186526 -0.0162027 -0.0536719 
v 0.188328 -0.0118498 -0.0503239 
v 0.190762 -0.00597209 -0.0458031 
v 0.210329 -0.00757425 -0.0483574 
v 0.209034 -0.0117879 -0.0512048 
v 0.210844 -0.00597209 -0.0466337 
v 0.188378 -0.0117306 -0.0502321 
v 0.192783 0.000384935 -0.0384737 
v 0.211792 -0.00280142 -0.0429755 
v 0.212576 0.000384935 -0.0392923 
v 0.192974 0.00104626 -0.0375105 
v 0.193579 0.00214707 -0.0341812 
v 0.213018 0.00180344 -0.0368153 
v 0.212756 0.000962479 -0.0382838 
v 0.193049 0.00130608 -0.0371321 
v 0.213314 0.00202721 -0.0349943 
v 0.19416 0.00186986 -0.0307463 
v 0.213602 0.00224397 -0.0332303 
v 0.213848 0.0017756 -0.0315961 
v 0.193647 0.00225603 -0.0337988 
v 0.194596 0.000384935 -0.0278942 
v 0.214062 0.00136802 -0.030174 
v 0.214263 0.000384935 -0.0287076 
v 0.194208 0.00183355 -0.0304593 
v 0.214364 -0.0046929 -0.0266934 
v 0.214294 -0.000610096 -0.0283933 
v 0.214289 0.00020493 -0.0284988 
v 0.214518 -0.00838636 -0.0229648 
v 0.195109 -0.00646763 -0.0199246 
v 0.214611 -0.00646763 -0.0207312 
v 0.192854 -0.011701 -0.0259339 
v 0.159064 -0.0498 -0.126708 
v 0.170434 -0.0498 -0.110944 
v 0.179287 -0.0360343 -0.108133 
v 0.185445 -0.0235861 -0.104869 
v 0.166295 -0.0215548 -0.0964718 
v 0.15519 -0.034524 -0.0980424 
v 0.18645 -0.0215548 -0.104336 
v 0.146631 -0.0445202 -0.099253 
v 0.169652 -0.0342766 -0.123773 
v 0.153301 -0.025302 -0.113308 
v 0.158105 -0.0177656 -0.111752 
v 0.143807 -0.0343005 -0.1137 
v 0.178032 -0.0177656 -0.119527 
v 0.175093 -0.0235561 -0.121016 
v 0.158992 -0.0162025 -0.111329 
v 0.161784 -0.0118498 -0.108747 
v 0.165554 -0.00597209 -0.105262 
v 0.183231 -0.00757425 -0.114031 
v 0.181081 -0.0117879 -0.116303 
v 0.184278 -0.00597209 -0.112568 
v 0.16186 -0.0117306 -0.108677 
v 0.169845 0.000384935 -0.0989857 
v 0.186362 -0.00280142 -0.109416 
v 0.1883 0.000384935 -0.106187 
v 0.170338 0.00104629 -0.0981365 
v 0.171991 0.0021471 -0.095184 
v 0.189522 0.00180344 -0.103987 
v 0.188798 0.000962504 -0.105291 
v 0.170532 0.00130599 -0.0978031 
v 0.190394 0.00202722 -0.102361 
v 0.173657 0.00186987 -0.0921239 
v 0.191238 0.00224397 -0.100786 
v 0.192002 0.00177558 -0.0993203 
v 0.172181 0.00225602 -0.0948449 
v 0.174995 0.000384935 -0.089568 
v 0.192666 0.00136802 -0.0980449 
v 0.193332 0.000384935 -0.0967231 
v 0.173795 0.00183358 -0.0918682 
v 0.194082 -0.0046929 -0.094851 
v 0.193463 -0.000610096 -0.0964359 
v 0.193425 0.00020493 -0.0965343 
v 0.195438 -0.00838636 -0.0913744 
v 0.175133 7.72195e-05 -0.089237 
v 0.178068 -0.00646763 -0.0821969 
v 0.196251 -0.00646763 -0.0892918 
v 0.173984 -0.011701 -0.0871485 
v 0.17318 -0.0127322 -0.0881242 
v 0.109303 -0.0498 -0.171491 
v 0.125176 -0.0498 -0.160273 
v 0.134463 -0.0360343 -0.160488 
v 0.141346 -0.0235861 -0.159401 
v 0.12596 -0.0215548 -0.145241 
v 0.116504 -0.0326902 -0.14342 
v 0.114947 -0.034524 -0.14312 
v 0.142469 -0.0215548 -0.159223 
v 0.106458 -0.0445202 -0.141486 
v 0.12027 -0.0342766 -0.172153 
v 0.108183 -0.0253305 -0.156944 
v 0.113252 -0.0177656 -0.157033 
v 0.0991 -0.0343028 -0.154237 
v 0.129575 -0.0177656 -0.170858 
v 0.126312 -0.0235561 -0.171312 
v 0.114229 -0.0162022 -0.156921 
v 0.117708 -0.0118497 -0.155386 
v 0.122405 -0.00597209 -0.153313 
v 0.136277 -0.00757425 -0.167347 
v 0.133506 -0.0117879 -0.168799 
v 0.137742 -0.00597209 -0.166303 
v 0.117803 -0.0117306 -0.155344 
v 0.123498 -0.00483249 -0.152499 
v 0.128502 0.000384935 -0.148771 
v 0.140738 -0.00280142 -0.163999 
v 0.143619 0.000384935 -0.161574 
v 0.129392 0.00117792 -0.148 
v 0.13193 0.00220884 -0.145725 
v 0.145488 0.00180344 -0.159891 
v 0.144533 0.0010783 -0.160751 
v 0.129535 0.00130582 -0.147876 
v 0.147009 0.00205508 -0.158479 
v 0.1345 0.00184198 -0.143367 
v 0.148151 0.00224397 -0.15742 
v 0.149509 0.00171324 -0.15613 
v 0.132055 0.00225599 -0.145613 
v 0.134549 0.00183366 -0.143322 
v 0.151451 0.000384935 -0.154257 
v 0.150392 0.00136802 -0.155291 
v 0.13643 0.000384935 -0.141536 
v 0.152768 -0.0046929 -0.15273 
v 0.1516 0.00020493 -0.154109 
v 0.151668 -0.000610096 -0.154028 
v 0.15518 -0.00838636 -0.149882 
v 0.141731 -0.00646763 -0.135562 
v 0.156625 -0.00646763 -0.148176 
v 0.13626 -0.011701 -0.138919 
v 0.047698 -0.0498 -0.19769 
v 0.0663528 -0.0498 -0.192233 
v 0.0750664 -0.0360343 -0.195453 
v 0.0819303 -0.0235858 -0.196659 
v 0.0719756 -0.0215548 -0.17827 
v 0.0622477 -0.034524 -0.172689 
v 0.0830502 -0.0215548 -0.196856 
v 0.0547497 -0.0445202 -0.168387 
v 0.057856 -0.0342766 -0.201877 
v 0.048945 -0.0281423 -0.18184 
v 0.051362 -0.0253304 -0.183567 
v 0.0561275 -0.0177656 -0.185298 
v 0.0436498 -0.0343029 -0.178058 
v 0.067077 -0.0177656 -0.203673 
v 0.0638433 -0.0235558 -0.203043 
v 0.0570878 -0.0162026 -0.185509 
v 0.0608762 -0.01185 -0.185187 
v 0.0659921 -0.00597209 -0.184751 
v 0.0745557 -0.00757425 -0.202529 
v 0.0714634 -0.0117882 -0.203002 
v 0.0762805 -0.00597209 -0.202018 
v 0.0609801 -0.0117306 -0.185178 
v 0.0732336 0.000384935 -0.182435 
v 0.0798616 -0.00280142 -0.200811 
v 0.083374 0.000384935 -0.199453 
v 0.0743254 0.00117782 -0.181994 
v 0.0774646 0.00220875 -0.180667 
v 0.0856863 0.00180242 -0.198468 
v 0.0845055 0.00107856 -0.198971 
v 0.0745025 0.00130643 -0.181923 
v 0.0875859 0.00205505 -0.197626 
v 0.0806609 0.0018419 -0.179271 
v 0.0890078 0.00224416 -0.196996 
v 0.0907126 0.00171331 -0.196216 
v 0.0776198 0.00225601 -0.180601 
v 0.0807224 0.00183352 -0.179244 
v 0.0931575 0.000384935 -0.195075 
v 0.0918185 0.00136891 -0.19571 
v 0.0830818 0.000384935 -0.178166 
v 0.0948991 -0.0046929 -0.194058 
v 0.0934376 -0.000610096 -0.194929 
v 0.0933469 0.00020493 -0.194983 
v 0.098105 -0.00838636 -0.192148 
v 0.0900345 -0.00646763 -0.174237 
v 0.100025 -0.00646763 -0.191004 
v 0.0837703 -0.011701 -0.175636 
v -0.0190762 -0.0498 -0.202466 
v 0.000339544 -0.0498 -0.203362 
v 0.00753575 -0.0360343 -0.209237 
v 0.0136361 -0.0235858 -0.212606 
v 0.0101915 -0.0215548 -0.191981 
v 0.00280293 -0.034524 -0.183544 
v 0.0146314 -0.0215548 -0.213156 
v -0.00289191 -0.0445202 -0.17704 
v -0.0108281 -0.0342766 -0.209724 
v -0.0110098 -0.025302 -0.190313 
v -0.00707971 -0.0177656 -0.193482 
v -0.0165304 -0.0343006 -0.182579 
v -0.00269002 -0.0177656 -0.214418 
v -0.00554396 -0.0235558 -0.212772 
v -0.00624081 -0.0162038 -0.193993 
v -0.00255207 -0.0118499 -0.194919 
v 0.00242778 -0.00597209 -0.196169 
v 0.00475497 -0.00757425 -0.215764 
v 0.00167676 -0.011788 -0.215207 
v 0.00655242 -0.00597209 -0.21584 
v -0.00245094 -0.0117306 -0.194944 
v 0.0100291 0.000384935 -0.196329 
v 0.0103314 -0.00280142 -0.215861 
v 0.0140944 0.000384935 -0.215717 
v 0.0222025 -0.011701 -0.193319 
v 0.0113956 0.00130652 -0.196256 
v 0.0110093 0.00104601 -0.196277 
v 0.014773 0.00225604 -0.196019 
v 0.0143852 0.00214701 -0.196046 
v 0.0285816 -0.00646763 -0.19403 
v 0.0178577 0.00186987 -0.195766 
v 0.0181481 0.00183351 -0.195743 
v 0.0207298 0.000384935 -0.195489 
v 0.0490617 0.0294705 -0.1831 
v 0.119294 0.0294705 -0.147315 
v 0.123587 0.00597452 -0.152618 
v 0.174978 0.00597452 -0.0891556 
v 0.176969 0.0294705 0.0679322 
v 0.134039 0.0294705 0.134039 
v 0.138863 0.00597452 0.138863 
v 0.0703772 0.00597452 0.183339 
v -0.00992068 0.0294705 0.1893 
v -0.0860582 0.0294705 0.168899 
v -0.0891556 0.00597452 0.174978 
v -0.147315 0.0294705 0.119294 
v -0.152618 0.00597452 0.123587 
v -0.189691 0.00597452 0.0508276 
v -0.187226 0.0294705 -0.0296536 
v -0.192823 -0.0117556 -0.03054 
v -0.188574 -0.0117556 0.0505284 
v -0.178559 -0.0352244 0.047845 
v -0.143662 -0.0352244 0.116335 
v -0.0886308 -0.0117556 0.173948 
v -0.0102173 -0.0117556 0.194959 
v -0.00967464 -0.0352244 0.184605 
v 0.069963 -0.0117556 0.18226 
v 0.0662474 -0.0352244 0.17258 
v 0.130715 -0.0352244 0.130715 
v 0.18226 -0.0117556 0.069963 
v 0.194959 -0.0117556 -0.0102173 
v 0.184605 -0.0352244 -0.00967464 
v 0.16471 -0.0352244 -0.0839239 
v 0.115827 -0.0345443 -0.142072 
v 0.0505284 -0.0117556 -0.188574 
v -0.03054 -0.0117556 -0.192823 
v -0.0307208 0.00597452 -0.193964 
v -0.0289181 -0.0352244 -0.182582 
v 0.016601 0.00180242 -0.215537 
v 0.0151158 0.00096254 -0.215644 
v 0.0184419 0.00202708 -0.215377 
v 0.0202206 0.00224416 -0.215223 
v 0.021867 0.00177569 -0.21506 
v 0.0232967 0.00136891 -0.214919 
v 0.0247692 0.000384935 -0.214754 
v 0.0267466 -0.0046929 -0.214357 
v 0.0250815 -0.000610096 -0.214706 
v 0.0249782 0.00020493 -0.214728 
v 0.030399 -0.00838636 -0.213591 
v 0.032587 -0.00646763 -0.213133 
vn -0.406737 -1.2266e-12 0.913545 
vn -2.44929e-16 2.29706e-16 1 
vn -0.743145 -2.24135e-12 0.669131 
vn -0.406737 -1.2266e-12 0.913545 
vn -0.951057 -2.86854e-12 0.309017 
vn -0.743145 -2.24135e-12 0.669131 
vn -0.994522 -2.99974e-12 -0.104528 
vn -0.951057 -2.86854e-12 0.309017 
vn -0.866025 -2.61225e-12 -0.5 
vn -0.994522 -2.99974e-12 -0.104528 
vn -0.587785 -1.77309e-12 -0.809017 
vn -0.707107 -2.13296e-12 -0.707107 
vn -0.866025 -2.61225e-12 -0.5 
vn -0.207912 -6.27336e-13 -0.978148 
vn -0.587785 -1.77309e-12 -0.809017 
vn 0.207912 6.26886e-13 -0.978148 
vn -0.207912 -6.27336e-13 -0.978148 
vn 0.587785 1.77271e-12 -0.809017 
vn 0.207912 6.26886e-13 -0.978148 
vn 0.866025 2.61202e-12 -0.5 
vn 0.587785 1.77271e-12 -0.809017 
vn 0.994522 2.99969e-12 -0.104528 
vn 0.866025 2.61202e-12 -0.5 
vn 0.951057 2.86868e-12 0.309017 
vn 0.994522 2.99969e-12 -0.104528 
vn 0.743145 2.24165e-12 0.669131 
vn 0.951057 2.86868e-12 0.309017 
vn 0.406737 1.22702e-12 0.913545 
vn 0.707107 2.13296e-12 0.707107 
vn 0.743145 2.24165e-12 0.669131 
vn 0.406737 1.22702e-12 0.913545 
vn 3.01624e-12 -1 -1.97719e-16 
vn -0.406737 -1.22389e-12 0.913545 
vn -2.44929e-16 3.1959e-15 1 
vn -0.743145 -2.23936e-12 0.669131 
vn -0.406737 -1.22389e-12 0.913545 
vn -0.951057 -2.86762e-12 0.309017 
vn -0.743145 -2.23936e-12 0.669131 
vn -0.994522 -3.00005e-12 -0.104528 
vn -0.951057 -2.86762e-12 0.309017 
vn -0.866025 -2.61374e-12 -0.5 
vn -0.994522 -3.00005e-12 -0.104528 
vn -0.587785 -1.77548e-12 -0.809017 
vn -0.707107 -2.13506e-12 -0.707107 
vn -0.746626 -2.25413e-12 -0.665244 
vn -0.866025 -2.61374e-12 -0.5 
vn -0.587785 -1.77548e-12 -0.809017 
vn -0.213012 -6.45617e-13 -0.97705 
vn -0.207912 -6.30237e-13 -0.978148 
vn 0.207912 6.23985e-13 -0.978148 
vn 0.587785 1.77031e-12 -0.809017 
vn 0.866025 2.61054e-12 -0.5 
vn 0.994522 2.99938e-12 -0.104528 
vn 0.951057 2.8696e-12 0.309017 
vn 0.743145 2.24364e-12 0.669131 
vn 0.707107 2.13506e-12 0.707107 
vn 0.406737 1.22973e-12 0.913545 
vn -3.01624e-12 1 1.97719e-16 
vn 0.539152 -0.678916 0.498387 
vn 0.280972 -0.678916 0.678327 
vn 0.151467 -0.918336 0.365672 
vn -0.0288252 -0.678916 0.73365 
vn -0.0155391 -0.918336 0.395496 
vn -0.333327 -0.678916 0.654192 
vn -0.17969 -0.918336 0.352661 
vn -0.576592 -0.678916 0.454549 
vn -0.310829 -0.918336 0.245038 
vn -0.71393 -0.678916 0.171399 
vn -0.384865 -0.918336 0.0923979 
vn -0.720109 -0.678916 -0.143238 
vn -0.388196 -0.918336 -0.077217 
vn 0.693637 -0.328238 0.641192 
vn 0.361481 -0.328238 0.872692 
vn -0.0370846 -0.328238 0.943867 
vn -0.428837 -0.328238 0.84164 
vn -0.741806 -0.328238 0.584793 
vn -0.918496 -0.328238 0.220511 
vn 0.732337 0.0734857 0.676965 
vn 0.381649 0.0734857 0.921382 
vn -0.0391537 0.0734857 0.996527 
vn -0.452763 0.0734857 0.888597 
vn -0.783194 0.0734857 0.61742 
vn -0.926445 -0.328238 -0.184281 
vn -0.969741 0.0734857 0.232814 
vn 0.648496 0.469143 0.599464 
vn 0.337956 0.469143 0.815898 
vn -0.0346712 0.469143 0.882441 
vn -0.400929 0.469143 0.786868 
vn -0.693531 0.469143 0.546736 
vn -0.978133 0.0734857 -0.194563 
vn -0.858721 0.469143 0.206161 
vn 0.465252 0.773678 0.430074 
vn 0.24246 0.773678 0.585351 
vn -0.0248742 0.773678 0.633091 
vn -0.287639 0.773678 0.564523 
vn -0.497561 0.773678 0.392245 
vn -0.866153 0.469143 -0.172289 
vn -0.616074 0.773678 0.147906 
vn 0.290646 0.918336 0.26867 
vn 0.151467 0.918336 0.365672 
vn -0.0155391 0.918336 0.395496 
vn -0.17969 0.918336 0.352661 
vn -0.310829 0.918336 0.245038 
vn -0.384865 0.918336 0.0923979 
vn -0.388196 0.918336 -0.077217 
vn 0.654192 -0.678916 0.333327 
vn 0.290646 -0.918336 0.26867 
vn 0.888597 0.0734857 0.452763 
vn 0.786868 0.469143 0.400929 
vn 0.564523 0.773678 0.287639 
vn 0.352661 0.918336 0.17969 
vn -0.564523 0.773678 -0.287639 
vn -0.621405 0.773678 -0.123605 
vn -0.786868 0.469143 -0.400929 
vn -0.888597 0.0734857 -0.452763 
vn -0.84164 -0.328238 -0.428837 
vn -0.654192 -0.678916 -0.333327 
vn -0.352661 -0.918336 -0.17969 
vn -0.352661 0.918336 -0.17969 
vn 0.84164 -0.328238 0.428837 
vn 0.352661 -0.918336 0.17969 
vn -0.280972 -0.678916 -0.678327 
vn -0.151467 -0.918336 -0.365672 
vn -0.290646 -0.918336 -0.26867 
vn 0.0288252 -0.678916 -0.73365 
vn 0.0155391 -0.918336 -0.395496 
vn 0.333327 -0.678916 -0.654192 
vn 0.17969 -0.918336 -0.352661 
vn 0.576592 -0.678916 -0.454549 
vn 0.310829 -0.918336 -0.245038 
vn 0.71393 -0.678916 -0.171399 
vn 0.384865 -0.918336 -0.0923979 
vn 0.720109 -0.678916 0.143238 
vn 0.388196 -0.918336 0.077217 
vn -0.539152 -0.678916 -0.498387 
vn -0.693637 -0.328238 -0.641192 
vn -0.361481 -0.328238 -0.872692 
vn 0.0370846 -0.328238 -0.943867 
vn 0.428837 -0.328238 -0.84164 
vn 0.741806 -0.328238 -0.584793 
vn 0.918496 -0.328238 -0.220511 
vn -0.732337 0.0734857 -0.676965 
vn -0.381649 0.0734857 -0.921382 
vn 0.0391537 0.0734857 -0.996527 
vn 0.452763 0.0734857 -0.888597 
vn 0.783194 0.0734857 -0.61742 
vn 0.926445 -0.328238 0.184281 
vn 0.969741 0.0734857 -0.232814 
vn -0.648496 0.469143 -0.599464 
vn -0.337956 0.469143 -0.815898 
vn 0.0346712 0.469143 -0.882441 
vn 0.400929 0.469143 -0.786868 
vn 0.693531 0.469143 -0.546736 
vn 0.978133 0.0734857 0.194563 
vn 0.858721 0.469143 -0.206161 
vn -0.465252 0.773678 -0.430074 
vn -0.24246 0.773678 -0.585351 
vn 0.0248742 0.773678 -0.633091 
vn 0.287639 0.773678 -0.564523 
vn 0.497561 0.773678 -0.392245 
vn 0.866153 0.469143 0.172289 
vn 0.616074 0.773678 -0.147906 
vn -0.290646 0.918336 -0.26867 
vn -0.151467 0.918336 -0.365672 
vn 0.0155391 0.918336 -0.395496 
vn 0.17969 0.918336 -0.352661 
vn 0.310829 0.918336 -0.245038 
vn 0.384865 0.918336 -0.0923979 
vn 0.388196 0.918336 0.077217 
vn -0.352661 -0.918336 -0.17969 
vn -0.654192 -0.678916 -0.333327 
vn -0.84164 -0.328238 -0.428837 
vn -0.888597 0.0734857 -0.452763 
vn -0.786868 0.469143 -0.400929 
vn -0.564523 0.773678 -0.287639 
vn -0.352661 0.918336 -0.17969 
vn 0.621405 0.773678 0.123605 
vn 0.352661 0.918336 0.17969 
vn 0.786868 0.469143 0.400929 
vn 0.888597 0.0734857 0.452763 
vn 0.84164 -0.328238 0.428837 
vn 0.654192 -0.678916 0.333327 
vn 0.352661 -0.918336 0.17969 
vn 0.564523 0.773678 0.287639 
vn 3.01624e-12 -1 -1.97719e-16 
vn -0.406737 -1.22707e-12 0.913545 
vn -2.44929e-16 -2.83204e-16 1 
vn -0.743145 -2.24169e-12 0.669131 
vn -0.406737 -1.22707e-12 0.913545 
vn -0.951057 -2.8687e-12 0.309017 
vn -0.743145 -2.24169e-12 0.669131 
vn -0.994522 -2.99968e-12 -0.104528 
vn -0.951057 -2.8687e-12 0.309017 
vn -0.866025 -2.612e-12 -0.5 
vn -0.994522 -2.99968e-12 -0.104528 
vn -0.587785 -1.77267e-12 -0.809017 
vn -0.707107 -2.1326e-12 -0.707107 
vn -0.866025 -2.612e-12 -0.5 
vn -0.207912 -6.26834e-13 -0.978148 
vn -0.587785 -1.77267e-12 -0.809017 
vn 0.207912 6.27388e-13 -0.978148 
vn -0.207912 -6.26834e-13 -0.978148 
vn 0.587785 1.77313e-12 -0.809017 
vn 0.207912 6.27388e-13 -0.978148 
vn 0.866025 2.61228e-12 -0.5 
vn 0.587785 1.77313e-12 -0.809017 
vn 0.994522 2.99974e-12 -0.104528 
vn 0.866025 2.61228e-12 -0.5 
vn 0.951057 2.86852e-12 0.309017 
vn 0.994522 2.99974e-12 -0.104528 
vn 0.743145 2.24131e-12 0.669131 
vn 0.951057 2.86852e-12 0.309017 
vn 0.707107 2.1326e-12 0.707107 
vn 0.406737 1.22656e-12 0.913545 
vn -3.01624e-12 1 1.97719e-16 
vn -0.913545 -2.75539e-12 -0.406737 
vn -1 -3.01624e-12 -9.36449e-16 
vn -0.707107 -2.13266e-12 -0.707107 
vn -0.669131 -2.01811e-12 -0.743145 
vn -0.891007 -2.6874e-12 -0.45399 
vn -0.913545 -2.75539e-12 -0.406737 
vn -0.309017 -9.3188e-13 -0.951057 
vn 0.104528 3.15479e-13 -0.994522 
vn 0.5 1.50829e-12 -0.866025 
vn 0.809017 2.4403e-12 -0.587785 
vn 0.978148 2.95037e-12 -0.207912 
vn 0.978148 2.95028e-12 0.207912 
vn 0.809017 2.44007e-12 0.587785 
vn 0.707107 2.13266e-12 0.707107 
vn 0.5 1.50795e-12 0.866025 
vn 0.104528 3.15086e-13 0.994522 
vn -0.309017 -9.32256e-13 0.951057 
vn -0.669131 -2.0184e-12 0.743145 
vn -0.913545 -2.75555e-12 0.406737 
vn -0.0397435 -0.997711 -0.0547022 
vn 0.034391 -0.997711 0.0582233 
vn 0.0242336 -0.997711 0.0631306 
vn 0.039501 -0.99774 0.0543643 
vn -0.0144029 -0.997711 -0.0660639 
vn 0.0211428 -0.997711 0.0642314 
vn 0.047816 -0.997711 0.047816 
vn -0.0478115 -0.997711 -0.0478115 
vn -0.0504836 -0.997711 -0.044981 
vn 0.0408531 -0.997711 0.0538862 
vn 0.0504881 -0.997711 0.044985 
vn 0.0144042 -0.997711 0.0660698 
vn 3.01624e-12 -1 -1.97719e-16 
vn -0.919853 -0.390413 -0.0380454 
vn 0.919853 0.390413 0.0380454 
vn 0.919825 0.390481 0.0380442 
vn 0.895649 0.443217 0.0370443 
vn 0.802283 0.596021 0.0331827 
vn 0.919825 0.390481 0.0380442 
vn 0.650735 0.758828 0.0269146 
vn 0.700752 0.712816 0.0289833 
vn 0.802283 0.596021 0.0331827 
vn 0.650735 0.758828 0.0269146 
vn 0.79957 0.599662 0.0330704 
vn 0.650185 0.759299 0.0268919 
vn 0.650185 0.759299 0.0268919 
vn 0.521481 0.85299 0.0215686 
vn 0.116626 0.993164 0.00482371 
vn 0.328752 0.944318 0.0135973 
vn 0.521481 0.85299 0.0215686 
vn 0.470653 0.882104 0.0194664 
vn 0.116626 0.993164 0.00482371 
vn -0.284162 0.958704 -0.011753 
vn -0.0885708 0.996063 -0.00366332 
vn 0.0701319 0.997534 0.00290068 
vn -0.650735 0.758828 -0.0269146 
vn -0.45525 0.890164 -0.0188293 
vn -0.31821 0.947929 -0.0131613 
vn 0.173964 -0.183083 0.967583 
vn 0.155654 -0.125979 0.979745 
vn 0.0943259 -0.218506 0.971266 
vn 0.0983666 -0.237398 0.966419 
vn 0.185095 -0.237398 0.953615 
vn 0.0411359 -0.0561928 0.997572 
vn 0.142311 -0.0846098 0.986199 
vn 0.13427 -0.068829 0.988552 
vn 0.0490307 -0.015717 0.998674 
vn 0.0796045 0.00394018 0.996819 
vn 0.0573313 0.00392975 0.998347 
vn 0.0639697 0.00797812 0.99792 
vn 0.0504942 -0.00583484 0.998707 
vn 0.095219 -9.80258e-05 0.995456 
vn 0.0798387 0.0104774 0.996753 
vn 0.0715936 0.0126289 0.997354 
vn 0.0883453 0.00825431 0.996056 
vn 0.11717 -0.0374622 0.992405 
vn 0.0999335 -0.00583484 0.994977 
vn 0.0495212 -0.00762274 0.998744 
vn 0.0238679 -0.092586 0.995419 
vn 0.12105 -0.345368 0.930628 
vn 0.203118 -0.330782 0.921589 
vn 0.145445 -0.450872 0.880659 
vn 0.228854 -0.450872 0.862752 
vn -0.650735 0.758828 -0.0269146 
vn -0.650735 -0.758828 -0.0269146 
vn -0.041325 -1.24843e-13 0.999146 
vn 3.01624e-12 -1 -1.97719e-16 
vn -0.882367 -0.390413 0.262692 
vn 0.882367 0.390413 -0.262692 
vn 0.882339 0.390481 -0.262684 
vn 0.859152 0.443208 -0.255781 
vn 0.769587 0.596021 -0.229116 
vn 0.882339 0.390481 -0.262684 
vn 0.624215 0.758828 -0.185837 
vn 0.672194 0.712816 -0.200121 
vn 0.769587 0.596021 -0.229116 
vn 0.624215 0.758828 -0.185837 
vn 0.766984 0.599663 -0.228341 
vn 0.623688 0.759299 -0.18568 
vn 0.623688 0.759299 -0.18568 
vn 0.500235 0.852986 -0.148926 
vn 0.11188 0.993163 -0.0333081 
vn 0.315354 0.944318 -0.0938851 
vn 0.500235 0.852986 -0.148926 
vn 0.451465 0.882108 -0.134407 
vn 0.11188 0.993163 -0.0333081 
vn -0.272575 0.958706 0.0811492 
vn -0.0849613 0.996063 0.0252941 
vn 0.0672667 0.997534 -0.0200262 
vn -0.624215 0.758828 0.185837 
vn -0.436697 0.890164 0.13001 
vn -0.305244 0.947928 0.0908752 
vn 0.478712 -0.183083 0.858671 
vn 0.465344 -0.125979 0.876119 
vn 0.404585 -0.218506 0.888013 
vn 0.406833 -0.237398 0.882116 
vn 0.484705 -0.237398 0.841845 
vn 0.362818 -0.0561928 0.930164 
vn 0.454818 -0.0846098 0.886556 
vn 0.447977 -0.068829 0.891392 
vn 0.433054 -0.0374622 0.900589 
vn 0.372038 -0.00583484 0.928199 
vn 0.37113 -0.00762274 0.92855 
vn 0.384528 0.00797827 0.923079 
vn 0.378388 0.00392975 0.925639 
vn 0.399158 0.0104773 0.916822 
vn 0.391555 0.0126289 0.920068 
vn 0.417587 -0.00583484 0.908618 
vn 0.413284 -9.83133e-05 0.910602 
vn 0.406977 0.00825431 0.913401 
vn 0.370643 -0.015717 0.928642 
vn 0.345787 -0.092586 0.933734 
vn 0.416665 -0.345368 0.840899 
vn 0.491352 -0.330782 0.805703 
vn 0.423514 -0.450872 0.785717 
vn 0.496589 -0.450872 0.741697 
vn -0.624215 0.758828 0.185837 
vn -0.624215 -0.758828 0.185837 
vn 0.285336 8.5875e-13 0.958427 
vn 0.0338078 0.997711 0.0585569 
vn 0.00706776 0.997711 0.0672453 
vn -0.0200322 0.997711 -0.0645864 
vn -0.0103841 0.997801 -0.0654625 
vn -0.0127704 0.997711 -0.0664049 
vn -0.0306997 0.997711 -0.0602515 
vn -0.0336401 0.997711 -0.0586603 
vn -0.00681534 0.997878 -0.0647549 
vn -0.0208944 0.997711 0.0643063 
vn 0.00948313 0.997711 -0.0669535 
vn 0.0168289 0.997885 -0.0627895 
vn 0.00202435 0.997711 -0.0675914 
vn 0.0203691 0.997829 -0.062635 
vn -0.0452437 0.997711 0.0502483 
vn 0.0422567 0.997744 -0.0521709 
vn 0.0307091 0.997711 -0.0602466 
vn 0.0238616 0.997711 -0.0632718 
vn 0.0448253 0.997754 -0.0497855 
vn 0.043113 0.997711 -0.0520957 
vn -0.06177 0.997711 0.0275018 
vn 0.0576925 0.997711 -0.0352743 
vn 0.0486072 0.997711 -0.047011 
vn 0.0610074 0.997767 -0.027175 
vn 0.061238 0.997711 -0.0286811 
vn -0.0676157 0.997711 -4.08115e-16 
vn 0.0660201 0.997711 -0.0146303 
vn 0.0655526 0.997843 -0.00345186 
vn 0.0672327 0.997711 -0.00724315 
vn 0.0649799 0.997887 -1.04493e-06 
vn -0.06177 0.997711 -0.0275018 
vn 0.0608843 0.997871 0.0233841 
vn 0.0659417 0.997711 0.0149797 
vn 0.0671934 0.997711 0.00759908 
vn 0.0608205 0.997781 0.0270939 
vn -0.060246 0.997711 -0.0306969 
vn 0.0610852 0.997711 0.029005 
vn 0.0602514 0.997711 0.0306996 
vn 0.0478115 0.997711 0.0478115 
vn -0.039918 0.997711 -0.0545825 
vn -0.0337761 0.997716 -0.058503 
vn -0.0478158 0.997711 -0.0478158 
vn -0.287586 0.773773 -0.56442 
vn -0.343809 0.653062 -0.674763 
vn -0.360385 0.653062 -0.666058 
vn -0.391862 0.504964 -0.769061 
vn -0.315132 0.773774 -0.549514 
vn 0.827095 0.390413 -0.404342 
vn 0.585114 0.758828 -0.286045 
vn -3.01624e-12 1 1.97719e-16 
vn -0.827095 -0.390413 0.404342 
vn -0.4305 0.272565 -0.860452 
vn -0.505024 0.272565 -0.818937 
vn -0.50687 0.329874 -0.796408 
vn -0.436132 0.450094 -0.779233 
vn -0.425743 0.218715 -0.878013 
vn -0.399093 0.118154 -0.909266 
vn -0.443418 0.131488 -0.886618 
vn -0.360621 0.0742251 -0.929754 
vn -0.370908 0.0785758 -0.925339 
vn -0.365674 0.064838 -0.928482 
vn -0.498525 0.183391 -0.847255 
vn -0.484072 0.106988 -0.868463 
vn -0.506651 0.450094 -0.735336 
vn -0.648726 -0.691792 0.317143 
vn -0.827095 -0.390413 0.404342 
vn -0.827095 -0.390413 0.404342 
vn -0.685172 -0.646793 0.33496 
vn -0.648726 -0.691792 0.317143 
vn -0.585114 -0.758828 0.286045 
vn -0.585114 -0.758828 0.286045 
vn -0.645473 -0.695551 0.315553 
vn 0.585114 -0.758828 -0.286045 
vn -0.439197 -1.32575e-12 -0.898391 
vn -0.585114 -0.758828 0.286045 
vn 0.585114 -0.758828 -0.286045 
vn 0.468535 -0.853235 -0.229053 
vn 0.104786 -0.993175 -0.0512267 
vn 0.463332 -0.856748 -0.226509 
vn 0.108423 -0.992691 -0.0530048 
vn 0.468535 -0.853235 -0.229053 
vn 0.30134 -0.942068 -0.147316 
vn -0.25546 -0.95872 0.124887 
vn -0.0603181 -0.997744 0.0294877 
vn 0.104786 -0.993175 -0.0512267 
vn -0.258849 -0.957593 0.126544 
vn -0.585114 -0.758828 0.286045 
vn -0.41374 -0.887642 0.202265 
vn -3.01624e-12 1 1.97719e-16 
vn 0.534963 -0.390413 -0.749262 
vn -0.534963 0.390413 0.749262 
vn -0.37845 0.758828 0.530052 
vn 0.788144 0.272565 0.551849 
vn 0.833927 0.272565 0.479869 
vn 0.824828 0.329874 0.459176 
vn 0.75444 0.450094 0.477739 
vn 0.792318 0.218715 0.569558 
vn 0.783754 0.118154 0.609728 
vn 0.811958 0.131488 0.568714 
vn 0.759671 0.0742251 0.646058 
vn 0.766617 0.0785758 0.637279 
vn 0.763509 0.064838 0.642534 
vn 0.841688 0.183391 0.507867 
vn 0.839071 0.106988 0.533397 
vn 0.795568 0.450094 0.40557 
vn 0.419594 -0.691792 -0.587678 
vn 0.534962 -0.390413 -0.749262 
vn 0.534963 -0.390413 -0.749262 
vn 0.443167 -0.646793 -0.620694 
vn 0.419594 -0.691792 -0.587678 
vn 0.37845 -0.758828 -0.530052 
vn 0.417422 -0.695673 -0.584636 
vn -0.37845 -0.758828 0.530052 
vn 0.813849 2.4532e-12 0.581077 
vn -0.37845 -0.758828 0.530052 
vn -0.299672 -0.856758 0.419717 
vn -0.288113 -0.868422 0.403527 
vn -0.37845 -0.758828 0.530052 
vn -0.0701208 -0.992692 0.0982103 
vn -0.0524546 -0.995917 0.0734672 
vn -0.194906 -0.942068 0.272983 
vn -0.288113 -0.868422 0.403527 
vn 0.167423 -0.957592 -0.234491 
vn 0.180433 -0.950568 -0.252713 
vn 0.0390135 -0.997744 -0.0546419 
vn -0.0524546 -0.995917 0.0734672 
vn 0.37845 -0.758828 -0.530052 
vn 0.267606 -0.887642 -0.374806 
vn 0.180433 -0.950568 -0.252713 
vn 0.37845 -0.758828 -0.530052 
vn -3.01624e-12 1 1.97719e-16 
vn 0.262692 -0.390413 -0.882367 
vn -0.262692 0.390413 0.882367 
vn -0.185837 0.758828 0.624215 
vn 0.924625 0.272565 0.266039 
vn 0.944556 0.272565 0.183093 
vn 0.92923 0.329874 0.166476 
vn 0.868684 0.450094 0.206888 
vn 0.934323 0.218715 0.281433 
vn 0.939267 0.118154 0.322207 
vn 0.952625 0.131488 0.274257 
vn 0.928285 0.0742251 0.364388 
vn 0.932004 0.0785758 0.353829 
vn 0.930771 0.064838 0.359809 
vn 0.960987 0.183391 0.207053 
vn 0.966802 0.106988 0.23205 
vn 0.88415 0.450094 0.125274 
vn 0.20604 -0.691792 -0.692078 
vn 0.262692 -0.390413 -0.882367 
vn 0.262692 -0.390413 -0.882367 
vn 0.217616 -0.646793 -0.730959 
vn 0.20604 -0.691792 -0.692078 
vn 0.185837 -0.758828 -0.624215 
vn 0.204975 -0.69567 -0.688497 
vn -0.185837 -0.758828 0.624215 
vn 0.958427 2.89079e-12 0.285336 
vn -0.185837 -0.758828 0.624215 
vn -0.147145 -0.856775 0.494252 
vn -0.141477 -0.868422 0.475213 
vn -0.185837 -0.758828 0.624215 
vn -0.0344252 -0.992695 0.115632 
vn -0.0257577 -0.995917 0.0865186 
vn -0.095708 -0.942068 0.321478 
vn -0.141477 -0.868422 0.475213 
vn 0.0822153 -0.95759 -0.276156 
vn 0.0886014 -0.950568 -0.297607 
vn 0.0191575 -0.997744 -0.0643489 
vn -0.0257577 -0.995917 0.0865186 
vn 0.185837 -0.758828 -0.624215 
vn 0.131407 -0.887642 -0.441389 
vn 0.0886014 -0.950568 -0.297607 
vn 0.185837 -0.758828 -0.624215 
vn -3.01624e-12 1 1.97719e-16 
vn -0.0380454 -0.390413 -0.919853 
vn 0.0380454 0.390413 0.919853 
vn 0.0269146 0.758828 0.650735 
vn 0.960909 0.272565 -0.0486011 
vn 0.952827 0.272565 -0.133524 
vn 0.932937 0.329874 -0.144265 
vn 0.888793 0.450094 -0.0863833 
vn 0.97508 0.218715 -0.0371903 
vn 0.992995 0.118154 -0.000230487 
vn 0.99006 0.131488 -0.0499195 
vn 0.996304 0.0742251 0.0432306 
vn 0.996393 0.0785758 0.0320365 
vn 0.997168 0.064838 0.0380926 
vn 0.976148 0.183391 -0.116197 
vn 0.989765 0.106988 -0.0944428 
vn 0.876921 0.450094 -0.168597 
vn -0.0298406 -0.691792 -0.72148 
vn -0.0380454 -0.390413 -0.919853 
vn -0.0380454 -0.390413 -0.919853 
vn -0.0315171 -0.646793 -0.762014 
vn -0.0298406 -0.691792 -0.72148 
vn -0.0269146 -0.758828 -0.650735 
vn -0.0296864 -0.695666 -0.717752 
vn 0.0269146 -0.758828 0.650735 
vn 0.999146 3.01367e-12 -0.041325 
vn 0.0269146 -0.758828 0.650735 
vn 0.0213074 -0.856826 0.515164 
vn 0.02049 -0.868422 0.495402 
vn 0.0269146 -0.758828 0.650735 
vn 0.00498243 -0.992705 0.120464 
vn 0.00373046 -0.995917 0.0901943 
vn 0.0138613 -0.942068 0.335135 
vn 0.02049 -0.868422 0.495402 
vn -0.0119084 -0.957581 -0.287918 
vn -0.0128321 -0.950568 -0.31025 
vn -0.00277456 -0.997744 -0.0670827 
vn 0.00373046 -0.995917 0.0901943 
vn -0.0269146 -0.758828 -0.650735 
vn -0.0190316 -0.887642 -0.460141 
vn -0.0128321 -0.950568 -0.31025 
vn -0.0269146 -0.758828 -0.650735 
vn -3.01624e-12 1 1.97719e-16 
vn -0.33466 -0.390413 -0.85766 
vn 0.33466 0.390413 0.85766 
vn 0.236749 0.758828 0.606737 
vn 0.893064 0.272565 -0.357974 
vn 0.857845 0.272565 -0.435672 
vn 0.835545 0.329874 -0.439372 
vn 0.812587 0.450094 -0.370293 
vn 0.910172 0.218715 -0.351783 
vn 0.939117 0.118154 -0.322643 
vn 0.920207 0.131488 -0.368687 
vn 0.956358 0.0742251 -0.282611 
vn 0.952808 0.0785758 -0.293228 
vn 0.955508 0.064838 -0.287751 
vn 0.885529 0.183391 -0.426856 
vn 0.905471 0.106988 -0.410702 
vn 0.774664 0.450094 -0.444197 
vn -0.262488 -0.691792 -0.672699 
vn -0.33466 -0.390413 -0.85766 
vn -0.33466 -0.390413 -0.85766 
vn -0.277235 -0.646793 -0.710492 
vn -0.262488 -0.691792 -0.672699 
vn -0.236749 -0.758828 -0.606737 
vn -0.261132 -0.695665 -0.669224 
vn 0.236749 -0.758828 0.606737 
vn 0.931591 2.80997e-12 -0.363508 
vn 0.236749 -0.758828 0.606737 
vn 0.187389 -0.856889 0.480236 
vn 0.180236 -0.868422 0.461906 
vn 0.236749 -0.758828 0.606737 
vn 0.0437909 -0.992717 0.112226 
vn 0.0328144 -0.995917 0.084096 
vn 0.121929 -0.942068 0.312476 
vn 0.180236 -0.868422 0.461906 
vn -0.104764 -0.957569 -0.268487 
vn -0.112875 -0.950568 -0.289274 
vn -0.024406 -0.997744 -0.0625471 
vn 0.0328144 -0.995917 0.084096 
vn -0.236749 -0.758828 -0.606737 
vn -0.167408 -0.887642 -0.42903 
vn -0.112875 -0.950568 -0.289274 
vn -0.236749 -0.758828 -0.606737 
vn -3.01624e-12 1 1.97719e-16 
vn -0.595009 -0.390413 -0.702526 
vn 0.595009 0.390413 0.702526 
vn 0.420929 0.758828 0.49699 
vn 0.728441 0.272565 -0.628556 
vn 0.669902 0.272565 -0.690608 
vn 0.647609 0.329874 -0.686867 
vn 0.648325 0.450094 -0.614077 
vn 0.746632 0.218715 -0.628255 
vn 0.783471 0.118154 -0.610092 
vn 0.750635 0.131488 -0.647501 
vn 0.812777 0.0742251 -0.577828 
vn 0.805971 0.0785758 -0.586716 
vn 0.810303 0.064838 -0.582413 
vn 0.698948 0.183391 -0.691259 
vn 0.723055 0.106988 -0.682455 
vn 0.58846 0.450094 -0.671662 
vn -0.466691 -0.691792 -0.551021 
vn -0.595009 -0.390413 -0.702526 
vn -0.595009 -0.390413 -0.702526 
vn -0.49291 -0.646793 -0.581978 
vn -0.466691 -0.691792 -0.551021 
vn -0.420929 -0.758828 -0.49699 
vn -0.464279 -0.695665 -0.548174 
vn 0.420929 -0.758828 0.49699 
vn 0.763084 2.30177e-12 -0.646299 
vn 0.420929 -0.758828 0.49699 
vn 0.333132 -0.856922 0.393328 
vn 0.320451 -0.868422 0.378356 
vn 0.420929 -0.758828 0.49699 
vn 0.0778234 -0.992724 0.0918859 
vn 0.0583423 -0.995917 0.0688846 
vn 0.216783 -0.942068 0.255955 
vn 0.320451 -0.868422 0.378356 
vn -0.18628 -0.957563 -0.21994 
vn -0.200686 -0.950568 -0.23695 
vn -0.0433926 -0.997744 -0.0512335 
vn 0.0583423 -0.995917 0.0688846 
vn -0.420929 -0.758828 -0.49699 
vn -0.297643 -0.887642 -0.351427 
vn -0.200686 -0.950568 -0.23695 
vn -0.420929 -0.758828 -0.49699 
vn -3.01624e-12 1 1.97719e-16 
vn -0.790879 -0.390413 -0.471262 
vn 0.790879 0.390413 0.471262 
vn 0.559494 0.758828 0.333386 
vn 0.48488 0.272565 -0.831023 
vn 0.409365 0.272565 -0.870706 
vn 0.389494 0.329874 -0.859929 
vn 0.413806 0.450094 -0.791315 
vn 0.502184 0.218715 -0.836645 
vn 0.542924 0.118154 -0.831428 
vn 0.499721 0.131488 -0.856149 
vn 0.581118 0.0742251 -0.810427 
vn 0.571795 0.0785758 -0.816625 
vn 0.577289 0.064838 -0.813961 
vn 0.436626 0.183391 -0.880753 
vn 0.462286 0.106988 -0.880253 
vn 0.338487 0.450094 -0.826342 
vn -0.620313 -0.6918 -0.369626 
vn -0.559494 -0.758828 -0.333386 
vn -0.617122 -0.695657 -0.367725 
vn -0.620313 -0.6918 -0.369626 
vn -0.790879 -0.390413 -0.471262 
vn -0.790879 -0.390413 -0.471262 
vn -0.655171 -0.646793 -0.390397 
vn 0.559494 -0.758828 0.333386 
vn 0.511885 1.54414e-12 -0.859054 
vn 0.559494 -0.758828 0.333386 
vn 0.448022 -0.853233 0.266963 
vn 0.1002 -0.993174 0.0597061 
vn 0.443248 -0.856605 0.264119 
vn 0.10387 -0.992663 0.0618934 
vn 0.448022 -0.853233 0.266963 
vn 0.288146 -0.942068 0.171697 
vn -0.244273 -0.95872 -0.145555 
vn -0.057677 -0.997744 -0.034368 
vn 0.1002 -0.993174 0.0597061 
vn -0.247443 -0.957618 -0.147444 
vn -0.559494 -0.758828 -0.333386 
vn -0.395624 -0.887642 -0.235741 
vn -0.559494 -0.758828 -0.333386 
vn -3.01624e-12 1 1.97719e-16 
vn -0.901046 -0.390413 -0.188929 
vn 0.901046 0.390413 0.188929 
vn 0.637429 0.758828 0.133655 
vn 0.188775 0.272565 -0.943436 
vn 0.104467 0.272565 -0.956449 
vn 0.0891719 0.329874 -0.939804 
vn 0.134446 0.450094 -0.882802 
vn 0.203316 0.218715 -0.954372 
vn 0.243542 0.118154 -0.962666 
vn 0.194653 0.131488 -0.972019 
vn 0.286486 0.0742251 -0.955205 
vn 0.275656 0.0785758 -0.958039 
vn 0.281717 0.064838 -0.957304 
vn 0.126988 0.183391 -0.974803 
vn 0.15142 0.106988 -0.982662 
vn 0.0518338 0.450094 -0.891475 
vn -0.706729 -0.691792 -0.148185 
vn -0.901046 -0.390413 -0.188929 
vn -0.901046 -0.390413 -0.188929 
vn -0.746433 -0.646793 -0.156511 
vn -0.706729 -0.691792 -0.148185 
vn -0.637429 -0.758828 -0.133655 
vn -0.703061 -0.695683 -0.147416 
vn 0.637429 -0.758828 0.133655 
vn 0.205215 6.19172e-13 -0.978717 
vn 0.637429 -0.758828 0.133655 
vn 0.485273 -0.868422 0.101751 
vn 0.0883501 -0.995917 0.0185251 
vn 0.328283 -0.942068 0.0688337 
vn 0.461031 -0.882103 0.0966681 
vn 0.485273 -0.868422 0.101751 
vn -0.303907 -0.950568 -0.0637226 
vn -0.0657111 -0.997744 -0.0137782 
vn 0.0733115 -0.997191 0.0153718 
vn -0.637429 -0.758828 -0.133655 
vn -0.450733 -0.887642 -0.0945088 
vn -0.3217 -0.944436 -0.0674535 
vn -0.637429 -0.758828 -0.133655 
vn -3.01624e-12 1 1.97719e-16 
vn -0.91357 -0.390413 0.113876 
vn 0.91357 0.390413 -0.113876 
vn 0.646289 0.758828 -0.0805599 
vn -0.127786 0.272565 -0.953614 
vn -0.211752 0.272565 -0.938546 
vn -0.220814 0.329874 -0.917837 
vn -0.159484 0.450094 -0.878624 
vn -0.117585 0.218715 -0.968678 
vn -0.0822306 0.118154 -0.989585 
vn -0.131508 0.131488 -0.982556 
vn -0.0391912 0.0742251 -0.996471 
vn -0.0503545 0.0785758 -0.995636 
vn -0.0443831 0.064838 -0.996908 
vn -0.19641 0.183391 -0.963219 
vn -0.175854 0.106988 -0.978585 
vn -0.240436 0.450094 -0.860003 
vn -0.716552 -0.691792 0.0893181 
vn -0.91357 -0.390413 0.113876 
vn -0.91357 -0.390413 0.113876 
vn -0.756809 -0.646793 0.0943361 
vn -0.716552 -0.691792 0.0893181 
vn -0.646289 -0.758828 0.0805599 
vn -0.713428 -0.695063 0.0889287 
vn 0.646289 -0.758828 -0.0805599 
vn -0.123693 -3.7289e-13 -0.992321 
vn 0.646289 -0.758828 -0.0805599 
vn 0.511738 -0.85677 -0.0637881 
vn 0.492018 -0.868422 -0.0613299 
vn 0.646289 -0.758828 -0.0805599 
vn 0.119727 -0.992695 -0.014924 
vn 0.0895781 -0.995917 -0.0111659 
vn 0.332846 -0.942068 -0.0414892 
vn 0.492018 -0.868422 -0.0613299 
vn -0.285922 -0.95759 0.0356401 
vn -0.308131 -0.950568 0.0384085 
vn -0.0666245 -0.997744 0.00830473 
vn 0.0895781 -0.995917 -0.0111659 
vn -0.646289 -0.758828 0.0805599 
vn -0.456998 -0.887642 0.0569648 
vn -0.308131 -0.950568 0.0384085 
vn -0.646289 -0.758828 0.0805599 
vn -0.0452437 0.997711 -0.0502483 
vn -0.0208944 0.997711 -0.0643063 
vn 0.0303896 0.997711 0.0604083 
vn 0.0428365 0.997711 0.0523233 
vn 0.0204164 0.997818 0.062781 
vn 0.0235262 0.997711 0.0633973 
vn 0.00706776 0.997711 -0.0672453 
vn 0.00166638 0.997711 0.0676012 
vn 0.00912844 0.997711 0.0670027 
vn -0.00340131 0.997871 0.0651287 
vn -0.00680813 0.997881 0.064704 
vn 0.0338078 0.997711 -0.0585569 
vn -0.0298184 0.997843 0.0584859 
vn -0.020374 0.997711 0.0644794 
vn -0.0131219 0.997711 0.0663363 
vn -0.0337562 0.997719 0.0584637 
vn -0.0402065 0.997711 0.0543703 
vn -0.0339503 0.997711 0.0584814 
vn 0.0547022 0.997711 -0.0397435 
vn -0.0510997 0.997711 0.044289 
vn -0.0543297 0.997743 0.0394701 
vn 0.0661381 0.997711 -0.0140581 
vn -0.0627116 0.997711 0.0252973 
vn -0.055682 0.997711 0.0383694 
vn -0.0648388 0.997744 0.0173814 
vn -0.0651235 0.997711 0.0182105 
vn -0.0640252 0.997855 0.0136245 
vn 0.0661381 0.997711 0.0140581 
vn -0.0675079 0.997711 -0.00392177 
vn -0.0675277 0.997711 0.00356422 
vn -0.0642049 0.997885 -0.0101647 
vn -0.063925 0.997862 -0.0136021 
vn -0.0625767 0.997711 -0.0256291 
vn -0.0650262 0.997711 -0.0185551 
vn 0.0547022 0.997711 0.0397435 
vn -0.0602514 0.997711 -0.0306996 
vn -0.0543917 0.997737 -0.0395152 
vn -0.055478 0.997711 -0.0386637 
vn 0.0478115 0.997711 0.0478115 
vn -0.0508644 0.997711 -0.044559 
vn -0.0478158 0.997711 -0.0478158 
vn 0.0448086 0.997755 0.0497662 
vn 0.0483576 0.997711 0.0472678 
vn -0.0478115 0.997711 -0.0478115 
vn 0.0575049 0.997711 0.0355793 
vn -0.060246 0.997711 -0.0306969 
vn 0.0602514 0.997711 0.0306996 
vn -0.780244 0.482876 -0.397554 
vn -0.839953 0.333639 -0.427977 
vn -0.83389 0.367979 -0.411361 
vn -0.739952 0.582959 -0.335603 
vn -0.723944 0.582959 -0.368868 
vn -0.804596 0.452237 -0.384847 
vn -0.564419 0.773774 -0.287586 
vn -0.586202 0.773774 -0.240086 
vn 0.404342 0.390413 -0.827095 
vn 0.286045 0.758828 -0.585114 
vn -3.01624e-12 1 1.97719e-16 
vn -0.404342 -0.390413 0.827095 
vn -0.868226 0.272565 -0.414599 
vn -0.901537 0.272565 -0.336064 
vn -0.889156 0.329874 -0.317152 
vn -0.822784 0.450094 -0.347047 
vn -0.875258 0.218715 -0.431379 
vn -0.873423 0.118154 -0.472411 
vn -0.894491 0.131488 -0.427314 
vn -0.855648 0.0742251 -0.512208 
vn -0.861054 0.0785758 -0.502406 
vn -0.858853 0.064838 -0.508101 
vn -0.913801 0.183391 -0.362403 
vn -0.915422 0.106988 -0.388016 
vn -0.851472 0.450094 -0.269092 
vn -0.317143 -0.691792 0.648726 
vn -0.404342 -0.390413 0.827095 
vn -0.404342 -0.390413 0.827095 
vn -0.33496 -0.646793 0.685172 
vn -0.317143 -0.691792 0.648726 
vn -0.286045 -0.758828 0.585114 
vn -0.315503 -0.695668 0.645371 
vn 0.286045 -0.758828 -0.585114 
vn -0.898391 -2.70769e-12 -0.439197 
vn 0.286045 -0.758828 -0.585114 
vn 0.254153 -0.815557 -0.519878 
vn 0.229053 -0.853235 -0.468535 
vn 0.286045 -0.758828 -0.585114 
vn 0.0512267 -0.993175 -0.104786 
vn 0.147316 -0.942068 -0.30134 
vn 0.090171 -0.978697 -0.184448 
vn 0.229053 -0.853235 -0.468535 
vn -0.124887 -0.95872 0.25546 
vn -0.0294877 -0.997744 0.0603181 
vn -0.0862332 -0.980535 0.176393 
vn 0.0512267 -0.993175 -0.104786 
vn -0.124462 -0.959006 0.254592 
vn -0.286045 -0.758828 0.585114 
vn -0.202265 -0.887642 0.41374 
vn -0.124887 -0.95872 0.25546 
vn -0.286045 -0.758828 0.585114 
vn -3.01624e-12 1 1.97719e-16 
vn -0.650991 -0.390413 0.650991 
vn 0.650991 0.390413 -0.650991 
vn 0.460532 0.758828 -0.460532 
vn -0.686563 0.272565 -0.674047 
vn -0.743569 0.272565 -0.610584 
vn -0.738 0.329874 -0.588676 
vn -0.665517 0.450094 -0.5954 
vn -0.687765 0.218715 -0.692201 
vn -0.672707 0.118154 -0.730414 
vn -0.707276 0.131488 -0.694601 
vn -0.642973 0.0742251 -0.762284 
vn -0.651269 0.0785758 -0.754768 
vn -0.647338 0.064838 -0.75944 
vn -0.746617 0.183391 -0.639477 
vn -0.739833 0.106988 -0.664229 
vn -0.717963 0.450094 -0.530984 
vn -0.5106 -0.691792 0.5106 
vn -0.650991 -0.390413 0.650991 
vn -0.650991 -0.390413 0.650991 
vn -0.539286 -0.646793 0.539286 
vn -0.5106 -0.691792 0.5106 
vn -0.460532 -0.758828 0.460532 
vn -0.50804 -0.695551 0.50804 
vn 0.460532 -0.758828 -0.460532 
vn -0.707107 -2.13015e-12 -0.707107 
vn 0.460532 -0.758828 -0.460532 
vn 0.368775 -0.853235 -0.368775 
vn 0.362055 -0.858972 -0.362055 
vn 0.082474 -0.993175 -0.082474 
vn 0.237179 -0.942068 -0.237179 
vn 0.0803241 -0.993527 -0.0803241 
vn -0.201069 -0.958719 0.201069 
vn -0.0474752 -0.997744 0.0474752 
vn -0.460532 -0.758828 0.460532 
vn -0.208567 -0.95551 0.208567 
vn -0.428391 -0.795589 0.428391 
vn -0.201069 -0.958719 0.201069 
vn -0.325647 -0.887642 0.325647 
vn -0.460532 -0.758828 0.460532 
vn -0.460532 -0.758828 0.460532 
vn -3.01624e-12 1 1.97719e-16 
vn -0.113876 -0.390413 0.91357 
vn 0.113876 0.390413 -0.91357 
vn 0.0805599 0.758828 -0.646289 
vn -0.955803 0.272565 -0.110222 
vn -0.961809 0.272565 -0.0251269 
vn -0.943958 0.329874 -0.0112589 
vn -0.890889 0.450094 -0.0610854 
vn -0.967902 0.218715 -0.12381 
vn -0.97949 0.118154 -0.163214 
vn -0.984773 0.131488 -0.11372 
vn -0.9756 0.0742251 -0.206627 
vn -0.977531 0.0785758 -0.1956 
vn -0.977299 0.064838 -0.201702 
vn -0.981961 0.183391 -0.046056 
vn -0.99181 0.106988 -0.0697552 
vn -0.892711 0.450094 0.0219607 
vn -0.0893181 -0.691792 0.716552 
vn -0.113876 -0.390413 0.91357 
vn -0.113876 -0.390413 0.91357 
vn -0.0943361 -0.646793 0.756809 
vn -0.0893181 -0.691792 0.716552 
vn -0.0805599 -0.758828 0.646289 
vn -0.0888561 -0.695669 0.712846 
vn 0.0805599 -0.758828 -0.646289 
vn -0.992321 -2.99306e-12 -0.123693 
vn 0.0805599 -0.758828 -0.646289 
vn 0.0613299 -0.868422 -0.492018 
vn 0.0111659 -0.995917 -0.0895781 
vn 0.0606774 -0.871413 -0.486782 
vn 0.0221511 -0.983834 -0.177707 
vn 0.0134761 -0.994047 -0.108112 
vn 0.0613299 -0.868422 -0.492018 
vn 0.0414892 -0.942068 -0.332846 
vn -0.0347249 -0.959785 0.278579 
vn -0.0384085 -0.950568 0.308131 
vn -0.00830473 -0.997744 0.0666245 
vn 0.0111659 -0.995917 -0.0895781 
vn -0.0805599 -0.758828 0.646289 
vn -0.0569648 -0.887642 0.456998 
vn -0.0384085 -0.950568 0.308131 
vn -0.0805599 -0.758828 0.646289 
vn -3.01624e-12 1 1.97719e-16 
vn 0.188929 -0.390413 0.901046 
vn -0.188929 0.390413 -0.901046 
vn -0.133655 0.758828 -0.637429 
vn -0.939804 0.272565 0.206099 
vn -0.917854 0.272565 0.288533 
vn -0.896467 0.329874 0.295854 
vn -0.862453 0.450094 0.231496 
vn -0.95566 0.218715 0.197176 
vn -0.979414 0.118154 0.163669 
vn -0.96834 0.131488 0.212197 
vn -0.989831 0.0742251 0.121345 
vn -0.988077 0.0785758 0.132401 
vn -0.989838 0.064838 0.126555 
vn -0.94371 0.183391 0.275281 
vn -0.960721 0.106988 0.256065 
vn -0.837211 0.450094 0.310634 
vn 0.148183 -0.691804 0.706717 
vn 0.133655 -0.758828 0.637429 
vn 0.147423 -0.69565 0.703091 
vn 0.188929 -0.390413 0.901046 
vn 0.156511 -0.646793 0.746433 
vn 0.152307 -0.670198 0.726387 
vn 0.148183 -0.691804 0.706717 
vn 0.188929 -0.390413 0.901046 
vn -0.133655 -0.758828 -0.637429 
vn -0.978717 -2.95208e-12 0.205215 
vn -0.133655 -0.758828 -0.637429 
vn -0.105873 -0.85664 -0.504934 
vn -0.101751 -0.868422 -0.485273 
vn -0.133655 -0.758828 -0.637429 
vn -0.0248025 -0.992669 -0.118289 
vn -0.0185251 -0.995917 -0.0883501 
vn -0.0688337 -0.942068 -0.328283 
vn -0.101751 -0.868422 -0.485273 
vn 0.0591132 -0.957614 0.281924 
vn 0.0637226 -0.950568 0.303907 
vn 0.0137782 -0.997744 0.0657111 
vn -0.0185251 -0.995917 -0.0883501 
vn 0.133655 -0.758828 0.637429 
vn 0.0945088 -0.887642 0.450733 
vn 0.0637226 -0.950568 0.303907 
vn 0.133655 -0.758828 0.637429 
vn -3.01624e-12 1 1.97719e-16 
vn 0.471262 -0.390413 0.790879 
vn -0.471262 0.390413 -0.790879 
vn -0.333386 0.758828 -0.559494 
vn -0.821963 0.272565 0.500085 
vn -0.774436 0.272565 0.570927 
vn -0.751831 0.329874 0.570906 
vn -0.740556 0.450094 0.498991 
vn -0.839856 0.218715 0.496795 
vn -0.873204 0.118154 0.472816 
vn -0.846973 0.131488 0.515119 
vn -0.896799 0.0742251 0.436168 
vn -0.891549 0.0785758 0.446056 
vn -0.895114 0.064838 0.441098 
vn -0.803193 0.183391 0.566788 
vn -0.825522 0.106988 0.554136 
vn -0.690986 0.450094 0.565644 
vn 0.369631 -0.691792 0.62032 
vn 0.471262 -0.390413 0.790879 
vn 0.471262 -0.390413 0.790879 
vn 0.390397 -0.646793 0.655171 
vn 0.369631 -0.691792 0.62032 
vn 0.333386 -0.758828 0.559494 
vn 0.367712 -0.695683 0.617101 
vn -0.333386 -0.758828 -0.559494 
vn -0.859054 -2.59121e-12 0.511885 
vn -0.333386 -0.758828 -0.559494 
vn -0.266963 -0.853233 -0.448022 
vn -0.0597061 -0.993174 -0.1002 
vn -0.171697 -0.942068 -0.288146 
vn -0.241127 -0.882102 -0.404664 
vn -0.266963 -0.853233 -0.448022 
vn 0.145555 -0.95872 0.244273 
vn 0.034368 -0.997744 0.057677 
vn -0.0383442 -0.99719 -0.0643498 
vn 0.333386 -0.758828 0.559494 
vn 0.235741 -0.887642 0.395624 
vn 0.168254 -0.944436 0.282366 
vn 0.333386 -0.758828 0.559494 
vn -3.01624e-12 1 1.97719e-16 
vn 0.702526 -0.390413 0.595009 
vn -0.702526 0.390413 -0.595009 
vn -0.49699 0.758828 -0.420929 
vn -0.615049 0.272565 0.73988 
vn -0.547095 0.272565 0.791451 
vn -0.525722 0.329874 0.784092 
vn -0.538409 0.450094 0.712412 
vn -0.633042 0.218715 0.742578 
vn -0.672368 0.118154 0.730726 
vn -0.633822 0.131488 0.76222 
vn -0.706584 0.0742251 0.703725 
vn -0.698409 0.0785758 0.711373 
vn -0.703389 0.064838 0.707841 
vn -0.575638 0.183391 0.796874 
vn -0.600866 0.106988 0.792158 
vn -0.469882 0.450094 0.759359 
vn 0.551021 -0.691792 0.466691 
vn 0.702526 -0.390413 0.595009 
vn 0.702526 -0.390413 0.595009 
vn 0.581978 -0.646793 0.49291 
vn 0.551021 -0.691792 0.466691 
vn 0.49699 -0.758828 0.420929 
vn 0.548172 -0.695668 0.464278 
vn -0.49699 -0.758828 -0.420929 
vn -0.646299 -1.94954e-12 0.763084 
vn -0.49699 -0.758828 -0.420929 
vn -0.393452 -0.856825 -0.333236 
vn -0.378356 -0.868422 -0.320451 
vn -0.49699 -0.758828 -0.420929 
vn -0.0920029 -0.992705 -0.0779224 
vn -0.0688846 -0.995917 -0.0583423 
vn -0.255955 -0.942068 -0.216783 
vn -0.378356 -0.868422 -0.320451 
vn 0.219895 -0.95758 0.186242 
vn 0.23695 -0.950568 0.200686 
vn 0.0512335 -0.997744 0.0433926 
vn -0.0688846 -0.995917 -0.0583423 
vn 0.49699 -0.758828 0.420929 
vn 0.351427 -0.887642 0.297643 
vn 0.23695 -0.950568 0.200686 
vn 0.49699 -0.758828 0.420929 
vn -3.01624e-12 1 1.97719e-16 
vn 0.85766 -0.390413 0.33466 
vn -0.85766 0.390413 -0.33466 
vn -0.606737 0.758828 -0.236749 
vn -0.341485 0.272565 0.899498 
vn -0.260468 0.272565 0.92621 
vn -0.242642 0.329874 0.912309 
vn -0.277917 0.450094 0.848633 
vn -0.357627 0.218715 0.907891 
vn -0.398671 0.118154 0.909451 
vn -0.351988 0.131488 0.926723 
vn -0.4398 0.0742251 0.895023 
vn -0.429585 0.0785758 0.899601 
vn -0.435442 0.064838 0.897879 
vn -0.285704 0.183391 0.940607 
vn -0.311096 0.106988 0.944337 
vn -0.197859 0.450094 0.870785 
vn 0.672699 -0.691792 0.262488 
vn 0.85766 -0.390413 0.33466 
vn 0.85766 -0.390413 0.33466 
vn 0.710492 -0.646793 0.277235 
vn 0.672699 -0.691792 0.262488 
vn 0.606737 -0.758828 0.236749 
vn 0.669224 -0.695665 0.261132 
vn -0.606737 -0.758828 -0.236749 
vn -0.363508 -1.09661e-12 0.931591 
vn -0.606737 -0.758828 -0.236749 
vn -0.48027 -0.856867 -0.187402 
vn -0.461906 -0.868422 -0.180236 
vn -0.606737 -0.758828 -0.236749 
vn -0.112258 -0.992713 -0.0438034 
vn -0.084096 -0.995917 -0.0328144 
vn -0.312476 -0.942068 -0.121929 
vn -0.461906 -0.868422 -0.180236 
vn 0.268475 -0.957573 0.104759 
vn 0.289274 -0.950568 0.112875 
vn 0.0625471 -0.997744 0.024406 
vn -0.084096 -0.995917 -0.0328144 
vn 0.606737 -0.758828 0.236749 
vn 0.42903 -0.887642 0.167408 
vn 0.289274 -0.950568 0.112875 
vn 0.606737 -0.758828 0.236749 
vn -3.01624e-12 1 1.97719e-16 
vn 0.919853 -0.390413 0.0380454 
vn -0.919853 0.390413 -0.0380454 
vn -0.650735 0.758828 -0.0269146 
vn -0.0309162 0.272565 0.96164 
vn 0.0543845 0.272565 0.960599 
vn 0.0667309 0.329874 0.941664 
vn 0.0126923 0.450094 0.892891 
vn -0.0434581 0.218715 0.97482 
vn -0.0817712 0.118154 0.989623 
vn -0.0320095 0.131488 0.990801 
vn -0.125357 0.0742251 0.989331 
vn -0.114209 0.0785758 0.990345 
vn -0.120308 0.064838 0.990617 
vn 0.0351909 0.183391 0.98241 
vn 0.0123861 0.106988 0.994183 
vn 0.0956052 0.450094 0.887848 
vn 0.72148 -0.691792 0.0298406 
vn 0.919853 -0.390413 0.0380454 
vn 0.919853 -0.390413 0.0380454 
vn 0.762014 -0.646793 0.0315171 
vn 0.72148 -0.691792 0.0298406 
vn 0.650735 -0.758828 0.0269146 
vn 0.717751 -0.695667 0.0296864 
vn -0.650735 -0.758828 -0.0269146 
vn -0.041325 -1.24843e-13 0.999146 
vn -0.650735 -0.758828 -0.0269146 
vn -0.514998 -0.856927 -0.0213005 
vn -0.495402 -0.868422 -0.02049 
vn -0.650735 -0.758828 -0.0269146 
vn -0.120305 -0.992725 -0.00497584 
vn -0.0901943 -0.995917 -0.00373046 
vn -0.335135 -0.942068 -0.0138613 
vn -0.495402 -0.868422 -0.02049 
vn 0.287979 -0.957563 0.0119109 
vn 0.31025 -0.950568 0.0128321 
vn 0.0670827 -0.997744 0.00277456 
vn -0.0901943 -0.995917 -0.00373046 
vn 0.31025 -0.950568 0.0128321 
vn 0.326548 -0.945084 0.0135061 
vn 0.650735 -0.758828 0.0269146 
vn 0.460141 -0.887642 0.0190316 
vn 0.650735 -0.758828 0.0269146 
vn -3.01624e-12 1 1.97719e-16 
vn 0.882367 -0.390413 -0.262692 
vn -0.882367 0.390413 0.262692 
vn -0.624215 0.758828 0.185837 
vn 0.283003 0.272565 0.919575 
vn 0.363344 0.272565 0.890892 
vn 0.368873 0.329874 0.868974 
vn 0.301926 0.450094 0.84039 
vn 0.27542 0.218715 0.936113 
vn 0.243989 0.118154 0.962553 
vn 0.291437 0.131488 0.94751 
vn 0.20267 0.0742251 0.97643 
vn 0.213544 0.0785758 0.973768 
vn 0.207863 0.064838 0.976007 
vn 0.352272 0.183391 0.917754 
vn 0.334526 0.106988 0.936294 
vn 0.378709 0.450094 0.808699 
vn 0.882367 -0.390413 -0.262692 
vn 0.730959 -0.646793 -0.217616 
vn 0.692078 -0.691792 -0.20604 
vn 0.843002 -0.475773 -0.250973 
vn 0.624215 -0.758828 -0.185837 
vn 0.688497 -0.69567 -0.204974 
vn 0.882367 -0.390413 -0.262692 
vn -0.624215 -0.758828 0.185837 
vn 0.285336 8.5875e-13 0.958427 
vn -0.624215 -0.758828 0.185837 
vn -0.493986 -0.856942 0.147066 
vn -0.475213 -0.868422 0.141477 
vn -0.624215 -0.758828 0.185837 
vn -0.115379 -0.992727 0.0343499 
vn -0.0865186 -0.995917 0.0257577 
vn -0.321478 -0.942068 0.095708 
vn -0.475213 -0.868422 0.141477 
vn 0.276253 -0.957559 -0.0822442 
vn 0.297607 -0.950568 -0.0886014 
vn 0.0643489 -0.997744 -0.0191575 
vn -0.0865186 -0.995917 0.0257577 
vn 0.624215 -0.758828 -0.185837 
vn 0.441389 -0.887642 -0.131407 
vn 0.297607 -0.950568 -0.0886014 
vn 0.624215 -0.758828 -0.185837 
vn -3.01624e-12 1 1.97719e-16 
vn 0.749262 -0.390413 -0.534963 
vn -0.749262 0.390413 0.534963 
vn -0.530052 0.758828 0.37845 
vn 0.566255 0.272565 0.777858 
vn 0.632929 0.272565 0.724644 
vn 0.631042 0.329874 0.702118 
vn 0.558441 0.450094 0.696821 
vn 0.564453 0.218715 0.795963 
vn 0.54331 0.118154 0.831176 
vn 0.583303 0.131488 0.801542 
vn 0.508735 0.0742251 0.857717 
vn 0.518156 0.0785758 0.851669 
vn 0.51351 0.064838 0.855631 
vn 0.631179 0.183391 0.753645 
vn 0.620414 0.106988 0.776942 
vn 0.620774 0.450094 0.641915 
vn 0.587678 -0.691792 -0.419594 
vn 0.749262 -0.390413 -0.534962 
vn 0.749262 -0.390413 -0.534963 
vn 0.620694 -0.646793 -0.443167 
vn 0.587678 -0.691792 -0.419594 
vn 0.530052 -0.758828 -0.37845 
vn 0.584635 -0.695673 -0.417422 
vn -0.530052 -0.758828 0.37845 
vn 0.581077 1.7525e-12 0.813849 
vn -0.530052 -0.758828 0.37845 
vn -0.419637 -0.856817 0.299615 
vn -0.403527 -0.868422 0.288113 
vn -0.530052 -0.758828 0.37845 
vn -0.0981339 -0.992704 0.0700663 
vn -0.0734672 -0.995917 0.0524546 
vn -0.272983 -0.942068 0.194906 
vn -0.403527 -0.868422 0.288113 
vn 0.234521 -0.957582 -0.167445 
vn 0.252713 -0.950568 -0.180433 
vn 0.0546419 -0.997744 -0.0390135 
vn -0.0734672 -0.995917 0.0524546 
vn 0.530052 -0.758828 -0.37845 
vn 0.374806 -0.887642 -0.267606 
vn 0.252713 -0.950568 -0.180433 
vn 0.530052 -0.758828 -0.37845 
vn -0.676533 -0.290873 -0.676533 
vn -0.595975 -0.426266 -0.680522 
vn -0.536428 -0.63831 -0.552091 
vn -0.611485 -0.307671 -0.728989 
vn -0.612693 -0.290873 -0.734847 
vn -0.470673 -0.773774 -0.423959 
vn -0.600483 -0.704402 -0.378467 
vn -0.644526 -0.63831 -0.420888 
vn -0.542928 -0.773774 -0.326349 
vn -0.544316 -0.63831 -0.544316 
vn -0.513196 -0.687939 -0.513196 
vn -0.460567 -0.773774 -0.434916 
vn -0.750536 -0.367463 -0.549242 
vn -0.75466 -0.290873 -0.588117 
vn -0.815055 -0.307671 -0.490942 
vn -0.729212 -0.574629 -0.371552 
vn -0.812167 -0.411263 -0.41382 
vn -0.685644 -0.63831 -0.349931 
vn -0.685878 -0.63831 -0.349472 
vn -0.852481 -0.290873 -0.434361 
vn -0.8181 -0.290873 -0.49609 
vn -0.724701 0.581773 -0.369254 
vn -0.564419 0.773774 -0.287586 
vn -0.519703 0.773774 -0.362191 
vn -0.604844 0.657893 -0.44871 
vn -0.780055 0.483261 -0.397458 
vn -0.847017 0.123808 -0.516947 
vn -0.734043 0.1517 -0.661942 
vn -0.729633 0.115646 -0.67399 
vn -0.727777 0.307671 -0.612927 
vn -0.734101 0.154125 -0.661318 
vn -0.685344 0.483261 -0.544759 
vn -0.839948 0.333653 -0.427975 
vn -0.728855 0.110742 -0.675653 
vn -0.850769 0.110742 -0.51374 
vn -0.874148 0.0101384 -0.485554 
vn -0.824763 -0.115646 -0.553527 
vn -0.824872 -0.212956 -0.523676 
vn -0.819287 -0.28386 -0.498189 
vn -0.875465 0.00346722 -0.483268 
vn -0.804045 0.00504345 -0.594547 
vn -0.804628 0.00292788 -0.593772 
vn -0.808131 -0.0101384 -0.588915 
vn -0.876627 0.000120622 -0.481171 
vn -0.882651 -0.0180356 -0.469682 
vn -0.793525 0.0207386 -0.608184 
vn -0.794058 0.0199581 -0.607515 
vn -0.783025 0.0137492 -0.621839 
vn -0.783235 0.0138871 -0.621571 
vn -0.742762 -0.123808 -0.658009 
vn -0.774784 -0.0101384 -0.632145 
vn -0.70838 0.0101384 -0.705759 
vn -0.70709 0.00686197 -0.70709 
vn -0.871108 -0.21016 -0.443852 
vn -0.884476 -0.0180951 -0.466234 
vn -0.890857 -0.0182996 -0.453914 
vn -0.619055 0.483261 -0.619055 
vn -0.650271 0.392803 -0.650271 
vn -0.636117 0.451968 -0.625364 
vn -0.447925 0.773774 -0.447925 
vn -0.627102 0.483261 -0.610902 
vn -0.373941 0.773774 -0.511314 
vn -0.426376 0.657893 -0.62079 
vn -0.633271 0.123808 -0.763963 
vn -0.479338 0.1517 -0.86442 
vn -0.471255 0.115646 -0.874382 
vn -0.489326 0.307671 -0.816026 
vn -0.479596 0.154125 -0.863848 
vn -0.471327 0.483261 -0.737773 
vn -0.655283 0.367463 -0.659981 
vn -0.469976 0.110742 -0.875705 
vn -0.637861 0.110742 -0.762148 
vn -0.669125 0.0101384 -0.743081 
vn -0.600345 -0.115646 -0.791336 
vn -0.610141 -0.212956 -0.763137 
vn -0.613134 -0.28386 -0.737218 
vn -0.67303 -0.00202525 -0.739613 
vn -0.672766 -0.00119346 -0.739854 
vn -0.567431 0.00504345 -0.823406 
vn -0.568234 0.00292788 -0.822862 
vn -0.573124 -0.0101384 -0.819406 
vn -0.685146 -0.0200344 -0.72813 
vn -0.685236 -0.0201705 -0.728042 
vn -0.553053 0.0207386 -0.832888 
vn -0.553774 0.0199581 -0.832428 
vn -0.538688 0.0137492 -0.842393 
vn -0.538973 0.0138871 -0.842209 
vn -0.453956 -0.0122889 -0.890939 
vn -0.443839 -0.210286 -0.871084 
vn -0.488862 -0.123808 -0.863531 
vn -0.527547 -0.0101384 -0.849466 
vn -0.453395 0.0512182 -0.889837 
vn -0.698314 -0.0147754 -0.715639 
vn -0.697984 -0.014913 -0.715958 
vn -0.52281 -0.290873 -0.801289 
vn -0.434361 -0.290873 -0.852481 
vn -0.371782 -0.573908 -0.729663 
vn -0.472942 -0.63831 -0.60736 
vn -0.531531 -0.367463 -0.763181 
vn -0.414947 -0.405717 -0.814379 
vn -0.303892 -0.74292 -0.596423 
vn -0.294395 -0.773774 -0.560897 
vn -0.349472 -0.63831 -0.685878 
vn -0.407545 -0.773774 -0.484954 
vn -0.445059 -0.704402 -0.552937 
vn -0.476484 0.773774 -0.417417 
vn -0.683917 -0.640955 -0.348473 
vn -0.65097 0.390481 0.65097 
vn -0.634707 0.440787 0.634707 
vn -0.567785 0.59602 0.567785 
vn -0.65097 0.390481 0.65097 
vn -0.639624 0.426335 0.639624 
vn -0.460532 0.758828 0.460532 
vn -0.49593 0.712816 0.49593 
vn -0.567785 0.59602 0.567785 
vn -0.460532 0.758828 0.460532 
vn -0.460144 0.759299 0.460144 
vn -0.460144 0.759299 0.460144 
vn -0.350883 0.868194 0.350883 
vn -0.0639113 0.995907 0.0639113 
vn -0.232918 0.944192 0.232918 
vn -0.350883 0.868194 0.350883 
vn -0.333033 0.882144 0.333033 
vn -0.0639113 0.995907 0.0639113 
vn 0.219624 0.950542 -0.219624 
vn 0.0625141 0.996084 -0.0625141 
vn -0.0496413 0.997533 0.0496413 
vn 0.225203 0.947928 -0.225203 
vn 0.460532 0.758828 -0.460532 
vn 0.322032 0.890275 -0.322032 
vn 0.460532 0.758828 -0.460532 
vn 0.460532 -0.758828 -0.460532 
vn -0.707107 -2.13015e-12 -0.707107 
vn -0.829697 -0.183083 -0.527337 
vn -0.826244 -0.125979 -0.549045 
vn -0.778469 -0.218506 -0.588423 
vn -0.77764 -0.237396 -0.582168 
vn -0.826959 -0.237396 -0.509688 
vn -0.761798 -0.0561928 -0.645373 
vn -0.821955 -0.0846098 -0.563233 
vn -0.818239 -0.068829 -0.570742 
vn -0.767956 -0.015717 -0.64031 
vn -0.776882 0.00735956 -0.629603 
vn -0.773343 0.0039386 -0.633976 
vn -0.768972 -0.00583484 -0.639256 
vn -0.78675 0.0107538 -0.617178 
vn -0.782272 0.0126308 -0.622809 
vn -0.796297 0.00105476 -0.604905 
vn -0.792665 0.00824413 -0.609602 
vn -0.809493 -0.0374622 -0.585933 
vn -0.799711 -0.00583484 -0.600356 
vn -0.76834 -0.00762274 -0.639997 
vn -0.748519 -0.092586 -0.656618 
vn -0.76667 -0.345368 -0.541238 
vn -0.815603 -0.330782 -0.474737 
vn -0.746429 -0.450872 -0.489447 
vn -0.789745 -0.450872 -0.415953 
vn -0.650991 0.390413 0.650991 
vn 0.650991 -0.390413 -0.650991 
vn 3.01624e-12 -1 -1.97719e-16 
vn -0.827069 0.390481 0.404329 
vn -0.806406 0.440787 0.394228 
vn -0.721381 0.59602 0.352662 
vn -0.827069 0.390481 0.404329 
vn -0.812653 0.426335 0.397282 
vn -0.585114 0.758828 0.286045 
vn -0.630087 0.712816 0.308031 
vn -0.721381 0.59602 0.352662 
vn -0.585114 0.758828 0.286045 
vn -0.58462 0.759299 0.285803 
vn -0.58462 0.759299 0.285803 
vn -0.445803 0.868194 0.21794 
vn -0.0812003 0.995907 0.0396964 
vn -0.295926 0.944192 0.14467 
vn -0.445803 0.868194 0.21794 
vn -0.423124 0.882144 0.206853 
vn -0.0812003 0.995907 0.0396964 
vn 0.279036 0.950542 -0.136412 
vn 0.0794252 0.996084 -0.0388286 
vn -0.06307 0.997533 0.0308331 
vn 0.286124 0.947928 -0.139878 
vn 0.585114 0.758828 -0.286045 
vn 0.409148 0.890275 -0.20002 
vn 0.585114 0.758828 -0.286045 
vn 0.585114 -0.758828 -0.286045 
vn -0.439197 -1.32575e-12 -0.898391 
vn -0.613516 -0.183083 -0.768166 
vn -0.603201 -0.125979 -0.787577 
vn -0.545229 -0.218506 -0.809309 
vn -0.546475 -0.237396 -0.803124 
vn -0.616657 -0.237396 -0.750585 
vn -0.51097 -0.0561928 -0.85776 
vn -0.594537 -0.0846098 -0.799604 
vn -0.588585 -0.068829 -0.8055 
vn -0.518437 -0.015717 -0.854971 
vn -0.530357 0.00735956 -0.847743 
vn -0.525589 0.0039386 -0.850729 
vn -0.519741 -0.00583484 -0.854304 
vn -0.543725 0.0107538 -0.839195 
vn -0.537661 0.0126308 -0.843067 
vn -0.556739 0.00105476 -0.830687 
vn -0.551779 0.00824413 -0.83395 
vn -0.57538 -0.0374622 -0.817028 
vn -0.561446 -0.00583484 -0.827493 
vn -0.518902 -0.00762274 -0.8548 
vn -0.494758 -0.092586 -0.864085 
vn -0.54939 -0.345368 -0.760849 
vn -0.617265 -0.330782 -0.71384 
vn -0.547062 -0.450872 -0.705292 
vn -0.611895 -0.450872 -0.649845 
vn 0.827095 -0.390413 -0.404342 
vn -0.827095 0.390413 0.404342 
vn 3.01624e-12 -1 -1.97719e-16 
vn -0.91357 0.390413 0.113876 
vn -0.913541 0.390481 0.113873 
vn -0.889543 0.443191 0.110881 
vn -0.796803 0.59602 0.0993214 
vn -0.913541 0.390481 0.113873 
vn -0.646289 0.758828 0.0805599 
vn -0.695965 0.712816 0.0867519 
vn -0.796803 0.59602 0.0993214 
vn -0.646289 0.758828 0.0805599 
vn -0.794106 0.599664 0.0989852 
vn -0.645744 0.759299 0.0804919 
vn -0.645744 0.759299 0.0804919 
vn -0.517921 0.852989 0.0645587 
vn -0.115832 0.993164 0.0144384 
vn -0.326506 0.944318 0.040699 
vn -0.517921 0.852989 0.0645587 
vn -0.467409 0.882119 0.0582624 
vn -0.115832 0.993164 0.0144384 
vn 0.282219 0.958705 -0.0351786 
vn 0.0879658 0.996063 -0.0109649 
vn -0.0696169 0.997536 0.00867774 
vn 0.646289 0.758828 -0.0805599 
vn 0.45214 0.890164 -0.0563592 
vn 0.31606 0.947921 -0.0393968 
vn 3.01624e-12 -1 -1.97719e-16 
vn 0.91357 -0.390413 -0.113876 
vn -0.330851 -0.183083 -0.925753 
vn -0.314793 -0.125979 -0.940763 
vn -0.252905 -0.218506 -0.942494 
vn -0.256092 -0.237398 -0.937048 
vn -0.339531 -0.237398 -0.910143 
vn -0.20477 -0.0561928 -0.977196 
vn -0.302693 -0.0846098 -0.949325 
vn -0.295149 -0.068829 -0.952969 
vn -0.278916 -0.0374621 -0.959585 
vn -0.214187 -0.00583484 -0.976775 
vn -0.213234 -0.00762274 -0.976972 
vn -0.227349 0.00797816 -0.973781 
vn -0.220872 0.00392975 -0.975295 
vn -0.24259 0.00394016 -0.970121 
vn -0.24281 0.0104774 -0.970017 
vn -0.234776 0.0126289 -0.971967 
vn -0.257767 -9.81106e-05 -0.966207 
vn -0.251086 0.00825431 -0.96793 
vn -0.262338 -0.00583484 -0.964958 
vn -0.212738 -0.015717 -0.976983 
vn -0.187383 -0.092586 -0.977914 
vn -0.272575 -0.345368 -0.898011 
vn -0.352036 -0.330782 -0.875588 
vn -0.288413 -0.450872 -0.844708 
vn -0.367737 -0.450872 -0.813317 
vn 0.646289 0.758828 -0.0805599 
vn 0.646289 -0.758828 -0.0805599 
vn -0.123693 -3.7289e-13 -0.992321 
vn -0.0140581 -0.997711 -0.0661381 
vn 0.0136226 -0.997711 0.0662353 
vn -0.00085873 -0.997711 0.0676162 
vn 0.0140581 -0.997711 -0.0661381 
vn -0.00862212 -0.997711 0.0670698 
vn 0.0140578 -0.997712 0.0661366 
vn 0.0397435 -0.997711 -0.0547022 
vn -0.0304382 -0.997749 0.0597564 
vn -0.0135537 -0.99787 0.0638101 
vn -0.0227672 -0.997711 0.0636738 
vn -0.0299325 -0.997711 0.0606361 
vn 0.0585569 -0.997711 -0.0338078 
vn -0.0505853 -0.997879 0.0409666 
vn -0.0570757 -0.997711 0.0362637 
vn -0.0479992 -0.997711 0.0476317 
vn -0.0422084 -0.997711 0.0528313 
vn -0.0387638 -0.997824 0.0533268 
vn 0.0672453 -0.997711 -0.00706776 
vn -0.065758 -0.997711 0.0157664 
vn -0.0671341 -0.997711 0.00810637 
vn -0.0642682 -0.997784 0.0172067 
vn -0.0608644 -0.997711 0.0294655 
vn -0.057977 -0.997757 0.0334749 
vn 0.0643063 -0.997711 0.0208944 
vn -0.0673144 -0.997711 -0.0064395 
vn -0.0661287 -0.997711 -0.0141312 
vn -0.0665818 -0.997756 0.00700761 
vn -0.0615762 -0.997711 -0.0279475 
vn -0.0579572 -0.997711 -0.0348375 
vn -0.0619015 -0.99788 -0.0201114 
vn 0.0502483 -0.997711 0.0452437 
vn 0.0478115 -0.997711 0.0478115 
vn -0.0495081 -0.997778 -0.0445945 
vn 0.0275018 -0.997711 0.06177 
vn -0.0435052 -0.997711 -0.0517686 
vn -0.0314265 -0.997711 -0.0598754 
vn -0.0491653 -0.997711 -0.046427 
vn -0.0272129 -0.997759 -0.0611229 
vn 3.00933e-12 -0.997711 0.0676157 
vn -0.0102823 -0.997711 -0.0668354 
vn -0.00253479 -0.997711 -0.0675742 
vn -0.0105433 -0.997725 -0.066589 
vn -0.0243388 -0.997711 -0.0630898 
vn -0.0275018 -0.997711 0.06177 
vn 0.0119763 -0.997711 -0.0665527 
vn 0.0195438 -0.997711 -0.0647359 
vn -1.55377e-05 -0.997809 -0.0661668 
vn 0.0395046 -0.997711 -0.0548824 
vn 0.0413058 -0.997842 -0.0510323 
vn 0.032937 -0.997711 -0.059058 
vn 0.0265063 -0.997875 -0.0595179 
vn -0.0502483 -0.997711 0.0452437 
vn -0.0643063 -0.997711 0.0208944 
vn 0.0582661 -0.99786 -0.029674 
vn 0.0622661 -0.997711 -0.0263747 
vn 0.0551844 -0.997711 -0.0390816 
vn 0.0503285 -0.997711 -0.0451635 
vn 0.0501957 -0.997716 -0.0451947 
vn -0.0672453 -0.997711 -0.00706776 
vn 0.0674562 -0.997711 -0.00472791 
vn 0.0675527 -0.997711 0.00305409 
vn 0.0648842 -0.997711 -0.0190457 
vn 0.0637976 -0.997748 -0.0207266 
vn -0.0585569 -0.997711 -0.0338078 
vn 0.0653364 -0.997711 0.0174313 
vn 0.0629008 -0.997711 0.0248229 
vn 0.0652364 -0.997846 0.0068418 
vn -0.0504836 -0.997711 -0.044981 
vn 0.0561364 -0.997711 0.0377015 
vn 0.0566608 -0.997857 0.0327283 
vn 0.0514327 -0.997711 0.0439018 
vn -0.0144029 -0.997711 -0.0660639 
vn 0.0144042 -0.997711 0.0660698 
vn 0.0504881 -0.997711 0.044985 
vn 3.01624e-12 -1 -1.97719e-16 
vn 0.404342 -0.390413 -0.827095 
vn -0.404342 0.390413 0.827095 
vn -0.404329 0.390481 0.827069 
vn -0.393706 0.443198 0.805339 
vn -0.352662 0.59602 0.721381 
vn -0.404329 0.390481 0.827069 
vn -0.286045 0.758828 0.585114 
vn -0.308031 0.712816 0.630087 
vn -0.352662 0.59602 0.721381 
vn -0.286045 0.758828 0.585114 
vn -0.351468 0.599664 0.718939 
vn -0.285803 0.759299 0.58462 
vn -0.285803 0.759299 0.58462 
vn -0.229231 0.852987 0.468899 
vn -0.0512679 0.993164 0.10487 
vn -0.14467 0.944192 0.295926 
vn -0.229231 0.852987 0.468899 
vn -0.206836 0.882164 0.42309 
vn -0.0512679 0.993164 0.10487 
vn 0.124908 0.958706 -0.255502 
vn 0.0388286 0.996084 -0.0794252 
vn -0.0308184 0.997535 0.06304 
vn 0.286045 0.758828 -0.585114 
vn 0.20002 0.890275 -0.409148 
vn 0.139889 0.947919 -0.286148 
vn -0.955967 -0.183083 -0.229362 
vn -0.95975 -0.125979 -0.251015 
vn -0.92735 -0.218506 -0.303772 
vn -0.924535 -0.237396 -0.298125 
vn -0.947648 -0.237396 -0.213558 
vn -0.930074 -0.0561928 -0.363049 
vn -0.9603 -0.0846098 -0.265828 
vn -0.959225 -0.068829 -0.274136 
vn -0.934254 -0.015717 -0.356262 
vn -0.939565 0.00797838 -0.342278 
vn -0.937292 0.0039386 -0.348522 
vn -0.934873 -0.00583484 -0.354935 
vn -0.94487 0.0104764 -0.327277 
vn -0.942112 0.0126308 -0.33506 
vn -0.949862 -9.614e-05 -0.312671 
vn -0.947654 0.00824413 -0.319194 
vn -0.955885 -0.0374622 -0.291344 
vn -0.951316 -0.00583484 -0.308161 
vn -0.934516 -0.00762274 -0.355841 
vn -0.921165 -0.092586 -0.377998 
vn -0.900869 -0.345368 -0.262975 
vn -0.925558 -0.330782 -0.184188 
vn -0.864909 -0.450872 -0.220562 
vn -0.882015 -0.450872 -0.136985 
vn 0.286045 0.758828 -0.585114 
vn 0.286045 -0.758828 -0.585114 
vn -0.898391 -2.70769e-12 -0.439197 
vn 3.01624e-12 -1 -1.97719e-16 
vn 0.113876 -0.390413 -0.91357 
vn -0.113876 0.390413 0.91357 
vn -0.113873 0.390481 0.913541 
vn -0.110881 0.443196 0.889541 
vn -0.0993213 0.596022 0.796802 
vn -0.113873 0.390481 0.913541 
vn -0.0805599 0.758828 0.646289 
vn -0.0867519 0.712816 0.695965 
vn -0.0993213 0.596022 0.796802 
vn -0.0805599 0.758828 0.646289 
vn -0.0989854 0.599663 0.794107 
vn -0.0804919 0.759299 0.645744 
vn -0.0804919 0.759299 0.645744 
vn -0.0645593 0.852986 0.517925 
vn -0.014439 0.993163 0.115836 
vn -0.0407439 0.944192 0.326866 
vn -0.0645593 0.852986 0.517925 
vn -0.058254 0.882156 0.467341 
vn -0.014439 0.993163 0.115836 
vn 0.035178 0.958706 -0.282215 
vn 0.0109355 0.996084 -0.0877294 
vn -0.00868158 0.997534 0.0696477 
vn 0.0805599 0.758828 -0.646289 
vn 0.0563324 0.890275 -0.451925 
vn 0.0393961 0.947923 -0.316054 
vn -0.978644 -0.183083 0.0934677 
vn -0.989253 -0.125978 0.0742161 
vn -0.975738 -0.218506 0.0137972 
vn -0.971242 -0.237396 0.0182238 
vn -0.965644 -0.237396 0.105714 
vn -0.997562 -0.0561928 -0.0413834 
vn -0.994583 -0.0846098 0.0603848 
vn -0.996263 -0.068829 0.0521771 
vn -0.999312 -0.015717 -0.0336065 
vn -0.999794 0.00797841 -0.0186564 
vn -0.999672 0.0039386 -0.0252993 
vn -0.999466 -0.00583484 -0.0321508 
vn -0.999941 0.0104764 -0.0027452 
vn -0.99986 0.0126308 -0.0110022 
vn -0.999919 -9.62002e-05 0.0126903 
vn -0.999949 0.00824413 0.00580362 
vn -0.998691 -0.0374622 0.0348172 
vn -0.999831 -0.00583484 0.0174276 
vn -0.999422 -0.00762274 -0.0331236 
vn -0.99399 -0.092586 -0.0584146 
vn -0.937445 -0.345368 0.0437857 
vn -0.935215 -0.330782 0.12632 
vn -0.889662 -0.450872 0.0722241 
vn -0.878704 -0.450872 0.156827 
vn 0.0805599 0.758828 -0.646289 
vn 0.0805599 -0.758828 -0.646289 
vn -0.992321 -2.99306e-12 -0.123693 
vn 3.01624e-12 -1 -1.97719e-16 
vn -0.188929 -0.390413 -0.901046 
vn 0.188929 0.390413 0.901046 
vn 0.188924 0.390481 0.901018 
vn 0.183957 0.443222 0.877333 
vn 0.164782 0.596015 0.785883 
vn 0.188924 0.390481 0.901018 
vn 0.133655 0.758828 0.637429 
vn 0.143928 0.712816 0.686424 
vn 0.164782 0.596015 0.785883 
vn 0.133655 0.758828 0.637429 
vn 0.164224 0.599662 0.783221 
vn 0.133542 0.759299 0.636892 
vn 0.133542 0.759299 0.636892 
vn 0.101833 0.868194 0.485663 
vn 0.0185482 0.995907 0.0884605 
vn 0.0675971 0.944192 0.322385 
vn 0.101833 0.868194 0.485663 
vn 0.0966491 0.882152 0.460941 
vn 0.0185482 0.995907 0.0884605 
vn -0.0637389 0.950542 -0.303985 
vn -0.0181427 0.996084 -0.0865267 
vn 0.0144022 0.997534 0.0686874 
vn -0.065364 0.947918 -0.311735 
vn -0.133655 0.758828 -0.637429 
vn -0.0934597 0.890275 -0.44573 
vn -0.89527 -0.183083 0.406169 
vn -0.911554 -0.125981 0.391405 
vn -0.91839 -0.218506 0.329871 
vn -0.9127 -0.237396 0.332598 
vn -0.878997 -0.237396 0.41353 
vn -0.956948 -0.0561928 0.284767 
vn -0.921087 -0.0846098 0.380053 
vn -0.925341 -0.068829 0.372836 
vn -0.933274 -0.0374622 0.357205 
vn -0.955752 -0.00583484 0.294117 
vn -0.956026 -0.00762274 0.293183 
vn -0.951997 0.00735956 0.30602 
vn -0.953722 0.0039386 0.300664 
vn -0.946992 0.0107538 0.321077 
vn -0.949257 0.0126308 0.314248 
vn -0.939999 -0.00583484 0.341128 
vn -0.94194 0.00105476 0.335781 
vn -0.943885 0.00824413 0.330172 
vn -0.956078 -0.015717 0.29269 
vn -0.9591 -0.092586 0.267498 
vn -0.872435 -0.345368 0.345801 
vn -0.843526 -0.330782 0.423139 
vn -0.818006 -0.450872 0.357184 
vn -0.780172 -0.450872 0.433644 
vn -0.133655 0.758828 -0.637429 
vn -0.133655 -0.758828 -0.637429 
vn -0.978717 -2.95208e-12 0.205215 
vn 3.01624e-12 -1 -1.97719e-16 
vn -0.471262 -0.390413 -0.790879 
vn 0.471262 0.390413 0.790879 
vn 0.471247 0.390481 0.790855 
vn 0.458875 0.443162 0.770092 
vn 0.411028 0.59602 0.689794 
vn 0.471247 0.390481 0.790855 
vn 0.333386 0.758828 0.559494 
vn 0.359011 0.712816 0.602498 
vn 0.411028 0.59602 0.689794 
vn 0.333386 0.758828 0.559494 
vn 0.409636 0.599667 0.687458 
vn 0.333105 0.759299 0.559022 
vn 0.333105 0.759299 0.559022 
vn 0.26719 0.852963 0.448402 
vn 0.0597746 0.993159 0.100315 
vn 0.168613 0.944192 0.282969 
vn 0.26719 0.852963 0.448402 
vn 0.241046 0.882187 0.404528 
vn 0.177797 0.93774 0.298381 
vn 0.0597746 0.993159 0.100315 
vn -0.145559 0.958718 -0.244279 
vn -0.0452549 0.996084 -0.0759475 
vn 0.0359043 0.997537 0.0602552 
vn -0.333386 0.758828 -0.559494 
vn -0.233124 0.890275 -0.391233 
vn -0.163048 0.947915 -0.273629 
vn -0.714879 -0.183083 0.674855 
vn -0.735075 -0.125979 0.666179 
vn -0.76152 -0.218506 0.610199 
vn -0.755253 -0.237396 0.61093 
vn -0.697098 -0.237396 0.676534 
vn -0.812635 -0.0561928 0.580058 
vn -0.747776 -0.0846098 0.658537 
vn -0.754144 -0.068829 0.653093 
vn -0.809239 -0.015717 0.58727 
vn -0.790963 0.00394084 0.611852 
vn -0.804421 0.0039386 0.594047 
vn -0.800436 0.00797937 0.599365 
vn -0.808467 -0.00583484 0.588513 
vn -0.781282 -9.79553e-05 0.624179 
vn -0.790779 0.010476 0.612012 
vn -0.795787 0.0126308 0.605444 
vn -0.785536 0.00824413 0.618761 
vn -0.766723 -0.0374621 0.640885 
vn -0.778303 -0.00583484 0.627862 
vn -0.809029 -0.00762274 0.587719 
vn -0.820277 -0.092586 0.564424 
vn -0.712882 -0.345368 0.610344 
vn -0.660429 -0.330782 0.674105 
vn -0.657707 -0.450872 0.603437 
vn -0.597096 -0.450872 0.663469 
vn -0.333386 0.758828 -0.559494 
vn -0.333386 -0.758828 -0.559494 
vn -0.859054 -2.59121e-12 0.511885 
vn 3.01624e-12 -1 -1.97719e-16 
vn -0.702526 -0.390413 -0.595009 
vn 0.702526 0.390413 0.595009 
vn 0.702504 0.390481 0.59499 
vn 0.658733 0.504774 0.557919 
vn 0.612733 0.596021 0.518958 
vn 0.684045 0.443203 0.579356 
vn 0.702504 0.390481 0.59499 
vn 0.49699 0.758828 0.420929 
vn 0.53519 0.712816 0.453283 
vn 0.612733 0.596021 0.518958 
vn 0.49699 0.758828 0.420929 
vn 0.61066 0.599664 0.517202 
vn 0.496569 0.759301 0.420573 
vn 0.496569 0.759301 0.420573 
vn 0.372711 0.872605 0.31567 
vn 0.0630616 0.996579 0.0534104 
vn 0.251095 0.944311 0.212667 
vn 0.372711 0.872605 0.31567 
vn 0.359688 0.88194 0.30464 
vn 0.0630616 0.996579 0.0534104 
vn -0.0674886 0.996081 -0.0571599 
vn -0.242638 0.948101 -0.205504 
vn -0.24275 0.948052 -0.205599 
vn 0.0539141 0.997501 0.0456629 
vn -0.496569 0.759301 -0.420573 
vn -0.34763 0.890206 -0.294427 
vn -0.24275 0.948052 -0.205599 
vn -0.496569 0.759301 -0.420573 
vn -0.45702 -0.183083 0.87041 
vn -0.478939 -0.125979 0.868762 
vn -0.522128 -0.218506 0.824402 
vn -0.515962 -0.237399 0.823059 
vn -0.439656 -0.237399 0.866224 
vn -0.580259 -0.0561928 0.812491 
vn -0.493433 -0.0846098 0.865659 
vn -0.501223 -0.068829 0.862576 
vn -0.574706 -0.015717 0.818209 
vn -0.563539 0.00718316 0.826058 
vn -0.567946 0.00394133 0.823057 
vn -0.573572 -0.00583484 0.819135 
vn -0.550361 0.010837 0.834856 
vn -0.556085 0.0126296 0.83103 
vn -0.537324 0.0013995 0.843375 
vn -0.542073 0.00825424 0.840291 
vn -0.517085 -0.0374622 0.855114 
vn -0.532266 -0.00583484 0.846557 
vn -0.574362 -0.00762274 0.818566 
vn -0.592564 -0.092586 0.800185 
vn -0.476078 -0.345368 0.808746 
vn -0.405763 -0.330782 0.852021 
vn -0.426135 -0.450872 0.784298 
vn -0.349315 -0.450872 0.821397 
vn -0.49699 0.758828 -0.420929 
vn -0.49699 -0.758828 -0.420929 
vn -0.646299 -1.94954e-12 0.763084 
vn 3.01624e-12 -1 -1.97719e-16 
vn -0.85766 -0.390413 -0.33466 
vn 0.85766 0.390413 0.33466 
vn 0.857633 0.390481 0.334649 
vn 0.835092 0.443216 0.325854 
vn 0.748038 0.596021 0.291885 
vn 0.857633 0.390481 0.334649 
vn 0.606737 0.758828 0.236749 
vn 0.653372 0.712816 0.254947 
vn 0.748038 0.596021 0.291885 
vn 0.606737 0.758828 0.236749 
vn 0.745509 0.599662 0.290898 
vn 0.606225 0.759299 0.23655 
vn 0.606225 0.759299 0.23655 
vn 0.486224 0.85299 0.189725 
vn 0.108742 0.993164 0.0424313 
vn 0.306524 0.944318 0.119606 
vn 0.486224 0.85299 0.189725 
vn 0.43881 0.882116 0.171224 
vn 0.108742 0.993164 0.0424313 
vn -0.264948 0.958705 -0.103383 
vn -0.0825823 0.996063 -0.0322237 
vn 0.0653677 0.997535 0.0255066 
vn -0.606737 0.758828 -0.236749 
vn -0.42447 0.890164 -0.165629 
vn -0.29671 0.947923 -0.115777 
vn -0.149635 -0.183083 0.971643 
vn -0.170902 -0.125979 0.977201 
vn -0.226155 -0.218506 0.949268 
vn -0.220759 -0.237398 0.945996 
vn -0.134572 -0.237398 0.962046 
vn -0.285004 -0.0561928 0.956878 
vn -0.185619 -0.0846098 0.978972 
vn -0.193988 -0.068829 0.978586 
vn -0.211412 -0.0374621 0.976679 
vn -0.276521 -0.00583484 0.96099 
vn -0.277454 -0.00762274 0.960709 
vn -0.26352 0.00797814 0.964621 
vn -0.269938 0.00392975 0.96287 
vn -0.248132 0.0104774 0.96867 
vn -0.256126 0.0126289 0.966561 
vn -0.22855 -0.00583484 0.973515 
vn -0.233164 -9.80773e-05 0.972437 
vn -0.23986 0.00825431 0.970772 
vn -0.277895 -0.015717 0.960483 
vn -0.300637 -0.092586 0.949234 
vn -0.187683 -0.345368 0.919509 
vn -0.107127 -0.330782 0.937607 
vn -0.148385 -0.450872 0.880168 
vn -0.0636813 -0.450872 0.890314 
vn -0.606737 0.758828 -0.236749 
vn -0.606737 -0.758828 -0.236749 
vn -0.363508 -1.09661e-12 0.931591 
vn 3.01624e-12 -1 -1.97719e-16 
vn -0.749262 -0.390413 0.534963 
vn 0.749262 0.390413 -0.534963 
vn 0.749238 0.390481 -0.534946 
vn 0.729556 0.443191 -0.520893 
vn 0.653495 0.596021 -0.466587 
vn 0.749238 0.390481 -0.534946 
vn 0.530052 0.758828 -0.37845 
vn 0.570793 0.712816 -0.407539 
vn 0.653495 0.596021 -0.466587 
vn 0.530052 0.758828 -0.37845 
vn 0.651284 0.599664 -0.465008 
vn 0.529605 0.759299 -0.378131 
vn 0.529605 0.759299 -0.378131 
vn 0.42478 0.852982 -0.303287 
vn 0.0950087 0.993163 -0.0678349 
vn 0.267783 0.944318 -0.191194 
vn 0.42478 0.852982 -0.303287 
vn 0.38334 0.882122 -0.2737 
vn 0.0950087 0.993163 -0.0678349 
vn -0.231452 0.958708 0.165253 
vn -0.0721449 0.996063 0.0515104 
vn 0.0571002 0.997536 -0.0407687 
vn -0.530052 0.758828 0.37845 
vn -0.370822 0.890164 0.264761 
vn -0.25921 0.947923 0.185072 
vn 0.731584 -0.183083 0.656708 
vn 0.724605 -0.125979 0.677552 
vn 0.671 -0.218506 0.708529 
vn 0.671212 -0.237398 0.702223 
vn 0.731789 -0.237398 0.638849 
vn 0.645184 -0.0561928 0.761958 
vn 0.718039 -0.0846098 0.690841 
vn 0.713139 -0.068829 0.697636 
vn 0.65209 -0.015717 0.757978 
vn 0.675078 0.00394004 0.737736 
vn 0.65844 0.00392975 0.752623 
vn 0.663417 0.00797844 0.748208 
vn 0.653266 -0.00583484 0.757106 
vn 0.686563 -9.86183e-05 0.72707 
vn 0.675223 0.0104772 0.73754 
vn 0.669085 0.0126289 0.743079 
vn 0.681507 0.00825431 0.731765 
vn 0.702011 -0.0374622 0.71118 
vn 0.689989 -0.00583484 0.723796 
vn 0.65252 -0.00762274 0.757733 
vn 0.630234 -0.092586 0.770865 
vn 0.667129 -0.345368 0.660046 
vn 0.72634 -0.330782 0.602506 
vn 0.655689 -0.450872 0.605629 
vn 0.710511 -0.450872 0.540268 
vn -0.530052 0.758828 0.37845 
vn -0.530052 -0.758828 0.37845 
vn 0.581077 1.7525e-12 0.813849 
vn 3.01624e-12 -1 -1.97719e-16 
vn -0.534963 -0.390413 0.749262 
vn 0.534963 0.390413 -0.749262 
vn 0.534946 0.390481 -0.749238 
vn 0.5209 0.443167 -0.729566 
vn 0.466587 0.59602 -0.653496 
vn 0.534946 0.390481 -0.749238 
vn 0.37845 0.758828 -0.530052 
vn 0.407539 0.712816 -0.570793 
vn 0.466587 0.59602 -0.653496 
vn 0.37845 0.758828 -0.530052 
vn 0.465007 0.599666 -0.651282 
vn 0.378131 0.759299 -0.529605 
vn 0.378131 0.759299 -0.529605 
vn 0.303289 0.852981 -0.424782 
vn 0.0678364 0.993162 -0.0950108 
vn 0.191404 0.944192 -0.268079 
vn 0.303289 0.852981 -0.424782 
vn 0.273642 0.882175 -0.38326 
vn 0.0678364 0.993162 -0.0950108 
vn -0.165252 0.958709 0.231449 
vn -0.051372 0.996084 0.071951 
vn 0.0407691 0.997536 -0.0571007 
vn -0.37845 0.758828 0.530052 
vn -0.264636 0.890275 0.370645 
vn -0.185081 0.947918 0.259222 
vn 0.905178 -0.183083 0.383581 
vn 0.905345 -0.125979 0.405561 
vn 0.864703 -0.218506 0.452266 
vn 0.862855 -0.237396 0.446233 
vn 0.899572 -0.237396 0.366623 
vn 0.857633 -0.0561928 0.511183 
vn 0.903449 -0.0846098 0.420262 
vn 0.901021 -0.068829 0.42828 
vn 0.862873 -0.015717 0.505176 
vn 0.870413 0.00797865 0.492257 
vn 0.867144 0.0039386 0.498041 
vn 0.863702 -0.00583484 0.503969 
vn 0.878116 0.0104763 0.478333 
vn 0.874114 0.0126308 0.485557 
vn 0.885443 -9.66286e-05 0.464748 
vn 0.882191 0.00824413 0.470819 
vn 0.894894 -0.0374622 0.444704 
vn 0.88762 -0.00583484 0.46054 
vn 0.8632 -0.00762274 0.504804 
vn 0.846386 -0.092586 0.524461 
vn 0.845298 -0.345368 0.407666 
vn 0.882619 -0.330782 0.334018 
vn 0.816809 -0.450872 0.359913 
vn 0.847438 -0.450872 0.280292 
vn -0.37845 0.758828 0.530052 
vn -0.37845 -0.758828 0.530052 
vn 0.813849 2.4532e-12 0.581077 
vn 3.01624e-12 -1 -1.97719e-16 
vn -0.262692 -0.390413 0.882367 
vn 0.262692 0.390413 -0.882367 
vn 0.262684 0.390481 -0.882339 
vn 0.255785 0.443178 -0.859167 
vn 0.229116 0.59602 -0.769588 
vn 0.262684 0.390481 -0.882339 
vn 0.185837 0.758828 -0.624215 
vn 0.200121 0.712816 -0.672194 
vn 0.229116 0.59602 -0.769588 
vn 0.185837 0.758828 -0.624215 
vn 0.228341 0.599666 -0.766982 
vn 0.18568 0.759299 -0.623688 
vn 0.18568 0.759299 -0.623688 
vn 0.148928 0.852983 -0.500241 
vn 0.0333099 0.993163 -0.111886 
vn 0.0938851 0.944318 -0.315354 
vn 0.148928 0.852983 -0.500241 
vn 0.134396 0.882128 -0.45143 
vn 0.0333099 0.993163 -0.111886 
vn -0.0811474 0.958708 0.272569 
vn -0.0252941 0.996063 0.0849613 
vn 0.0200162 0.997536 -0.0672331 
vn -0.185837 0.758828 0.624215 
vn -0.13001 0.890164 0.436697 
vn -0.0908818 0.94792 0.305267 
vn 0.980681 -0.183083 0.0688866 
vn 0.987976 -0.125979 0.0896217 
vn 0.964701 -0.218506 0.146992 
vn 0.960995 -0.237398 0.141885 
vn 0.969873 -0.237398 0.0546673 
vn 0.977145 -0.0561928 0.205012 
vn 0.990957 -0.0846098 0.104142 
vn 0.991263 -0.068829 0.112514 
vn 0.980151 -0.015717 0.197629 
vn 0.983088 0.00797842 0.182962 
vn 0.981872 0.00392975 0.189503 
vn 0.980543 -0.00583484 0.196219 
vn 0.985852 0.0104772 0.167292 
vn 0.98441 0.0126289 0.175433 
vn 0.988371 -9.85849e-05 0.152064 
vn 0.987264 0.00825431 0.158875 
vn 0.990801 -0.0374622 0.130037 
vn 0.989063 -0.00583484 0.147377 
vn 0.980339 -0.00762274 0.197171 
vn 0.970818 -0.092586 0.221223 
vn 0.931867 -0.345368 0.11111 
vn 0.943251 -0.330782 0.0293343 
vn 0.889416 -0.450872 0.0751945 
vn 0.892532 -0.450872 -0.0100578 
vn -0.185837 0.758828 0.624215 
vn -0.185837 -0.758828 0.624215 
vn 0.958427 2.89079e-12 0.285336 
vn 3.01624e-12 -1 -1.97719e-16 
vn 0.0380454 -0.390413 0.919853 
vn -0.0380454 0.390413 -0.919853 
vn -0.0380442 0.390481 -0.919825 
vn -0.0370444 0.44321 -0.895652 
vn -0.0331827 0.596021 -0.802283 
vn -0.0380442 0.390481 -0.919825 
vn -0.0269146 0.758828 -0.650735 
vn -0.0289833 0.712816 -0.700752 
vn -0.0331827 0.596021 -0.802283 
vn -0.0269146 0.758828 -0.650735 
vn -0.0330704 0.599663 -0.799569 
vn -0.0268919 0.759299 -0.650185 
vn -0.0268919 0.759299 -0.650185 
vn -0.0215688 0.852987 -0.521486 
vn -0.00482394 0.993163 -0.116632 
vn -0.0135973 0.944318 -0.328752 
vn -0.0215688 0.852987 -0.521486 
vn -0.019465 0.882122 -0.470619 
vn -0.00482394 0.993163 -0.116632 
vn 0.0117528 0.958706 0.284157 
vn 0.00366332 0.996063 0.0885708 
vn -0.00289929 0.997536 -0.0700983 
vn 0.0269146 0.758828 0.650735 
vn 0.0188293 0.890164 0.45525 
vn 0.0131622 0.947922 0.318232 
vn 0.949913 -0.183083 -0.253272 
vn 0.963545 -0.125979 -0.23603 
vn 0.960159 -0.218506 -0.17421 
vn 0.954995 -0.237398 -0.177837 
vn 0.935073 -0.237398 -0.263212 
vn 0.990768 -0.0561928 -0.123374 
vn 0.971079 -0.0846098 -0.223264 
vn 0.974087 -0.068829 -0.215445 
vn 0.991214 -0.015717 -0.131333 
vn 0.989229 0.00797825 -0.146159 
vn 0.990203 0.00392975 -0.139578 
vn 0.991126 -0.00583484 -0.132794 
vn 0.986755 0.0104773 -0.161877 
vn 0.988035 0.0126289 -0.15371 
vn 0.984193 -9.82679e-05 -0.177098 
vn 0.985358 0.00825431 -0.170297 
vn 0.97934 -0.0374622 -0.198722 
vn 0.983326 -0.00583484 -0.181757 
vn 0.991243 -0.00762274 -0.131828 
vn 0.990048 -0.092586 -0.105987 
vn 0.917453 -0.345368 -0.197487 
vn 0.901668 -0.330782 -0.278528 
vn 0.86564 -0.450872 -0.217673 
vn 0.840906 -0.450872 -0.299317 
vn 0.0269146 0.758828 0.650735 
vn 0.0269146 -0.758828 0.650735 
vn 0.999146 3.01367e-12 -0.041325 
vn 3.01624e-12 -1 -1.97719e-16 
vn 0.33466 -0.390413 0.85766 
vn -0.33466 0.390413 -0.85766 
vn -0.334649 0.390481 -0.857633 
vn -0.325853 0.443219 -0.835091 
vn -0.291885 0.596022 -0.748038 
vn -0.334649 0.390481 -0.857633 
vn -0.236749 0.758828 -0.606737 
vn -0.254947 0.712816 -0.653372 
vn -0.291885 0.596022 -0.748038 
vn -0.236749 0.758828 -0.606737 
vn -0.290898 0.599662 -0.745509 
vn -0.23655 0.759299 -0.606225 
vn -0.23655 0.759299 -0.606225 
vn -0.189724 0.85299 -0.486222 
vn -0.0424308 0.993164 -0.108741 
vn -0.119606 0.944318 -0.306524 
vn -0.189724 0.85299 -0.486222 
vn -0.171227 0.882112 -0.438817 
vn -0.0424308 0.993164 -0.108741 
vn 0.103384 0.958704 0.26495 
vn 0.0322237 0.996063 0.0825823 
vn -0.0255091 0.997535 -0.0653743 
vn 0.236749 0.758828 0.606737 
vn 0.165629 0.890164 0.42447 
vn 0.115775 0.947925 0.296706 
vn 0.816206 -0.183083 -0.547986 
vn 0.834699 -0.125979 -0.536103 
vn 0.851569 -0.218506 -0.476534 
vn 0.845508 -0.237398 -0.478288 
vn 0.798943 -0.237398 -0.552568 
vn 0.897026 -0.0561928 -0.438391 
vn 0.845969 -0.0846098 -0.526476 
vn 0.851354 -0.068829 -0.520057 
vn 0.894863 -0.015717 -0.446064 
vn 0.888172 0.00797811 -0.459442 
vn 0.89123 0.00392975 -0.453534 
vn 0.894306 -0.00583484 -0.447417 
vn 0.880729 0.0104774 -0.473505 
vn 0.884591 0.0126289 -0.466196 
vn 0.873363 -9.80112e-05 -0.487069 
vn 0.876673 0.00825431 -0.481015 
vn 0.861752 -0.0374622 -0.505945 
vn 0.871031 -0.00583484 -0.491194 
vn 0.894731 -0.00762274 -0.446541 
vn 0.90199 -0.092586 -0.421713 
vn 0.803619 -0.345368 -0.484683 
vn 0.762375 -0.330782 -0.556208 
vn 0.748059 -0.450872 -0.486951 
vn 0.698156 -0.450872 -0.556141 
vn 0.236749 0.758828 0.606737 
vn 0.236749 -0.758828 0.606737 
vn 0.931591 2.80997e-12 -0.363508 
vn 3.01624e-12 -1 -1.97719e-16 
vn 0.595009 -0.390413 0.702526 
vn -0.595009 0.390413 -0.702526 
vn -0.59499 0.390481 -0.702504 
vn -0.579349 0.443227 -0.684036 
vn -0.518957 0.596024 -0.612731 
vn -0.59499 0.390481 -0.702504 
vn -0.420929 0.758828 -0.49699 
vn -0.453283 0.712816 -0.53519 
vn -0.518957 0.596024 -0.612731 
vn -0.420929 0.758828 -0.49699 
vn -0.517204 0.59966 -0.610662 
vn -0.420574 0.759299 -0.49657 
vn -0.420574 0.759299 -0.49657 
vn -0.320709 0.868194 -0.378661 
vn -0.0584152 0.995907 -0.0689707 
vn -0.212654 0.944318 -0.25108 
vn -0.320709 0.868194 -0.378661 
vn -0.304458 0.882091 -0.359473 
vn -0.0584152 0.995907 -0.0689707 
vn 0.200737 0.950542 0.23701 
vn 0.0572922 0.996063 0.0676448 
vn -0.045379 0.997532 -0.0535789 
vn 0.205826 0.947933 0.243019 
vn 0.420929 0.758828 0.49699 
vn 0.294479 0.890164 0.347691 
vn 0.594051 -0.183083 -0.783316 
vn 0.6154 -0.125978 -0.778082 
vn 0.650698 -0.218506 -0.727218 
vn 0.644396 -0.237398 -0.726909 
vn 0.576236 -0.237398 -0.782045 
vn 0.706077 -0.0561928 -0.705902 
vn 0.629186 -0.0846098 -0.772636 
vn 0.636363 -0.068829 -0.768313 
vn 0.650779 -0.0374622 -0.758342 
vn 0.700574 -0.00583484 -0.713556 
vn 0.70126 -0.00762274 -0.712865 
vn 0.691607 0.0073589 -0.722237 
vn 0.695679 0.00392975 -0.718342 
vn 0.680039 0.010754 -0.733097 
vn 0.685288 0.0126289 -0.728163 
vn 0.664345 -0.00583484 -0.747403 
vn 0.668597 0.00105225 -0.743624 
vn 0.672987 0.00825431 -0.739608 
vn 0.70154 -0.015717 -0.712456 
vn 0.716188 -0.092586 -0.691739 
vn 0.6027 -0.345368 -0.719356 
vn 0.540467 -0.330782 -0.773614 
vn 0.549415 -0.450872 -0.703462 
vn 0.479749 -0.450872 -0.752699 
vn 0.420929 0.758828 0.49699 
vn 0.420929 -0.758828 0.49699 
vn 0.763084 2.30177e-12 -0.646299 
vn 3.01624e-12 -1 -1.97719e-16 
vn 0.790879 -0.390413 0.471262 
vn -0.790879 0.390413 -0.471262 
vn -0.790855 0.390481 -0.471247 
vn -0.770072 0.443208 -0.458863 
vn -0.689799 0.596013 -0.411031 
vn -0.790855 0.390481 -0.471247 
vn -0.559494 0.758828 -0.333386 
vn -0.602498 0.712816 -0.359011 
vn -0.689799 0.596013 -0.411031 
vn -0.559494 0.758828 -0.333386 
vn -0.68746 0.599663 -0.409637 
vn -0.559022 0.759299 -0.333105 
vn -0.559022 0.759299 -0.333105 
vn -0.426283 0.868194 -0.25401 
vn -0.0776449 0.995907 -0.0462663 
vn -0.282969 0.944192 -0.168613 
vn -0.426283 0.868194 -0.25401 
vn -0.404559 0.882168 -0.241065 
vn -0.0776449 0.995907 -0.0462663 
vn 0.266818 0.950542 0.158989 
vn 0.0759475 0.996084 0.0452549 
vn -0.0602681 0.997536 -0.035912 
vn 0.27363 0.947914 0.163048 
vn 0.559494 0.758828 0.333386 
vn 0.391233 0.890275 0.233124 
vn 0.307522 -0.183083 -0.933762 
vn 0.329412 -0.125981 -0.935744 
vn 0.379314 -0.218506 -0.899097 
vn 0.373455 -0.237396 -0.896758 
vn 0.291085 -0.237396 -0.926775 
vn 0.438614 -0.0561928 -0.896917 
vn 0.344221 -0.0846098 -0.935069 
vn 0.352412 -0.068829 -0.93331 
vn 0.432195 -0.015717 -0.901643 
vn 0.419624 0.00735956 -0.907668 
vn 0.424732 0.0039386 -0.90531 
vn 0.430924 -0.00583484 -0.902369 
vn 0.405157 0.0107538 -0.914184 
vn 0.411715 0.0126308 -0.911225 
vn 0.390916 0.00105476 -0.920426 
vn 0.39636 0.00824413 -0.918058 
vn 0.369285 -0.0374622 -0.928561 
vn 0.385668 -0.00583484 -0.922619 
vn 0.431797 -0.00762274 -0.901939 
vn 0.452776 -0.092586 -0.886804 
vn 0.33647 -0.345368 -0.876076 
vn 0.259991 -0.330782 -0.907187 
vn 0.291232 -0.450872 -0.843741 
vn 0.209354 -0.450872 -0.86769 
vn 0.559494 0.758828 0.333386 
vn 0.559494 -0.758828 0.333386 
vn 0.511885 1.54414e-12 -0.859054 
vn 3.01624e-12 -1 -1.97719e-16 
vn 0.901046 -0.390413 0.188929 
vn -0.901046 0.390413 -0.188929 
vn -0.901018 0.390481 -0.188924 
vn -0.877357 0.443173 -0.183962 
vn -0.78588 0.59602 -0.164782 
vn -0.901018 0.390481 -0.188924 
vn -0.637429 0.758828 -0.133655 
vn -0.686424 0.712816 -0.143928 
vn -0.78588 0.59602 -0.164782 
vn -0.637429 0.758828 -0.133655 
vn -0.783219 0.599666 -0.164224 
vn -0.118326 0.459115 -0.880462 
vn -0.066263 0.774101 -0.629585 
vn 0.0189512 0.774099 -0.63278 
vn -0.124088 0.608923 -0.783463 
vn -0.0990331 0.774099 -0.62527 
vn 0.0448615 0.657674 -0.751965 
vn -0.0305051 0.123655 -0.991856 
vn 0.152697 0.151603 -0.976576 
vn 0.165173 0.115479 -0.979481 
vn 0.115072 0.307503 -0.944564 
vn 0.152122 0.154124 -0.976271 
vn 0.0859936 0.459115 -0.884205 
vn -0.111731 0.367697 -0.923209 
vn -0.117887 0.451805 -0.884294 
vn 0.177324 0.0825103 -0.980688 
vn -0.0454143 0.0825103 -0.995555 
vn 0.229929 0.459115 -0.858106 
vn 0.251903 0.22962 -0.940117 
vn 0.194089 0.367697 -0.909466 
vn 0.17563 0.451805 -0.874658 
vn 0.163849 0.7741 -0.611493 
vn 0.173971 0.459115 -0.871176 
vn 0.195781 0.774101 -0.602028 
vn 0.223388 0.7741 -0.592341 
vn 0.286593 0.657675 -0.696655 
vn 0.293203 0.123655 -0.94802 
vn 0.461512 0.151614 -0.874082 
vn 0.47426 0.115479 -0.872778 
vn 0.415536 0.307503 -0.856021 
vn 0.460876 0.154111 -0.873981 
vn 0.368435 0.459115 -0.808374 
vn 0.486145 0.0825103 -0.869974 
vn 0.280302 0.0825103 -0.956359 
vn 0.559074 0.459115 -0.690398 
vn 0.627175 0.0825103 -0.774496 
vn 0.585138 0.123655 -0.801451 
vn 0.478875 0.367697 -0.797168 
vn 0.450115 0.451805 -0.77024 
vn 0.575644 0.0825103 -0.813527 
vn 0.3984 0.7741 -0.491983 
vn 0.447415 0.459115 -0.767485 
vn 0.403616 0.7741 -0.487712 
vn 0.49727 0.657685 -0.565838 
vn 0.720321 0.151613 -0.676869 
vn 0.731954 0.115479 -0.671497 
vn 0.670971 0.307503 -0.674715 
vn 0.719683 0.154122 -0.67698 
vn 0.610955 0.459115 -0.64494 
vn 0.672375 0.459115 -0.580625 
vn 0.455052 0.7741 -0.44011 
vn 0.540107 0.7741 -0.330232 
vn 0.654053 0.657685 -0.373716 
vn 0.818423 0.395333 -0.417007 
vn 0.887968 0.0825103 -0.452442 
vn 0.813664 0.123655 -0.568032 
vn 0.711769 0.367698 -0.598485 
vn 0.675822 0.451805 -0.582354 
vn 0.787263 0.459115 -0.411619 
vn 0.808606 0.0825103 -0.582536 
vn 0.901071 0.151613 -0.406306 
vn 0.910329 0.115479 -0.397448 
vn 0.853695 0.307503 -0.420293 
vn 0.900504 0.154122 -0.406619 
vn 0.824472 0.459115 -0.330846 
vn 0.578286 0.774101 -0.257591 
vn 0.618068 0.774101 -0.136967 
vn 0.573299 0.7741 -0.268508 
vn 0.73996 0.657686 -0.141097 
vn 0.954017 0.123655 -0.273058 
vn 0.984176 0.151612 -0.0917139 
vn 0.990056 0.115479 -0.0803294 
vn 0.943909 0.307504 -0.120326 
vn 0.983741 0.154122 -0.0921937 
vn 0.87826 0.459115 -0.133692 
vn 0.867531 0.367698 -0.334946 
vn 0.828294 0.451806 -0.331361 
vn 0.994209 0.0825103 -0.0688467 
vn 0.953943 0.0825103 -0.288419 
vn 0.887226 0.459115 -0.0452135 
vn 0.633062 0.774101 -1.05664e-05 
vn 0.629052 0.774101 0.0711409 
vn 0.881981 0.469013 -0.0462226 
vn 0.632195 0.774101 -0.0331319 
vn 0.745681 0.657686 0.106813 
vn 0.990988 0.123655 0.051506 
vn 0.96063 0.15161 0.232818 
vn 0.962495 0.115479 0.245494 
vn 0.931835 0.307504 0.192681 
vn 0.960374 0.154122 0.232222 
vn 0.874083 0.459115 0.158723 
vn 0.929282 0.367698 -0.0351112 
vn 0.891008 0.451806 -0.04446 
vn 0.962695 0.0825103 0.257703 
vn 0.995905 0.0825103 0.036953 
vn 0.829371 0.459115 0.318366 
vn 0.920211 0.168628 0.353236 
vn 0.890332 0.367698 0.268529 
vn 0.857166 0.451806 0.247259 
vn 0.591015 0.774101 0.226869 
vn 0.853834 0.459115 0.245318 
vn 0.578279 0.774101 0.257607 
vn 0.571869 0.774101 0.271539 
vn 0.670595 0.657686 0.343148 
vn 0.920569 0.123655 0.370489 
vn 0.832985 0.151609 0.53212 
vn 0.830633 0.115479 0.544714 
vn 0.818782 0.307504 0.484807 
vn 0.832936 0.154123 0.531473 
vn 0.775185 0.459115 0.433937 
vn 0.826857 0.0825103 0.556327 
vn 0.929945 0.0825103 0.358321 
vn 0.628177 0.459115 0.628177 
vn 0.704696 0.0825103 0.704696 
vn 0.750393 0.123655 0.649323 
vn 0.7549 0.367698 0.54307 
vn 0.730438 0.451806 0.512183 
vn 0.763212 0.0825103 0.640859 
vn 0.727916 0.459115 0.509266 
vn 0.53835 0.774101 0.333087 
vn 0.452715 0.774101 0.442512 
vn 0.481437 0.732418 0.481437 
vn 0.522846 0.657682 0.542297 
vn 0.615072 0.151609 0.773758 
vn 0.608758 0.115479 0.784906 
vn 0.617001 0.307504 0.724397 
vn 0.615236 0.154123 0.77313 
vn 0.592286 0.459115 0.662126 
vn 0.523117 0.459115 0.718026 
vn 0.401028 0.774101 0.489841 
vn 0.284502 0.774101 0.565532 
vn 0.318428 0.657686 0.682681 
vn 0.498899 0.123655 0.857793 
vn 0.348359 0.307504 0.885487 
vn 0.345055 0.270034 0.898899 
vn 0.3452 0.459115 0.818566 
vn 0.537662 0.367698 0.75876 
vn 0.524555 0.451806 0.721605 
vn 0.357146 0.0825103 0.930397 
vn 0.513772 0.0825103 0.85395 
vn 0.330507 0.15161 0.931547 
vn 0.320915 0.115479 0.940042 
vn 0.330866 0.154123 0.931007 
vn 0.26163 0.459115 0.848978 
vn 0.195779 0.774101 0.602028 
vn 0.0854585 0.774101 0.627268 
vn 0.220247 0.774101 0.593514 
vn 0.0795082 0.657686 0.749085 
vn 0.193342 0.123655 0.973308 
vn 0.0101266 0.151612 0.988388 
vn -0.00170423 0.115479 0.993308 
vn 0.0419663 0.307504 0.950621 
vn 0.0106409 0.154122 0.987994 
vn 0.0607081 0.459115 0.8863 
vn 0.262161 0.367698 0.892227 
vn 0.261828 0.451806 0.852829 
vn -0.0134907 0.0825103 0.996499 
vn 0.208657 0.0825103 0.974502 
vn -0.0464941 0.459115 0.887159 
vn -0.0490596 0.348261 0.936113 
vn -0.0417493 0.367698 0.929008 
vn -0.0292717 0.451806 0.891636 
vn -0.0331319 0.774101 0.632195 
vn -0.0282084 0.459115 0.887929 
vn -0.0662453 0.774101 0.629587 
vn -0.122846 0.774101 0.621029 
vn -0.168027 0.657686 0.734314 
vn -0.133166 0.123655 0.983349 
vn -0.311351 0.151613 0.938123 
vn -0.324139 0.115479 0.938935 
vn -0.268974 0.307504 0.91274 
vn -0.310737 0.154122 0.937917 
vn -0.230363 0.459115 0.85799 
vn -0.336322 0.0825103 0.938125 
vn -0.119069 0.0825103 0.989452 
vn -0.403315 0.459115 0.79155 
vn -0.445244 0.123655 0.88683 
vn -0.341136 0.367698 0.865115 
vn -0.3172 0.451806 0.83382 
vn -0.452442 0.0825103 0.887968 
vn -0.433892 0.0825103 0.897179 
vn -0.287405 0.7741 0.564063 
vn -0.31499 0.459115 0.830659 
vn -0.316547 0.774101 0.548239 
vn -0.317838 0.7741 0.547493 
vn -0.397354 0.657685 0.639968 
vn -0.599089 0.151611 0.786197 
vn -0.611448 0.115479 0.782813 
vn -0.550766 0.307503 0.77595 
vn -0.598442 0.154122 0.786202 
vn -0.49647 0.459115 0.736703 
vn -0.690398 0.459115 0.559074 
vn -0.774496 0.0825103 0.627175 
vn -0.709073 0.123655 0.694208 
vn -0.603555 0.367698 0.707475 
vn -0.570754 0.451805 0.685647 
vn -0.701696 0.0825103 0.707683 
vn -0.567638 0.459115 0.683375 
vn -0.583623 0.657675 0.476285 
vn -0.59725 0.63983 0.483643 
vn -0.376407 0.7741 0.509006 
vn -0.478387 0.7741 0.414626 
vn -0.821909 0.151603 0.549073 
vn -0.832497 0.115479 0.541861 
vn -0.772875 0.307503 0.555073 
vn -0.821296 0.154124 0.549289 
vn -0.708773 0.459115 0.535587 
vn -0.758773 0.459115 0.462036 
vn -0.521286 0.7741 0.359207 
vn -0.587096 0.7741 0.236829 
vn -0.706472 0.657883 0.260936 
vn -0.896062 0.123655 0.426359 
vn -0.91123 0.307503 0.274046 
vn -0.952174 0.168143 0.255134 
vn -0.844277 0.459115 0.276425 
vn -0.800569 0.367697 0.473168 
vn -0.762458 0.451805 0.463173 
vn -0.962632 0.0825103 0.257937 
vn -0.89346 0.0825103 0.441498 
vn -0.955656 0.151618 0.252454 
vn -0.963332 0.115479 0.242191 
vn -0.955152 0.154109 0.252853 
vn -0.867683 0.459115 0.190628 
vn -0.619198 0.774101 0.131764 
vn -0.632184 0.774099 0.0333673 
vn -0.665178 0.7251 0.178234 
vn -0.611493 0.7741 0.163849 
vn -0.753102 0.657674 0.0173877 
vn -0.98595 0.123655 0.112307 
vn -0.985849 0.15161 -0.0715286 
vn -0.989775 0.115479 -0.0837251 
vn -0.95084 0.307503 -0.0366788 
vn -0.985499 0.154123 -0.0709833 
vn -0.888286 0.459115 -0.0126839 
vn -0.910829 0.367697 0.187586 
vn -0.871538 0.451805 0.190508 
vn -0.991981 0.0825103 -0.0957347 
vn -0.988404 0.0825103 0.12747 
vn -0.877439 0.459115 -0.138973 
vn -0.945367 0.28959 -0.149731 
vn -0.922387 0.367697 -0.118324 
vn -0.886174 0.451805 -0.102802 
vn -0.62527 0.774099 -0.0990331 
vn -0.882567 0.459115 -0.101436 
vn -0.6192 0.774101 -0.131755 
vn -0.608765 0.774099 -0.17371 
vn -0.717943 0.657674 -0.228086 
vn -0.968994 0.123655 -0.213916 
vn -0.909208 0.151611 -0.387757 
vn -0.908961 0.115479 -0.400568 
vn -0.887411 0.307503 -0.343428 
vn -0.909054 0.154122 -0.387128 
vn -0.836038 0.459115 -0.300423 
vn -0.907148 0.0825103 -0.412643 
vn -0.97624 0.0825103 -0.200371 
vn -0.602083 -0.774101 -0.195613 
vn -0.619087 -0.774099 -0.132295 
vn -0.690975 -0.704257 -0.163018 
vn -0.790676 -0.574403 -0.211881 
vn -0.683831 -0.641071 -0.34843 
vn -0.576467 -0.774099 -0.261641 
vn -0.685742 -0.638494 -0.349403 
vn -0.729354 -0.574403 -0.371624 
vn -0.88812 -0.367697 -0.275757 
vn -0.852205 -0.29189 -0.43422 
vn -0.812089 -0.411459 -0.41378 
vn -0.914296 -0.21045 -0.346082 
vn -0.871052 -0.21045 -0.443823 
vn -0.984443 0.0101712 -0.175411 
vn -0.959824 -0.115479 -0.255741 
vn -0.950672 -0.21045 -0.22789 
vn -0.985536 -0.00363405 -0.169425 
vn -0.985504 -0.00318088 -0.169622 
vn -0.953528 0.00506164 -0.301262 
vn -0.95413 0.000762484 -0.299391 
vn -0.955565 -0.0101712 -0.294606 
vn -0.965569 -0.21045 -0.152931 
vn -0.987542 -0.0172182 -0.156411 
vn -0.948005 0.0208074 -0.317575 
vn -0.948665 0.0189991 -0.315713 
vn -0.942993 0.0143963 -0.3325 
vn -0.942508 0.0137934 -0.333899 
vn -0.91619 -0.123655 -0.38119 
vn -0.899157 0.0101712 -0.437508 
vn -0.892634 -0.0152393 -0.450525 
vn -0.93806 -0.0101712 -0.346322 
vn -0.892616 -0.0153042 -0.450558 
vn -0.890856 -0.0183602 -0.453914 
vn -0.930355 -0.307503 -0.199705 
vn -0.888439 -0.425921 -0.171077 
vn -0.937012 -0.282474 -0.205469 
vn -0.950234 -0.212903 -0.227437 
vn -0.630187 -0.774099 -0.060286 
vn -0.706468 -0.704257 0.0701741 
vn -0.816632 -0.574403 0.0563315 
vn -0.629585 -0.774101 0.0662623 
vn -0.808716 -0.574403 -0.126652 
vn -0.813204 -0.567548 -0.128799 
vn -0.929537 -0.367697 0.0275564 
vn -0.97713 -0.21045 -0.0304595 
vn -0.99053 -0.015434 -0.136424 
vn -0.988077 -0.020085 -0.152645 
vn -0.987948 -0.0203146 -0.153446 
vn -0.988059 0.0101712 0.153741 
vn -0.990857 -0.115479 0.0697698 
vn -0.973158 -0.21045 0.0931404 
vn -0.987317 -0.00173487 0.158754 
vn -0.999683 0.00506055 0.024672 
vn -0.999645 0.000762523 0.0266364 
vn -0.999448 -0.0101712 0.0316272 
vn -0.984338 -0.020099 0.175141 
vn -0.987177 -0.0026865 0.159608 
vn -0.999756 0.0208073 0.00744958 
vn -0.999775 0.0189994 0.00942443 
vn -0.999862 0.0143966 -0.00829509 
vn -0.999857 0.0137939 -0.00977518 
vn -0.99032 -0.123655 -0.0630497 
vn -0.990714 -0.0134408 -0.135296 
vn -0.992497 0.0101712 -0.121847 
vn -0.999684 -0.0101712 -0.0229699 
vn -0.944294 -0.21045 0.253023 
vn -0.984112 -0.0197342 0.176447 
vn -0.981102 -0.0151254 0.192899 
vn -0.978284 0.0101712 0.207018 
vn -0.980957 -0.0136138 0.193746 
vn -0.969318 0.0825103 0.231548 
vn -0.895635 -0.426358 0.126714 
vn -0.806022 -0.574403 0.142794 
vn -0.94479 -0.307503 0.113201 
vn -0.952957 -0.282474 0.109912 
vn -0.972597 -0.212902 0.0934269 
vn -0.790681 -0.574403 0.211862 
vn -0.615616 -0.7741 0.147602 
vn -0.611493 -0.7741 0.163849 
vn -0.645404 -0.704258 0.295761 
vn -0.754094 -0.574403 0.318439 
vn -0.569803 -0.7741 0.275851 
vn -0.870225 -0.367697 0.327883 
vn -0.934077 -0.21045 0.288464 
vn -0.636151 -0.574403 0.515145 
vn -0.715984 -0.574403 0.396772 
vn -0.534334 -0.7741 0.339494 
vn -0.491983 -0.7741 0.3984 
vn -0.5144 -0.704258 0.489298 
vn -0.609838 -0.574403 0.546039 
vn -0.449361 -0.7741 0.445919 
vn -0.71661 -0.367697 0.592679 
vn -0.730379 -0.341665 0.591449 
vn -0.789802 -0.21045 0.576129 
vn -0.856842 -0.307503 0.41384 
vn -0.805963 -0.426358 0.410661 
vn -0.86564 -0.28246 0.41338 
vn -0.890187 -0.21045 0.404078 
vn -0.889562 -0.212904 0.404167 
vn -0.914515 -0.115479 0.38772 
vn -0.884603 0.0101712 0.466233 
vn -0.937506 0.00506006 0.347931 
vn -0.937176 0.0029365 0.348844 
vn -0.935026 -0.0101712 0.354434 
vn -0.881415 -0.00507103 0.472316 
vn -0.882332 -0.000809345 0.470627 
vn -0.943168 0.020807 0.331666 
vn -0.942898 0.0200232 0.332478 
vn -0.873139 -0.0207676 0.48703 
vn -0.874018 -0.0191376 0.485516 
vn -0.948856 0.0137936 0.315407 
vn -0.948747 0.0139326 0.31573 
vn -0.957134 -0.123655 0.261923 
vn -0.952977 -0.0101712 0.302871 
vn -0.784374 0.0208085 0.61994 
vn -0.783173 0.0189976 0.621513 
vn -0.820228 -0.123655 0.558512 
vn -0.865423 -0.0141357 0.500842 
vn -0.864477 -0.0133367 0.502496 
vn -0.841614 0.0825103 0.533739 
vn -0.795033 0.0137922 0.60641 
vn -0.794126 0.0143964 0.607583 
vn -0.803 -0.0101712 0.595892 
vn -0.85806 0.0101712 0.513449 
vn -0.777107 0.00997584 0.629289 
vn -0.372229 -0.774101 0.512068 
vn -0.287405 -0.7741 0.564063 
vn -0.308632 -0.733379 0.605724 
vn -0.327654 -0.704258 0.629812 
vn -0.548354 -0.574403 0.607757 
vn -0.395149 -0.7741 0.494597 
vn -0.399497 -0.574403 0.714467 
vn -0.485339 -0.367698 0.793249 
vn -0.559939 -0.21045 0.801361 
vn -0.676042 -0.307503 0.669633 
vn -0.629151 -0.425921 0.6502 
vn -0.684503 -0.282491 0.672053 
vn -0.710751 -0.21045 0.671226 
vn -0.710132 -0.212904 0.671107 
vn -0.739072 -0.115479 0.663655 
vn -0.685287 0.0101712 0.728202 
vn -0.681614 -0.00175861 0.73171 
vn -0.773738 0.00506551 0.633486 
vn -0.772499 0.00075919 0.635016 
vn -0.769279 -0.0101712 0.638832 
vn -0.669198 -0.0201039 0.742812 
vn -0.680988 -0.00269478 0.732289 
vn -0.594437 -0.123655 0.794578 
vn -0.668227 -0.0197417 0.743696 
vn -0.655743 -0.0151207 0.754833 
vn -0.483538 -0.115479 0.867672 
vn -0.454293 -0.21045 0.865638 
vn -0.526106 0.00503166 0.850404 
vn -0.525552 0.00359704 0.850754 
vn -0.520169 -0.0101712 0.854003 
vn -0.54056 0.0208036 0.841048 
vn -0.540139 0.0203387 0.84133 
vn -0.622708 0.0825103 0.778091 
vn -0.555036 0.0138172 0.831711 
vn -0.644851 0.0101712 0.764241 
vn -0.655112 -0.0136165 0.755409 
vn -0.566005 -0.0101712 0.824339 
vn -0.555042 0.013806 0.831708 
vn -0.443823 -0.21045 0.871052 
vn -0.453746 -0.212902 0.865325 
vn -0.131532 -0.774101 0.619247 
vn -0.0807192 -0.774101 0.627895 
vn -0.105401 -0.704259 0.702076 
vn -0.145864 -0.574403 0.805472 
vn -0.321304 -0.574403 0.752878 
vn -0.213143 -0.7741 0.596103 
vn -0.201475 -0.367698 0.907858 
vn -0.269399 -0.21045 0.939753 
vn -0.421983 -0.307503 0.852861 
vn -0.383942 -0.425922 0.819255 
vn -0.429205 -0.282471 0.8579 
vn -0.438934 -0.255403 0.861456 
vn -0.41171 0.0101712 0.911258 
vn -0.407094 -0.00176405 0.913385 
vn -0.391746 -0.0201051 0.919854 
vn -0.406317 -0.00269671 0.913728 
vn -0.30423 -0.123655 0.944539 
vn -0.375118 -0.0151197 0.926854 
vn -0.390543 -0.0197435 0.920373 
vn -0.0935173 0.0101712 0.995566 
vn -0.175606 -0.115479 0.977664 
vn -0.148606 -0.21045 0.966244 
vn -0.0884566 -0.00177172 0.996078 
vn -0.221487 0.00505554 0.97515 
vn -0.219577 0.000763828 0.975595 
vn -0.214691 -0.0101712 0.976629 
vn -0.0511639 -0.21045 0.976265 
vn -0.0718394 -0.0201067 0.997214 
vn -0.0876144 -0.00269941 0.996151 
vn -0.238205 0.0208076 0.970992 
vn -0.236295 0.0189991 0.971496 
vn -0.253493 0.0143965 0.96723 
vn -0.254927 0.0137938 0.966862 
vn -0.361762 0.0101712 0.932215 
vn -0.374335 -0.0136171 0.927193 
vn -0.267675 -0.0101712 0.963456 
vn -0.0538424 -0.0151182 0.998435 
vn -0.070537 -0.019746 0.997314 
vn -0.0523319 -0.0124492 0.998552 
vn -0.0529931 -0.0136179 0.998502 
vn -0.0971266 -0.425922 0.899531 
vn -0.0594362 -0.574403 0.816412 
vn -0.122195 -0.307504 0.943668 
vn -0.127391 -0.282465 0.950781 
vn -0.14819 -0.212902 0.96577 
vn 0.123576 -0.574403 0.809191 
vn -0.0397547 -0.650383 0.758565 
vn -0.00803967 -0.774101 0.633011 
vn -0.0428408 -0.574403 0.817451 
vn 0.127532 -0.774101 0.620084 
vn 0.128274 -0.704259 0.698259 
vn 0.104223 -0.367698 0.924086 
vn 0.0503351 -0.21045 0.976308 
vn 0.350342 -0.21045 0.912673 
vn 0.200213 -0.425922 0.882329 
vn 0.208873 -0.574403 0.791476 
vn 0.190835 -0.307504 0.932214 
vn 0.18823 -0.282464 0.940629 
vn 0.173185 -0.21045 0.962142 
vn 0.173424 -0.212901 0.96156 
vn 0.29335 -0.574403 0.764204 
vn 0.197934 -0.774101 0.601323 
vn 0.22687 -0.7741 0.591016 
vn 0.348048 -0.704259 0.618774 
vn 0.379624 -0.574403 0.725222 
vn 0.321963 -0.774101 0.545076 
vn 0.398626 -0.367698 0.840176 
vn 0.364615 -0.21045 0.907065 
vn 0.151356 -0.115479 0.981711 
vn 0.23481 0.0101713 0.971988 
vn 0.239763 -0.00177363 0.97083 
vn 0.107145 0.00505371 0.994231 
vn 0.109096 0.00076402 0.994031 
vn 0.114053 -0.0101713 0.993423 
vn 0.255849 -0.020107 0.966508 
vn 0.240583 -0.00270007 0.970625 
vn 0.0899835 0.0208073 0.995726 
vn 0.0919527 0.0189995 0.995582 
vn 0.0743008 0.0143969 0.997132 
vn 0.0728264 0.0137946 0.997249 
vn 0.0189456 -0.123655 0.992144 
vn -0.0394713 0.0101712 0.999169 
vn 0.0596618 -0.0101713 0.998167 
vn 0.340068 -0.123655 0.932236 
vn 0.257112 -0.0197465 0.96618 
vn 0.273267 -0.0151177 0.961819 
vn 0.287097 0.0101713 0.957847 
vn 0.274092 -0.0136181 0.961607 
vn 0.310803 0.0825103 0.946886 
vn 0.357307 -0.0768837 0.930817 
vn 0.353237 -0.168618 0.920213 
vn 0.578818 -0.574403 0.578818 
vn 0.454547 -0.574403 0.68077 
vn 0.382459 -0.774101 0.504473 
vn 0.447644 -0.7741 0.447644 
vn 0.530106 -0.704259 0.472236 
vn 0.594535 -0.574403 0.562663 
vn 0.47266 -0.774101 0.421141 
vn 0.649832 -0.367698 0.665219 
vn 0.639383 -0.21045 0.739527 
vn 0.637332 -0.433146 0.637332 
vn 0.483184 -0.307504 0.81974 
vn 0.475857 -0.425923 0.769512 
vn 0.483453 -0.282468 0.828544 
vn 0.476209 -0.21045 0.853778 
vn 0.476246 -0.212902 0.853149 
vn 0.461916 -0.115479 0.879374 
vn 0.537691 0.0101713 0.84308 
vn 0.541994 -0.00175756 0.840381 
vn 0.424166 0.00505414 0.905571 
vn 0.425946 0.000763348 0.904748 
vn 0.430437 -0.0101713 0.902563 
vn 0.555804 -0.0201037 0.83107 
vn 0.542709 -0.00269442 0.839916 
vn 0.408419 0.0208074 0.912557 
vn 0.410236 0.0189991 0.911782 
vn 0.392687 0.0137944 0.919569 
vn 0.394044 0.0143969 0.918979 
vn 0.380534 -0.0101713 0.924711 
vn 0.624339 -0.123655 0.771304 
vn 0.556899 -0.0197414 0.830345 
vn 0.57076 -0.0151208 0.820977 
vn 0.695221 0.00505603 0.718778 
vn 0.696639 0.00076251 0.717422 
vn 0.700177 -0.0101713 0.713897 
vn 0.682596 0.0208077 0.730499 
vn 0.684063 0.0189984 0.729175 
vn 0.601417 0.0825103 0.794664 
vn 0.671086 0.0143966 0.74124 
vn 0.669993 0.0137937 0.742239 
vn 0.582554 0.0101713 0.812728 
vn 0.571474 -0.0136164 0.820507 
vn 0.660169 -0.0101713 0.751049 
vn 0.706634 -0.0365674 0.706634 
vn 0.548184 -0.774101 0.316641 
vn 0.588866 -0.774101 0.232388 
vn 0.654718 -0.704259 0.274524 
vn 0.650965 -0.574403 0.496293 
vn 0.525539 -0.774101 0.352954 
vn 0.745018 -0.574403 0.339131 
vn 0.830619 -0.367698 0.418175 
vn 0.844863 -0.21045 0.49185 
vn 0.723173 -0.307504 0.618435 
vn 0.699935 -0.425922 0.573308 
vn 0.726285 -0.282477 0.626671 
vn 0.727627 -0.21045 0.652893 
vn 0.727458 -0.212903 0.652286 
vn 0.722421 -0.115479 0.681743 
vn 0.782306 0.0101713 0.622812 
vn 0.785496 -0.00174996 0.618865 
vn 0.795535 -0.0201021 0.605574 
vn 0.786024 -0.00269175 0.61819 
vn 0.840953 -0.123655 0.52679 
vn 0.796338 -0.019739 0.60453 
vn 0.806405 -0.0151223 0.59117 
vn 0.930662 0.0790106 0.357248 
vn 0.904639 -0.115479 0.410234 
vn 0.900196 -0.21045 0.381258 
vn 0.890937 0.00506317 0.454098 
vn 0.89184 0.000761461 0.452351 
vn 0.894042 -0.0101713 0.447869 
vn 0.882804 0.0208079 0.46928 
vn 0.883762 0.0189988 0.467551 
vn 0.875405 0.0143963 0.483176 
vn 0.874696 0.013793 0.484476 
vn 0.814882 0.0101713 0.579537 
vn 0.806928 -0.0136155 0.590493 
vn 0.868264 -0.0101713 0.495998 
vn 0.912673 -0.21045 0.350342 
vn 0.89041 -0.282488 0.356889 
vn 0.884795 -0.307504 0.350112 
vn 0.899839 -0.212904 0.380738 
vn 0.629609 -0.774101 0.0660312 
vn 0.632416 -0.774101 0.0285915 
vn 0.708382 -0.704259 0.0470629 
vn 0.814766 -0.574403 0.0788493 
vn 0.77684 -0.574403 0.258034 
vn 0.611668 -0.774101 0.163188 
vn 0.921395 -0.367698 0.125815 
vn 0.95879 -0.21045 0.190874 
vn 0.868803 -0.366003 0.333502 
vn 0.848163 -0.425923 0.314976 
vn 0.943881 -0.00175216 0.330281 
vn 0.942145 0.0101713 0.335052 
vn 0.949061 -0.0201026 0.314452 
vn 0.944161 -0.00269253 0.329473 
vn 0.966436 -0.123655 0.22519 
vn 0.954665 -0.015122 0.297299 
vn 0.949481 -0.0197397 0.313204 
vn 0.999888 0.0101712 0.0109836 
vn 0.988826 -0.115479 0.0942704 
vn 0.975215 -0.21045 0.0683062 
vn 0.999981 -0.00175878 0.00590462 
vn 0.99011 0.00505713 0.140204 
vn 0.990395 0.000762709 0.138262 
vn 0.991023 -0.0101713 0.133307 
vn 0.976265 -0.21045 -0.0511639 
vn 0.99974 -0.020104 -0.0107493 
vn 0.999984 -0.00269486 0.00505218 
vn 0.987346 0.020808 0.157207 
vn 0.987691 0.0189983 0.155261 
vn 0.98486 0.0143964 0.172753 
vn 0.984611 0.0137933 0.174212 
vn 0.958905 0.0101713 0.283544 
vn 0.954939 -0.0136157 0.296489 
vn 0.982269 -0.0101713 0.187198 
vn 0.999471 -0.0151208 -0.0287901 
vn 0.999732 -0.0197418 -0.0120624 
vn 0.999016 0.0101712 -0.0431754 
vn 0.999468 -0.0136165 -0.0296444 
vn 0.997993 0.0357064 -0.0523026 
vn 0.90448 -0.425922 0.0225112 
vn 0.818532 -0.574403 -0.00818655 
vn 0.950536 -0.307504 0.0438491 
vn 0.958049 -0.282483 0.0484366 
vn 0.974709 -0.212904 0.0679308 
vn 0.796222 -0.574403 -0.189977 
vn 0.690153 -0.722759 -0.0361694 
vn 0.631513 -0.774101 -0.0442623 
vn 0.817451 -0.574403 -0.0428408 
vn 0.607434 -0.7741 -0.178303 
vn 0.685281 -0.704259 -0.185498 
vn 0.912323 -0.367698 -0.180178 
vn 0.968817 -0.21045 -0.130787 
vn 0.729354 -0.574403 -0.371624 
vn 0.771523 -0.574403 -0.27352 
vn 0.582924 -0.7741 -0.246916 
vn 0.564063 -0.7741 -0.287405 
vn 0.58792 -0.704258 -0.397958 
vn 0.691395 -0.574403 -0.438217 
vn 0.516627 -0.7741 -0.365876 
vn 0.804387 -0.367698 -0.466647 
vn 0.867681 -0.227316 -0.442106 
vn 0.862782 -0.425922 -0.272393 
vn 0.873857 -0.21045 -0.438275 
vn 0.913271 -0.307504 -0.267165 
vn 0.921871 -0.282468 -0.265264 
vn 0.944554 -0.21045 -0.252048 
vn 0.943954 -0.212902 -0.252238 
vn 0.965859 -0.115479 -0.231909 
vn 0.949278 0.0101712 -0.314275 
vn 0.947715 -0.00176684 -0.319113 
vn 0.981987 0.00505636 -0.188882 
vn 0.981627 0.000763419 -0.190811 
vn 0.980611 -0.0101712 -0.195701 
vn 0.94208 -0.0201057 -0.334786 
vn 0.947442 -0.00269769 -0.319916 
vn 0.984894 0.0208078 -0.171902 
vn 0.984588 0.0189987 -0.173854 
vn 0.98759 0.0143964 -0.156391 
vn 0.987829 0.0137935 -0.15493 
vn 0.987191 -0.123655 -0.100813 
vn 0.989831 -0.0101712 -0.141887 
vn 0.900968 -0.123655 -0.415891 
vn 0.941647 -0.0197444 -0.336022 
vn 0.935968 -0.0151192 -0.35176 
vn 0.930867 0.0101712 -0.365216 
vn 0.935688 -0.0136174 -0.352565 
vn 0.917986 0.0825103 -0.387936 
vn 0.890903 -0.0152663 -0.453938 
vn 0.515145 -0.574403 -0.636151 
vn 0.640908 -0.574403 -0.509213 
vn 0.470465 -0.774101 -0.423593 
vn 0.471167 -0.7741 -0.422813 
vn 0.3984 -0.7741 -0.491983 
vn 0.426848 -0.704258 -0.567293 
vn 0.369835 -0.7741 -0.513801 
vn 0.609284 -0.367697 -0.702547 
vn 0.684201 -0.21045 -0.698269 
vn 0.526469 -0.547864 -0.650135 
vn 0.777039 -0.307503 -0.549228 
vn 0.727588 -0.425922 -0.537779 
vn 0.785792 -0.282463 -0.550223 
vn 0.811536 -0.21045 -0.545088 
vn 0.810906 -0.212901 -0.545073 
vn 0.838225 -0.115479 -0.532957 
vn 0.795798 0.0101712 -0.605476 
vn 0.792748 -0.00177112 -0.609547 
vn 0.86745 0.00505492 -0.497499 
vn 0.866483 0.000763972 -0.499206 
vn 0.863935 -0.0101712 -0.503501 
vn 0.782329 -0.0201065 -0.622541 
vn 0.792231 -0.00269918 -0.610216 
vn 0.875713 0.0208075 -0.482383 
vn 0.87479 0.0189992 -0.48413 
vn 0.884 0.013794 -0.467284 
vn 0.8833 0.0143966 -0.468587 
vn 0.890128 -0.0101712 -0.455597 
vn 0.717112 -0.123655 -0.685901 
vn 0.78152 -0.0197457 -0.623567 
vn 0.771038 -0.0151182 -0.636609 
vn 0.65891 0.0050521 -0.752205 
vn 0.658189 0.00293791 -0.752847 
vn 0.653638 -0.0101712 -0.756739 
vn 0.671634 0.020807 -0.740591 
vn 0.671011 0.0200243 -0.741177 
vn 0.742284 0.0825103 -0.664986 
vn 0.684375 0.0137952 -0.729 
vn 0.684126 0.0139334 -0.729231 
vn 0.761845 0.0101712 -0.64768 
vn 0.770512 -0.0136179 -0.63728 
vn 0.693966 -0.0101712 -0.719935 
vn 0.626375 -0.0966339 -0.773509 
vn 0.257548 -0.774101 -0.578305 
vn 0.182966 -0.7741 -0.606047 
vn 0.21952 -0.704258 -0.675153 
vn 0.27645 -0.574403 -0.770479 
vn 0.440846 -0.574403 -0.689722 
vn 0.308351 -0.7741 -0.552892 
vn 0.348154 -0.367697 -0.862315 
vn 0.420402 -0.21045 -0.882595 
vn 0.556603 -0.307503 -0.771774 
vn 0.513369 -0.42636 -0.744762 
vn 0.564559 -0.282459 -0.775558 
vn 0.590575 -0.21045 -0.779059 
vn 0.589984 -0.212899 -0.77884 
vn 0.619757 -0.115479 -0.776251 
vn 0.556082 0.0101712 -0.831065 
vn 0.551893 -0.00173027 -0.833913 
vn 0.552068 -0.00123921 -0.833798 
vn 0.53782 -0.0200978 -0.84282 
vn 0.522698 -0.01517 -0.852383 
vn 0.537665 -0.0200471 -0.84292 
vn 0.455545 -0.123655 -0.881583 
vn 0.522561 -0.0151257 -0.852468 
vn 0.305617 -0.21045 -0.928606 
vn 0.253023 -0.21045 -0.944294 
vn 0.258778 0.0178909 -0.965771 
vn 0.334128 -0.115479 -0.935427 
vn 0.378974 0.00506207 -0.925393 
vn 0.378078 0.00293617 -0.925769 
vn 0.372509 -0.0101712 -0.927973 
vn 0.394775 0.0208074 -0.918542 
vn 0.393994 0.0200227 -0.918895 
vn 0.41059 0.013793 -0.911716 
vn 0.410277 0.0139321 -0.911854 
vn 0.422603 -0.0101712 -0.906258 
vn 0.510265 0.0101712 -0.859957 
vn 0.27585 -0.307503 -0.910686 
vn 0.24373 -0.426359 -0.871099 
vn 0.282146 -0.282465 -0.916846 
vn 0.305128 -0.212904 -0.928207 
vn -0.000149045 -0.774101 -0.633062 
vn -0.0237307 -0.774099 -0.632619 
vn -0.0115956 -0.704257 -0.70985 
vn 0.0112969 -0.574403 -0.818495 
vn 0.193007 -0.574403 -0.795493 
vn 0.11212 -0.774099 -0.623056 
vn 0.227682 -0.475539 -0.84972 
vn 0.0492972 -0.367697 -0.928638 
vn 0.111045 -0.21045 -0.971277 
vn 0.249471 -0.00507101 -0.968369 
vn 0.250384 -0.00298343 -0.968142 
vn 0.256105 0.0101712 -0.966595 
vn 0.23304 -0.0207675 -0.972245 
vn 0.233669 -0.020168 -0.972107 
vn -0.071624 0.0101712 -0.99738 
vn 0.0122917 -0.115479 -0.993234 
vn -0.0124599 -0.21045 -0.977525 
vn -0.0766896 -0.00175153 -0.997053 
vn 0.0579658 0.00506365 -0.998306 
vn 0.0560021 0.00075935 -0.99843 
vn 0.0510134 -0.0101712 -0.998646 
vn -0.0932666 -0.0201024 -0.995438 
vn -0.0775433 -0.00269229 -0.996985 
vn 0.0751353 0.020808 -0.996956 
vn 0.073166 0.0189978 -0.997139 
vn 0.144613 -0.123655 -0.981731 
vn 0.215794 -0.0133366 -0.976348 
vn 0.21655 -0.0136617 -0.976176 
vn 0.0908321 0.0143966 -0.995762 
vn 0.0923088 0.0137929 -0.995635 
vn 0.105444 -0.0101712 -0.994373 
vn 0.20339 0.0101712 -0.979045 
vn -0.152931 -0.21045 -0.965569 
vn -0.0945784 -0.0197394 -0.995322 
vn -0.111226 -0.015122 -0.99368 
vn -0.125526 0.0101712 -0.992038 
vn -0.112078 -0.0136157 -0.993606 
vn -0.155901 0.0825103 -0.984321 
vn -0.150713 0.0825103 -0.985128 
vn -0.052257 -0.425921 -0.90325 
vn -0.0757526 -0.574403 -0.81506 
vn -0.0347953 -0.307503 -0.950911 
vn -0.0308445 -0.282485 -0.958776 
vn -0.0127922 -0.212904 -0.976989 
vn -0.128053 -0.574403 -0.808495 
vn -0.0962612 -0.774099 -0.625703 
vn -0.0990331 -0.774099 -0.62527 
vn -0.241455 -0.704257 -0.667624 
vn -0.25508 -0.574403 -0.777815 
vn -0.227856 -0.774099 -0.590637 
vn -0.254902 -0.367697 -0.894329 
vn -0.210345 -0.21045 -0.954707 
vn -0.336363 -0.574403 -0.746272 
vn -0.303888 -0.742929 -0.596413 
vn -0.349078 -0.639357 -0.685104 
vn -0.434211 -0.291959 -0.852186 
vn -0.34167 -0.307503 -0.88809 
vn -0.342994 -0.382709 -0.85784 
vn -0.414902 -0.40594 -0.814291 
vn -0.371624 -0.574403 -0.729354 
vn -0.443823 -0.21045 -0.871052 
vn -0.340486 -0.282477 -0.896814 
vn -0.329187 -0.21045 -0.920515 
vn -0.329327 -0.212903 -0.9199 
vn -0.391592 0.0101712 -0.920083 
vn -0.36621 0.0825103 -0.926867 
vn -0.310877 -0.115479 -0.943409 
vn -0.396276 -0.00174869 -0.91813 
vn -0.396076 -0.0012371 -0.918217 
vn -0.269328 0.00505567 -0.963035 
vn -0.27122 0.000763508 -0.962517 
vn -0.27601 -0.0101712 -0.961101 
vn -0.41143 -0.0201017 -0.91122 
vn -0.252647 0.0208075 -0.967335 
vn -0.254567 0.0189985 -0.966869 
vn -0.237411 0.0143964 -0.971303 
vn -0.235975 0.0137936 -0.971661 
vn -0.18199 -0.123655 -0.975494 
vn -0.223142 -0.0101712 -0.974733 
vn -0.427846 -0.0151222 -0.903725 
vn -0.427698 -0.0151676 -0.903795 
vn -0.41159 -0.0200535 -0.911149 
vn -0.440839 0.0101712 -0.897529 
vn -0.453956 -0.0123291 -0.890939 
vn -0.453392 0.0513207 -0.889832 
vn -0.350907 0.123655 -0.92821 
vn -0.17276 0.151963 -0.973171 
vn -0.161813 0.115479 -0.980041 
vn -0.197862 0.307503 -0.930749 
vn -0.173133 0.15408 -0.972772 
vn -0.205766 0.459115 -0.864218 
vn -0.405442 0.367697 -0.836908 
vn -0.39781 0.459115 -0.79433 
vn -0.155694 0.0972001 -0.983011 
vn -0.343757 0.653195 -0.674661 
vn -0.287406 0.774098 -0.564066 
vn -0.187539 0.774099 -0.604648 
vn -0.201732 0.657674 -0.725789 
vn -0.391865 0.504953 -0.769067 
vn 0.511645 -0.574403 -0.638969 
vn 0.481504 -0.774101 0.411001 
vn -0.280223 -0.7741 0.567665 
vn -0.628499 -0.774099 0.0758902 
vn -0.631999 0.774099 -0.0367154 
vn -0.609676 0.7741 0.170483 
vn -0.190738 0.7741 0.603645 
vn 0.0156 0.774101 0.63287 
vn 0.617334 0.774101 0.140237 
vn 0.62942 0.774101 -0.0678095 
vn 0.287493 0.7741 -0.564019 
vn 0.0887792 0.774099 -0.626808 
vn -0.119555 0.774099 -0.621673 
vn -0.636892 0.759299 -0.133542 
vn -0.636892 0.759299 -0.133542 
vn -0.510856 0.852967 -0.107115 
vn -0.114281 0.993159 -0.0239623 
vn -0.322385 0.944192 -0.0675971 
vn -0.510856 0.852967 -0.107115 
vn -0.460891 0.882179 -0.0966387 
vn -0.114281 0.993159 -0.0239623 
vn 0.278313 0.958716 0.0583561 
vn 0.0865267 0.996084 0.0181427 
vn -0.0686631 0.997536 -0.0143971 
vn 0.637429 0.758828 0.133655 
vn 0.44573 0.890275 0.0934597 
vn 0.311735 0.947918 0.065364 
vn -0.0123327 -0.183083 -0.98302 
vn 0.00772906 -0.125979 -0.992003 
vn 0.0668257 -0.218506 -0.973545 
vn 0.062043 -0.237396 -0.96943 
vn -0.0256103 -0.237396 -0.971075 
vn 0.12362 -0.0561928 -0.990737 
vn 0.0219535 -0.0846098 -0.996172 
vn 0.0302718 -0.068829 -0.997169 
vn 0.116014 -0.015717 -0.993123 
vn 0.101154 0.00797921 -0.994839 
vn 0.107765 0.0039386 -0.994169 
vn 0.114576 -0.00583484 -0.993397 
vn 0.085309 0.010476 -0.996299 
vn 0.0935324 0.0126308 -0.995536 
vn 0.0699246 -9.7656e-05 -0.997552 
vn 0.0767914 0.00824413 -0.997013 
vn 0.0477729 -0.0374622 -0.998155 
vn 0.0651973 -0.00583484 -0.997855 
vn 0.115542 -0.00762274 -0.993273 
vn 0.140298 -0.092586 -0.985771 
vn 0.0337774 -0.345368 -0.937859 
vn -0.048659 -0.330782 -0.942452 
vn 0.00149031 -0.450872 -0.892587 
vn -0.0837281 -0.450872 -0.888653 
vn 0.637429 0.758828 0.133655 
vn 0.637429 -0.758828 0.133655 
vn 0.205215 6.19172e-13 -0.978717 
o mesh4
f 69//43 70//44 71//44 
f 72//45 69//43 73//46 
f 74//47 72//45 75//48 
f 76//49 74//47 77//50 
f 78//51 76//49 79//52 
f 80//53 81//54 82//54 
f 83//55 82//54 81//54 
f 81//54 78//51 83//55 
f 84//56 80//53 85//57 
f 86//58 84//56 87//59 
f 88//60 86//58 89//61 
f 90//62 88//60 91//63 
f 92//64 90//62 93//65 
f 94//66 92//64 95//67 
f 96//68 94//66 97//69 
f 98//70 99//71 100//71 
f 100//71 99//71 96//68 
f 96//68 101//72 100//71 
f 70//44 98//70 102//73 
f 102//73 71//44 70//44 
f 100//71 102//73 98//70 
f 97//69 101//72 96//68 
f 95//67 97//69 94//66 
f 93//65 95//67 92//64 
f 91//63 93//65 90//62 
f 89//61 91//63 88//60 
f 87//59 89//61 86//58 
f 85//57 87//59 84//56 
f 82//54 85//57 80//53 
f 79//52 83//55 78//51 
f 77//50 79//52 76//49 
f 75//48 77//50 74//47 
f 73//46 75//48 72//45 
f 71//44 73//46 69//43 
o mesh5
f 103//74 82//74 83//74 
f 104//74 85//74 82//74 
f 105//74 100//74 101//74 
f 106//74 102//74 100//74 
f 82//74 103//74 104//74 
f 107//74 87//74 85//74 
f 108//74 109//74 93//74 
f 109//74 110//74 95//74 
f 111//74 112//74 101//74 
f 100//74 105//74 106//74 
f 113//74 114//74 77//74 
f 115//74 79//74 77//74 
f 116//74 83//74 79//74 
f 85//74 104//74 107//74 
f 95//74 93//74 109//74 
f 110//74 111//74 97//74 
f 101//74 112//74 105//74 
f 117//74 71//74 102//74 
f 118//74 73//74 71//74 
f 118//74 113//74 75//74 
f 77//74 114//74 115//74 
f 83//74 116//74 103//74 
f 97//74 95//74 110//74 
f 102//74 106//74 117//74 
f 75//74 73//74 118//74 
f 79//74 115//74 116//74 
f 101//74 97//74 111//74 
f 77//74 75//74 113//74 
f 119//74 108//74 91//74 
f 71//74 117//74 118//74 
f 93//74 91//74 108//74 
f 119//74 89//74 87//74 
f 87//74 107//74 119//74 
f 91//74 89//74 119//74 
o mesh6
f 118//75 117//76 120//76 
f 113//77 118//75 121//78 
f 114//79 113//77 122//80 
f 115//81 114//79 123//82 
f 116//83 115//81 124//84 
f 104//85 103//86 125//86 
f 103//86 126//87 125//86 
f 116//83 127//88 126//87 
f 126//87 103//86 116//83 
f 104//85 128//89 129//90 
f 129//90 107//91 104//85 
f 119//92 107//91 130//91 
f 108//93 119//92 131//92 
f 109//94 108//93 132//93 
f 110//95 109//94 133//94 
f 111//96 110//95 134//95 
f 112//97 111//96 135//96 
f 105//98 112//97 136//97 
f 106//99 105//98 137//98 
f 137//98 138//99 106//99 
f 117//76 106//99 138//99 
f 138//99 120//76 117//76 
f 136//97 137//98 105//98 
f 135//96 136//97 112//97 
f 134//95 135//96 111//96 
f 133//94 134//95 110//95 
f 132//93 133//94 109//94 
f 131//92 132//93 108//93 
f 130//91 131//92 119//92 
f 129//90 130//91 107//91 
f 125//86 128//89 104//85 
f 124//84 127//88 116//83 
f 123//82 124//84 115//81 
f 122//80 123//82 114//79 
f 121//78 122//80 113//77 
f 120//76 121//78 118//75 
o mesh7
f 139//100 140//100 99//100 
f 96//100 140//100 141//100 
f 142//100 81//100 80//100 
f 142//100 143//100 78//100 
f 140//100 96//100 99//100 
f 141//100 94//100 96//100 
f 144//100 145//100 90//100 
f 145//100 146//100 88//100 
f 78//100 81//100 142//100 
f 139//100 98//100 70//100 
f 141//100 147//100 94//100 
f 147//100 144//100 92//100 
f 88//100 90//100 145//100 
f 80//100 148//100 142//100 
f 78//100 143//100 149//100 
f 150//100 74//100 76//100 
f 151//100 72//100 74//100 
f 99//100 98//100 139//100 
f 90//100 92//100 144//100 
f 146//100 152//100 86//100 
f 152//100 148//100 84//100 
f 149//100 76//100 78//100 
f 74//100 150//100 151//100 
f 153//100 69//100 72//100 
f 154//100 70//100 69//100 
f 92//100 94//100 147//100 
f 84//100 86//100 152//100 
f 76//100 149//100 150//100 
f 69//100 153//100 154//100 
f 86//100 88//100 146//100 
f 72//100 151//100 153//100 
f 80//100 84//100 148//100 
f 70//100 154//100 139//100 
o mesh8
f 174//101 175//102 155//103 
f 175//102 176//104 156//105 
f 176//104 177//106 157//107 
f 177//106 178//108 158//109 
f 178//108 179//110 159//111 
f 179//110 180//112 160//113 
f 175//102 174//101 181//114 
f 176//104 175//102 182//115 
f 177//106 176//104 183//116 
f 178//108 177//106 184//117 
f 179//110 178//108 185//118 
f 180//112 179//110 186//119 
f 182//115 181//114 187//120 
f 183//116 182//115 188//121 
f 184//117 183//116 189//122 
f 185//118 184//117 190//123 
f 186//119 185//118 191//124 
f 192//125 186//119 193//126 
f 188//121 187//120 194//127 
f 189//122 188//121 195//128 
f 190//123 189//122 196//129 
f 191//124 190//123 197//130 
f 193//126 191//124 198//131 
f 199//132 193//126 200//133 
f 195//128 194//127 201//134 
f 196//129 195//128 202//135 
f 197//130 196//129 203//136 
f 198//131 197//130 204//137 
f 200//133 198//131 205//138 
f 206//139 200//133 207//140 
f 201//134 140//141 139//142 
f 202//135 139//142 154//143 
f 203//136 154//143 153//144 
f 204//137 153//144 151//145 
f 205//138 151//145 150//146 
f 207//140 150//146 149//147 
f 161//148 174//101 162//149 
f 181//114 174//101 161//148 
f 163//150 187//120 181//114 
f 163//150 164//151 194//127 
f 194//127 164//151 165//152 
f 165//152 141//153 140//141 
f 166//154 208//155 149//147 
f 167//156 206//139 208//155 
f 199//132 206//139 167//156 
f 199//132 168//157 169//158 
f 169//158 170//159 180//112 
f 170//159 171//160 160//113 
f 160//113 180//112 170//159 
f 180//112 192//125 169//158 
f 169//158 192//125 199//132 
f 167//156 168//157 199//132 
f 208//155 166//154 167//156 
f 149//147 143//161 166//154 
f 140//141 201//134 165//152 
f 165//152 201//134 194//127 
f 194//127 187//120 163//150 
f 181//114 172//162 163//150 
f 161//148 172//162 181//114 
f 162//149 173//163 161//148 
f 149//147 208//155 207//140 
f 150//146 207//140 205//138 
f 151//145 205//138 204//137 
f 153//144 204//137 203//136 
f 154//143 203//136 202//135 
f 139//142 202//135 201//134 
f 207//140 208//155 206//139 
f 205//138 207//140 200//133 
f 204//137 205//138 198//131 
f 203//136 204//137 197//130 
f 202//135 203//136 196//129 
f 201//134 202//135 195//128 
f 200//133 206//139 199//132 
f 198//131 200//133 193//126 
f 197//130 198//131 191//124 
f 196//129 197//130 190//123 
f 195//128 196//129 189//122 
f 194//127 195//128 188//121 
f 193//126 199//132 192//125 
f 191//124 193//126 186//119 
f 190//123 191//124 185//118 
f 189//122 190//123 184//117 
f 188//121 189//122 183//116 
f 187//120 188//121 182//115 
f 186//119 192//125 180//112 
f 185//118 186//119 179//110 
f 184//117 185//118 178//108 
f 183//116 184//117 177//106 
f 182//115 183//116 176//104 
f 181//114 182//115 175//102 
f 160//113 159//111 179//110 
f 159//111 158//109 178//108 
f 158//109 157//107 177//106 
f 157//107 156//105 176//104 
f 156//105 155//103 175//102 
f 155//103 162//149 174//101 
o mesh9
f 216//164 209//165 210//166 
f 217//167 211//168 209//165 
f 218//169 212//170 211//168 
f 219//171 213//172 212//170 
f 220//173 214//174 213//172 
f 221//175 215//176 214//174 
f 216//164 222//177 223//178 
f 217//167 216//164 224//179 
f 218//169 217//167 225//180 
f 219//171 218//169 226//181 
f 220//173 219//171 227//182 
f 221//175 220//173 228//183 
f 224//179 223//178 229//184 
f 225//180 224//179 230//185 
f 226//181 225//180 231//186 
f 227//182 226//181 232//187 
f 228//183 227//182 233//188 
f 234//189 228//183 235//190 
f 230//185 229//184 236//191 
f 231//186 230//185 237//192 
f 232//187 231//186 238//193 
f 233//188 232//187 239//194 
f 235//190 233//188 240//195 
f 241//196 235//190 242//197 
f 237//192 236//191 243//198 
f 238//193 237//192 244//199 
f 239//194 238//193 245//200 
f 240//195 239//194 246//201 
f 242//197 240//195 247//202 
f 248//203 242//197 249//204 
f 243//198 142//205 148//206 
f 244//199 148//206 152//207 
f 245//200 152//207 146//208 
f 246//201 146//208 145//209 
f 247//202 145//209 144//210 
f 249//204 144//210 147//211 
f 222//177 210//166 171//212 
f 223//178 222//177 170//213 
f 229//184 223//178 169//214 
f 168//215 167//216 236//191 
f 167//216 166//217 243//198 
f 243//198 166//217 143//218 
f 250//219 147//211 141//220 
f 164//221 248//203 250//219 
f 163//222 241//196 248//203 
f 241//196 163//222 172//223 
f 234//189 172//223 161//224 
f 221//175 161//224 173//225 
f 173//225 215//176 221//175 
f 161//224 221//175 234//189 
f 172//223 234//189 241//196 
f 248//203 164//221 163//222 
f 250//219 165//226 164//221 
f 141//220 165//226 250//219 
f 143//218 142//205 243//198 
f 243//198 236//191 167//216 
f 236//191 229//184 168//215 
f 169//214 168//215 229//184 
f 170//213 169//214 223//178 
f 171//212 170//213 222//177 
f 147//211 250//219 249//204 
f 144//210 249//204 247//202 
f 145//209 247//202 246//201 
f 146//208 246//201 245//200 
f 152//207 245//200 244//199 
f 148//206 244//199 243//198 
f 249//204 250//219 248//203 
f 247//202 249//204 242//197 
f 246//201 247//202 240//195 
f 245//200 246//201 239//194 
f 244//199 245//200 238//193 
f 243//198 244//199 237//192 
f 242//197 248//203 241//196 
f 240//195 242//197 235//190 
f 239//194 240//195 233//188 
f 238//193 239//194 232//187 
f 237//192 238//193 231//186 
f 236//191 237//192 230//185 
f 235//190 241//196 234//189 
f 233//188 235//190 228//183 
f 232//187 233//188 227//182 
f 231//186 232//187 226//181 
f 230//185 231//186 225//180 
f 229//184 230//185 224//179 
f 228//183 234//189 221//175 
f 227//182 228//183 220//173 
f 226//181 227//182 219//171 
f 225//180 226//181 218//169 
f 224//179 225//180 217//167 
f 223//178 224//179 216//164 
f 214//174 220//173 221//175 
f 213//172 219//171 220//173 
f 212//170 218//169 219//171 
f 211//168 217//167 218//169 
f 209//165 216//164 217//167 
f 210//166 222//177 216//164 
o mesh10
f 251//227 252//227 173//227 
f 155//227 253//227 254//227 
f 213//227 255//227 256//227 
f 214//227 257//227 255//227 
f 252//227 215//227 173//227 
f 254//227 162//227 155//227 
f 210//227 258//227 259//227 
f 210//227 209//227 260//227 
f 255//227 213//227 214//227 
f 215//227 252//227 257//227 
f 254//227 251//227 162//227 
f 155//227 156//227 261//227 
f 260//227 258//227 210//227 
f 257//227 214//227 215//227 
f 261//227 253//227 155//227 
f 156//227 157//227 262//227 
f 157//227 158//227 263//227 
f 158//227 159//227 264//227 
f 159//227 160//227 265//227 
f 259//227 265//227 160//227 
f 209//227 266//227 260//227 
f 173//227 162//227 251//227 
f 263//227 262//227 157//227 
f 265//227 264//227 159//227 
f 259//227 171//227 210//227 
f 262//227 261//227 156//227 
f 160//227 171//227 259//227 
f 212//227 256//227 267//227 
f 264//227 263//227 158//227 
f 256//227 212//227 213//227 
f 211//227 267//227 266//227 
f 266//227 209//227 211//227 
f 267//227 211//227 212//227 
o mesh11
f 268//228 269//229 261//229 
f 270//230 268//228 262//231 
f 271//232 270//230 263//233 
f 272//234 271//232 264//235 
f 273//236 272//234 265//237 
f 274//238 275//239 258//239 
f 259//240 258//239 275//239 
f 275//239 273//236 259//240 
f 276//241 274//238 260//242 
f 277//243 276//241 266//244 
f 278//245 277//243 267//246 
f 279//247 278//245 256//248 
f 280//249 279//247 255//250 
f 281//251 280//249 257//252 
f 282//253 281//251 252//254 
f 251//253 254//255 283//255 
f 253//256 284//256 283//255 
f 283//255 254//255 253//256 
f 269//229 284//256 253//256 
f 253//256 261//229 269//229 
f 283//255 282//253 251//253 
f 252//254 251//253 282//253 
f 257//252 252//254 281//251 
f 255//250 257//252 280//249 
f 256//248 255//250 279//247 
f 267//246 256//248 278//245 
f 266//244 267//246 277//243 
f 260//242 266//244 276//241 
f 258//239 260//242 274//238 
f 265//237 259//240 273//236 
f 264//235 265//237 272//234 
f 263//233 264//235 271//232 
f 262//231 263//233 270//230 
f 261//229 262//231 268//228 
o mesh12
f 275//257 274//257 285//257 
f 286//257 287//257 273//257 
f 288//257 285//257 274//257 
f 273//257 275//257 286//257 
f 283//257 284//257 289//257 
f 290//257 281//257 282//257 
f 285//257 286//257 275//257 
f 287//257 291//257 272//257 
f 291//257 292//257 271//257 
f 292//257 293//257 270//257 
f 294//257 282//257 283//257 
f 290//257 295//257 281//257 
f 296//257 297//257 279//257 
f 297//257 298//257 278//257 
f 298//257 299//257 277//257 
f 299//257 288//257 276//257 
f 272//257 273//257 287//257 
f 270//257 271//257 292//257 
f 300//257 289//257 284//257 
f 282//257 294//257 290//257 
f 295//257 296//257 280//257 
f 278//257 279//257 297//257 
f 276//257 277//257 299//257 
f 271//257 272//257 291//257 
f 293//257 301//257 268//257 
f 301//257 300//257 269//257 
f 289//257 294//257 283//257 
f 279//257 280//257 296//257 
f 274//257 276//257 288//257 
f 269//257 268//257 301//257 
f 280//257 281//257 295//257 
f 268//257 270//257 293//257 
f 277//257 278//257 298//257 
f 284//257 269//257 300//257 
o mesh13
f 302//258 303//259 291//259 
f 286//260 285//261 304//261 
f 286//260 305//260 306//262 
f 306//262 287//263 286//260 
f 304//261 305//260 286//260 
f 307//264 304//261 285//261 
f 308//265 307//264 288//264 
f 309//266 308//265 299//265 
f 310//267 309//266 298//266 
f 311//268 310//267 297//267 
f 312//269 311//268 296//268 
f 313//270 312//269 295//269 
f 313//270 290//270 294//271 
f 289//272 314//272 315//271 
f 315//271 294//271 289//272 
f 316//273 314//272 289//272 
f 317//274 316//273 300//273 
f 318//275 317//274 301//274 
f 319//276 318//275 293//275 
f 303//259 319//276 292//276 
f 292//276 291//259 303//259 
f 293//275 292//276 319//276 
f 301//274 293//275 318//275 
f 300//273 301//274 317//274 
f 289//272 300//273 316//273 
f 294//271 315//271 313//270 
f 295//269 290//270 313//270 
f 296//268 295//269 312//269 
f 297//267 296//268 311//268 
f 298//266 297//267 310//267 
f 299//265 298//266 309//266 
f 288//264 299//265 308//265 
f 285//261 288//264 307//264 
f 306//262 302//258 287//263 
f 291//259 287//263 302//258 
o mesh14
f 128//277 320//278 321//279 
f 128//277 322//280 320//278 
f 321//279 129//281 128//277 
f 321//279 323//282 129//281 
f 324//283 125//284 126//285 
f 325//286 128//277 125//284 
f 125//284 324//283 325//286 
f 325//286 322//280 128//277 
f 126//285 326//287 324//283 
f 323//282 327//288 129//281 
o mesh15
f 328//289 329//289 330//289 
f 329//289 331//289 330//289 
f 330//289 327//289 328//289 
f 327//289 323//289 328//289 
o mesh16
f 332//290 333//290 334//290 
f 335//290 329//290 332//290 
f 334//290 335//290 332//290 
f 333//290 336//290 334//290 
f 335//290 337//290 329//290 
f 337//290 331//290 329//290 
o mesh17
f 338//291 339//291 340//291 
f 328//291 341//291 339//291 
f 340//291 342//291 343//291 
f 328//291 323//291 341//291 
f 339//291 338//291 328//291 
f 340//291 343//291 338//291 
o mesh18
f 342//292 344//293 345//294 
f 342//292 340//295 344//293 
f 346//296 347//297 348//298 
f 346//296 349//299 347//297 
f 348//298 345//294 350//300 
f 348//298 350//300 346//296 
f 345//294 348//298 342//292 
o mesh19
f 351//299 352//299 349//299 
f 351//299 353//299 352//299 
f 349//299 346//299 351//299 
o mesh20
f 353//301 351//302 354//303 
f 355//304 356//305 357//306 
f 357//306 354//303 358//307 
f 355//304 359//308 356//305 
f 360//309 361//310 359//308 
f 360//309 362//309 361//310 
f 359//308 355//304 363//311 
f 364//312 365//313 362//309 
f 364//312 366//312 365//313 
f 362//309 360//309 367//314 
f 362//309 367//314 364//312 
f 359//308 363//311 360//309 
f 357//306 358//307 355//304 
f 354//303 357//306 353//301 
o mesh21
f 342//315 348//316 336//317 
f 333//318 343//319 342//315 
f 336//317 348//316 368//320 
f 368//320 347//321 349//322 
f 368//320 348//316 347//321 
f 369//323 372//324 365//325 
f 372//324 362//326 365//325 
f 365//325 366//327 369//323 
f 369//323 357//328 372//324 
f 372//324 359//329 361//330 
f 372//324 357//328 356//331 
f 356//331 359//329 372//324 
f 361//330 362//326 372//324 
f 369//323 352//332 353//333 
f 353//333 357//328 369//323 
f 369//323 349//322 352//332 
f 366//327 370//334 369//323 
f 349//322 369//323 368//320 
f 368//320 371//335 336//317 
f 332//336 338//337 343//319 
f 338//337 332//336 329//338 
f 329//338 328//339 338//337 
f 343//319 333//318 332//336 
f 336//317 333//318 342//315 
o mesh22
f 370//340 364//340 373//340 
f 373//340 374//340 370//340 
f 370//340 366//340 364//340 
o mesh23
f 371//341 373//341 375//341 
f 375//341 336//341 371//341 
f 371//341 374//341 373//341 
f 375//341 334//341 336//341 
o mesh24
f 374//342 371//342 368//342 
f 368//342 369//342 374//342 
f 369//342 370//342 374//342 
o mesh25
f 376//343 377//343 320//343 
f 320//343 322//343 376//343 
f 322//343 325//343 376//343 
o mesh26
f 378//344 379//344 380//344 
f 381//344 377//344 378//344 
f 380//344 381//344 378//344 
f 379//344 382//344 380//344 
f 381//344 383//344 377//344 
f 383//344 320//344 377//344 
o mesh27
f 384//345 385//345 386//345 
f 376//345 387//345 385//345 
f 386//345 388//345 389//345 
f 376//345 325//345 387//345 
f 385//345 384//345 376//345 
f 386//345 389//345 384//345 
o mesh28
f 388//346 390//347 391//348 
f 388//346 386//349 390//347 
f 392//350 393//351 394//352 
f 392//350 395//353 393//351 
f 394//352 391//348 396//354 
f 394//352 396//354 392//350 
f 391//348 394//352 388//346 
o mesh29
f 397//353 398//353 395//353 
f 397//353 399//353 398//353 
f 395//353 392//353 397//353 
o mesh30
f 399//355 397//356 400//357 
f 401//358 402//359 403//360 
f 403//360 400//357 404//361 
f 401//358 405//362 402//359 
f 406//363 407//364 405//362 
f 406//363 408//363 407//364 
f 405//362 401//358 409//365 
f 410//366 411//367 408//363 
f 410//366 412//366 411//367 
f 408//363 406//363 413//368 
f 408//363 413//368 410//366 
f 405//362 409//365 406//363 
f 403//360 404//361 401//358 
f 400//357 403//360 399//355 
o mesh31
f 388//369 394//370 382//371 
f 379//372 389//373 388//369 
f 382//371 394//370 414//374 
f 414//374 393//375 395//376 
f 414//374 394//370 393//375 
f 398//377 412//378 415//379 
f 398//377 408//380 411//381 
f 411//381 412//378 398//377 
f 398//377 405//382 407//383 
f 405//382 398//377 399//384 
f 399//384 403//385 405//382 
f 403//385 402//386 405//382 
f 407//383 408//380 398//377 
f 416//387 395//376 398//377 
f 415//379 416//387 398//377 
f 395//376 416//387 414//374 
f 414//374 417//388 382//371 
f 378//389 384//390 389//373 
f 384//390 378//389 377//391 
f 377//391 376//392 384//390 
f 389//373 379//372 378//389 
f 382//371 379//372 388//369 
o mesh32
f 415//393 410//393 418//393 
f 418//393 419//393 415//393 
f 415//393 412//393 410//393 
f 418//393 420//393 419//393 
o mesh33
f 417//394 421//394 422//394 
f 422//394 382//394 417//394 
f 417//394 419//394 420//394 
f 420//394 421//394 417//394 
f 422//394 380//394 382//394 
o mesh34
f 419//395 417//395 414//395 
f 414//395 416//395 419//395 
f 416//395 415//395 419//395 
o mesh35
f 314//396 316//397 423//398 
f 316//397 424//399 425//400 
f 425//400 423//398 316//397 
f 423//398 426//401 314//396 
f 426//401 427//402 314//396 
f 316//397 428//403 424//399 
f 316//397 317//404 429//405 
f 317//404 430//406 429//405 
f 429//405 431//407 316//397 
f 317//404 432//408 430//406 
f 318//409 433//410 434//411 
f 434//411 317//404 318//409 
f 434//411 435//412 317//404 
f 318//409 436//413 437//414 
f 437//414 433//410 318//409 
f 318//409 319//415 438//416 
f 438//416 439//417 318//409 
f 319//415 440//418 441//419 
f 441//419 438//416 319//415 
f 319//415 303//420 442//421 
f 303//420 443//422 444//423 
f 444//423 442//421 303//420 
f 303//420 445//424 443//422 
f 302//425 446//426 447//427 
f 447//427 303//420 302//425 
f 447//427 448//428 303//420 
f 302//425 449//429 446//426 
f 306//430 450//431 449//429 
f 306//430 451//432 450//431 
f 315//433 314//396 452//434 
f 314//396 453//435 452//434 
f 452//434 454//436 315//433 
f 449//429 302//425 306//430 
f 448//428 445//424 303//420 
f 442//421 440//418 319//415 
f 439//417 436//413 318//409 
f 435//412 432//408 317//404 
f 431//407 428//403 316//397 
f 427//402 453//435 314//396 
o mesh36
f 426//437 455//438 456//439 
f 457//440 456//439 455//438 
f 456//439 427//441 426//437 
o mesh37
f 458//442 459//442 460//442 
f 458//442 461//442 457//442 
f 457//442 459//442 458//442 
f 461//442 427//442 456//442 
f 456//442 457//442 461//442 
f 460//442 462//442 458//442 
o mesh38
f 462//443 460//443 463//443 
f 463//443 464//443 462//443 
o mesh39
f 465//444 452//444 453//444 
f 453//444 461//444 465//444 
f 453//444 427//444 461//444 
o mesh40
f 466//445 467//445 468//445 
f 465//445 467//445 466//445 
f 468//445 469//445 466//445 
f 468//445 470//445 469//445 
f 466//445 471//445 465//445 
f 471//445 452//445 465//445 
o mesh41
f 458//446 468//447 467//448 
f 467//448 461//449 458//446 
f 462//450 472//451 473//452 
f 462//450 464//453 474//454 
f 464//453 475//455 474//454 
f 474//454 472//451 462//450 
f 470//456 458//446 462//450 
f 462//450 476//457 470//456 
f 470//456 468//447 458//446 
f 473//452 476//457 462//450 
f 467//448 465//458 461//449 
o mesh42
f 477//459 469//460 470//461 
f 470//461 476//462 477//459 
f 478//463 479//464 480//465 
f 480//465 481//466 478//463 
f 481//466 477//459 478//463 
f 476//462 478//463 477//459 
o mesh43
f 475//467 482//467 483//467 
f 482//467 475//467 464//467 
f 464//467 463//467 482//467 
f 483//467 484//467 475//467 
o mesh44
f 485//468 479//468 473//468 
f 472//468 486//468 487//468 
f 487//468 485//468 472//468 
f 473//468 472//468 485//468 
f 472//468 488//468 489//468 
f 484//468 472//468 474//468 
f 489//468 486//468 472//468 
f 472//468 490//468 491//468 
f 474//468 475//468 484//468 
f 479//468 478//468 473//468 
f 484//468 490//468 472//468 
f 491//468 488//468 472//468 
f 478//468 476//468 473//468 
o mesh45
f 479//469 485//469 492//469 
f 492//469 493//469 479//469 
f 485//469 494//469 492//469 
f 493//469 480//469 479//469 
o mesh46
f 484//470 483//470 495//471 
f 488//472 496//473 497//474 
f 490//475 495//471 496//473 
f 496//473 488//472 491//476 
f 496//473 491//476 490//475 
f 498//477 486//477 489//478 
f 489//478 499//479 498//477 
f 486//477 498//477 500//480 
f 500//480 485//481 487//482 
f 500//480 487//482 486//477 
f 500//480 494//481 485//481 
f 489//478 488//472 499//479 
f 497//474 499//479 488//472 
f 495//471 490//475 484//470 
o mesh47
f 501//483 451//483 502//483 
f 501//483 450//483 451//483 
f 502//483 503//483 501//483 
o mesh48
f 504//484 505//484 506//484 
f 501//484 507//484 508//484 
f 508//484 507//484 504//484 
f 506//484 508//484 504//484 
f 508//484 509//484 501//484 
f 509//484 450//484 501//484 
o mesh49
f 503//485 510//485 511//485 
f 512//485 511//485 513//485 
f 503//485 502//485 510//485 
f 511//485 512//485 503//485 
f 513//485 514//485 512//485 
o mesh50
f 514//486 513//486 515//486 
f 515//486 516//486 514//486 
o mesh51
f 512//487 504//488 507//489 
f 507//489 503//490 512//487 
f 514//491 517//492 518//493 
f 514//491 516//494 519//495 
f 516//494 520//496 519//495 
f 519//495 517//492 514//491 
f 505//497 512//487 514//491 
f 514//491 521//498 505//497 
f 505//497 504//488 512//487 
f 518//493 521//498 514//491 
f 507//489 501//499 503//490 
o mesh52
f 522//500 506//501 505//502 
f 505//502 521//503 522//500 
f 523//504 524//505 525//505 
f 525//505 526//506 523//504 
f 526//506 522//500 523//504 
f 521//503 523//504 522//500 
o mesh53
f 520//507 527//507 528//507 
f 527//507 520//507 516//507 
f 516//507 515//507 527//507 
f 528//507 529//507 520//507 
o mesh54
f 529//508 517//508 519//508 
f 530//508 524//508 518//508 
f 517//508 531//508 532//508 
f 517//508 533//508 534//508 
f 519//508 520//508 529//508 
f 532//508 530//508 517//508 
f 517//508 535//508 536//508 
f 529//508 533//508 517//508 
f 518//508 517//508 530//508 
f 534//508 535//508 517//508 
f 536//508 531//508 517//508 
f 524//508 523//508 518//508 
f 523//508 521//508 518//508 
o mesh55
f 529//509 537//510 538//511 
f 529//509 528//512 537//510 
f 539//513 535//514 534//515 
f 534//515 538//511 539//513 
f 534//515 533//516 538//511 
f 540//517 531//518 536//519 
f 536//519 541//520 540//517 
f 536//519 535//514 541//520 
f 542//521 530//521 532//522 
f 532//522 543//523 542//521 
f 532//522 531//518 543//523 
f 540//517 543//523 531//518 
f 539//513 541//520 535//514 
f 538//511 533//516 529//509 
o mesh56
f 530//524 542//524 544//524 
f 544//524 524//524 530//524 
f 544//524 525//524 524//524 
o mesh57
f 545//525 448//525 447//525 
f 447//525 546//525 545//525 
o mesh58
f 547//526 548//526 549//526 
f 545//526 550//526 551//526 
f 551//526 550//526 547//526 
f 549//526 551//526 547//526 
f 551//526 552//526 545//526 
f 552//526 448//526 545//526 
o mesh59
f 546//527 553//527 554//527 
f 555//527 554//527 556//527 
f 546//527 447//527 553//527 
f 554//527 555//527 546//527 
f 556//527 557//527 555//527 
o mesh60
f 557//528 556//528 558//528 
f 558//528 559//528 557//528 
f 558//528 560//528 559//528 
o mesh61
f 555//529 547//530 550//531 
f 550//531 546//532 555//529 
f 557//533 561//534 562//535 
f 557//533 559//536 563//537 
f 559//536 564//538 563//537 
f 563//537 561//534 557//533 
f 548//539 555//529 557//533 
f 557//533 565//540 548//539 
f 548//539 547//530 555//529 
f 562//535 565//540 557//533 
f 550//531 545//541 546//532 
o mesh62
f 566//542 549//543 548//544 
f 548//544 565//545 566//542 
f 567//546 568//547 569//547 
f 569//547 570//548 567//546 
f 570//548 566//542 567//546 
f 565//545 567//546 566//542 
o mesh63
f 564//549 571//549 572//549 
f 564//549 573//549 571//549 
f 573//549 564//549 559//549 
f 559//549 560//549 573//549 
f 572//549 574//549 564//549 
o mesh64
f 562//550 575//550 576//550 
f 574//550 562//550 561//550 
f 576//550 577//550 562//550 
f 561//550 563//550 574//550 
f 577//550 568//550 562//550 
f 562//550 578//550 579//550 
f 562//550 580//550 581//550 
f 563//550 564//550 574//550 
f 579//550 575//550 562//550 
f 574//550 580//550 562//550 
f 581//550 578//550 562//550 
f 568//550 567//550 562//550 
f 567//550 565//550 562//550 
o mesh65
f 574//551 582//552 583//553 
f 574//551 572//554 582//552 
f 584//555 578//556 581//557 
f 581//557 583//553 584//555 
f 581//557 580//558 583//553 
f 585//559 575//560 579//561 
f 579//561 586//562 585//559 
f 579//561 578//556 586//562 
f 587//563 577//563 576//564 
f 576//564 588//565 587//563 
f 576//564 575//560 588//565 
f 585//559 588//565 575//560 
f 584//555 586//562 578//556 
f 583//553 580//558 574//551 
o mesh66
f 577//566 587//566 589//566 
f 589//566 568//566 577//566 
f 589//566 569//566 568//566 
o mesh67
f 590//567 442//567 444//567 
f 444//567 591//567 590//567 
o mesh68
f 592//568 593//568 594//568 
f 590//568 595//568 596//568 
f 596//568 595//568 592//568 
f 594//568 596//568 592//568 
f 596//568 597//568 590//568 
f 597//568 442//568 590//568 
o mesh69
f 591//569 598//569 599//569 
f 591//569 600//569 598//569 
f 601//569 599//569 602//569 
f 591//569 444//569 600//569 
f 599//569 601//569 591//569 
f 602//569 603//569 601//569 
o mesh70
f 603//570 602//570 604//570 
f 604//570 605//570 603//570 
o mesh71
f 601//571 592//572 595//573 
f 595//573 591//574 601//571 
f 603//575 606//576 607//577 
f 603//575 605//578 608//579 
f 605//578 609//580 608//579 
f 608//579 606//576 603//575 
f 593//581 601//571 603//575 
f 603//575 610//582 593//581 
f 593//581 592//572 601//571 
f 607//577 610//582 603//575 
f 595//573 590//583 591//574 
o mesh72
f 611//584 594//585 593//586 
f 593//586 610//587 611//584 
f 612//588 613//589 614//589 
f 614//589 615//590 612//588 
f 615//590 611//584 612//588 
f 610//587 612//588 611//584 
o mesh73
f 609//591 616//591 617//591 
f 616//591 609//591 605//591 
f 605//591 604//591 616//591 
f 617//591 618//591 609//591 
o mesh74
f 619//592 613//592 607//592 
f 606//592 620//592 621//592 
f 618//592 606//592 608//592 
f 621//592 619//592 606//592 
f 606//592 622//592 623//592 
f 608//592 609//592 618//592 
f 607//592 606//592 619//592 
f 606//592 624//592 625//592 
f 618//592 622//592 606//592 
f 613//592 612//592 607//592 
f 623//592 624//592 606//592 
f 625//592 620//592 606//592 
f 612//592 610//592 607//592 
o mesh75
f 618//593 626//594 627//595 
f 618//593 617//596 626//594 
f 628//597 624//598 623//599 
f 623//599 627//595 628//597 
f 623//599 622//600 627//595 
f 629//601 620//602 625//603 
f 625//603 630//604 629//601 
f 625//603 624//598 630//604 
f 631//605 619//605 621//606 
f 621//606 632//607 631//605 
f 621//606 620//602 632//607 
f 629//601 632//607 620//602 
f 628//597 630//604 624//598 
f 627//595 622//600 618//593 
o mesh76
f 613//608 619//608 633//608 
f 619//608 631//608 633//608 
f 633//608 634//608 613//608 
f 634//608 614//608 613//608 
o mesh77
f 635//609 438//609 441//609 
f 441//609 636//609 635//609 
o mesh78
f 635//610 637//610 638//610 
f 639//610 640//610 641//610 
f 637//610 642//610 638//610 
f 642//610 637//610 639//610 
f 641//610 642//610 639//610 
f 638//610 643//610 635//610 
f 643//610 438//610 635//610 
o mesh79
f 636//611 644//611 645//611 
f 646//611 645//611 647//611 
f 636//611 441//611 644//611 
f 645//611 646//611 636//611 
f 647//611 648//611 646//611 
o mesh80
f 648//612 647//612 649//612 
f 649//612 650//612 648//612 
o mesh81
f 646//613 639//614 637//615 
f 637//615 636//616 646//613 
f 648//617 651//618 652//619 
f 648//617 650//620 653//621 
f 650//620 654//622 653//621 
f 653//621 651//618 648//617 
f 640//623 646//613 648//617 
f 648//617 655//624 640//623 
f 640//623 639//614 646//613 
f 652//619 655//624 648//617 
f 637//615 635//625 636//616 
o mesh82
f 656//626 641//627 640//628 
f 640//628 655//629 656//626 
f 657//630 658//631 659//631 
f 659//631 660//632 657//630 
f 660//632 656//626 657//630 
f 655//629 657//630 656//626 
o mesh83
f 654//633 661//633 662//633 
f 661//633 654//633 650//633 
f 650//633 649//633 661//633 
f 662//633 663//633 654//633 
o mesh84
f 652//634 664//634 665//634 
f 665//634 666//634 652//634 
f 663//634 652//634 651//634 
f 666//634 658//634 652//634 
f 651//634 653//634 663//634 
f 658//634 657//634 652//634 
f 652//634 667//634 668//634 
f 652//634 669//634 670//634 
f 653//634 654//634 663//634 
f 668//634 664//634 652//634 
f 663//634 669//634 652//634 
f 670//634 667//634 652//634 
f 657//634 655//634 652//634 
o mesh85
f 663//635 671//636 672//637 
f 663//635 662//638 671//636 
f 673//639 667//640 670//641 
f 670//641 672//637 673//639 
f 670//641 669//642 672//637 
f 674//643 664//644 668//645 
f 668//645 675//646 674//643 
f 668//645 667//640 675//646 
f 676//647 666//647 665//648 
f 665//648 677//649 676//647 
f 665//648 664//644 677//649 
f 674//643 677//649 664//644 
f 673//639 675//646 667//640 
f 672//637 669//642 663//635 
o mesh86
f 666//650 676//650 678//650 
f 678//650 658//650 666//650 
f 678//650 659//650 658//650 
o mesh87
f 679//651 436//651 439//651 
f 679//651 437//651 436//651 
f 439//651 680//651 679//651 
o mesh88
f 681//652 682//652 683//652 
f 679//652 684//652 685//652 
f 685//652 684//652 681//652 
f 683//652 685//652 681//652 
f 685//652 686//652 679//652 
f 686//652 437//652 679//652 
o mesh89
f 680//653 687//653 688//653 
f 689//653 688//653 690//653 
f 680//653 439//653 687//653 
f 688//653 689//653 680//653 
f 690//653 691//653 689//653 
o mesh90
f 691//654 690//654 692//654 
f 692//654 693//654 691//654 
o mesh91
f 689//655 681//656 684//657 
f 684//657 680//658 689//655 
f 691//659 694//660 695//661 
f 691//659 693//662 696//663 
f 693//662 697//664 696//663 
f 696//663 694//660 691//659 
f 682//665 689//655 691//659 
f 691//659 698//666 682//665 
f 682//665 681//656 689//655 
f 695//661 698//666 691//659 
f 684//657 679//667 680//658 
o mesh92
f 699//668 683//669 682//670 
f 682//670 698//671 699//668 
f 700//672 701//673 702//673 
f 702//673 703//674 700//672 
f 703//674 699//668 700//672 
f 698//671 700//672 699//668 
o mesh93
f 697//675 704//675 705//675 
f 704//675 697//675 693//675 
f 693//675 692//675 704//675 
f 705//675 706//675 697//675 
o mesh94
f 695//676 707//676 708//676 
f 708//676 709//676 695//676 
f 709//676 701//676 695//676 
f 695//676 710//676 711//676 
f 706//676 695//676 694//676 
f 711//676 707//676 695//676 
f 695//676 712//676 713//676 
f 694//676 696//676 706//676 
f 713//676 710//676 695//676 
f 696//676 697//676 706//676 
f 706//676 712//676 695//676 
f 701//676 700//676 695//676 
f 700//676 698//676 695//676 
o mesh95
f 706//677 714//678 715//679 
f 706//677 705//680 714//678 
f 716//681 710//682 713//683 
f 713//683 715//679 716//681 
f 713//683 712//684 715//679 
f 717//685 707//686 711//687 
f 711//687 718//688 717//685 
f 711//687 710//682 718//688 
f 719//689 709//689 708//690 
f 708//690 720//691 719//689 
f 708//690 707//686 720//691 
f 717//685 720//691 707//686 
f 716//681 718//688 710//682 
f 715//679 712//684 706//677 
o mesh96
f 709//692 719//692 721//692 
f 721//692 701//692 709//692 
f 721//692 702//692 701//692 
o mesh97
f 722//693 435//693 434//693 
f 434//693 723//693 722//693 
o mesh98
f 724//694 725//694 726//694 
f 722//694 727//694 728//694 
f 728//694 727//694 724//694 
f 726//694 728//694 724//694 
f 728//694 729//694 722//694 
f 729//694 435//694 722//694 
o mesh99
f 723//695 730//695 731//695 
f 732//695 731//695 733//695 
f 723//695 434//695 730//695 
f 731//695 732//695 723//695 
f 733//695 734//695 732//695 
o mesh100
f 734//696 733//696 735//696 
f 735//696 736//696 734//696 
o mesh101
f 732//697 724//698 727//699 
f 727//699 723//700 732//697 
f 734//701 737//702 738//703 
f 734//701 736//704 739//705 
f 736//704 740//706 739//705 
f 739//705 737//702 734//701 
f 725//707 732//697 734//701 
f 734//701 741//708 725//707 
f 725//707 724//698 732//697 
f 738//703 741//708 734//701 
f 727//699 722//709 723//700 
o mesh102
f 742//710 743//711 744//711 
f 744//711 745//712 742//710 
f 746//713 726//714 725//715 
f 725//715 741//716 746//713 
f 741//716 742//710 746//713 
f 745//712 746//713 742//710 
o mesh103
f 740//717 747//717 748//717 
f 747//717 740//717 736//717 
f 736//717 735//717 747//717 
f 748//717 749//717 740//717 
o mesh104
f 738//718 750//718 751//718 
f 751//718 752//718 738//718 
f 752//718 743//718 738//718 
f 738//718 753//718 754//718 
f 754//718 750//718 738//718 
f 738//718 755//718 756//718 
f 749//718 738//718 737//718 
f 756//718 753//718 738//718 
f 737//718 739//718 749//718 
f 743//718 742//718 738//718 
f 739//718 740//718 749//718 
f 749//718 755//718 738//718 
f 742//718 741//718 738//718 
o mesh105
f 749//719 748//719 757//720 
f 753//721 758//722 759//723 
f 755//724 757//720 758//722 
f 758//722 753//721 756//725 
f 758//722 756//725 755//724 
f 760//726 750//726 754//727 
f 754//727 761//728 760//726 
f 750//726 760//726 762//729 
f 762//729 752//730 751//731 
f 762//729 751//731 750//726 
f 762//729 763//730 752//730 
f 754//727 753//721 761//728 
f 759//723 761//728 753//721 
f 757//720 755//724 749//719 
o mesh106
f 752//732 763//732 764//732 
f 764//732 743//732 752//732 
f 764//732 744//732 743//732 
o mesh107
f 765//733 431//733 429//733 
f 429//733 766//733 765//733 
o mesh108
f 767//734 768//734 769//734 
f 765//734 770//734 771//734 
f 771//734 770//734 767//734 
f 769//734 771//734 767//734 
f 771//734 772//734 765//734 
f 772//734 431//734 765//734 
o mesh109
f 766//735 773//735 774//735 
f 775//735 774//735 776//735 
f 766//735 429//735 773//735 
f 774//735 775//735 766//735 
f 776//735 777//735 775//735 
o mesh110
f 778//736 777//736 779//736 
f 777//736 776//736 779//736 
f 779//736 780//736 778//736 
o mesh111
f 775//737 767//738 770//739 
f 770//739 766//740 775//737 
f 777//741 781//742 782//743 
f 777//741 778//744 783//745 
f 778//744 784//746 783//745 
f 783//745 781//742 777//741 
f 768//747 775//737 777//741 
f 777//741 785//748 768//747 
f 768//747 767//738 775//737 
f 782//743 785//748 777//741 
f 770//739 765//749 766//740 
o mesh112
f 786//750 769//751 768//752 
f 768//752 785//753 786//750 
f 787//754 788//755 789//755 
f 789//755 790//756 787//754 
f 790//756 786//750 787//754 
f 785//753 787//754 786//750 
o mesh113
f 784//757 791//757 792//757 
f 791//757 784//757 778//757 
f 778//757 780//757 791//757 
f 792//757 793//757 784//757 
f 792//757 794//757 793//757 
o mesh114
f 782//758 795//758 796//758 
f 796//758 797//758 782//758 
f 793//758 782//758 781//758 
f 797//758 788//758 782//758 
f 782//758 798//758 799//758 
f 781//758 783//758 793//758 
f 799//758 795//758 782//758 
f 782//758 800//758 801//758 
f 783//758 784//758 793//758 
f 788//758 787//758 782//758 
f 793//758 800//758 782//758 
f 801//758 798//758 782//758 
f 787//758 785//758 782//758 
o mesh115
f 793//759 794//759 802//760 
f 803//761 798//761 801//762 
f 801//762 804//763 803//761 
f 800//764 802//760 804//763 
f 805//765 795//765 799//766 
f 799//766 806//767 805//765 
f 798//761 803//761 806//767 
f 807//768 797//768 796//769 
f 796//769 808//770 807//768 
f 795//765 805//765 808//770 
f 796//769 795//765 808//770 
f 799//766 798//761 806//767 
f 801//762 800//764 804//763 
f 802//760 800//764 793//759 
o mesh116
f 797//771 807//771 809//771 
f 809//771 788//771 797//771 
f 809//771 789//771 788//771 
o mesh117
f 810//772 423//772 425//772 
f 425//772 811//772 810//772 
o mesh118
f 812//773 813//773 814//773 
f 810//773 815//773 816//773 
f 816//773 815//773 812//773 
f 814//773 816//773 812//773 
f 816//773 817//773 810//773 
f 817//773 423//773 810//773 
o mesh119
f 811//774 818//774 819//774 
f 811//774 425//774 820//774 
f 821//774 819//774 822//774 
f 820//774 818//774 811//774 
f 819//774 821//774 811//774 
f 822//774 823//774 821//774 
o mesh120
f 823//775 822//775 824//775 
f 824//775 825//775 823//775 
o mesh121
f 821//776 812//777 815//778 
f 815//778 811//779 821//776 
f 823//780 826//781 827//782 
f 823//780 825//783 828//784 
f 825//783 829//785 828//784 
f 828//784 826//781 823//780 
f 813//786 821//776 823//780 
f 823//780 830//787 813//786 
f 813//786 812//777 821//776 
f 827//782 830//787 823//780 
f 815//778 810//788 811//779 
o mesh122
f 831//789 814//790 813//791 
f 813//791 830//792 831//789 
f 832//793 833//794 834//794 
f 834//794 835//795 832//793 
f 835//795 831//789 832//793 
f 830//792 832//793 831//789 
o mesh123
f 829//796 836//796 837//796 
f 836//796 829//796 825//796 
f 825//796 824//796 836//796 
f 837//796 838//796 829//796 
o mesh124
f 827//797 839//797 840//797 
f 840//797 841//797 827//797 
f 838//797 827//797 826//797 
f 841//797 833//797 827//797 
f 826//797 828//797 838//797 
f 833//797 832//797 827//797 
f 827//797 842//797 843//797 
f 827//797 844//797 845//797 
f 828//797 829//797 838//797 
f 843//797 839//797 827//797 
f 838//797 844//797 827//797 
f 845//797 842//797 827//797 
f 832//797 830//797 827//797 
o mesh125
f 838//798 846//799 847//800 
f 838//798 837//801 846//799 
f 848//802 842//803 845//804 
f 845//804 847//800 848//802 
f 845//804 844//805 847//800 
f 849//806 839//807 843//808 
f 843//808 850//809 849//806 
f 843//808 842//803 850//809 
f 851//810 841//810 840//811 
f 840//811 852//812 851//810 
f 840//811 839//807 852//812 
f 849//806 852//812 839//807 
f 848//802 850//809 842//803 
f 847//800 844//805 838//798 
o mesh126
f 833//813 853//813 854//813 
f 841//813 851//813 853//813 
f 853//813 833//813 841//813 
f 854//813 834//813 833//813 
o mesh127
f 304//814 307//815 855//816 
f 855//816 856//817 304//814 
f 307//815 857//818 858//819 
f 858//819 855//816 307//815 
f 308//820 859//821 860//822 
f 308//820 861//823 859//821 
f 860//822 307//815 308//820 
f 308//820 862//824 861//823 
f 309//825 863//826 864//827 
f 864//827 308//820 309//825 
f 864//827 865//828 308//820 
f 309//825 866//829 863//826 
f 309//825 867//830 868//831 
f 310//832 869//833 867//830 
f 310//832 870//834 869//833 
f 867//830 309//825 310//832 
f 310//832 311//835 871//836 
f 871//836 872//837 310//832 
f 311//835 873//838 874//839 
f 874//839 871//836 311//835 
f 311//835 875//840 873//838 
f 312//841 876//842 877//843 
f 312//841 878//844 876//842 
f 877//843 311//835 312//841 
f 312//841 879//845 878//844 
f 312//841 880//846 881//847 
f 313//848 882//849 880//846 
f 313//848 883//850 884//851 
f 884//851 882//849 313//848 
f 880//846 312//841 313//848 
f 313//848 315//852 885//853 
f 315//852 454//854 885//853 
f 886//855 887//856 305//857 
f 502//858 306//859 305//857 
f 305//857 887//856 502//858 
f 502//858 451//860 306//859 
f 305//857 304//814 886//855 
f 885//853 883//850 313//848 
f 881//847 879//845 312//841 
f 877//843 875//840 311//835 
f 872//837 870//834 310//832 
f 868//831 866//829 309//825 
f 865//828 862//824 308//820 
f 860//822 857//818 307//815 
f 856//817 886//855 304//814 
o mesh128
f 888//861 889//862 890//863 
f 891//864 892//865 888//861 
f 888//861 893//866 891//864 
f 882//867 892//865 891//864 
f 891//864 880//868 882//867 
f 890//863 893//866 888//861 
o mesh129
f 894//869 891//869 893//869 
f 895//869 893//869 890//869 
f 894//869 880//869 891//869 
f 893//869 895//869 894//869 
f 890//869 896//869 895//869 
o mesh130
f 896//870 889//870 897//870 
f 896//870 890//870 889//870 
f 897//870 898//870 896//870 
o mesh131
f 899//871 881//871 880//871 
f 880//871 894//871 899//871 
o mesh132
f 900//872 901//872 902//872 
f 899//872 903//872 904//872 
f 904//872 903//872 900//872 
f 902//872 904//872 900//872 
f 904//872 905//872 899//872 
f 905//872 881//872 899//872 
o mesh133
f 895//873 900//874 903//875 
f 903//875 894//876 895//873 
f 896//877 906//878 907//879 
f 896//877 898//880 908//881 
f 898//880 909//882 908//881 
f 908//881 906//878 896//877 
f 901//883 895//873 896//877 
f 896//877 910//884 901//883 
f 901//883 900//874 895//873 
f 907//879 910//884 896//877 
f 903//875 899//885 894//876 
o mesh134
f 911//886 902//887 901//888 
f 901//888 910//889 911//886 
f 912//890 913//891 914//891 
f 914//891 915//892 912//890 
f 915//892 911//886 912//890 
f 910//889 912//890 911//886 
o mesh135
f 909//893 916//893 917//893 
f 917//893 918//893 909//893 
f 898//893 897//893 916//893 
f 909//893 898//893 916//893 
o mesh136
f 919//894 913//894 907//894 
f 906//894 920//894 921//894 
f 921//894 919//894 906//894 
f 907//894 906//894 919//894 
f 918//894 906//894 908//894 
f 913//894 912//894 907//894 
f 906//894 922//894 923//894 
f 906//894 924//894 925//894 
f 908//894 909//894 918//894 
f 923//894 920//894 906//894 
f 918//894 924//894 906//894 
f 925//894 922//894 906//894 
f 912//894 910//894 907//894 
o mesh137
f 918//895 926//896 927//897 
f 918//895 917//898 926//896 
f 922//899 925//900 928//901 
f 927//897 928//901 925//900 
f 925//900 924//902 927//897 
f 920//903 923//904 929//905 
f 930//906 929//905 923//904 
f 923//904 922//899 930//906 
f 929//905 931//907 920//903 
f 932//908 919//908 921//909 
f 921//909 933//910 932//908 
f 921//909 920//903 933//910 
f 931//907 933//910 920//903 
f 928//901 930//906 922//899 
f 927//897 924//902 918//895 
o mesh138
f 919//911 932//911 934//911 
f 934//911 913//911 919//911 
f 934//911 914//911 913//911 
o mesh139
f 935//912 883//912 885//912 
f 935//912 884//912 883//912 
f 885//912 936//912 935//912 
o mesh140
f 937//913 938//913 939//913 
f 935//913 938//913 937//913 
f 939//913 940//913 937//913 
f 939//913 941//913 940//913 
f 937//913 942//913 935//913 
f 942//913 884//913 935//913 
o mesh141
f 943//914 944//914 945//914 
f 936//914 946//914 947//914 
f 943//914 947//914 944//914 
f 936//914 885//914 946//914 
f 947//914 943//914 936//914 
f 945//914 948//914 943//914 
o mesh142
f 948//915 945//915 949//915 
f 949//915 950//915 948//915 
o mesh143
f 943//916 939//917 938//918 
f 938//918 936//919 943//916 
f 948//920 951//921 952//922 
f 948//920 950//923 953//924 
f 950//923 954//925 953//924 
f 953//924 951//921 948//920 
f 941//926 943//916 948//920 
f 948//920 955//927 941//926 
f 941//926 939//917 943//916 
f 952//922 955//927 948//920 
f 938//918 935//928 936//919 
o mesh144
f 956//929 940//930 941//931 
f 941//931 955//932 956//929 
f 957//933 958//934 959//934 
f 959//934 960//935 957//933 
f 960//935 956//929 957//933 
f 955//932 957//933 956//929 
o mesh145
f 954//936 961//936 962//936 
f 962//936 963//936 954//936 
f 950//936 949//936 961//936 
f 954//936 950//936 961//936 
o mesh146
f 964//937 958//937 952//937 
f 951//937 965//937 966//937 
f 963//937 951//937 953//937 
f 966//937 964//937 951//937 
f 951//937 967//937 968//937 
f 953//937 954//937 963//937 
f 952//937 951//937 964//937 
f 951//937 969//937 970//937 
f 963//937 967//937 951//937 
f 958//937 957//937 952//937 
f 968//937 969//937 951//937 
f 970//937 965//937 951//937 
f 957//937 955//937 952//937 
o mesh147
f 963//938 962//938 971//939 
f 967//939 971//939 972//940 
f 972//940 969//941 968//942 
f 972//940 968//942 967//939 
f 969//941 973//941 974//943 
f 974//943 965//944 970//945 
f 974//943 970//945 969//941 
f 964//946 975//947 976//948 
f 965//944 977//949 975//947 
f 975//947 964//946 966//950 
f 975//947 966//950 965//944 
f 976//948 978//951 964//946 
f 974//943 977//949 965//944 
f 972//940 973//941 969//941 
f 971//939 967//939 963//938 
o mesh148
f 958//952 964//952 978//952 
f 978//952 979//952 958//952 
f 979//952 959//952 958//952 
o mesh149
f 980//953 877//953 876//953 
f 876//953 981//953 980//953 
o mesh150
f 982//954 983//954 984//954 
f 980//954 985//954 986//954 
f 986//954 985//954 982//954 
f 984//954 986//954 982//954 
f 986//954 987//954 980//954 
f 987//954 877//954 980//954 
o mesh151
f 981//955 988//955 989//955 
f 990//955 989//955 991//955 
f 981//955 876//955 988//955 
f 989//955 990//955 981//955 
f 991//955 992//955 990//955 
o mesh152
f 993//956 992//956 994//956 
f 992//956 991//956 994//956 
f 994//956 995//956 993//956 
o mesh153
f 990//957 982//958 985//959 
f 985//959 981//960 990//957 
f 992//961 996//962 997//963 
f 992//961 993//964 998//965 
f 993//964 999//966 998//965 
f 998//965 996//962 992//961 
f 983//967 990//957 992//961 
f 992//961 1000//968 983//967 
f 983//967 982//958 990//957 
f 997//963 1000//968 992//961 
f 985//959 980//969 981//960 
o mesh154
f 1001//970 984//971 983//972 
f 983//972 1000//973 1001//970 
f 1002//974 1003//975 1004//975 
f 1004//975 1005//976 1002//974 
f 1005//976 1001//970 1002//974 
f 1000//973 1002//974 1001//970 
o mesh155
f 999//977 1006//977 1007//977 
f 1006//977 999//977 993//977 
f 993//977 995//977 1006//977 
f 1007//977 1008//977 999//977 
o mesh156
f 1009//978 1003//978 997//978 
f 996//978 1010//978 1011//978 
f 1008//978 996//978 998//978 
f 1011//978 1009//978 996//978 
f 996//978 1012//978 1013//978 
f 998//978 999//978 1008//978 
f 997//978 996//978 1009//978 
f 996//978 1014//978 1015//978 
f 1008//978 1012//978 996//978 
f 1003//978 1002//978 997//978 
f 1013//978 1014//978 996//978 
f 1015//978 1010//978 996//978 
f 1002//978 1000//978 997//978 
o mesh157
f 1008//979 1007//979 1016//980 
f 1014//981 1017//982 1018//983 
f 1018//983 1019//984 1014//981 
f 1012//985 1016//980 1017//982 
f 1017//982 1014//981 1013//986 
f 1017//982 1013//986 1012//985 
f 1020//987 1010//988 1015//989 
f 1015//989 1021//990 1020//987 
f 1015//989 1014//981 1021//990 
f 1022//991 1009//991 1011//992 
f 1011//992 1023//993 1022//991 
f 1011//992 1010//988 1023//993 
f 1020//987 1023//993 1010//988 
f 1019//984 1021//990 1014//981 
f 1016//980 1012//985 1008//979 
o mesh158
f 1009//994 1022//994 1024//994 
f 1024//994 1003//994 1009//994 
f 1024//994 1004//994 1003//994 
o mesh159
f 1025//995 871//995 874//995 
f 874//995 1026//995 1025//995 
o mesh160
f 1027//996 1028//996 1029//996 
f 1025//996 1030//996 1031//996 
f 1031//996 1030//996 1027//996 
f 1029//996 1031//996 1027//996 
f 1031//996 1032//996 1025//996 
f 1032//996 871//996 1025//996 
o mesh161
f 1026//997 1033//997 1034//997 
f 1026//997 1035//997 1033//997 
f 1036//997 1034//997 1037//997 
f 1026//997 874//997 1035//997 
f 1034//997 1036//997 1026//997 
f 1037//997 1038//997 1036//997 
o mesh162
f 1038//998 1037//998 1039//998 
f 1039//998 1040//998 1038//998 
o mesh163
f 1036//999 1027//1000 1030//1001 
f 1030//1001 1026//1002 1036//999 
f 1038//1003 1041//1004 1042//1005 
f 1038//1003 1040//1006 1043//1007 
f 1040//1006 1044//1008 1043//1007 
f 1043//1007 1041//1004 1038//1003 
f 1028//1009 1036//999 1038//1003 
f 1038//1003 1045//1010 1028//1009 
f 1028//1009 1027//1000 1036//999 
f 1042//1005 1045//1010 1038//1003 
f 1030//1001 1025//1011 1026//1002 
o mesh164
f 1046//1012 1047//1013 1048//1013 
f 1048//1013 1049//1014 1046//1012 
f 1028//1015 1045//1016 1050//1017 
f 1045//1016 1046//1012 1051//1018 
f 1051//1018 1050//1017 1045//1016 
f 1050//1017 1029//1019 1028//1015 
f 1049//1014 1051//1018 1046//1012 
o mesh165
f 1044//1020 1052//1020 1053//1020 
f 1052//1020 1044//1020 1040//1020 
f 1040//1020 1039//1020 1052//1020 
f 1053//1020 1054//1020 1044//1020 
o mesh166
f 1055//1021 1047//1021 1042//1021 
f 1041//1021 1056//1021 1057//1021 
f 1054//1021 1041//1021 1043//1021 
f 1057//1021 1055//1021 1041//1021 
f 1041//1021 1058//1021 1059//1021 
f 1043//1021 1044//1021 1054//1021 
f 1042//1021 1041//1021 1055//1021 
f 1041//1021 1060//1021 1061//1021 
f 1054//1021 1058//1021 1041//1021 
f 1047//1021 1046//1021 1042//1021 
f 1059//1021 1060//1021 1041//1021 
f 1061//1021 1056//1021 1041//1021 
f 1046//1021 1045//1021 1042//1021 
o mesh167
f 1054//1022 1062//1023 1063//1024 
f 1054//1022 1053//1025 1062//1023 
f 1064//1026 1060//1027 1059//1028 
f 1059//1028 1063//1024 1064//1026 
f 1059//1028 1058//1029 1063//1024 
f 1065//1030 1056//1031 1061//1032 
f 1061//1032 1066//1033 1065//1030 
f 1061//1032 1060//1027 1066//1033 
f 1067//1034 1055//1034 1057//1035 
f 1057//1035 1068//1036 1067//1034 
f 1057//1035 1056//1031 1068//1036 
f 1065//1030 1068//1036 1056//1031 
f 1064//1026 1066//1033 1060//1027 
f 1063//1024 1058//1029 1054//1022 
o mesh168
f 1055//1037 1067//1037 1069//1037 
f 1069//1037 1047//1037 1055//1037 
f 1069//1037 1048//1037 1047//1037 
o mesh169
f 1070//1038 869//1038 870//1038 
f 870//1038 1071//1038 1070//1038 
f 870//1038 872//1038 1071//1038 
o mesh170
f 1070//1039 1072//1039 1073//1039 
f 1074//1039 1075//1039 1076//1039 
f 1073//1039 1077//1039 1070//1039 
f 1073//1039 1072//1039 1074//1039 
f 1076//1039 1073//1039 1074//1039 
f 1077//1039 1078//1039 1070//1039 
f 1078//1039 869//1039 1070//1039 
o mesh171
f 1071//1040 1079//1040 1080//1040 
f 1081//1040 1080//1040 1082//1040 
f 1071//1040 872//1040 1079//1040 
f 1080//1040 1081//1040 1071//1040 
f 1082//1040 1083//1040 1081//1040 
o mesh172
f 1083//1041 1082//1041 1084//1041 
f 1084//1041 1085//1041 1083//1041 
o mesh173
f 1081//1042 1074//1043 1072//1044 
f 1072//1044 1071//1045 1081//1042 
f 1083//1046 1086//1047 1087//1048 
f 1083//1046 1085//1049 1088//1050 
f 1085//1049 1089//1051 1088//1050 
f 1088//1050 1086//1047 1083//1046 
f 1075//1052 1081//1042 1083//1046 
f 1083//1046 1090//1053 1075//1052 
f 1075//1052 1074//1043 1081//1042 
f 1087//1048 1090//1053 1083//1046 
f 1072//1044 1070//1054 1071//1045 
o mesh174
f 1091//1055 1076//1056 1075//1057 
f 1075//1057 1090//1058 1091//1055 
f 1092//1059 1093//1060 1094//1060 
f 1094//1060 1095//1061 1092//1059 
f 1095//1061 1091//1055 1092//1059 
f 1090//1058 1092//1059 1091//1055 
o mesh175
f 1089//1062 1096//1062 1097//1062 
f 1096//1062 1089//1062 1085//1062 
f 1085//1062 1084//1062 1096//1062 
f 1097//1062 1098//1062 1089//1062 
o mesh176
f 1099//1063 1093//1063 1087//1063 
f 1086//1063 1100//1063 1101//1063 
f 1098//1063 1086//1063 1088//1063 
f 1101//1063 1099//1063 1086//1063 
f 1086//1063 1102//1063 1103//1063 
f 1088//1063 1089//1063 1098//1063 
f 1087//1063 1086//1063 1099//1063 
f 1086//1063 1104//1063 1105//1063 
f 1098//1063 1102//1063 1086//1063 
f 1093//1063 1092//1063 1087//1063 
f 1103//1063 1104//1063 1086//1063 
f 1105//1063 1100//1063 1086//1063 
f 1092//1063 1090//1063 1087//1063 
o mesh177
f 1098//1064 1097//1064 1106//1065 
f 1107//1066 1104//1066 1103//1067 
f 1103//1067 1108//1068 1107//1066 
f 1102//1069 1106//1065 1108//1068 
f 1109//1070 1100//1070 1105//1071 
f 1105//1071 1110//1072 1109//1070 
f 1104//1066 1107//1066 1110//1072 
f 1111//1073 1099//1073 1101//1074 
f 1101//1074 1112//1075 1111//1073 
f 1100//1070 1109//1070 1112//1075 
f 1101//1074 1100//1070 1112//1075 
f 1105//1071 1104//1066 1110//1072 
f 1103//1067 1102//1069 1108//1068 
f 1106//1065 1102//1069 1098//1064 
o mesh178
f 1099//1076 1111//1076 1113//1076 
f 1113//1076 1093//1076 1099//1076 
f 1113//1076 1094//1076 1093//1076 
o mesh179
f 1114//1077 868//1077 867//1077 
f 867//1077 1115//1077 1114//1077 
o mesh180
f 1116//1078 1117//1078 1118//1078 
f 1114//1078 1119//1078 1120//1078 
f 1120//1078 1119//1078 1116//1078 
f 1118//1078 1120//1078 1116//1078 
f 1120//1078 1121//1078 1114//1078 
f 1121//1078 868//1078 1114//1078 
o mesh181
f 1115//1079 1122//1079 1123//1079 
f 1124//1079 1123//1079 1125//1079 
f 1115//1079 867//1079 1122//1079 
f 1123//1079 1124//1079 1115//1079 
f 1125//1079 1126//1079 1124//1079 
o mesh182
f 1126//1080 1125//1080 1127//1080 
f 1127//1080 1128//1080 1126//1080 
o mesh183
f 1124//1081 1116//1082 1119//1083 
f 1119//1083 1115//1084 1124//1081 
f 1126//1085 1129//1086 1130//1087 
f 1126//1085 1128//1088 1131//1089 
f 1128//1088 1132//1090 1131//1089 
f 1131//1089 1129//1086 1126//1085 
f 1117//1091 1124//1081 1126//1085 
f 1126//1085 1133//1092 1117//1091 
f 1117//1091 1116//1082 1124//1081 
f 1130//1087 1133//1092 1126//1085 
f 1119//1083 1114//1093 1115//1084 
o mesh184
f 1134//1094 1118//1095 1117//1096 
f 1117//1096 1133//1097 1134//1094 
f 1135//1098 1136//1099 1137//1099 
f 1137//1099 1138//1100 1135//1098 
f 1138//1100 1134//1094 1135//1098 
f 1133//1097 1135//1098 1134//1094 
o mesh185
f 1132//1101 1139//1101 1140//1101 
f 1139//1101 1132//1101 1128//1101 
f 1128//1101 1127//1101 1139//1101 
f 1140//1101 1141//1101 1132//1101 
o mesh186
f 1130//1102 1142//1102 1143//1102 
f 1141//1102 1130//1102 1129//1102 
f 1143//1102 1144//1102 1130//1102 
f 1129//1102 1131//1102 1141//1102 
f 1144//1102 1136//1102 1130//1102 
f 1130//1102 1145//1102 1146//1102 
f 1130//1102 1147//1102 1148//1102 
f 1131//1102 1132//1102 1141//1102 
f 1146//1102 1142//1102 1130//1102 
f 1141//1102 1147//1102 1130//1102 
f 1148//1102 1145//1102 1130//1102 
f 1136//1102 1135//1102 1130//1102 
f 1135//1102 1133//1102 1130//1102 
o mesh187
f 1141//1103 1149//1104 1150//1105 
f 1141//1103 1140//1106 1149//1104 
f 1151//1107 1145//1108 1148//1109 
f 1148//1109 1150//1105 1151//1107 
f 1148//1109 1147//1110 1150//1105 
f 1152//1111 1142//1112 1146//1113 
f 1146//1113 1153//1114 1152//1111 
f 1146//1113 1145//1108 1153//1114 
f 1154//1115 1144//1115 1143//1116 
f 1143//1116 1155//1117 1154//1115 
f 1143//1116 1142//1112 1155//1117 
f 1152//1111 1155//1117 1142//1112 
f 1151//1107 1153//1114 1145//1108 
f 1150//1105 1147//1110 1141//1103 
o mesh188
f 1144//1118 1154//1118 1156//1118 
f 1156//1118 1136//1118 1144//1118 
f 1156//1118 1137//1118 1136//1118 
o mesh189
f 1157//1119 865//1119 864//1119 
f 864//1119 1158//1119 1157//1119 
o mesh190
f 1159//1120 1160//1120 1161//1120 
f 1157//1120 1162//1120 1163//1120 
f 1163//1120 1162//1120 1159//1120 
f 1161//1120 1163//1120 1159//1120 
f 1163//1120 1164//1120 1157//1120 
f 1164//1120 865//1120 1157//1120 
o mesh191
f 1158//1121 1165//1121 1166//1121 
f 1167//1121 1166//1121 1168//1121 
f 1158//1121 864//1121 1165//1121 
f 1166//1121 1167//1121 1158//1121 
f 1168//1121 1169//1121 1167//1121 
o mesh192
f 1169//1122 1168//1122 1170//1122 
f 1170//1122 1171//1122 1169//1122 
o mesh193
f 1167//1123 1159//1124 1162//1125 
f 1162//1125 1158//1126 1167//1123 
f 1169//1127 1172//1128 1173//1129 
f 1169//1127 1171//1130 1174//1131 
f 1171//1130 1175//1132 1174//1131 
f 1174//1131 1172//1128 1169//1127 
f 1160//1133 1167//1123 1169//1127 
f 1169//1127 1176//1134 1160//1133 
f 1160//1133 1159//1124 1167//1123 
f 1173//1129 1176//1134 1169//1127 
f 1162//1125 1157//1135 1158//1126 
o mesh194
f 1177//1136 1161//1137 1160//1138 
f 1160//1138 1176//1139 1177//1136 
f 1178//1140 1179//1141 1180//1141 
f 1180//1141 1181//1142 1178//1140 
f 1181//1142 1177//1136 1178//1140 
f 1176//1139 1178//1140 1177//1136 
o mesh195
f 1175//1143 1182//1143 1183//1143 
f 1182//1143 1175//1143 1171//1143 
f 1171//1143 1170//1143 1182//1143 
f 1183//1143 1184//1143 1175//1143 
o mesh196
f 1185//1144 1179//1144 1173//1144 
f 1172//1144 1186//1144 1187//1144 
f 1187//1144 1185//1144 1172//1144 
f 1172//1144 1188//1144 1189//1144 
f 1172//1144 1190//1144 1191//1144 
f 1184//1144 1172//1144 1174//1144 
f 1173//1144 1172//1144 1185//1144 
f 1191//1144 1188//1144 1172//1144 
f 1174//1144 1175//1144 1184//1144 
f 1179//1144 1178//1144 1173//1144 
f 1184//1144 1190//1144 1172//1144 
f 1189//1144 1186//1144 1172//1144 
f 1178//1144 1176//1144 1173//1144 
o mesh197
f 1184//1145 1192//1146 1193//1147 
f 1184//1145 1183//1148 1192//1146 
f 1194//1149 1188//1150 1191//1151 
f 1191//1151 1193//1147 1194//1149 
f 1191//1151 1190//1152 1193//1147 
f 1195//1153 1186//1154 1189//1155 
f 1189//1155 1196//1156 1195//1153 
f 1189//1155 1188//1150 1196//1156 
f 1197//1157 1185//1157 1187//1158 
f 1187//1158 1198//1159 1197//1157 
f 1187//1158 1186//1154 1198//1159 
f 1195//1153 1198//1159 1186//1154 
f 1194//1149 1196//1156 1188//1150 
f 1193//1147 1190//1152 1184//1145 
o mesh198
f 1185//1160 1197//1160 1199//1160 
f 1199//1160 1179//1160 1185//1160 
f 1199//1160 1180//1160 1179//1160 
o mesh199
f 1200//1161 860//1161 859//1161 
f 859//1161 1201//1161 1200//1161 
o mesh200
f 1202//1162 1203//1162 1204//1162 
f 1200//1162 1205//1162 1206//1162 
f 1206//1162 1205//1162 1202//1162 
f 1204//1162 1206//1162 1202//1162 
f 1206//1162 1207//1162 1200//1162 
f 1207//1162 860//1162 1200//1162 
o mesh201
f 1201//1163 1208//1163 1209//1163 
f 1210//1163 1209//1163 1211//1163 
f 1201//1163 859//1163 1208//1163 
f 1209//1163 1210//1163 1201//1163 
f 1211//1163 1212//1163 1210//1163 
o mesh202
f 1212//1164 1213//1164 1214//1164 
f 1212//1164 1211//1164 1213//1164 
f 1214//1164 1215//1164 1212//1164 
o mesh203
f 1210//1165 1202//1166 1205//1167 
f 1205//1167 1201//1168 1210//1165 
f 1212//1169 1216//1170 1217//1171 
f 1212//1169 1215//1172 1218//1173 
f 1215//1172 1219//1174 1218//1173 
f 1218//1173 1216//1170 1212//1169 
f 1203//1175 1210//1165 1212//1169 
f 1212//1169 1220//1176 1203//1175 
f 1203//1175 1202//1166 1210//1165 
f 1217//1171 1220//1176 1212//1169 
f 1205//1167 1200//1177 1201//1168 
o mesh204
f 1221//1178 1204//1179 1203//1180 
f 1203//1180 1220//1181 1221//1178 
f 1222//1182 1223//1183 1224//1183 
f 1224//1183 1225//1184 1222//1182 
f 1225//1184 1221//1178 1222//1182 
f 1220//1181 1222//1182 1221//1178 
o mesh205
f 1219//1185 1226//1185 1227//1185 
f 1226//1185 1219//1185 1215//1185 
f 1215//1185 1214//1185 1226//1185 
f 1227//1185 1228//1185 1219//1185 
o mesh206
f 1217//1186 1229//1186 1230//1186 
f 1230//1186 1231//1186 1217//1186 
f 1228//1186 1217//1186 1216//1186 
f 1231//1186 1223//1186 1217//1186 
f 1216//1186 1218//1186 1228//1186 
f 1223//1186 1222//1186 1217//1186 
f 1217//1186 1232//1186 1233//1186 
f 1217//1186 1234//1186 1235//1186 
f 1218//1186 1219//1186 1228//1186 
f 1233//1186 1229//1186 1217//1186 
f 1228//1186 1234//1186 1217//1186 
f 1235//1186 1232//1186 1217//1186 
f 1222//1186 1220//1186 1217//1186 
o mesh207
f 1228//1187 1236//1188 1237//1189 
f 1228//1187 1227//1190 1236//1188 
f 1238//1191 1232//1192 1235//1193 
f 1235//1193 1237//1189 1238//1191 
f 1235//1193 1234//1194 1237//1189 
f 1239//1195 1229//1196 1233//1197 
f 1233//1197 1240//1198 1239//1195 
f 1233//1197 1232//1192 1240//1198 
f 1229//1196 1241//1199 1242//1200 
f 1243//1201 1231//1201 1230//1202 
f 1230//1202 1242//1200 1243//1201 
f 1242//1200 1230//1202 1229//1196 
f 1239//1195 1241//1199 1229//1196 
f 1238//1191 1240//1198 1232//1192 
f 1237//1189 1234//1194 1228//1187 
o mesh208
f 1231//1203 1243//1203 1244//1203 
f 1244//1203 1223//1203 1231//1203 
f 1244//1203 1224//1203 1223//1203 
o mesh209
f 1245//1204 855//1204 858//1204 
f 858//1204 1246//1204 1245//1204 
o mesh210
f 1247//1205 1248//1205 1249//1205 
f 1245//1205 1250//1205 1251//1205 
f 1251//1205 1250//1205 1247//1205 
f 1249//1205 1251//1205 1247//1205 
f 1251//1205 1252//1205 1245//1205 
f 1252//1205 855//1205 1245//1205 
o mesh211
f 1246//1206 1253//1206 1254//1206 
f 1255//1206 1254//1206 1256//1206 
f 1246//1206 858//1206 1253//1206 
f 1254//1206 1255//1206 1246//1206 
f 1256//1206 1257//1206 1255//1206 
o mesh212
f 1257//1207 1256//1207 1258//1207 
f 1258//1207 1259//1207 1257//1207 
o mesh213
f 1255//1208 1247//1209 1250//1210 
f 1250//1210 1246//1211 1255//1208 
f 1257//1212 1260//1213 1261//1214 
f 1257//1212 1259//1215 1262//1216 
f 1259//1215 1263//1217 1262//1216 
f 1262//1216 1260//1213 1257//1212 
f 1248//1218 1255//1208 1257//1212 
f 1257//1212 1264//1219 1248//1218 
f 1248//1218 1247//1209 1255//1208 
f 1261//1214 1264//1219 1257//1212 
f 1250//1210 1245//1220 1246//1211 
o mesh214
f 1248//1221 1264//1222 1265//1223 
f 1265//1223 1266//1224 1248//1221 
f 1264//1222 1267//1223 1265//1223 
f 1267//1223 1268//1225 1269//1225 
f 1269//1225 1270//1226 1267//1223 
f 1270//1226 1265//1223 1267//1223 
f 1266//1224 1249//1227 1248//1221 
o mesh215
f 1263//1228 1271//1228 1272//1228 
f 1271//1228 1263//1228 1259//1228 
f 1259//1228 1258//1228 1271//1228 
f 1272//1228 1273//1228 1263//1228 
o mesh216
f 1261//1229 1274//1229 1275//1229 
f 1275//1229 1276//1229 1261//1229 
f 1273//1229 1261//1229 1260//1229 
f 1276//1229 1268//1229 1261//1229 
f 1260//1229 1262//1229 1273//1229 
f 1268//1229 1267//1229 1261//1229 
f 1261//1229 1277//1229 1278//1229 
f 1261//1229 1279//1229 1280//1229 
f 1262//1229 1263//1229 1273//1229 
f 1278//1229 1274//1229 1261//1229 
f 1273//1229 1279//1229 1261//1229 
f 1280//1229 1277//1229 1261//1229 
f 1267//1229 1264//1229 1261//1229 
o mesh217
f 1273//1230 1281//1231 1282//1232 
f 1273//1230 1272//1233 1281//1231 
f 1283//1234 1277//1235 1280//1236 
f 1280//1236 1282//1232 1283//1234 
f 1280//1236 1279//1237 1282//1232 
f 1284//1238 1274//1239 1278//1240 
f 1278//1240 1285//1241 1284//1238 
f 1278//1240 1277//1235 1285//1241 
f 1286//1242 1276//1242 1275//1243 
f 1275//1243 1287//1244 1286//1242 
f 1275//1243 1274//1239 1287//1244 
f 1284//1238 1287//1244 1274//1239 
f 1283//1234 1285//1241 1277//1235 
f 1282//1232 1279//1237 1273//1230 
o mesh218
f 1276//1245 1286//1245 1288//1245 
f 1288//1245 1268//1245 1276//1245 
f 1288//1245 1269//1245 1268//1245 
o mesh219
f 1289//1246 1290//1246 886//1246 
f 1290//1246 887//1246 886//1246 
f 886//1246 856//1246 1289//1246 
o mesh220
f 1291//1247 1292//1247 1293//1247 
f 1290//1247 1294//1247 1295//1247 
f 1295//1247 1294//1247 1291//1247 
f 1290//1247 1296//1247 1297//1247 
f 1293//1247 1295//1247 1291//1247 
f 1295//1247 1296//1247 1290//1247 
f 1297//1247 887//1247 1290//1247 
o mesh221
f 1289//1248 1298//1248 1299//1248 
f 1300//1248 1299//1248 1301//1248 
f 1289//1248 856//1248 1298//1248 
f 1299//1248 1300//1248 1289//1248 
f 1301//1248 1302//1248 1300//1248 
o mesh222
f 1302//1249 1301//1249 1303//1249 
f 1303//1249 1304//1249 1302//1249 
o mesh223
f 1300//1250 1291//1251 1294//1252 
f 1294//1252 1289//1253 1300//1250 
f 1302//1254 1305//1255 1306//1256 
f 1302//1254 1304//1257 1307//1258 
f 1304//1257 1308//1259 1307//1258 
f 1307//1258 1305//1255 1302//1254 
f 1292//1260 1300//1250 1302//1254 
f 1302//1254 1309//1261 1292//1260 
f 1292//1260 1291//1251 1300//1250 
f 1306//1256 1309//1261 1302//1254 
f 1294//1252 1290//1262 1289//1253 
o mesh224
f 1310//1263 1293//1264 1292//1265 
f 1292//1265 1309//1266 1310//1263 
f 1311//1267 1312//1268 1313//1268 
f 1313//1268 1314//1269 1311//1267 
f 1314//1269 1310//1263 1311//1267 
f 1309//1266 1311//1267 1310//1263 
o mesh225
f 1308//1270 1315//1270 1316//1270 
f 1315//1270 1308//1270 1304//1270 
f 1304//1270 1303//1270 1315//1270 
f 1316//1270 1317//1270 1308//1270 
o mesh226
f 1317//1271 1305//1271 1307//1271 
f 1318//1271 1312//1271 1306//1271 
f 1305//1271 1319//1271 1320//1271 
f 1305//1271 1321//1271 1322//1271 
f 1307//1271 1308//1271 1317//1271 
f 1320//1271 1318//1271 1305//1271 
f 1305//1271 1323//1271 1324//1271 
f 1317//1271 1321//1271 1305//1271 
f 1306//1271 1305//1271 1318//1271 
f 1322//1271 1323//1271 1305//1271 
f 1324//1271 1319//1271 1305//1271 
f 1312//1271 1311//1271 1306//1271 
f 1311//1271 1309//1271 1306//1271 
o mesh227
f 1317//1272 1325//1273 1326//1274 
f 1317//1272 1316//1275 1325//1273 
f 1327//1276 1323//1277 1322//1278 
f 1322//1278 1326//1274 1327//1276 
f 1322//1278 1321//1279 1326//1274 
f 1328//1280 1319//1281 1324//1282 
f 1324//1282 1329//1283 1328//1280 
f 1324//1282 1323//1277 1329//1283 
f 1330//1284 1318//1284 1320//1285 
f 1320//1285 1331//1286 1330//1284 
f 1320//1285 1319//1281 1331//1286 
f 1328//1280 1331//1286 1319//1281 
f 1327//1276 1329//1283 1323//1277 
f 1326//1274 1321//1279 1317//1272 
o mesh228
f 1318//1287 1330//1287 1332//1287 
f 1332//1287 1312//1287 1318//1287 
f 1332//1287 1313//1287 1312//1287 
o mesh229
f 1391//1288 1333//1289 1334//1290 
f 1391//1288 1335//1291 1333//1289 
f 1391//1288 1336//1292 1335//1291 
f 1337//1293 1338//1294 1339//1295 
f 1337//1293 1340//1296 1338//1294 
f 1337//1293 1392//1297 1341//1298 
f 1341//1298 1342//1299 1337//1293 
f 1392//1297 1343//1300 1344//1301 
f 1392//1297 1339//1295 1343//1300 
f 1345//1302 1346//1303 1347//1304 
f 1348//1305 1349//1306 1346//1303 
f 1346//1303 1345//1302 1348//1305 
f 1350//1307 1351//1308 1345//1302 
f 892//1309 882//1310 884//1311 
f 942//1312 888//1313 892//1309 
f 884//1311 942//1312 892//1309 
f 897//1314 960//1315 959//1316 
f 897//1314 940//1317 956//1318 
f 937//1319 940//1317 897//1314 
f 897//1314 889//1320 937//1319 
f 889//1320 888//1313 937//1319 
f 956//1318 960//1315 897//1314 
f 979//1321 916//1322 897//1314 
f 917//1323 916//1322 1352//1324 
f 1353//1325 1354//1326 926//1327 
f 926//1327 917//1323 1353//1325 
f 916//1322 1355//1328 1356//1329 
f 1356//1329 1357//1330 916//1322 
f 1357//1330 1352//1324 916//1322 
f 927//1331 926//1327 1354//1326 
f 1351//1308 928//1332 927//1331 
f 1354//1326 1351//1308 927//1331 
f 916//1322 1358//1333 1359//1334 
f 1359//1334 1355//1328 916//1322 
f 979//1321 1360//1335 1361//1336 
f 1361//1336 916//1322 979//1321 
f 1362//1337 1363//1338 979//1321 
f 979//1321 978//1339 1362//1337 
f 1363//1338 1360//1335 979//1321 
f 978//1339 976//1340 1362//1337 
f 1361//1336 1358//1333 916//1322 
f 1364//1341 930//1342 928//1332 
f 1364//1341 929//1343 930//1342 
f 1351//1308 1350//1307 1364//1341 
f 928//1332 1351//1308 1364//1341 
f 1391//1288 1344//1301 1362//1337 
f 1362//1337 976//1340 1391//1288 
f 1393//1344 944//1345 947//1346 
f 454//1347 1393//1344 946//1348 
f 1393//1344 454//1347 452//1349 
f 452//1349 471//1350 1393//1344 
f 949//1351 481//1352 480//1353 
f 949//1351 469//1354 477//1355 
f 466//1356 469//1354 949//1351 
f 949//1351 945//1357 466//1356 
f 945//1357 944//1345 466//1356 
f 944//1345 1393//1344 466//1356 
f 477//1355 481//1352 949//1351 
f 493//1358 961//1359 949//1351 
f 962//1360 961//1359 1365//1361 
f 1366//1362 1367//1363 972//1364 
f 972//1364 971//1365 1366//1362 
f 971//1365 962//1360 1366//1362 
f 961//1359 1368//1366 1369//1367 
f 1369//1367 1370//1368 961//1359 
f 1370//1368 1365//1361 961//1359 
f 973//1369 972//1364 1367//1363 
f 1336//1292 1391//1288 974//1370 
f 974//1370 973//1369 1336//1292 
f 1367//1363 1336//1292 973//1369 
f 961//1359 1371//1371 1372//1372 
f 1372//1372 1368//1366 961//1359 
f 493//1358 1373//1373 1374//1374 
f 1374//1374 961//1359 493//1358 
f 1375//1375 1376//1376 1377//1377 
f 1378//1378 493//1358 492//1379 
f 492//1379 1375//1375 1378//1378 
f 1377//1377 1378//1378 1375//1375 
f 1378//1378 1373//1373 493//1358 
f 1374//1374 1371//1371 961//1359 
f 1391//1288 975//1380 977//1381 
f 1391//1288 976//1340 975//1380 
f 977//1381 974//1370 1391//1288 
f 1379//1382 1377//1377 1376//1376 
f 1376//1376 1380//1383 1379//1382 
f 1381//1384 1382//1385 1383//1386 
f 1384//1387 1383//1386 1379//1382 
f 1379//1382 1380//1383 1384//1387 
f 1383//1386 1384//1387 1381//1384 
f 1382//1385 1385//1388 1386//1389 
f 1382//1385 1387//1390 1385//1388 
f 1386//1389 1388//1391 1389//1392 
f 1386//1389 1389//1392 1382//1385 
f 1381//1384 1387//1390 1382//1385 
f 1365//1361 1366//1362 962//1360 
f 480//1353 493//1358 949//1351 
f 471//1350 466//1356 1393//1344 
f 946//1348 885//1393 454//1347 
f 947//1346 946//1348 1393//1344 
f 1352//1324 1353//1325 917//1323 
f 959//1316 979//1321 897//1314 
f 942//1312 937//1319 888//1313 
f 1347//1304 1350//1307 1345//1302 
f 1349//1306 1348//1305 1390//1394 
f 1344//1301 1391//1288 1392//1297 
f 1339//1295 1392//1297 1337//1293 
f 1341//1298 1392//1297 1334//1290 
f 1334//1290 1392//1297 1391//1288 
o mesh230
f 1394//1395 1354//1396 1353//1397 
f 1394//1395 1345//1398 1351//1399 
f 1351//1399 1354//1396 1394//1395 
f 1352//1400 1395//1401 1396//1402 
f 1352//1400 1397//1403 1395//1401 
f 1396//1402 1353//1397 1352//1400 
f 1353//1397 1396//1402 1394//1395 
o mesh231
f 1357//1403 1398//1403 1397//1403 
f 1357//1403 1399//1403 1398//1403 
f 1397//1403 1352//1403 1357//1403 
o mesh232
f 1399//1404 1357//1405 1356//1406 
f 1359//1407 1400//1408 1401//1409 
f 1401//1409 1356//1406 1355//1410 
f 1359//1407 1402//1411 1400//1408 
f 1361//1412 1403//1413 1402//1411 
f 1361//1412 1404//1412 1403//1413 
f 1402//1411 1359//1407 1358//1414 
f 1404//1412 1361//1412 1360//1415 
f 1360//1415 1405//1416 1406//1417 
f 1360//1415 1406//1417 1404//1412 
f 1360//1415 1363//1416 1405//1416 
f 1402//1411 1358//1414 1361//1412 
f 1401//1409 1355//1410 1359//1407 
f 1356//1406 1401//1409 1399//1404 
o mesh233
f 1407//1418 1363//1418 1362//1418 
f 1362//1418 1408//1418 1407//1418 
f 1407//1418 1405//1418 1363//1418 
o mesh234
f 1409//1419 1362//1419 1344//1419 
f 1344//1419 1410//1419 1409//1419 
f 1409//1419 1408//1419 1362//1419 
f 1344//1419 1343//1419 1410//1419 
o mesh235
f 1408//1420 1409//1420 1411//1420 
f 1411//1420 1412//1420 1408//1420 
f 1412//1420 1407//1420 1408//1420 
o mesh236
f 1394//1421 1396//1422 1410//1423 
f 1413//1424 1414//1425 1394//1421 
f 1410//1423 1396//1422 1411//1426 
f 1411//1426 1395//1427 1397//1428 
f 1411//1426 1396//1422 1395//1427 
f 1412//1429 1404//1430 1406//1431 
f 1406//1431 1405//1432 1412//1429 
f 1402//1433 1403//1434 1404//1430 
f 1404//1430 1412//1429 1402//1433 
f 1412//1429 1401//1435 1400//1436 
f 1400//1436 1402//1433 1412//1429 
f 1412//1429 1398//1437 1399//1438 
f 1399//1438 1401//1435 1412//1429 
f 1412//1429 1397//1428 1398//1437 
f 1405//1432 1407//1439 1412//1429 
f 1397//1428 1412//1429 1411//1426 
f 1411//1426 1409//1440 1410//1423 
f 1415//1441 1416//1442 1414//1425 
f 1416//1442 1415//1441 1417//1443 
f 1417//1443 1418//1444 1416//1442 
f 1414//1425 1413//1424 1415//1441 
f 1410//1423 1413//1424 1394//1421 
o mesh237
f 1348//1445 1345//1445 1416//1445 
f 1345//1445 1414//1445 1416//1445 
f 1345//1445 1394//1445 1414//1445 
f 1418//1445 1390//1445 1348//1445 
f 1418//1445 1419//1445 1390//1445 
f 1416//1445 1418//1445 1348//1445 
o mesh238
f 1339//1446 1417//1446 1415//1446 
f 1415//1446 1343//1446 1339//1446 
f 1415//1446 1413//1446 1343//1446 
f 1413//1446 1410//1446 1343//1446 
f 1339//1446 1338//1446 1417//1446 
f 1338//1446 1340//1446 1417//1446 
o mesh239
f 1418//1447 1417//1447 1340//1447 
f 1340//1447 1419//1447 1418//1447 
o mesh240
f 1420//1448 1367//1449 1366//1450 
f 1420//1448 1335//1451 1336//1452 
f 1336//1452 1367//1449 1420//1448 
f 1365//1453 1421//1454 1422//1455 
f 1365//1453 1423//1456 1421//1454 
f 1422//1455 1366//1450 1365//1453 
f 1366//1450 1422//1455 1420//1448 
o mesh241
f 1370//1456 1424//1456 1423//1456 
f 1370//1456 1425//1456 1424//1456 
f 1423//1456 1365//1456 1370//1456 
o mesh242
f 1425//1457 1370//1458 1369//1459 
f 1372//1460 1426//1461 1427//1462 
f 1427//1462 1369//1459 1368//1463 
f 1372//1460 1428//1464 1426//1461 
f 1374//1465 1429//1466 1428//1464 
f 1374//1465 1430//1465 1429//1466 
f 1428//1464 1372//1460 1371//1467 
f 1430//1465 1374//1465 1373//1468 
f 1373//1468 1431//1469 1432//1470 
f 1373//1468 1432//1470 1430//1465 
f 1373//1468 1378//1469 1431//1469 
f 1428//1464 1371//1467 1374//1465 
f 1427//1462 1368//1463 1372//1460 
f 1369//1459 1427//1462 1425//1457 
o mesh243
f 1433//1471 1378//1471 1377//1471 
f 1377//1471 1434//1471 1433//1471 
f 1433//1471 1431//1471 1378//1471 
o mesh244
f 1435//1472 1377//1472 1379//1472 
f 1379//1472 1436//1472 1435//1472 
f 1435//1472 1434//1472 1377//1472 
f 1379//1472 1383//1472 1436//1472 
o mesh245
f 1434//1473 1435//1473 1437//1473 
f 1437//1473 1438//1473 1434//1473 
f 1438//1473 1433//1473 1434//1473 
o mesh246
f 1420//1474 1422//1475 1436//1476 
f 1439//1477 1440//1478 1420//1474 
f 1436//1476 1422//1475 1437//1479 
f 1437//1479 1421//1480 1423//1481 
f 1437//1479 1422//1475 1421//1480 
f 1438//1482 1430//1483 1432//1484 
f 1432//1484 1431//1485 1438//1482 
f 1428//1486 1429//1487 1430//1483 
f 1430//1483 1438//1482 1428//1486 
f 1438//1482 1427//1488 1426//1489 
f 1438//1482 1424//1490 1425//1491 
f 1425//1491 1427//1488 1438//1482 
f 1426//1489 1428//1486 1438//1482 
f 1438//1482 1423//1481 1424//1490 
f 1431//1485 1433//1492 1438//1482 
f 1423//1481 1438//1482 1437//1479 
f 1437//1479 1435//1493 1436//1476 
f 1441//1494 1442//1495 1440//1478 
f 1442//1495 1441//1494 1443//1496 
f 1443//1496 1444//1497 1442//1495 
f 1440//1478 1439//1477 1441//1494 
f 1436//1476 1439//1477 1420//1474 
o mesh247
f 1382//1498 1443//1498 1441//1498 
f 1441//1498 1383//1498 1382//1498 
f 1441//1498 1439//1498 1383//1498 
f 1439//1498 1436//1498 1383//1498 
f 1382//1498 1389//1498 1443//1498 
f 1389//1498 1388//1498 1443//1498 
o mesh248
f 1444//1499 1334//1499 1333//1499 
f 1442//1499 1333//1499 1335//1499 
f 1444//1499 1341//1499 1334//1499 
f 1335//1499 1420//1499 1440//1499 
f 1444//1499 1342//1499 1341//1499 
f 1333//1499 1442//1499 1444//1499 
f 1335//1499 1440//1499 1442//1499 
o mesh249
f 1444//1500 1443//1500 1388//1500 
f 1388//1500 1342//1500 1444//1500 
o mesh250
f 1445//1501 1446//1501 1447//1501 
f 1448//1501 1447//1501 1446//1501 
f 1449//1501 1385//1501 1445//1501 
f 1450//1501 1451//1501 1448//1501 
f 1449//1501 1386//1501 1385//1501 
f 1447//1501 1449//1501 1445//1501 
f 1446//1501 1450//1501 1448//1501 
o mesh251
f 1451//1502 1452//1503 1453//1504 
f 1451//1502 1450//1505 1452//1503 
f 1454//1506 1455//1507 1456//1508 
f 1454//1506 1457//1509 1455//1507 
f 1456//1508 1453//1504 1458//1510 
f 1456//1508 1458//1510 1454//1506 
f 1453//1504 1456//1508 1451//1502 
o mesh252
f 1459//1509 1460//1509 1457//1509 
f 1459//1509 1461//1509 1460//1509 
f 1457//1509 1454//1509 1459//1509 
o mesh253
f 1461//1511 1459//1512 1462//1513 
f 1463//1514 1464//1515 1465//1516 
f 1465//1516 1462//1513 1466//1517 
f 1463//1514 1467//1518 1464//1515 
f 1468//1519 1469//1520 1467//1518 
f 1468//1519 1470//1519 1469//1520 
f 1467//1518 1463//1514 1471//1521 
f 1472//1522 1473//1523 1470//1519 
f 1472//1522 1474//1522 1473//1523 
f 1470//1519 1468//1519 1475//1524 
f 1470//1519 1475//1524 1472//1522 
f 1467//1518 1471//1521 1468//1519 
f 1465//1516 1466//1517 1463//1514 
f 1462//1513 1465//1516 1461//1511 
o mesh254
f 1449//1525 1476//1525 1477//1525 
f 1477//1525 1478//1525 1449//1525 
f 1478//1525 1386//1525 1449//1525 
o mesh255
f 1479//1526 1480//1526 1481//1526 
f 1482//1526 1476//1526 1479//1526 
f 1481//1526 1482//1526 1479//1526 
f 1480//1526 1483//1526 1481//1526 
f 1482//1526 1484//1526 1476//1526 
f 1484//1526 1477//1526 1476//1526 
o mesh256
f 1451//1527 1456//1528 1483//1529 
f 1480//1530 1448//1531 1451//1527 
f 1483//1529 1456//1528 1485//1532 
f 1485//1532 1455//1533 1457//1534 
f 1485//1532 1456//1528 1455//1533 
f 1460//1535 1474//1536 1486//1537 
f 1460//1535 1470//1538 1473//1539 
f 1473//1539 1474//1536 1460//1535 
f 1489//1540 1467//1541 1469//1542 
f 1489//1540 1465//1543 1464//1544 
f 1464//1544 1467//1541 1489//1540 
f 1489//1540 1460//1535 1461//1545 
f 1461//1545 1465//1543 1489//1540 
f 1489//1540 1470//1538 1460//1535 
f 1469//1542 1470//1538 1489//1540 
f 1487//1546 1457//1534 1460//1535 
f 1486//1537 1487//1546 1460//1535 
f 1457//1534 1487//1546 1485//1532 
f 1485//1532 1488//1547 1483//1529 
f 1479//1548 1447//1549 1448//1531 
f 1447//1549 1479//1548 1476//1550 
f 1476//1550 1449//1551 1447//1549 
f 1448//1531 1480//1530 1479//1548 
f 1483//1529 1480//1530 1451//1527 
o mesh257
f 1486//1552 1472//1552 1490//1552 
f 1490//1552 1491//1552 1486//1552 
f 1486//1552 1474//1552 1472//1552 
o mesh258
f 1488//1553 1490//1553 1492//1553 
f 1492//1553 1483//1553 1488//1553 
f 1488//1553 1491//1553 1490//1553 
f 1492//1553 1481//1553 1483//1553 
o mesh259
f 1491//1554 1488//1554 1485//1554 
f 1485//1554 1487//1554 1491//1554 
f 1487//1554 1486//1554 1491//1554 
o mesh260
f 130//1555 331//1556 1493//1557 
f 1493//1557 131//1558 130//1555 
f 1493//1557 1494//1559 131//1558 
f 130//1555 330//1560 331//1556 
f 132//1561 131//1558 1495//1562 
f 131//1558 1496//1563 1497//1564 
f 1497//1564 1498//1565 131//1558 
f 1498//1565 1495//1562 131//1558 
f 133//1566 1499//1567 1500//1568 
f 132//1561 1501//1569 1499//1567 
f 132//1561 1502//1570 1501//1569 
f 132//1561 1503//1571 1502//1570 
f 1499//1567 133//1566 132//1561 
f 134//1572 1504//1573 1505//1574 
f 134//1572 1506//1575 1504//1573 
f 133//1566 1507//1576 1506//1575 
f 133//1566 1508//1577 1507//1576 
f 1506//1575 134//1572 133//1566 
f 135//1578 1509//1579 1510//1580 
f 134//1572 1511//1581 1509//1579 
f 1509//1579 135//1578 134//1572 
f 135//1578 1419//1582 1340//1583 
f 135//1578 1512//1584 1419//1582 
f 1340//1583 136//1585 135//1578 
f 137//1586 136//1585 1337//1587 
f 138//1588 137//1586 1388//1589 
f 1388//1589 1386//1590 138//1588 
f 137//1586 1342//1591 1388//1589 
f 1386//1590 1478//1592 138//1588 
f 120//1593 1513//1594 1514//1595 
f 120//1593 1515//1596 1513//1594 
f 138//1588 1477//1597 1515//1596 
f 138//1588 1478//1592 1477//1597 
f 1515//1596 120//1593 138//1588 
f 121//1598 120//1593 1516//1599 
f 1516//1599 1517//1600 121//1598 
f 120//1593 1518//1601 1516//1599 
f 121//1598 1519//1602 1520//1603 
f 121//1598 1521//1604 1519//1602 
f 121//1598 1522//1605 1521//1604 
f 1520//1603 122//1606 121//1598 
f 123//1607 1523//1608 1524//1609 
f 122//1606 1525//1610 1523//1608 
f 122//1606 1526//1611 1525//1610 
f 122//1606 1527//1612 1526//1611 
f 1523//1608 123//1607 122//1606 
f 124//1613 1528//1614 1529//1615 
f 123//1607 1530//1616 1528//1614 
f 123//1607 1531//1617 1530//1616 
f 1528//1614 124//1613 123//1607 
f 127//1618 124//1613 1532//1619 
f 1532//1619 1533//1620 127//1618 
f 124//1613 1534//1621 1532//1619 
f 126//1622 127//1618 1535//1623 
f 127//1618 1536//1624 1535//1623 
f 1535//1623 1537//1625 126//1622 
f 330//1560 130//1555 129//1626 
f 129//1626 327//1627 330//1560 
f 1537//1625 326//1628 126//1622 
f 1533//1620 1536//1624 127//1618 
f 1529//1615 1534//1621 124//1613 
f 1524//1609 1531//1617 123//1607 
f 1520//1603 1527//1612 122//1606 
f 1517//1600 1522//1605 121//1598 
f 1514//1595 1518//1601 120//1593 
f 1337//1587 1342//1591 137//1586 
f 1340//1583 1337//1587 136//1585 
f 1510//1580 1512//1584 135//1578 
f 1505//1574 1511//1581 134//1572 
f 1500//1568 1508//1577 133//1566 
f 1495//1562 1503//1571 132//1561 
f 1494//1559 1496//1563 131//1558 
o mesh261
f 1538//1629 1539//1629 1510//1629 
f 1510//1629 1509//1629 1538//1629 
o mesh262
f 1540//1630 1541//1630 1542//1630 
f 1543//1630 1539//1630 1540//1630 
f 1542//1630 1543//1630 1540//1630 
f 1541//1630 1544//1630 1542//1630 
f 1543//1630 1545//1630 1539//1630 
f 1545//1630 1510//1630 1539//1630 
o mesh263
f 1546//1631 1547//1631 1548//1631 
f 1538//1631 1549//1631 1547//1631 
f 1538//1631 1509//1631 1550//1631 
f 1548//1631 1551//1631 1552//1631 
f 1550//1631 1549//1631 1538//1631 
f 1547//1631 1546//1631 1538//1631 
f 1548//1631 1552//1631 1546//1631 
o mesh264
f 1551//1632 1553//1633 1554//1634 
f 1551//1632 1548//1635 1553//1633 
f 1555//1636 1556//1637 1557//1638 
f 1555//1636 1558//1639 1556//1637 
f 1557//1638 1554//1634 1559//1640 
f 1557//1638 1559//1640 1555//1636 
f 1554//1634 1557//1638 1551//1632 
o mesh265
f 1560//1639 1561//1639 1558//1639 
f 1560//1639 1562//1639 1561//1639 
f 1558//1639 1555//1639 1560//1639 
o mesh266
f 1562//1641 1560//1642 1563//1643 
f 1564//1644 1565//1645 1566//1646 
f 1566//1646 1563//1643 1567//1647 
f 1564//1644 1568//1648 1565//1645 
f 1569//1649 1570//1650 1568//1648 
f 1569//1649 1571//1649 1570//1650 
f 1568//1648 1564//1644 1572//1651 
f 1573//1652 1574//1653 1571//1649 
f 1573//1652 1575//1652 1574//1653 
f 1571//1649 1569//1649 1576//1654 
f 1571//1649 1576//1654 1573//1652 
f 1568//1648 1572//1651 1569//1649 
f 1566//1646 1567//1647 1564//1644 
f 1563//1643 1566//1646 1562//1641 
o mesh267
f 1551//1655 1557//1656 1544//1657 
f 1541//1658 1552//1659 1551//1655 
f 1544//1657 1557//1656 1577//1660 
f 1577//1660 1556//1661 1558//1662 
f 1577//1660 1557//1656 1556//1661 
f 1578//1663 1571//1664 1574//1665 
f 1574//1665 1575//1666 1578//1663 
f 1568//1667 1570//1668 1571//1664 
f 1571//1664 1578//1663 1568//1667 
f 1578//1663 1566//1669 1565//1670 
f 1565//1670 1568//1667 1578//1663 
f 1578//1663 1561//1671 1562//1672 
f 1562//1672 1566//1669 1578//1663 
f 1578//1663 1558//1662 1561//1671 
f 1575//1666 1579//1673 1578//1663 
f 1558//1662 1578//1663 1577//1660 
f 1577//1660 1580//1674 1544//1657 
f 1540//1675 1546//1676 1552//1659 
f 1546//1676 1540//1675 1539//1677 
f 1539//1677 1538//1678 1546//1676 
f 1552//1659 1541//1658 1540//1675 
f 1544//1657 1541//1658 1551//1655 
o mesh268
f 1579//1679 1573//1679 1581//1679 
f 1581//1679 1582//1679 1579//1679 
f 1579//1679 1575//1679 1573//1679 
o mesh269
f 1580//1680 1581//1680 1583//1680 
f 1583//1680 1544//1680 1580//1680 
f 1580//1680 1582//1680 1581//1680 
f 1583//1680 1542//1680 1544//1680 
o mesh270
f 1582//1681 1580//1681 1577//1681 
f 1577//1681 1578//1681 1582//1681 
f 1578//1681 1579//1681 1582//1681 
o mesh271
f 1584//1682 1585//1682 1505//1682 
f 1505//1682 1504//1682 1584//1682 
o mesh272
f 1586//1683 1587//1683 1588//1683 
f 1589//1683 1585//1683 1586//1683 
f 1588//1683 1589//1683 1586//1683 
f 1587//1683 1590//1683 1588//1683 
f 1589//1683 1591//1683 1585//1683 
f 1591//1683 1505//1683 1585//1683 
o mesh273
f 1592//1684 1593//1684 1594//1684 
f 1584//1684 1595//1684 1593//1684 
f 1594//1684 1596//1684 1597//1684 
f 1584//1684 1504//1684 1595//1684 
f 1593//1684 1592//1684 1584//1684 
f 1594//1684 1597//1684 1592//1684 
o mesh274
f 1596//1685 1598//1686 1599//1687 
f 1596//1685 1594//1688 1598//1686 
f 1600//1689 1601//1690 1602//1691 
f 1600//1689 1603//1692 1601//1690 
f 1602//1691 1599//1687 1604//1693 
f 1602//1691 1604//1693 1600//1689 
f 1599//1687 1602//1691 1596//1685 
o mesh275
f 1605//1692 1606//1692 1603//1692 
f 1605//1692 1607//1692 1606//1692 
f 1603//1692 1600//1692 1605//1692 
o mesh276
f 1607//1694 1605//1695 1608//1696 
f 1609//1697 1610//1698 1611//1699 
f 1611//1699 1608//1696 1612//1700 
f 1609//1697 1613//1701 1610//1698 
f 1614//1702 1615//1703 1613//1701 
f 1614//1702 1616//1702 1615//1703 
f 1613//1701 1609//1697 1617//1704 
f 1618//1705 1619//1706 1616//1702 
f 1618//1705 1620//1705 1619//1706 
f 1616//1702 1614//1702 1621//1707 
f 1616//1702 1621//1707 1618//1705 
f 1613//1701 1617//1704 1614//1702 
f 1611//1699 1612//1700 1609//1697 
f 1608//1696 1611//1699 1607//1694 
o mesh277
f 1596//1708 1602//1709 1590//1710 
f 1587//1711 1597//1712 1596//1708 
f 1590//1710 1602//1709 1622//1713 
f 1622//1713 1601//1714 1603//1715 
f 1622//1713 1602//1709 1601//1714 
f 1623//1716 1616//1717 1619//1718 
f 1619//1718 1620//1719 1623//1716 
f 1613//1720 1615//1721 1616//1717 
f 1616//1717 1623//1716 1613//1720 
f 1623//1716 1611//1722 1610//1723 
f 1610//1723 1613//1720 1623//1716 
f 1623//1716 1606//1724 1607//1725 
f 1607//1725 1611//1722 1623//1716 
f 1623//1716 1603//1715 1606//1724 
f 1620//1719 1624//1726 1623//1716 
f 1603//1715 1623//1716 1622//1713 
f 1622//1713 1625//1727 1590//1710 
f 1586//1728 1592//1729 1597//1712 
f 1592//1729 1586//1728 1585//1730 
f 1585//1730 1584//1731 1592//1729 
f 1597//1712 1587//1711 1586//1728 
f 1590//1710 1587//1711 1596//1708 
o mesh278
f 1624//1732 1618//1732 1626//1732 
f 1626//1732 1627//1732 1624//1732 
f 1624//1732 1620//1732 1618//1732 
o mesh279
f 1625//1733 1626//1733 1628//1733 
f 1628//1733 1590//1733 1625//1733 
f 1625//1733 1627//1733 1626//1733 
f 1628//1733 1588//1733 1590//1733 
o mesh280
f 1627//1734 1625//1734 1622//1734 
f 1622//1734 1623//1734 1627//1734 
f 1623//1734 1624//1734 1627//1734 
o mesh281
f 1629//1735 1630//1735 1507//1735 
f 1507//1735 1508//1735 1629//1735 
f 1508//1735 1500//1735 1629//1735 
o mesh282
f 1631//1736 1632//1736 1633//1736 
f 1634//1736 1630//1736 1631//1736 
f 1633//1736 1634//1736 1631//1736 
f 1632//1736 1635//1736 1633//1736 
f 1634//1736 1636//1736 1630//1736 
f 1636//1736 1507//1736 1630//1736 
o mesh283
f 1637//1737 1638//1737 1639//1737 
f 1629//1737 1640//1737 1638//1737 
f 1639//1737 1641//1737 1642//1737 
f 1629//1737 1500//1737 1640//1737 
f 1638//1737 1637//1737 1629//1737 
f 1639//1737 1642//1737 1637//1737 
o mesh284
f 1641//1738 1643//1739 1644//1740 
f 1641//1738 1639//1741 1643//1739 
f 1645//1742 1646//1743 1647//1744 
f 1645//1742 1648//1745 1646//1743 
f 1647//1744 1644//1740 1649//1746 
f 1647//1744 1649//1746 1645//1742 
f 1644//1740 1647//1744 1641//1738 
o mesh285
f 1650//1745 1651//1745 1648//1745 
f 1650//1745 1652//1745 1651//1745 
f 1648//1745 1645//1745 1650//1745 
o mesh286
f 1652//1747 1650//1748 1653//1749 
f 1654//1750 1655//1751 1656//1752 
f 1656//1752 1653//1749 1657//1753 
f 1654//1750 1658//1754 1655//1751 
f 1659//1755 1660//1756 1658//1754 
f 1659//1755 1661//1755 1660//1756 
f 1658//1754 1654//1750 1662//1757 
f 1661//1755 1659//1755 1663//1758 
f 1663//1758 1664//1759 1665//1760 
f 1663//1758 1665//1760 1661//1755 
f 1663//1758 1666//1759 1664//1759 
f 1658//1754 1662//1757 1659//1755 
f 1656//1752 1657//1753 1654//1750 
f 1653//1749 1656//1752 1652//1747 
o mesh287
f 1641//1761 1647//1762 1635//1763 
f 1632//1764 1642//1765 1641//1761 
f 1635//1763 1647//1762 1667//1766 
f 1667//1766 1646//1767 1648//1768 
f 1667//1766 1647//1762 1646//1767 
f 1651//1769 1664//1770 1668//1771 
f 1651//1769 1661//1772 1665//1773 
f 1665//1773 1664//1770 1651//1769 
f 1651//1769 1658//1774 1660//1775 
f 1658//1774 1651//1769 1652//1776 
f 1652//1776 1656//1777 1658//1774 
f 1656//1777 1655//1778 1658//1774 
f 1660//1775 1661//1772 1651//1769 
f 1669//1779 1648//1768 1651//1769 
f 1668//1771 1669//1779 1651//1769 
f 1648//1768 1669//1779 1667//1766 
f 1667//1766 1670//1780 1635//1763 
f 1631//1781 1637//1782 1642//1765 
f 1637//1782 1631//1781 1630//1783 
f 1630//1783 1629//1784 1637//1782 
f 1642//1765 1632//1764 1631//1781 
f 1635//1763 1632//1764 1641//1761 
o mesh288
f 1668//1785 1666//1785 1671//1785 
f 1671//1785 1672//1785 1668//1785 
f 1668//1785 1664//1785 1666//1785 
o mesh289
f 1670//1786 1671//1786 1673//1786 
f 1673//1786 1635//1786 1670//1786 
f 1670//1786 1672//1786 1671//1786 
f 1673//1786 1633//1786 1635//1786 
o mesh290
f 1672//1787 1670//1787 1667//1787 
f 1667//1787 1669//1787 1672//1787 
f 1669//1787 1668//1787 1672//1787 
o mesh291
f 1674//1788 1675//1788 1501//1788 
f 1501//1788 1502//1788 1674//1788 
o mesh292
f 1676//1789 1677//1789 1678//1789 
f 1679//1789 1675//1789 1676//1789 
f 1678//1789 1679//1789 1676//1789 
f 1677//1789 1680//1789 1678//1789 
f 1679//1789 1681//1789 1675//1789 
f 1681//1789 1501//1789 1675//1789 
o mesh293
f 1682//1790 1683//1790 1684//1790 
f 1674//1790 1685//1790 1683//1790 
f 1684//1790 1686//1790 1687//1790 
f 1674//1790 1502//1790 1685//1790 
f 1683//1790 1682//1790 1674//1790 
f 1684//1790 1687//1790 1682//1790 
o mesh294
f 1686//1791 1688//1792 1689//1793 
f 1686//1791 1684//1794 1688//1792 
f 1690//1795 1691//1796 1692//1797 
f 1690//1795 1693//1798 1691//1796 
f 1692//1797 1689//1793 1694//1799 
f 1692//1797 1694//1799 1690//1795 
f 1689//1793 1692//1797 1686//1791 
o mesh295
f 1695//1798 1696//1798 1693//1798 
f 1695//1798 1697//1798 1696//1798 
f 1693//1798 1690//1798 1695//1798 
o mesh296
f 1697//1800 1695//1801 1698//1802 
f 1699//1803 1700//1804 1701//1805 
f 1701//1805 1698//1802 1702//1806 
f 1702//1806 1703//1807 1701//1805 
f 1699//1803 1704//1808 1700//1804 
f 1705//1809 1706//1810 1704//1808 
f 1705//1809 1707//1809 1706//1810 
f 1704//1808 1699//1803 1708//1811 
f 1709//1812 1710//1813 1707//1809 
f 1709//1812 1711//1812 1710//1813 
f 1707//1809 1705//1809 1712//1814 
f 1707//1809 1712//1814 1709//1812 
f 1704//1808 1708//1811 1705//1809 
f 1701//1805 1703//1807 1699//1803 
f 1698//1802 1701//1805 1697//1800 
o mesh297
f 1686//1815 1692//1816 1680//1817 
f 1677//1818 1687//1819 1686//1815 
f 1680//1817 1692//1816 1713//1820 
f 1713//1820 1691//1821 1693//1822 
f 1713//1820 1692//1816 1691//1821 
f 1714//1823 1717//1824 1710//1825 
f 1717//1824 1707//1826 1710//1825 
f 1710//1825 1711//1827 1714//1823 
f 1714//1823 1701//1828 1717//1824 
f 1717//1824 1704//1829 1706//1830 
f 1717//1824 1701//1828 1700//1831 
f 1700//1831 1704//1829 1717//1824 
f 1706//1830 1707//1826 1717//1824 
f 1714//1823 1696//1832 1697//1833 
f 1697//1833 1701//1828 1714//1823 
f 1714//1823 1693//1822 1696//1832 
f 1711//1827 1715//1834 1714//1823 
f 1693//1822 1714//1823 1713//1820 
f 1713//1820 1716//1835 1680//1817 
f 1676//1836 1682//1837 1687//1819 
f 1682//1837 1676//1836 1675//1838 
f 1675//1838 1674//1839 1682//1837 
f 1687//1819 1677//1818 1676//1836 
f 1680//1817 1677//1818 1686//1815 
o mesh298
f 1715//1840 1709//1840 1718//1840 
f 1718//1840 1719//1840 1715//1840 
f 1715//1840 1711//1840 1709//1840 
o mesh299
f 1716//1841 1718//1841 1720//1841 
f 1680//1841 1720//1841 1721//1841 
f 1720//1841 1680//1841 1716//1841 
f 1716//1841 1719//1841 1718//1841 
f 1721//1841 1678//1841 1680//1841 
o mesh300
f 1719//1842 1716//1842 1713//1842 
f 1713//1842 1714//1842 1719//1842 
f 1714//1842 1715//1842 1719//1842 
o mesh301
f 1722//1843 1723//1843 1498//1843 
f 1498//1843 1497//1843 1722//1843 
o mesh302
f 1724//1844 1725//1844 1726//1844 
f 1727//1844 1723//1844 1724//1844 
f 1726//1844 1727//1844 1724//1844 
f 1723//1844 1728//1844 1729//1844 
f 1725//1844 1730//1844 1726//1844 
f 1727//1844 1728//1844 1723//1844 
f 1729//1844 1498//1844 1723//1844 
o mesh303
f 1731//1845 1732//1845 1733//1845 
f 1722//1845 1734//1845 1732//1845 
f 1733//1845 1735//1845 1736//1845 
f 1722//1845 1497//1845 1734//1845 
f 1732//1845 1731//1845 1722//1845 
f 1733//1845 1736//1845 1731//1845 
o mesh304
f 1735//1846 1737//1847 1738//1848 
f 1735//1846 1739//1849 1737//1847 
f 1735//1846 1733//1850 1739//1849 
f 1740//1851 1741//1852 1742//1853 
f 1740//1851 1743//1854 1741//1852 
f 1742//1853 1738//1848 1744//1855 
f 1742//1853 1744//1855 1740//1851 
f 1738//1848 1742//1853 1735//1846 
o mesh305
f 1745//1854 1746//1854 1743//1854 
f 1745//1854 1747//1854 1746//1854 
f 1743//1854 1740//1854 1745//1854 
o mesh306
f 1747//1856 1745//1857 1748//1858 
f 1749//1859 1750//1860 1751//1861 
f 1751//1861 1748//1858 1752//1862 
f 1749//1859 1753//1863 1750//1860 
f 1754//1864 1755//1865 1756//1866 
f 1753//1863 1749//1859 1757//1867 
f 1757//1867 1754//1864 1753//1863 
f 1757//1867 1755//1865 1754//1864 
f 1758//1868 1759//1869 1760//1870 
f 1758//1868 1761//1871 1759//1869 
f 1760//1870 1756//1866 1758//1868 
f 1756//1866 1760//1870 1754//1864 
f 1751//1861 1752//1862 1749//1859 
f 1748//1858 1751//1861 1747//1856 
o mesh307
f 1735//1872 1742//1873 1730//1874 
f 1725//1875 1736//1876 1735//1872 
f 1730//1874 1742//1873 1762//1877 
f 1762//1877 1741//1878 1743//1879 
f 1762//1877 1742//1873 1741//1878 
f 1763//1880 1760//1881 1759//1882 
f 1759//1882 1761//1883 1763//1880 
f 1753//1884 1754//1885 1760//1881 
f 1760//1881 1763//1880 1753//1884 
f 1763//1880 1751//1886 1750//1887 
f 1750//1887 1753//1884 1763//1880 
f 1763//1880 1746//1888 1747//1889 
f 1747//1889 1751//1886 1763//1880 
f 1763//1880 1743//1879 1746//1888 
f 1761//1883 1764//1890 1763//1880 
f 1743//1879 1763//1880 1762//1877 
f 1762//1877 1765//1891 1730//1874 
f 1724//1892 1731//1893 1736//1876 
f 1731//1893 1724//1892 1723//1894 
f 1723//1894 1722//1895 1731//1893 
f 1736//1876 1725//1875 1724//1892 
f 1730//1874 1725//1875 1735//1872 
o mesh308
f 1764//1896 1758//1896 1766//1896 
f 1766//1896 1767//1896 1764//1896 
f 1764//1896 1761//1896 1758//1896 
o mesh309
f 1765//1897 1766//1897 1768//1897 
f 1768//1897 1730//1897 1765//1897 
f 1765//1897 1767//1897 1766//1897 
f 1768//1897 1726//1897 1730//1897 
o mesh310
f 1767//1898 1765//1898 1762//1898 
f 1762//1898 1763//1898 1767//1898 
f 1763//1898 1764//1898 1767//1898 
o mesh311
f 1769//1899 1770//1899 1494//1899 
f 1494//1899 1493//1899 1769//1899 
o mesh312
f 1771//1900 1772//1900 1773//1900 
f 1774//1900 1770//1900 1771//1900 
f 1773//1900 1774//1900 1771//1900 
f 1772//1900 1775//1900 1773//1900 
f 1774//1900 1776//1900 1770//1900 
f 1776//1900 1494//1900 1770//1900 
o mesh313
f 1777//1901 1778//1901 1779//1901 
f 1769//1901 1780//1901 1778//1901 
f 1769//1901 1493//1901 1781//1901 
f 1779//1901 1782//1901 1783//1901 
f 1781//1901 1780//1901 1769//1901 
f 1778//1901 1777//1901 1769//1901 
f 1779//1901 1783//1901 1777//1901 
o mesh314
f 1782//1902 1784//1903 1785//1904 
f 1782//1902 1779//1905 1784//1903 
f 1786//1906 1787//1907 1788//1908 
f 1786//1906 1789//1909 1787//1907 
f 1788//1908 1785//1904 1790//1910 
f 1788//1908 1790//1910 1786//1906 
f 1785//1904 1788//1908 1782//1902 
o mesh315
f 1791//1909 1792//1909 1789//1909 
f 1791//1909 1793//1909 1792//1909 
f 1789//1909 1786//1909 1791//1909 
o mesh316
f 1793//1911 1791//1912 1794//1913 
f 1795//1914 1796//1915 1797//1916 
f 1797//1916 1794//1913 1798//1917 
f 1795//1914 1799//1918 1796//1915 
f 1800//1919 1801//1920 1799//1918 
f 1800//1919 1802//1919 1801//1920 
f 1799//1918 1795//1914 1803//1921 
f 1804//1922 1805//1923 1802//1919 
f 1804//1922 1806//1922 1805//1923 
f 1802//1919 1800//1919 1807//1924 
f 1802//1919 1807//1924 1804//1922 
f 1799//1918 1803//1921 1800//1919 
f 1797//1916 1798//1917 1795//1914 
f 1794//1913 1797//1916 1793//1911 
o mesh317
f 1782//1925 1788//1926 1775//1927 
f 1772//1928 1783//1929 1782//1925 
f 1775//1927 1788//1926 1808//1930 
f 1808//1930 1787//1931 1789//1932 
f 1808//1930 1788//1926 1787//1931 
f 1792//1933 1806//1934 1809//1935 
f 1792//1933 1802//1936 1805//1937 
f 1805//1937 1806//1934 1792//1933 
f 1792//1933 1799//1938 1801//1939 
f 1799//1938 1792//1933 1793//1940 
f 1793//1940 1797//1941 1799//1938 
f 1797//1941 1796//1942 1799//1938 
f 1801//1939 1802//1936 1792//1933 
f 1810//1943 1789//1932 1792//1933 
f 1809//1935 1810//1943 1792//1933 
f 1789//1932 1810//1943 1808//1930 
f 1808//1930 1811//1944 1775//1927 
f 1771//1945 1777//1946 1783//1929 
f 1777//1946 1771//1945 1770//1947 
f 1770//1947 1769//1948 1777//1946 
f 1783//1929 1772//1928 1771//1945 
f 1775//1927 1772//1928 1782//1925 
o mesh318
f 1809//1949 1804//1949 1812//1949 
f 1812//1949 1813//1949 1809//1949 
f 1809//1949 1806//1949 1804//1949 
o mesh319
f 1811//1950 1812//1950 1814//1950 
f 1814//1950 1775//1950 1811//1950 
f 1811//1950 1813//1950 1812//1950 
f 1814//1950 1773//1950 1775//1950 
o mesh320
f 1813//1951 1811//1951 1808//1951 
f 1808//1951 1810//1951 1813//1951 
f 1810//1951 1809//1951 1813//1951 
o mesh321
f 1815//1952 1816//1952 1537//1952 
f 1537//1952 1535//1952 1815//1952 
o mesh322
f 1817//1953 1818//1953 1819//1953 
f 1817//1953 1820//1953 1821//1953 
f 1819//1953 1816//1953 1817//1953 
f 1821//1953 1818//1953 1817//1953 
f 1820//1953 1822//1953 1821//1953 
f 1819//1953 1823//1953 1816//1953 
f 1823//1953 1537//1953 1816//1953 
o mesh323
f 1824//1954 1825//1954 1826//1954 
f 1815//1954 1827//1954 1825//1954 
f 1826//1954 1828//1954 1829//1954 
f 1815//1954 1535//1954 1827//1954 
f 1825//1954 1824//1954 1815//1954 
f 1826//1954 1829//1954 1824//1954 
o mesh324
f 1828//1955 1830//1956 1831//1957 
f 1828//1955 1826//1958 1830//1956 
f 1832//1959 1833//1960 1834//1961 
f 1832//1959 1835//1962 1833//1960 
f 1834//1961 1831//1957 1836//1963 
f 1834//1961 1836//1963 1832//1959 
f 1831//1957 1834//1961 1828//1955 
o mesh325
f 1837//1962 1838//1962 1839//1962 
f 1838//1962 1837//1962 1835//1962 
f 1835//1962 1832//1962 1838//1962 
f 1839//1962 1840//1962 1837//1962 
o mesh326
f 1840//1964 1839//1965 1841//1966 
f 1842//1967 1843//1968 1844//1969 
f 1844//1969 1841//1966 1845//1970 
f 1842//1967 1846//1971 1843//1968 
f 1847//1972 1848//1973 1846//1971 
f 1847//1972 1849//1972 1848//1973 
f 1846//1971 1842//1967 1850//1974 
f 1851//1975 1852//1976 1849//1972 
f 1851//1975 1853//1975 1852//1976 
f 1849//1972 1847//1972 1854//1977 
f 1849//1972 1854//1977 1851//1975 
f 1846//1971 1850//1974 1847//1972 
f 1844//1969 1845//1970 1842//1967 
f 1841//1966 1844//1969 1840//1964 
o mesh327
f 1828//1978 1834//1979 1822//1980 
f 1820//1981 1829//1982 1828//1978 
f 1822//1980 1834//1979 1855//1983 
f 1855//1983 1833//1984 1835//1985 
f 1855//1983 1834//1979 1833//1984 
f 1856//1986 1859//1987 1852//1988 
f 1859//1987 1849//1989 1852//1988 
f 1852//1988 1853//1990 1856//1986 
f 1856//1986 1844//1991 1859//1987 
f 1859//1987 1846//1992 1848//1993 
f 1859//1987 1844//1991 1843//1994 
f 1843//1994 1846//1992 1859//1987 
f 1848//1993 1849//1989 1859//1987 
f 1856//1986 1837//1995 1840//1996 
f 1840//1996 1844//1991 1856//1986 
f 1856//1986 1835//1985 1837//1995 
f 1853//1990 1857//1997 1856//1986 
f 1835//1985 1856//1986 1855//1983 
f 1855//1983 1858//1998 1822//1980 
f 1817//1999 1824//2000 1829//1982 
f 1824//2000 1817//1999 1816//2001 
f 1816//2001 1815//2002 1824//2000 
f 1829//1982 1820//1981 1817//1999 
f 1822//1980 1820//1981 1828//1978 
o mesh328
f 1857//2003 1851//2003 1860//2003 
f 1860//2003 1861//2003 1857//2003 
f 1857//2003 1853//2003 1851//2003 
o mesh329
f 1858//2004 1860//2004 1862//2004 
f 1862//2004 1822//2004 1858//2004 
f 1858//2004 1861//2004 1860//2004 
f 1862//2004 1821//2004 1822//2004 
o mesh330
f 1861//2005 1858//2005 1855//2005 
f 1855//2005 1856//2005 1861//2005 
f 1856//2005 1857//2005 1861//2005 
o mesh331
f 1863//2006 1864//2006 1533//2006 
f 1533//2006 1532//2006 1863//2006 
o mesh332
f 1865//2007 1866//2007 1867//2007 
f 1868//2007 1864//2007 1865//2007 
f 1867//2007 1868//2007 1865//2007 
f 1866//2007 1869//2007 1867//2007 
f 1868//2007 1870//2007 1864//2007 
f 1870//2007 1533//2007 1864//2007 
o mesh333
f 1871//2008 1872//2008 1873//2008 
f 1874//2008 1875//2008 1871//2008 
f 1863//2008 1876//2008 1877//2008 
f 1872//2008 1877//2008 1873//2008 
f 1863//2008 1532//2008 1876//2008 
f 1877//2008 1872//2008 1863//2008 
f 1873//2008 1874//2008 1871//2008 
o mesh334
f 1875//2009 1878//2010 1879//2011 
f 1875//2009 1874//2012 1878//2010 
f 1880//2013 1881//2014 1882//2015 
f 1880//2013 1883//2016 1881//2014 
f 1882//2015 1879//2011 1884//2017 
f 1882//2015 1884//2017 1880//2013 
f 1879//2011 1882//2015 1875//2009 
o mesh335
f 1885//2016 1886//2016 1883//2016 
f 1885//2016 1887//2016 1886//2016 
f 1883//2016 1880//2016 1885//2016 
o mesh336
f 1887//2018 1885//2019 1888//2020 
f 1889//2021 1890//2022 1891//2023 
f 1891//2023 1888//2020 1892//2024 
f 1889//2021 1893//2025 1890//2022 
f 1894//2026 1895//2027 1893//2025 
f 1894//2026 1896//2026 1895//2027 
f 1893//2025 1889//2021 1897//2028 
f 1898//2029 1899//2030 1896//2026 
f 1898//2029 1900//2029 1899//2030 
f 1896//2026 1894//2026 1901//2031 
f 1896//2026 1901//2031 1898//2029 
f 1893//2025 1897//2028 1894//2026 
f 1891//2023 1892//2024 1889//2021 
f 1888//2020 1891//2023 1887//2018 
o mesh337
f 1875//2032 1882//2033 1869//2034 
f 1866//2035 1871//2036 1875//2032 
f 1869//2034 1882//2033 1902//2037 
f 1902//2037 1881//2038 1883//2039 
f 1902//2037 1882//2033 1881//2038 
f 1903//2040 1896//2041 1899//2042 
f 1899//2042 1900//2043 1903//2040 
f 1893//2044 1895//2045 1896//2041 
f 1896//2041 1903//2040 1893//2044 
f 1903//2040 1891//2046 1890//2047 
f 1903//2040 1886//2048 1887//2049 
f 1887//2049 1891//2046 1903//2040 
f 1890//2047 1893//2044 1903//2040 
f 1903//2040 1883//2039 1886//2048 
f 1900//2043 1904//2050 1903//2040 
f 1883//2039 1903//2040 1902//2037 
f 1902//2037 1905//2051 1869//2034 
f 1865//2052 1872//2053 1871//2036 
f 1872//2053 1865//2052 1864//2054 
f 1864//2054 1863//2055 1872//2053 
f 1871//2036 1866//2035 1865//2052 
f 1869//2034 1866//2035 1875//2032 
o mesh338
f 1904//2056 1898//2056 1906//2056 
f 1906//2056 1907//2056 1904//2056 
f 1904//2056 1900//2056 1898//2056 
o mesh339
f 1905//2057 1906//2057 1908//2057 
f 1908//2057 1869//2057 1905//2057 
f 1905//2057 1907//2057 1906//2057 
f 1908//2057 1867//2057 1869//2057 
o mesh340
f 1907//2058 1905//2058 1902//2058 
f 1902//2058 1903//2058 1907//2058 
f 1903//2058 1904//2058 1907//2058 
o mesh341
f 1909//2059 1910//2059 1529//2059 
f 1529//2059 1528//2059 1909//2059 
o mesh342
f 1911//2060 1912//2060 1913//2060 
f 1914//2060 1910//2060 1911//2060 
f 1913//2060 1914//2060 1911//2060 
f 1912//2060 1915//2060 1913//2060 
f 1914//2060 1916//2060 1910//2060 
f 1916//2060 1529//2060 1910//2060 
o mesh343
f 1917//2061 1918//2061 1919//2061 
f 1909//2061 1920//2061 1918//2061 
f 1909//2061 1528//2061 1921//2061 
f 1919//2061 1922//2061 1923//2061 
f 1921//2061 1920//2061 1909//2061 
f 1918//2061 1917//2061 1909//2061 
f 1919//2061 1923//2061 1917//2061 
o mesh344
f 1922//2062 1924//2063 1925//2064 
f 1922//2062 1919//2065 1924//2063 
f 1926//2066 1927//2067 1928//2068 
f 1926//2066 1929//2069 1927//2067 
f 1928//2068 1925//2064 1930//2070 
f 1928//2068 1930//2070 1926//2066 
f 1925//2064 1928//2068 1922//2062 
o mesh345
f 1931//2069 1932//2069 1929//2069 
f 1931//2069 1933//2069 1932//2069 
f 1929//2069 1926//2069 1931//2069 
o mesh346
f 1933//2071 1931//2072 1934//2073 
f 1935//2074 1936//2075 1937//2076 
f 1937//2076 1934//2073 1938//2077 
f 1935//2074 1939//2078 1936//2075 
f 1940//2079 1941//2080 1939//2078 
f 1940//2079 1942//2079 1941//2080 
f 1939//2078 1935//2074 1943//2081 
f 1944//2082 1945//2083 1942//2079 
f 1944//2082 1946//2082 1945//2083 
f 1942//2079 1940//2079 1947//2084 
f 1942//2079 1947//2084 1944//2082 
f 1939//2078 1943//2081 1940//2079 
f 1937//2076 1938//2077 1935//2074 
f 1934//2073 1937//2076 1933//2071 
o mesh347
f 1922//2085 1928//2086 1915//2087 
f 1912//2088 1923//2089 1922//2085 
f 1915//2087 1928//2086 1948//2090 
f 1948//2090 1927//2091 1929//2092 
f 1948//2090 1928//2086 1927//2091 
f 1949//2093 1942//2094 1945//2095 
f 1945//2095 1946//2096 1949//2093 
f 1939//2097 1941//2098 1942//2094 
f 1942//2094 1949//2093 1939//2097 
f 1949//2093 1937//2099 1936//2100 
f 1936//2100 1939//2097 1949//2093 
f 1949//2093 1932//2101 1933//2102 
f 1933//2102 1937//2099 1949//2093 
f 1949//2093 1929//2092 1932//2101 
f 1946//2096 1950//2103 1949//2093 
f 1929//2092 1949//2093 1948//2090 
f 1948//2090 1951//2104 1915//2087 
f 1911//2105 1917//2106 1923//2089 
f 1917//2106 1911//2105 1910//2107 
f 1910//2107 1909//2108 1917//2106 
f 1923//2089 1912//2088 1911//2105 
f 1915//2087 1912//2088 1922//2085 
o mesh348
f 1950//2109 1944//2109 1952//2109 
f 1952//2109 1953//2109 1950//2109 
f 1950//2109 1946//2109 1944//2109 
o mesh349
f 1951//2110 1952//2110 1954//2110 
f 1954//2110 1915//2110 1951//2110 
f 1951//2110 1953//2110 1952//2110 
f 1954//2110 1913//2110 1915//2110 
o mesh350
f 1953//2111 1951//2111 1948//2111 
f 1948//2111 1949//2111 1953//2111 
f 1949//2111 1950//2111 1953//2111 
o mesh351
f 1955//2112 1956//2112 1530//2112 
f 1530//2112 1531//2112 1955//2112 
f 1531//2112 1524//2112 1955//2112 
o mesh352
f 1957//2113 1958//2113 1959//2113 
f 1960//2113 1956//2113 1957//2113 
f 1959//2113 1960//2113 1957//2113 
f 1958//2113 1961//2113 1959//2113 
f 1960//2113 1962//2113 1956//2113 
f 1962//2113 1530//2113 1956//2113 
o mesh353
f 1963//2114 1964//2114 1965//2114 
f 1955//2114 1966//2114 1964//2114 
f 1965//2114 1967//2114 1968//2114 
f 1955//2114 1524//2114 1966//2114 
f 1964//2114 1963//2114 1955//2114 
f 1965//2114 1968//2114 1963//2114 
o mesh354
f 1967//2115 1969//2116 1970//2117 
f 1967//2115 1965//2118 1969//2116 
f 1971//2119 1972//2120 1973//2121 
f 1971//2119 1974//2122 1972//2120 
f 1973//2121 1970//2117 1975//2123 
f 1973//2121 1975//2123 1971//2119 
f 1970//2117 1973//2121 1967//2115 
o mesh355
f 1976//2122 1977//2122 1974//2122 
f 1976//2122 1978//2122 1977//2122 
f 1974//2122 1971//2122 1976//2122 
o mesh356
f 1978//2124 1976//2125 1979//2126 
f 1980//2127 1981//2128 1982//2129 
f 1982//2129 1979//2126 1983//2130 
f 1980//2127 1984//2131 1981//2128 
f 1985//2132 1986//2133 1984//2131 
f 1985//2132 1987//2132 1986//2133 
f 1984//2131 1980//2127 1988//2134 
f 1989//2135 1990//2136 1987//2132 
f 1989//2135 1991//2135 1990//2136 
f 1987//2132 1985//2132 1992//2137 
f 1987//2132 1992//2137 1989//2135 
f 1984//2131 1988//2134 1985//2132 
f 1982//2129 1983//2130 1980//2127 
f 1979//2126 1982//2129 1978//2124 
o mesh357
f 1967//2138 1973//2139 1961//2140 
f 1958//2141 1968//2142 1967//2138 
f 1961//2140 1973//2139 1993//2143 
f 1993//2143 1972//2144 1974//2145 
f 1993//2143 1973//2139 1972//2144 
f 1994//2146 1987//2147 1990//2148 
f 1990//2148 1991//2149 1994//2146 
f 1984//2150 1986//2151 1987//2147 
f 1987//2147 1994//2146 1984//2150 
f 1994//2146 1982//2152 1981//2153 
f 1994//2146 1977//2154 1978//2155 
f 1978//2155 1982//2152 1994//2146 
f 1981//2153 1984//2150 1994//2146 
f 1994//2146 1974//2145 1977//2154 
f 1991//2149 1995//2156 1994//2146 
f 1974//2145 1994//2146 1993//2143 
f 1993//2143 1996//2157 1961//2140 
f 1957//2158 1963//2159 1968//2142 
f 1963//2159 1957//2158 1956//2160 
f 1956//2160 1955//2161 1963//2159 
f 1968//2142 1958//2141 1957//2158 
f 1961//2140 1958//2141 1967//2138 
o mesh358
f 1995//2162 1989//2162 1997//2162 
f 1997//2162 1998//2162 1995//2162 
f 1995//2162 1991//2162 1989//2162 
o mesh359
f 1996//2163 1997//2163 1999//2163 
f 1999//2163 1961//2163 1996//2163 
f 1996//2163 1998//2163 1997//2163 
f 1999//2163 1959//2163 1961//2163 
o mesh360
f 1998//2164 1996//2164 1993//2164 
f 1993//2164 1994//2164 1998//2164 
f 1994//2164 1995//2164 1998//2164 
o mesh361
f 2000//2165 2001//2165 1525//2165 
f 1525//2165 1526//2165 2000//2165 
o mesh362
f 2002//2166 2003//2166 2004//2166 
f 2005//2166 2001//2166 2002//2166 
f 2004//2166 2005//2166 2002//2166 
f 2003//2166 2006//2166 2004//2166 
f 2005//2166 2007//2166 2001//2166 
f 2007//2166 1525//2166 2001//2166 
o mesh363
f 2008//2167 2009//2167 2010//2167 
f 2000//2167 2011//2167 2009//2167 
f 2010//2167 2012//2167 2013//2167 
f 2000//2167 1526//2167 2011//2167 
f 2009//2167 2008//2167 2000//2167 
f 2010//2167 2013//2167 2008//2167 
o mesh364
f 2012//2168 2014//2169 2015//2170 
f 2012//2168 2010//2171 2014//2169 
f 2016//2172 2017//2173 2018//2174 
f 2016//2172 2019//2175 2017//2173 
f 2018//2174 2015//2170 2020//2176 
f 2018//2174 2020//2176 2016//2172 
f 2015//2170 2018//2174 2012//2168 
o mesh365
f 2021//2175 2022//2175 2019//2175 
f 2021//2175 2023//2175 2022//2175 
f 2019//2175 2016//2175 2021//2175 
o mesh366
f 2023//2177 2021//2178 2024//2179 
f 2025//2180 2026//2181 2027//2182 
f 2027//2182 2024//2179 2028//2183 
f 2025//2180 2029//2184 2026//2181 
f 2030//2185 2031//2186 2029//2184 
f 2030//2185 2032//2185 2031//2186 
f 2029//2184 2025//2180 2033//2187 
f 2034//2188 2035//2189 2032//2185 
f 2034//2188 2036//2188 2035//2189 
f 2032//2185 2030//2185 2037//2190 
f 2032//2185 2037//2190 2034//2188 
f 2029//2184 2033//2187 2030//2185 
f 2027//2182 2028//2183 2025//2180 
f 2024//2179 2027//2182 2023//2177 
o mesh367
f 2012//2191 2018//2192 2006//2193 
f 2003//2194 2013//2195 2012//2191 
f 2006//2193 2018//2192 2038//2196 
f 2038//2196 2017//2197 2019//2198 
f 2038//2196 2018//2192 2017//2197 
f 2039//2199 2032//2200 2035//2201 
f 2035//2201 2036//2202 2039//2199 
f 2029//2203 2031//2204 2032//2200 
f 2032//2200 2039//2199 2029//2203 
f 2039//2199 2027//2205 2026//2206 
f 2039//2199 2022//2207 2023//2208 
f 2023//2208 2027//2205 2039//2199 
f 2026//2206 2029//2203 2039//2199 
f 2039//2199 2019//2198 2022//2207 
f 2036//2202 2040//2209 2039//2199 
f 2019//2198 2039//2199 2038//2196 
f 2038//2196 2041//2210 2006//2193 
f 2002//2211 2008//2212 2013//2195 
f 2008//2212 2002//2211 2001//2213 
f 2001//2213 2000//2214 2008//2212 
f 2013//2195 2003//2194 2002//2211 
f 2006//2193 2003//2194 2012//2191 
o mesh368
f 2040//2215 2042//2215 2043//2215 
f 2043//2215 2044//2215 2040//2215 
f 2036//2215 2034//2215 2042//2215 
f 2040//2215 2036//2215 2042//2215 
o mesh369
f 2041//2216 2043//2216 2045//2216 
f 2006//2216 2045//2216 2046//2216 
f 2045//2216 2006//2216 2041//2216 
f 2041//2216 2044//2216 2043//2216 
f 2046//2216 2004//2216 2006//2216 
o mesh370
f 2044//2217 2041//2217 2038//2217 
f 2038//2217 2039//2217 2044//2217 
f 2039//2217 2040//2217 2044//2217 
o mesh371
f 2047//2218 2048//2218 1519//2218 
f 1519//2218 1521//2218 2047//2218 
o mesh372
f 2049//2219 2050//2219 2051//2219 
f 2052//2219 2048//2219 2049//2219 
f 2048//2219 2052//2219 2053//2219 
f 2051//2219 2052//2219 2049//2219 
f 2050//2219 2054//2219 2051//2219 
f 2053//2219 2055//2219 2048//2219 
f 2055//2219 1519//2219 2048//2219 
o mesh373
f 2056//2220 2057//2220 2058//2220 
f 2047//2220 2059//2220 2057//2220 
f 2058//2220 2060//2220 2061//2220 
f 2047//2220 1521//2220 2059//2220 
f 2057//2220 2056//2220 2047//2220 
f 2058//2220 2061//2220 2056//2220 
o mesh374
f 2060//2221 2062//2222 2063//2223 
f 2060//2221 2058//2224 2062//2222 
f 2064//2225 2065//2226 2066//2227 
f 2064//2225 2067//2228 2065//2226 
f 2066//2227 2063//2223 2068//2229 
f 2066//2227 2068//2229 2064//2225 
f 2063//2223 2066//2227 2060//2221 
o mesh375
f 2069//2228 2070//2228 2071//2228 
f 2070//2228 2072//2228 2071//2228 
f 2067//2228 2064//2228 2069//2228 
f 2071//2228 2067//2228 2069//2228 
o mesh376
f 2072//2230 2070//2231 2073//2232 
f 2074//2233 2075//2234 2076//2235 
f 2076//2235 2073//2232 2077//2236 
f 2074//2233 2078//2237 2075//2234 
f 2079//2238 2080//2239 2078//2237 
f 2079//2238 2081//2238 2080//2239 
f 2078//2237 2074//2233 2082//2240 
f 2081//2238 2079//2238 2083//2241 
f 2083//2241 2084//2242 2085//2243 
f 2083//2241 2085//2243 2081//2238 
f 2083//2241 2086//2242 2084//2242 
f 2078//2237 2082//2240 2079//2238 
f 2076//2235 2077//2236 2074//2233 
f 2073//2232 2076//2235 2072//2230 
o mesh377
f 2060//2244 2066//2245 2054//2246 
f 2050//2247 2061//2248 2060//2244 
f 2054//2246 2066//2245 2087//2249 
f 2087//2249 2065//2250 2067//2251 
f 2087//2249 2066//2245 2065//2250 
f 2071//2252 2084//2253 2088//2254 
f 2071//2252 2081//2255 2085//2256 
f 2085//2256 2084//2253 2071//2252 
f 2071//2252 2078//2257 2080//2258 
f 2078//2257 2071//2252 2072//2259 
f 2072//2259 2076//2260 2078//2257 
f 2076//2260 2075//2261 2078//2257 
f 2080//2258 2081//2255 2071//2252 
f 2089//2262 2067//2251 2071//2252 
f 2088//2254 2089//2262 2071//2252 
f 2067//2251 2089//2262 2087//2249 
f 2087//2249 2090//2263 2054//2246 
f 2049//2264 2056//2265 2061//2248 
f 2056//2265 2049//2264 2048//2266 
f 2048//2266 2047//2267 2056//2265 
f 2061//2248 2050//2247 2049//2264 
f 2054//2246 2050//2247 2060//2244 
o mesh378
f 2088//2268 2086//2268 2091//2268 
f 2091//2268 2092//2268 2088//2268 
f 2088//2268 2084//2268 2086//2268 
o mesh379
f 2090//2269 2091//2269 2093//2269 
f 2093//2269 2054//2269 2090//2269 
f 2090//2269 2092//2269 2091//2269 
f 2093//2269 2051//2269 2054//2269 
o mesh380
f 2092//2270 2090//2270 2087//2270 
f 2087//2270 2089//2270 2092//2270 
f 2089//2270 2088//2270 2092//2270 
o mesh381
f 2094//2271 2095//2271 1517//2271 
f 1517//2271 1516//2271 2094//2271 
o mesh382
f 2096//2272 2097//2272 2098//2272 
f 2099//2272 2095//2272 2096//2272 
f 2098//2272 2099//2272 2096//2272 
f 2097//2272 2100//2272 2098//2272 
f 2099//2272 2101//2272 2095//2272 
f 2101//2272 1517//2272 2095//2272 
o mesh383
f 2102//2273 2094//2273 2103//2273 
f 2102//2273 2104//2273 2105//2273 
f 2094//2273 2106//2273 2103//2273 
f 2105//2273 2107//2273 2108//2273 
f 2094//2273 1516//2273 2106//2273 
f 2103//2273 2104//2273 2102//2273 
f 2105//2273 2108//2273 2102//2273 
o mesh384
f 2107//2274 2109//2275 2110//2276 
f 2107//2274 2105//2277 2109//2275 
f 2111//2278 2112//2279 2113//2280 
f 2111//2278 2114//2281 2112//2279 
f 2113//2280 2110//2276 2115//2282 
f 2113//2280 2115//2282 2111//2278 
f 2110//2276 2113//2280 2107//2274 
o mesh385
f 2116//2281 2117//2281 2114//2281 
f 2116//2281 2118//2281 2117//2281 
f 2114//2281 2111//2281 2116//2281 
o mesh386
f 2118//2283 2116//2284 2119//2285 
f 2120//2286 2121//2287 2122//2288 
f 2122//2288 2119//2285 2123//2289 
f 2120//2286 2124//2290 2121//2287 
f 2125//2291 2126//2292 2124//2290 
f 2125//2291 2127//2291 2126//2292 
f 2124//2290 2120//2286 2128//2293 
f 2127//2291 2125//2291 2129//2294 
f 2129//2294 2130//2295 2131//2296 
f 2129//2294 2131//2296 2127//2291 
f 2129//2294 2132//2295 2130//2295 
f 2124//2290 2128//2293 2125//2291 
f 2122//2288 2123//2289 2120//2286 
f 2119//2285 2122//2288 2118//2283 
o mesh387
f 2107//2297 2113//2298 2100//2299 
f 2097//2300 2108//2301 2107//2297 
f 2100//2299 2113//2298 2133//2302 
f 2133//2302 2112//2303 2114//2304 
f 2133//2302 2113//2298 2112//2303 
f 2134//2305 2127//2306 2131//2307 
f 2131//2307 2130//2308 2134//2305 
f 2124//2309 2126//2310 2127//2306 
f 2127//2306 2134//2305 2124//2309 
f 2134//2305 2122//2311 2121//2312 
f 2121//2312 2124//2309 2134//2305 
f 2134//2305 2117//2313 2118//2314 
f 2118//2314 2122//2311 2134//2305 
f 2134//2305 2114//2304 2117//2313 
f 2130//2308 2135//2315 2134//2305 
f 2114//2304 2134//2305 2133//2302 
f 2133//2302 2136//2316 2100//2299 
f 2096//2317 2102//2318 2108//2301 
f 2102//2318 2096//2317 2095//2319 
f 2095//2319 2094//2320 2102//2318 
f 2108//2301 2097//2300 2096//2317 
f 2100//2299 2097//2300 2107//2297 
o mesh388
f 2135//2321 2132//2321 2137//2321 
f 2137//2321 2138//2321 2135//2321 
f 2135//2321 2130//2321 2132//2321 
o mesh389
f 2136//2322 2137//2322 2139//2322 
f 2139//2322 2100//2322 2136//2322 
f 2136//2322 2138//2322 2137//2322 
f 2139//2322 2098//2322 2100//2322 
o mesh390
f 2138//2323 2136//2323 2133//2323 
f 2133//2323 2134//2323 2138//2323 
f 2134//2323 2135//2323 2138//2323 
o mesh391
f 2140//2324 2141//2324 1514//2324 
f 1514//2324 1513//2324 2140//2324 
o mesh392
f 2142//2325 2143//2325 2144//2325 
f 2145//2325 2141//2325 2142//2325 
f 2144//2325 2145//2325 2142//2325 
f 2143//2325 2146//2325 2144//2325 
f 2145//2325 2147//2325 2141//2325 
f 2147//2325 1514//2325 2141//2325 
o mesh393
f 2148//2326 2149//2326 2150//2326 
f 2140//2326 2151//2326 2149//2326 
f 2150//2326 2152//2326 2153//2326 
f 2140//2326 1513//2326 2151//2326 
f 2149//2326 2148//2326 2140//2326 
f 2150//2326 2153//2326 2148//2326 
o mesh394
f 2152//2327 2154//2328 2155//2329 
f 2152//2327 2150//2330 2154//2328 
f 2156//2331 2157//2332 2158//2333 
f 2156//2331 2159//2334 2157//2332 
f 2158//2333 2155//2329 2160//2335 
f 2158//2333 2160//2335 2156//2331 
f 2155//2329 2158//2333 2152//2327 
o mesh395
f 2161//2334 2162//2334 2159//2334 
f 2161//2334 2163//2334 2162//2334 
f 2159//2334 2156//2334 2161//2334 
o mesh396
f 818//2336 428//2337 431//2338 
f 428//2337 818//2336 820//2339 
f 820//2339 424//2340 428//2337 
f 431//2338 772//2341 818//2336 
f 824//2342 790//2343 789//2344 
f 824//2342 769//2345 786//2346 
f 771//2347 769//2345 824//2342 
f 824//2342 822//2348 771//2347 
f 822//2348 819//2349 771//2347 
f 819//2349 818//2336 771//2347 
f 786//2346 790//2343 824//2342 
f 809//2350 836//2351 824//2342 
f 2173//2352 779//2353 776//2354 
f 776//2354 774//2355 2173//2352 
f 430//2356 2173//2352 773//2357 
f 2173//2352 432//2358 435//2359 
f 2173//2352 430//2356 432//2358 
f 435//2359 729//2360 2173//2352 
f 780//2361 745//2362 744//2363 
f 780//2361 726//2364 746//2365 
f 728//2366 726//2364 780//2361 
f 780//2361 779//2353 728//2366 
f 779//2353 2173//2352 728//2366 
f 746//2365 745//2362 780//2361 
f 764//2367 791//2368 780//2361 
f 2174//2369 2175//2370 735//2371 
f 735//2371 733//2372 2174//2369 
f 733//2372 731//2373 2174//2369 
f 2175//2370 747//2374 735//2371 
f 433//2375 2174//2369 730//2376 
f 433//2375 437//2377 686//2378 
f 686//2378 2174//2369 433//2375 
f 2175//2370 703//2379 702//2380 
f 2175//2370 683//2381 699//2382 
f 2175//2370 2174//2369 685//2383 
f 685//2383 683//2381 2175//2370 
f 699//2382 703//2379 2175//2370 
f 687//2384 439//2385 438//2386 
f 438//2386 643//2387 687//2384 
f 642//2388 2176//2389 692//2390 
f 690//2391 688//2392 638//2393 
f 638//2393 642//2388 690//2391 
f 692//2390 690//2391 642//2388 
f 2176//2389 704//2394 692//2390 
f 2176//2389 660//2395 659//2396 
f 2176//2389 641//2397 656//2398 
f 2176//2389 642//2388 641//2397 
f 656//2398 660//2395 2176//2389 
f 644//2399 440//2400 442//2401 
f 644//2399 441//2402 440//2400 
f 442//2401 597//2403 644//2399 
f 649//2404 615//2405 614//2406 
f 649//2404 594//2407 611//2408 
f 596//2409 594//2407 649//2404 
f 649//2404 647//2410 596//2409 
f 647//2410 645//2411 596//2409 
f 645//2411 644//2399 596//2409 
f 611//2408 615//2405 649//2404 
f 634//2412 661//2413 649//2404 
f 598//2414 445//2415 448//2416 
f 445//2415 598//2414 600//2417 
f 600//2417 443//2418 445//2415 
f 448//2416 552//2419 598//2414 
f 604//2420 570//2421 569//2422 
f 604//2420 549//2423 566//2424 
f 551//2425 549//2423 604//2420 
f 604//2420 602//2426 551//2425 
f 602//2426 599//2427 551//2425 
f 599//2427 598//2414 551//2425 
f 566//2424 570//2421 604//2420 
f 589//2428 616//2429 604//2420 
f 2177//2430 558//2431 556//2432 
f 556//2432 554//2433 2177//2430 
f 446//2434 2177//2430 553//2435 
f 2177//2430 449//2436 450//2437 
f 2177//2430 446//2434 449//2436 
f 450//2437 509//2438 2177//2430 
f 560//2439 526//2440 525//2441 
f 560//2439 506//2442 522//2443 
f 558//2431 2177//2430 508//2444 
f 506//2442 560//2439 558//2431 
f 508//2444 506//2442 558//2431 
f 522//2443 526//2440 560//2439 
f 544//2445 573//2446 560//2439 
f 2178//2447 2179//2448 515//2449 
f 515//2449 513//2450 2178//2447 
f 513//2450 511//2451 2178//2447 
f 2179//2448 527//2452 515//2449 
f 510//2453 502//2454 887//2455 
f 887//2455 1297//2456 510//2453 
f 2178//2447 1297//2456 1296//2457 
f 2179//2448 1314//2458 1313//2459 
f 2179//2448 1293//2460 1310//2461 
f 2179//2448 2178//2447 1295//2462 
f 1295//2462 1293//2460 2179//2448 
f 1310//2461 1314//2458 2179//2448 
f 1298//2463 856//2464 855//2465 
f 855//2465 1252//2466 1298//2463 
f 1303//2467 1249//2468 1266//2469 
f 1251//2470 1249//2468 1303//2467 
f 1303//2467 1301//2471 1251//2470 
f 1301//2471 1299//2472 1251//2470 
f 1299//2472 1298//2463 1251//2470 
f 2180//2473 1315//2474 1303//2467 
f 2180//2473 1270//2475 1269//2476 
f 2180//2473 1266//2469 1265//2477 
f 1265//2477 1270//2475 2180//2473 
f 1253//2478 857//2479 860//2480 
f 1253//2478 858//2481 857//2479 
f 860//2480 1207//2482 1253//2478 
f 1258//2483 1225//2484 1224//2485 
f 1258//2483 1204//2486 1221//2487 
f 1206//2488 1204//2486 1258//2483 
f 1258//2483 1256//2489 1206//2488 
f 1256//2489 1254//2490 1206//2488 
f 1254//2490 1253//2478 1206//2488 
f 1221//2487 1225//2484 1258//2483 
f 1244//2491 1271//2492 1258//2483 
f 2181//2493 1213//2494 1211//2495 
f 1211//2495 1209//2496 2181//2493 
f 861//2497 2181//2493 1208//2498 
f 2181//2493 862//2499 865//2500 
f 2181//2493 861//2497 862//2499 
f 865//2500 1164//2501 2181//2493 
f 1214//2502 1181//2503 1180//2504 
f 1214//2502 1161//2505 1177//2506 
f 1163//2507 1161//2505 1214//2502 
f 1214//2502 1213//2494 1163//2507 
f 1213//2494 2181//2493 1163//2507 
f 1177//2506 1181//2503 1214//2502 
f 1199//2508 1226//2509 1214//2502 
f 2182//2510 1170//2511 1168//2512 
f 1168//2512 1166//2513 2182//2510 
f 2182//2510 2183//2514 1170//2511 
f 2183//2514 1182//2515 1170//2511 
f 863//2516 2182//2510 1165//2517 
f 2182//2510 866//2518 868//2519 
f 2182//2510 863//2516 866//2518 
f 868//2519 1121//2520 2182//2510 
f 2183//2514 1138//2521 1137//2522 
f 2183//2514 1118//2523 1134//2524 
f 2183//2514 2182//2510 1120//2525 
f 1120//2525 1118//2523 2183//2514 
f 1134//2524 1138//2521 2183//2514 
f 2184//2526 2185//2527 1127//2528 
f 1127//2528 1125//2529 2184//2526 
f 1125//2529 1123//2530 2184//2526 
f 2185//2527 1139//2531 1127//2528 
f 1122//2532 1078//2533 1077//2534 
f 1122//2532 867//2535 869//2536 
f 869//2536 1078//2533 1122//2532 
f 2185//2527 1095//2537 1094//2538 
f 2185//2527 1076//2539 1091//2540 
f 2184//2526 1073//2541 1076//2539 
f 1076//2539 2185//2527 2184//2526 
f 1091//2540 1095//2537 2185//2527 
f 1079//2542 872//2543 871//2544 
f 871//2544 1032//2545 1079//2542 
f 1084//2546 1029//2547 1050//2548 
f 1031//2549 1029//2547 1084//2546 
f 1084//2546 1082//2550 1031//2549 
f 1082//2550 1080//2551 1031//2549 
f 1080//2551 1079//2542 1031//2549 
f 2186//2552 1096//2553 1084//2546 
f 2186//2552 1049//2554 1048//2555 
f 2186//2552 1050//2548 1051//2556 
f 1051//2556 1049//2554 2186//2552 
f 1033//2557 875//2558 877//2559 
f 875//2558 1033//2557 1035//2560 
f 1035//2560 873//2561 875//2558 
f 877//2559 987//2562 1033//2557 
f 1039//2563 1005//2564 1004//2565 
f 1039//2563 984//2566 1001//2567 
f 986//2568 984//2566 1039//2563 
f 1039//2563 1037//2569 986//2568 
f 1037//2569 1034//2570 986//2568 
f 1034//2570 1033//2557 986//2568 
f 1001//2567 1005//2564 1039//2563 
f 1024//2571 1052//2572 1039//2563 
f 2187//2573 994//2574 991//2575 
f 991//2575 989//2576 2187//2573 
f 878//2577 2187//2573 988//2578 
f 2187//2573 879//2579 881//2580 
f 2187//2573 878//2577 879//2579 
f 881//2580 905//2581 2187//2573 
f 995//2582 915//2583 914//2584 
f 995//2582 902//2585 911//2586 
f 904//2587 902//2585 995//2582 
f 995//2582 994//2574 904//2587 
f 994//2574 2187//2573 904//2587 
f 911//2586 915//2583 995//2582 
f 934//2588 1006//2589 995//2582 
f 1512//2590 1510//2591 1545//2592 
f 1543//2593 1390//2594 1419//2595 
f 1543//2593 1349//2596 1390//2594 
f 1543//2593 1346//2597 1349//2596 
f 1419//2595 1512//2590 1543//2593 
f 1346//2597 1543//2593 1542//2598 
f 1542//2598 1350//2599 1347//2600 
f 1350//2599 1542//2598 1583//2601 
f 1583//2601 1364//2602 1350//2599 
f 1007//2603 1006//2589 1555//2604 
f 1559//2605 1017//2606 1016//2607 
f 1016//2607 1007//2603 1559//2605 
f 1006//2589 1567//2608 1563//2609 
f 1563//2609 1560//2610 1006//2589 
f 1560//2610 1555//2604 1006//2589 
f 2188//2611 1018//2612 1017//2606 
f 1017//2606 1559//2605 2188//2611 
f 1006//2589 1572//2613 1564//2614 
f 1564//2614 1567//2608 1006//2589 
f 934//2588 1569//2615 1572//2613 
f 934//2588 1576//2616 1569//2615 
f 1581//2617 932//2618 933//2619 
f 933//2619 1364//2602 1581//2617 
f 1581//2617 1573//2620 934//2588 
f 934//2588 932//2618 1581//2617 
f 1573//2620 1576//2616 934//2588 
f 933//2619 931//2621 1364//2602 
f 931//2621 929//2622 1364//2602 
f 1572//2613 1006//2589 934//2588 
f 1364//2602 1583//2601 1581//2617 
f 2188//2611 1548//2623 1547//2624 
f 2188//2611 1553//2625 1548//2623 
f 2188//2611 1559//2605 1554//2626 
f 1554//2626 1553//2625 2188//2611 
f 1509//2627 1591//2628 1589//2629 
f 1509//2627 1511//2630 1591//2628 
f 1589//2629 1550//2631 1509//2627 
f 1549//2632 1588//2633 1628//2634 
f 1628//2634 2188//2611 1549//2632 
f 1550//2631 1589//2629 1588//2633 
f 2188//2611 1020//2635 1021//2636 
f 1021//2636 1019//2637 2188//2611 
f 1053//2638 1052//2572 1600//2639 
f 1604//2640 1062//2641 1053//2638 
f 1052//2572 1612//2642 1608//2643 
f 1608//2643 1605//2644 1052//2572 
f 1605//2644 1600//2639 1052//2572 
f 1604//2640 1064//2645 1063//2646 
f 1063//2646 1062//2641 1604//2640 
f 1052//2572 1617//2647 1609//2648 
f 1609//2648 1612//2642 1052//2572 
f 1024//2571 1614//2649 1617//2647 
f 1024//2571 1621//2650 1614//2649 
f 1626//2651 1023//2652 1020//2635 
f 1626//2651 1022//2653 1023//2652 
f 1626//2651 1618//2654 1024//2571 
f 1024//2571 1022//2653 1626//2651 
f 1618//2654 1621//2650 1024//2571 
f 1020//2635 2188//2611 1626//2651 
f 1617//2647 1052//2572 1024//2571 
f 1600//2639 1604//2640 1053//2638 
f 2189//2655 1066//2656 1064//2645 
f 2189//2655 1065//2657 1066//2656 
f 1064//2645 1604//2640 2189//2655 
f 2189//2655 1067//2658 1068//2659 
f 2189//2655 2186//2552 1069//2660 
f 1069//2660 1067//2658 2189//2655 
f 1068//2659 1065//2657 2189//2655 
f 2188//2611 1628//2634 1626//2651 
f 2189//2655 1593//2661 1595//2662 
f 2189//2655 1594//2663 1593//2661 
f 2189//2655 1598//2664 1594//2663 
f 2189//2655 1604//2640 1599//2665 
f 1599//2665 1598//2664 2189//2655 
f 2190//2666 1595//2662 1504//2667 
f 1506//2668 1636//2669 1634//2670 
f 1506//2668 1507//2671 1636//2669 
f 2190//2666 1633//2672 1673//2673 
f 2190//2666 1634//2670 1633//2672 
f 2191//2674 1640//2675 1500//2676 
f 1499//2677 1681//2678 1679//2679 
f 1499//2677 1501//2680 1681//2678 
f 2191//2674 1679//2679 1678//2681 
f 1640//2675 1721//2682 1720//2683 
f 1640//2675 2191//2674 1721//2682 
f 1720//2683 1639//2684 1638//2685 
f 1720//2683 1643//2686 1639//2684 
f 1720//2683 1649//2687 1644//2688 
f 1644//2688 1643//2686 1720//2683 
f 1645//2689 1097//2690 1096//2553 
f 1096//2553 1657//2691 1653//2692 
f 1653//2692 1650//2693 1096//2553 
f 1645//2689 1108//2694 1106//2695 
f 1106//2695 1097//2690 1645//2689 
f 1096//2553 1662//2696 1654//2697 
f 1654//2697 1657//2691 1096//2553 
f 1645//2689 1110//2698 1107//2699 
f 1107//2699 1108//2694 1645//2689 
f 2186//2552 1663//2700 1659//2701 
f 1659//2701 1662//2696 2186//2552 
f 2186//2552 1671//2702 1666//2703 
f 1666//2703 1663//2700 2186//2552 
f 1662//2696 1096//2553 2186//2552 
f 2185//2527 1708//2704 1699//2705 
f 1718//2706 1109//2707 1110//2698 
f 1718//2706 1112//2708 1109//2707 
f 2185//2527 1113//2709 1712//2710 
f 1712//2710 1705//2711 2185//2527 
f 1718//2706 1709//2712 1113//2709 
f 1113//2709 1111//2713 1718//2706 
f 1111//2713 1112//2708 1718//2706 
f 1709//2712 1712//2710 1113//2709 
f 1705//2711 1708//2704 2185//2527 
f 1110//2698 1645//2689 1718//2706 
f 1699//2705 1703//2714 2185//2527 
f 2186//2552 2189//2655 1671//2702 
f 1649//2687 1720//2683 1718//2706 
f 1718//2706 1645//2689 1649//2687 
f 2189//2655 1673//2673 1671//2702 
f 1503//2715 1495//2716 1729//2717 
f 1729//2717 1728//2718 1503//2715 
f 1685//2719 1502//2720 1503//2715 
f 1503//2715 1727//2721 1685//2719 
f 1685//2719 1726//2722 1768//2723 
f 1685//2719 1727//2721 1726//2722 
f 1768//2723 1684//2724 1683//2725 
f 1768//2723 1688//2726 1684//2724 
f 1768//2723 1694//2727 1689//2728 
f 1689//2728 1688//2726 1768//2723 
f 1690//2729 1140//2730 1139//2531 
f 1690//2729 1149//2731 1140//2730 
f 1139//2531 2185//2527 1702//2732 
f 1702//2732 1698//2733 1139//2531 
f 1698//2733 1695//2734 1139//2531 
f 1690//2729 1151//2735 1150//2736 
f 1150//2736 1149//2731 1690//2729 
f 2185//2527 1703//2714 1702//2732 
f 1766//2737 1153//2738 1151//2735 
f 1766//2737 1152//2739 1153//2738 
f 2183//2514 1740//2740 1744//2741 
f 2183//2514 1752//2742 1748//2743 
f 1748//2743 1745//2744 2183//2514 
f 1745//2744 1740//2740 2183//2514 
f 2183//2514 1757//2745 1749//2746 
f 1749//2746 1752//2742 2183//2514 
f 1156//2747 1755//2748 1757//2745 
f 1766//2737 1154//2749 1155//2750 
f 1156//2747 1758//2751 1756//2752 
f 1766//2737 1758//2751 1156//2747 
f 1156//2747 1154//2749 1766//2737 
f 1756//2752 1755//2748 1156//2747 
f 1155//2750 1152//2739 1766//2737 
f 1757//2745 2183//2514 1156//2747 
f 1744//2741 2192//2753 2183//2514 
f 1151//2735 1690//2729 1766//2737 
f 1694//2727 1768//2723 1766//2737 
f 1766//2737 1690//2729 1694//2727 
f 2192//2753 1744//2741 1738//2754 
f 1496//2755 1494//2756 1776//2757 
f 1774//2758 1734//2759 1497//2760 
f 1497//2760 1496//2755 1774//2758 
f 1734//2759 1773//2761 1814//2762 
f 1734//2759 1774//2758 1773//2761 
f 1814//2762 1733//2763 1732//2764 
f 1814//2762 1739//2765 1733//2763 
f 1814//2762 2192//2753 1737//2766 
f 1737//2766 1739//2765 1814//2762 
f 2192//2753 1183//2767 1182//2515 
f 2192//2753 1192//2768 1183//2767 
f 2192//2753 1194//2769 1193//2770 
f 1193//2770 1192//2768 2192//2753 
f 2192//2753 1812//2771 1195//2772 
f 1195//2772 1196//2773 2192//2753 
f 1227//2774 1226//2509 1786//2775 
f 1790//2776 1236//2777 1227//2774 
f 1226//2509 1798//2778 1794//2779 
f 1794//2779 1791//2780 1226//2509 
f 1791//2780 1786//2775 1226//2509 
f 1790//2776 2193//2781 1238//2782 
f 1238//2782 1237//2783 1790//2776 
f 1237//2783 1236//2777 1790//2776 
f 1226//2509 1803//2784 1795//2785 
f 1795//2785 1798//2778 1226//2509 
f 1199//2508 1800//2786 1803//2784 
f 1199//2508 1807//2787 1800//2786 
f 1812//2771 1197//2788 1198//2789 
f 1812//2771 1804//2790 1199//2508 
f 1199//2508 1197//2788 1812//2771 
f 1804//2790 1807//2787 1199//2508 
f 1198//2789 1195//2772 1812//2771 
f 1803//2784 1226//2509 1199//2508 
f 1786//2775 1790//2776 1227//2774 
f 1196//2773 1194//2769 2192//2753 
f 2193//2781 1239//2791 1240//2792 
f 1240//2792 1238//2782 2193//2781 
f 2193//2781 1242//2793 1241//2794 
f 1241//2794 1239//2791 2193//2781 
f 2192//2753 1814//2762 1812//2771 
f 2193//2781 1778//2795 1780//2796 
f 2193//2781 1779//2797 1778//2795 
f 2193//2781 1784//2798 1779//2797 
f 2193//2781 1790//2776 1785//2799 
f 1785//2799 1784//2798 2193//2781 
f 335//2800 1781//2801 1493//2802 
f 335//2800 2194//2803 1781//2801 
f 1493//2802 331//2804 337//2805 
f 2194//2803 334//2806 375//2807 
f 2194//2803 335//2800 334//2806 
f 2195//2808 339//2809 341//2810 
f 2195//2808 340//2811 339//2809 
f 2195//2808 344//2812 340//2811 
f 2195//2808 350//2813 345//2814 
f 345//2814 344//2812 2195//2808 
f 2196//2815 341//2810 323//2816 
f 321//2817 383//2818 381//2819 
f 321//2817 320//2820 383//2818 
f 2196//2815 380//2821 422//2822 
f 2196//2815 381//2819 380//2821 
f 346//2823 1272//2824 1271//2492 
f 346//2823 1281//2825 1272//2824 
f 1271//2492 358//2826 354//2827 
f 354//2827 351//2828 1271//2492 
f 346//2823 1283//2829 1282//2830 
f 1282//2830 1281//2825 346//2823 
f 1271//2492 363//2831 355//2832 
f 355//2832 358//2826 1271//2492 
f 1244//2491 360//2833 363//2831 
f 1244//2491 367//2834 360//2833 
f 373//2835 1243//2836 1242//2793 
f 373//2835 364//2837 1244//2491 
f 1244//2491 1243//2836 373//2835 
f 364//2837 367//2834 1244//2491 
f 1242//2793 2193//2781 373//2835 
f 363//2831 1271//2492 1244//2491 
f 420//2838 1285//2839 1283//2829 
f 420//2838 1284//2840 1285//2839 
f 1283//2829 346//2823 420//2838 
f 420//2838 1286//2841 1287//2842 
f 1288//2843 420//2838 418//2844 
f 418//2844 2180//2473 1288//2843 
f 1288//2843 1286//2841 420//2838 
f 1287//2842 1284//2840 420//2838 
f 420//2838 346//2823 350//2813 
f 2195//2808 421//2845 420//2838 
f 350//2813 2195//2808 420//2838 
f 2193//2781 375//2807 373//2835 
f 2197//2846 387//2847 325//2848 
f 324//2849 1823//2850 1819//2851 
f 324//2849 326//2852 1823//2850 
f 1819//2851 2197//2846 324//2849 
f 387//2847 1821//2853 1862//2854 
f 387//2847 1818//2855 1821//2853 
f 387//2847 2197//2846 1818//2855 
f 1862//2854 386//2856 385//2857 
f 1862//2854 390//2858 386//2856 
f 1862//2854 396//2859 391//2860 
f 391//2860 390//2858 1862//2854 
f 392//2861 1316//2862 1315//2474 
f 392//2861 1325//2863 1316//2862 
f 1315//2474 404//2864 400//2865 
f 400//2865 397//2866 1315//2474 
f 392//2861 1327//2867 1326//2868 
f 1326//2868 1325//2863 392//2861 
f 1315//2474 2180//2473 409//2869 
f 409//2869 401//2870 1315//2474 
f 401//2870 404//2864 1315//2474 
f 2180//2473 413//2871 406//2872 
f 2180//2473 418//2844 410//2873 
f 410//2873 413//2871 2180//2473 
f 406//2872 409//2869 2180//2473 
f 1860//2874 1329//2875 1327//2867 
f 1860//2874 1328//2876 1329//2875 
f 1327//2867 392//2861 1860//2874 
f 2179//2448 1845//2877 1841//2878 
f 1841//2878 1839//2879 2179//2448 
f 2179//2448 1850//2880 1842//2881 
f 1842//2881 1845//2877 2179//2448 
f 2179//2448 1332//2882 1847//2883 
f 1332//2882 1854//2884 1847//2883 
f 1860//2874 1330//2885 1331//2886 
f 1860//2874 1851//2887 1332//2882 
f 1332//2882 1330//2885 1860//2874 
f 1851//2887 1854//2884 1332//2882 
f 1331//2886 1328//2876 1860//2874 
f 1847//2883 1850//2880 2179//2448 
f 1839//2879 1838//2888 2179//2448 
f 396//2859 1862//2854 1860//2874 
f 1860//2874 392//2861 396//2859 
f 1536//2889 1533//2890 1870//2891 
f 1827//2892 1535//2893 1536//2889 
f 1536//2889 1868//2894 1827//2892 
f 1827//2892 1867//2895 1908//2896 
f 1827//2892 1868//2894 1867//2895 
f 1908//2896 1826//2897 1825//2898 
f 1908//2896 1830//2899 1826//2897 
f 1908//2896 1836//2900 1831//2901 
f 1831//2901 1830//2899 1908//2896 
f 527//2452 2179//2448 1838//2888 
f 1832//2902 528//2903 527//2452 
f 1832//2902 537//2904 528//2903 
f 1832//2902 539//2905 538//2906 
f 538//2906 537//2904 1832//2902 
f 1906//2907 541//2908 539//2905 
f 1906//2907 540//2909 541//2908 
f 571//2910 1880//2911 1884//2912 
f 1880//2911 571//2910 573//2446 
f 573//2446 1892//2913 1888//2914 
f 1888//2914 1885//2915 573//2446 
f 573//2446 1885//2915 1880//2911 
f 573//2446 1897//2916 1889//2917 
f 1889//2917 1892//2913 573//2446 
f 544//2445 1894//2918 1897//2916 
f 544//2445 1901//2919 1894//2918 
f 1906//2907 542//2920 543//2921 
f 1906//2907 1898//2922 544//2445 
f 544//2445 542//2920 1906//2907 
f 1898//2922 1901//2919 544//2445 
f 543//2921 540//2909 1906//2907 
f 1897//2916 573//2446 544//2445 
f 1884//2912 2198//2923 571//2910 
f 539//2905 1832//2902 1906//2907 
f 1836//2900 1908//2896 1906//2907 
f 1906//2907 1832//2902 1836//2900 
f 2198//2923 1878//2924 1874//2925 
f 2198//2923 1884//2912 1879//2926 
f 1879//2926 1878//2924 2198//2923 
f 1534//2927 1529//2928 1916//2929 
f 1914//2930 1876//2931 1532//2932 
f 1532//2932 1534//2927 1914//2930 
f 1876//2931 1913//2933 1954//2934 
f 1876//2931 1914//2930 1913//2933 
f 1954//2934 2198//2923 1873//2935 
f 1873//2935 1877//2936 1954//2934 
f 2198//2923 582//2937 572//2938 
f 2198//2923 584//2939 583//2940 
f 583//2940 582//2937 2198//2923 
f 2198//2923 1952//2941 585//2942 
f 585//2942 586//2943 2198//2923 
f 617//2944 616//2429 1926//2945 
f 1930//2946 626//2947 617//2944 
f 616//2429 1938//2948 1934//2949 
f 1934//2949 1931//2950 616//2429 
f 1931//2950 1926//2945 616//2429 
f 1930//2946 2199//2951 628//2952 
f 628//2952 627//2953 1930//2946 
f 627//2953 626//2947 1930//2946 
f 616//2429 1943//2954 1935//2955 
f 1935//2955 1938//2948 616//2429 
f 589//2428 1940//2956 1943//2954 
f 589//2428 1947//2957 1940//2956 
f 1952//2941 587//2958 588//2959 
f 1952//2941 1944//2960 589//2428 
f 589//2428 587//2958 1952//2941 
f 1944//2960 1947//2957 589//2428 
f 588//2959 585//2942 1952//2941 
f 1943//2954 616//2429 589//2428 
f 1926//2945 1930//2946 617//2944 
f 586//2943 584//2939 2198//2923 
f 2199//2951 629//2961 630//2962 
f 630//2962 628//2952 2199//2951 
f 2199//2951 631//2963 632//2964 
f 2199//2951 633//2965 631//2963 
f 632//2964 629//2961 2199//2951 
f 2198//2923 1954//2934 1952//2941 
f 2199//2951 1918//2966 1920//2967 
f 2199//2951 1919//2968 1918//2966 
f 2199//2951 1924//2969 1919//2968 
f 2199//2951 1930//2946 1925//2970 
f 1925//2970 1924//2969 2199//2951 
f 1960//2971 1921//2972 1528//2973 
f 1960//2971 2200//2974 1921//2972 
f 1528//2973 1530//2975 1962//2976 
f 2200//2974 1959//2977 1999//2978 
f 2200//2974 1960//2971 1959//2977 
f 2201//2979 1966//2980 1524//2981 
f 1523//2982 2007//2983 2005//2984 
f 1523//2982 1525//2985 2007//2983 
f 2201//2979 2005//2984 2004//2986 
f 2046//2987 1964//2988 1966//2980 
f 1966//2980 2201//2979 2046//2987 
f 2045//2989 1965//2990 1964//2988 
f 2045//2989 1969//2991 1965//2990 
f 2045//2989 1975//2992 1970//2993 
f 1970//2993 1969//2991 2045//2989 
f 1971//2994 662//2995 661//2413 
f 1971//2994 671//2996 662//2995 
f 661//2413 1983//2997 1979//2998 
f 1979//2998 1976//2999 661//2413 
f 1971//2994 673//3000 672//3001 
f 672//3001 671//2996 1971//2994 
f 661//2413 1988//3002 1980//3003 
f 1980//3003 1983//2997 661//2413 
f 634//2412 1985//3004 1988//3002 
f 634//2412 1992//3005 1985//3004 
f 1997//3006 634//2412 633//2965 
f 633//2965 2199//2951 1997//3006 
f 1997//3006 1989//3007 634//2412 
f 1989//3007 1992//3005 634//2412 
f 1988//3002 661//2413 634//2412 
f 2043//3008 675//3009 673//3000 
f 2043//3008 674//3010 675//3009 
f 673//3000 1971//2994 2043//3008 
f 2043//3008 676//3011 677//3012 
f 678//3013 2043//3008 2042//3014 
f 2042//3014 2176//2389 678//3013 
f 678//3013 676//3011 2043//3008 
f 677//3012 674//3010 2043//3008 
f 1975//2992 2045//2989 2043//3008 
f 2043//3008 1971//2994 1975//2992 
f 2199//2951 1999//2978 1997//3006 
f 2202//3015 2011//3016 1527//3017 
f 2011//3016 1526//3018 1527//3017 
f 2202//3015 1520//3019 2055//3020 
f 1520//3019 1519//3021 2055//3020 
f 2011//3016 2051//3022 2093//3023 
f 2011//3016 2202//3015 2052//3024 
f 2052//3024 2051//3022 2011//3016 
f 2093//3023 2010//3025 2009//3026 
f 2093//3023 2014//3027 2010//3025 
f 2093//3023 2020//3028 2015//3029 
f 2015//3029 2014//3027 2093//3023 
f 2016//3030 705//3031 704//2394 
f 2016//3030 714//3032 705//3031 
f 704//2394 2028//3033 2024//3034 
f 2024//3034 2021//3035 704//2394 
f 2016//3030 716//3036 715//3037 
f 715//3037 714//3032 2016//3030 
f 704//2394 2176//2389 2033//3038 
f 2033//3038 2025//3039 704//2394 
f 2025//3039 2028//3033 704//2394 
f 2176//2389 2037//3040 2030//3041 
f 2176//2389 2042//3014 2034//3042 
f 2034//3042 2037//3040 2176//2389 
f 2030//3041 2033//3038 2176//2389 
f 2091//3043 718//3044 716//3036 
f 2091//3043 717//3045 718//3044 
f 716//3036 2016//3030 2091//3043 
f 2175//2370 2077//3046 2073//3047 
f 2073//3047 2070//3048 2175//2370 
f 2175//2370 2082//3049 2074//3050 
f 2074//3050 2077//3046 2175//2370 
f 721//3051 2083//3052 2079//3053 
f 2079//3053 2175//2370 721//3051 
f 2091//3043 719//3054 720//3055 
f 2091//3043 2086//3056 721//3051 
f 721//3051 719//3054 2091//3043 
f 2086//3056 2083//3052 721//3051 
f 720//3055 717//3045 2091//3043 
f 2079//3053 2082//3049 2175//2370 
f 2070//3048 2069//3057 2175//2370 
f 2020//3028 2093//3023 2091//3043 
f 2091//3043 2016//3030 2020//3028 
f 1522//3058 1517//3059 2101//3060 
f 2099//3061 2059//3062 1521//3063 
f 1521//3063 1522//3058 2099//3061 
f 2059//3062 2098//3064 2139//3065 
f 2059//3062 2099//3061 2098//3064 
f 2139//3065 2058//3066 2057//3067 
f 2139//3065 2062//3068 2058//3066 
f 2139//3065 2068//3069 2063//3070 
f 2063//3070 2062//3068 2139//3065 
f 747//2374 2175//2370 2069//3057 
f 2064//3071 748//3072 747//2374 
f 2064//3071 758//3073 757//3074 
f 757//3074 748//3072 2064//3071 
f 2064//3071 759//3075 758//3073 
f 2064//3071 760//3076 761//3077 
f 2137//3078 762//3079 760//3076 
f 760//3076 2064//3071 2137//3078 
f 2115//3080 2203//3081 792//3082 
f 791//2368 2111//3083 2115//3080 
f 791//2368 2123//3084 2119//3085 
f 2119//3085 2116//3086 791//2368 
f 2116//3086 2111//3083 791//2368 
f 791//2368 2128//3087 2120//3088 
f 2120//3088 2123//3084 791//2368 
f 764//2367 2129//3089 2125//3090 
f 2125//3090 791//2368 764//2367 
f 2137//3078 2132//3091 764//2367 
f 764//2367 763//3092 2137//3078 
f 2132//3091 2129//3089 764//2367 
f 763//3092 762//3079 2137//3078 
f 2125//3090 2128//3087 791//2368 
f 792//3082 791//2368 2115//3080 
f 761//3077 759//3075 2064//3071 
f 2068//3069 2139//3065 2137//3078 
f 2137//3078 2064//3071 2068//3069 
f 2203//3081 2105//3093 2104//3094 
f 2203//3081 2109//3095 2105//3093 
f 2203//3081 2115//3080 2110//3096 
f 2110//3096 2109//3095 2203//3081 
f 1518//3097 1514//3098 2147//3099 
f 2145//3100 2106//3101 1516//3102 
f 1516//3102 1518//3097 2145//3100 
f 2103//3103 2144//3104 2164//3105 
f 2164//3105 2203//3081 2103//3103 
f 2106//3101 2145//3100 2144//3104 
f 2203//3081 804//3106 802//3107 
f 802//3107 794//3108 2203//3081 
f 2203//3081 806//3109 803//3110 
f 803//3110 804//3106 2203//3081 
f 837//3111 836//2351 2156//3112 
f 2160//3113 846//3114 837//3111 
f 836//2351 2165//3115 2166//3116 
f 2166//3116 2161//3117 836//2351 
f 2161//3117 2156//3112 836//2351 
f 2160//3113 848//3118 847//3119 
f 847//3119 846//3114 2160//3113 
f 836//2351 2167//3120 2168//3121 
f 2168//3121 2165//3115 836//2351 
f 2203//3081 2169//3122 808//3123 
f 808//3123 805//3124 2203//3081 
f 809//2350 2170//3125 2167//3120 
f 809//2350 2171//3126 2170//3125 
f 2169//3122 2172//3127 809//2350 
f 809//2350 807//3128 2169//3122 
f 807//3128 808//3123 2169//3122 
f 2172//3127 2171//3126 809//2350 
f 2167//3120 836//2351 809//2350 
f 805//3124 806//3109 2203//3081 
f 2156//3112 2160//3113 837//3111 
f 2204//3129 850//3130 848//3118 
f 2204//3129 849//3131 850//3130 
f 848//3118 2160//3113 2204//3129 
f 2204//3129 851//3132 852//3133 
f 2204//3129 2205//3134 853//3135 
f 853//3135 851//3132 2204//3129 
f 852//3133 849//3131 2204//3129 
f 2203//3081 2164//3105 2169//3122 
f 2204//3129 2149//3136 2151//3137 
f 2204//3129 2150//3138 2149//3136 
f 2204//3129 2154//3139 2150//3138 
f 2204//3129 2160//3113 2155//3140 
f 2155//3140 2154//3139 2204//3129 
f 2206//3141 2151//3137 1513//3142 
f 1515//3143 1484//3144 1482//3145 
f 1515//3143 1477//3146 1484//3144 
f 2206//3141 1481//3147 1492//3148 
f 2206//3141 1482//3145 1481//3147 
f 1445//3149 1385//3150 1387//3151 
f 1380//3152 1450//3153 1446//3154 
f 1384//3155 1446//3154 1445//3149 
f 1445//3149 1381//3156 1384//3155 
f 1446//3154 1384//3155 1380//3152 
f 1376//3157 1452//3158 1450//3153 
f 1376//3157 1458//3159 1453//3160 
f 1453//3160 1452//3158 1376//3157 
f 483//3161 482//3162 1454//3163 
f 1458//3159 496//3164 495//3165 
f 495//3165 483//3161 1458//3159 
f 482//3162 1466//3166 1462//3167 
f 1462//3167 1459//3168 482//3162 
f 1459//3168 1454//3163 482//3162 
f 1458//3159 1376//3157 497//3169 
f 497//3169 496//3164 1458//3159 
f 482//3162 1471//3170 1463//3171 
f 1463//3171 1466//3166 482//3162 
f 2205//3134 1468//3172 1471//3170 
f 2205//3134 1475//3173 1468//3172 
f 2205//3134 2204//3129 1490//3174 
f 1490//3174 1472//3175 2205//3134 
f 1472//3175 1475//3173 2205//3134 
f 1471//3170 482//3162 2205//3134 
f 1376//3157 500//3176 498//3177 
f 498//3177 499//3178 1376//3157 
f 499//3178 497//3169 1376//3157 
f 494//3179 1376//3157 1375//3180 
f 1375//3180 492//3181 494//3179 
f 494//3179 500//3176 1376//3157 
f 2204//3129 1492//3148 1490//3174 
f 463//3182 835//3183 834//3184 
f 463//3182 814//3185 831//3186 
f 816//3187 814//3185 463//3182 
f 463//3182 460//3188 816//3187 
f 460//3188 459//3189 816//3187 
f 831//3186 835//3183 463//3182 
f 2205//3134 482//3162 463//3182 
f 463//3182 854//3190 2205//3134 
f 455//3191 426//3192 423//3193 
f 817//3194 459//3189 457//3195 
f 457//3195 455//3191 817//3194 
f 423//3193 817//3194 455//3191 
f 817//3194 816//3187 459//3189 
f 834//3184 854//3190 463//3182 
f 1454//3163 1458//3159 483//3161 
f 1380//3152 1376//3157 1450//3153 
f 1387//3151 1381//3156 1445//3149 
f 1492//3148 2204//3129 2206//3141 
f 1482//3145 2206//3141 1515//3143 
f 1513//3142 1515//3143 2206//3141 
f 2151//3137 2206//3141 2204//3129 
f 794//3108 792//3082 2203//3081 
f 2103//3103 2106//3101 2144//3104 
f 2147//3099 2145//3100 1518//3097 
f 2104//3094 2103//3103 2203//3081 
f 2069//3057 2064//3071 747//2374 
f 2139//3065 2057//3067 2059//3062 
f 2101//3060 2099//3061 1522//3058 
f 704//2394 2021//3035 2016//3030 
f 2093//3023 2009//3026 2011//3016 
f 2052//3024 2202//3015 2053//3196 
f 2055//3020 2053//3196 2202//3015 
f 1527//3017 1520//3019 2202//3015 
f 661//2413 1976//2999 1971//2994 
f 2046//2987 2045//2989 1964//2988 
f 2004//2986 2046//2987 2201//2979 
f 2005//2984 2201//2979 1523//2982 
f 1524//2981 1523//2982 2201//2979 
f 1999//2978 2199//2951 2200//2974 
f 1528//2973 1962//2976 1960//2971 
f 1921//2972 2200//2974 1920//2967 
f 1920//2967 2200//2974 2199//2951 
f 572//2938 571//2910 2198//2923 
f 1954//2934 1877//2936 1876//2931 
f 1916//2929 1914//2930 1534//2927 
f 1874//2925 1873//2935 2198//2923 
f 1838//2888 1832//2902 527//2452 
f 1908//2896 1825//2898 1827//2892 
f 1870//2891 1868//2894 1536//2889 
f 1315//2474 397//2866 392//2861 
f 1862//2854 385//2857 387//2847 
f 1818//2855 2197//2846 1819//2851 
f 326//2852 1537//3197 1823//2850 
f 325//2848 324//2849 2197//2846 
f 1271//2492 351//2828 346//2823 
f 421//2845 2195//2808 422//2822 
f 422//2822 2195//2808 2196//2815 
f 381//2819 2196//2815 321//2817 
f 323//2816 321//2817 2196//2815 
f 341//2810 2196//2815 2195//2808 
f 375//2807 2193//2781 2194//2803 
f 1493//2802 337//2805 335//2800 
f 1781//2801 2194//2803 1780//2796 
f 1780//2796 2194//2803 2193//2781 
f 1182//2515 2183//2514 2192//2753 
f 1814//2762 1732//2764 1734//2759 
f 1776//2757 1774//2758 1496//2755 
f 1738//2754 1737//2766 2192//2753 
f 1139//2531 1695//2734 1690//2729 
f 1768//2723 1683//2725 1685//2719 
f 1728//2718 1727//2721 1503//2715 
f 1729//2717 1495//2716 1498//3198 
f 1096//2553 1650//2693 1645//2689 
f 1720//2683 1638//2685 1640//2675 
f 1678//2681 1721//2682 2191//2674 
f 1679//2679 2191//2674 1499//2677 
f 1500//2676 1499//2677 2191//2674 
f 1673//2673 2189//2655 2190//2666 
f 1634//2670 2190//2666 1506//2668 
f 1504//2667 1506//2668 2190//2666 
f 1595//2662 2190//2666 2189//2655 
f 1019//2637 1018//2612 2188//2611 
f 1549//2632 1550//2631 1588//2633 
f 1511//2630 1505//3199 1591//2628 
f 1547//2624 1549//2632 2188//2611 
f 1555//2604 1559//2605 1007//2603 
f 1542//2598 1347//2600 1346//2597 
f 1545//2592 1543//2593 1512//2590 
f 914//2584 934//2588 995//2582 
f 905//2581 904//2587 2187//2573 
f 988//2578 876//3200 878//2577 
f 989//2576 988//2578 2187//2573 
f 1004//2565 1024//2571 1039//2563 
f 987//2562 986//2568 1033//2557 
f 873//2561 1035//2560 874//3201 
f 1048//2555 1069//2660 2186//2552 
f 1050//2548 2186//2552 1084//2546 
f 1032//2545 1031//2549 1079//2542 
f 1094//2538 1113//2709 2185//2527 
f 1073//2541 2184//2526 1077//2534 
f 1077//2534 2184//2526 1122//2532 
f 1123//2530 1122//2532 2184//2526 
f 1137//2522 1156//2747 2183//2514 
f 1121//2520 1120//2525 2182//2510 
f 1165//2517 864//3202 863//2516 
f 1166//2513 1165//2517 2182//2510 
f 1180//2504 1199//2508 1214//2502 
f 1164//2501 1163//2507 2181//2493 
f 1208//2498 859//3203 861//2497 
f 1209//2496 1208//2498 2181//2493 
f 1224//2485 1244//2491 1258//2483 
f 1207//2482 1206//2488 1253//2478 
f 1269//2476 1288//2843 2180//2473 
f 1266//2469 2180//2473 1303//2467 
f 1252//2466 1251//2470 1298//2463 
f 1313//2459 1332//2882 2179//2448 
f 1296//2457 1295//2462 2178//2447 
f 1297//2456 2178//2447 510//2453 
f 511//2451 510//2453 2178//2447 
f 525//2441 544//2445 560//2439 
f 509//2438 508//2444 2177//2430 
f 553//2435 447//3204 446//2434 
f 554//2433 553//2435 2177//2430 
f 569//2422 589//2428 604//2420 
f 552//2419 551//2425 598//2414 
f 443//2418 600//2417 444//3205 
f 614//2406 634//2412 649//2404 
f 597//2403 596//2409 644//2399 
f 659//2396 678//3013 2176//2389 
f 688//2392 687//2384 638//2393 
f 643//2387 638//2393 687//2384 
f 702//2380 721//3051 2175//2370 
f 686//2378 685//2383 2174//2369 
f 730//2376 434//3206 433//2375 
f 731//2373 730//2376 2174//2369 
f 744//2363 764//2367 780//2361 
f 729//2360 728//2366 2173//2352 
f 773//2357 429//3207 430//2356 
f 774//2355 773//2357 2173//2352 
f 789//2344 809//2350 824//2342 
f 772//2341 771//2347 818//2336 
f 424//2340 820//2339 425//3208 
f 853//3135 2205//3134 854//3190 
o mesh397
f 2163//3209 2161//3210 2166//3211 
f 2168//3212 2207//3213 2208//3214 
f 2208//3214 2166//3211 2165//3215 
f 2168//3212 2209//3216 2207//3213 
f 2170//3217 2210//3218 2209//3216 
f 2170//3217 2211//3217 2210//3218 
f 2209//3216 2168//3212 2167//3219 
f 2172//3220 2212//3221 2211//3217 
f 2172//3220 2213//3220 2212//3221 
f 2211//3217 2170//3217 2171//3222 
f 2211//3217 2171//3222 2172//3220 
f 2209//3216 2167//3219 2170//3217 
f 2208//3214 2165//3215 2168//3212 
f 2166//3211 2208//3214 2163//3209 
o mesh398
f 2152//3223 2158//3224 2146//3225 
f 2143//3226 2153//3227 2152//3223 
f 2146//3225 2158//3224 2214//3228 
f 2214//3228 2157//3229 2159//3230 
f 2214//3228 2158//3224 2157//3229 
f 2215//3231 2211//3232 2212//3233 
f 2212//3233 2213//3234 2215//3231 
f 2209//3235 2210//3236 2211//3232 
f 2211//3232 2215//3231 2209//3235 
f 2215//3231 2208//3237 2207//3238 
f 2215//3231 2162//3239 2163//3240 
f 2163//3240 2208//3237 2215//3231 
f 2207//3238 2209//3235 2215//3231 
f 2215//3231 2159//3230 2162//3239 
f 2213//3234 2216//3241 2215//3231 
f 2159//3230 2215//3231 2214//3228 
f 2214//3228 2217//3242 2146//3225 
f 2142//3243 2148//3244 2153//3227 
f 2148//3244 2142//3243 2141//3245 
f 2141//3245 2140//3246 2148//3244 
f 2153//3227 2143//3226 2142//3243 
f 2146//3225 2143//3226 2152//3223 
o mesh399
f 2216//3247 2172//3247 2169//3247 
f 2169//3247 2218//3247 2216//3247 
f 2216//3247 2213//3247 2172//3247 
o mesh400
f 2217//3248 2169//3248 2164//3248 
f 2164//3248 2146//3248 2217//3248 
f 2217//3248 2218//3248 2169//3248 
f 2164//3248 2144//3248 2146//3248 
o mesh401
f 2218//3249 2217//3249 2214//3249 
f 2214//3249 2215//3249 2218//3249 
f 2215//3249 2216//3249 2218//3249 
